piece,material,grounded,massKg,support,released,removed,cx,cy,cz
0,StructuralConcrete,1,15.1536,Grounded,0,0,0.000,0.000,0.000
1,StructuralConcrete,1,15.1536,Grounded,0,0,45.000,0.000,-0.000
2,StructuralConcrete,1,15.1536,Grounded,0,0,90.000,0.000,-0.000
3,StructuralConcrete,1,15.1536,Grounded,0,0,135.000,0.000,-0.000
4,StructuralConcrete,1,15.1536,Grounded,0,0,180.000,0.000,-0.000
5,StructuralConcrete,1,15.1536,Grounded,0,0,225.000,0.000,-0.000
6,StructuralConcrete,1,15.1536,Grounded,0,0,270.000,0.000,-0.000
7,StructuralConcrete,1,15.1536,Grounded,0,0,315.000,0.000,-0.000
8,StructuralConcrete,1,15.1536,Grounded,0,0,360.000,0.000,-0.000
9,StructuralConcrete,1,15.1536,Grounded,0,0,405.000,0.000,-0.000
10,StructuralConcrete,1,15.1536,Grounded,0,0,450.000,0.000,-0.000
11,StructuralConcrete,1,15.1536,Grounded,0,0,495.000,0.000,-0.000
12,StructuralConcrete,1,15.1536,Grounded,0,0,540.000,0.000,-0.000
13,StructuralConcrete,1,15.1536,Grounded,0,0,585.000,0.000,-0.000
14,StructuralConcrete,1,7.4046,Grounded,0,0,630.000,0.000,-0.000
15,ClayBrick,0,2.7216,Supported,0,0,0.000,0.000,15.000
16,ClayBrick,0,2.7216,Supported,0,0,22.500,0.000,15.000
17,ClayBrick,0,2.7216,Supported,0,0,45.000,0.000,15.000
18,ClayBrick,0,2.7216,Supported,0,0,67.500,0.000,15.000
19,ClayBrick,0,2.7216,Supported,0,0,90.000,0.000,15.000
20,ClayBrick,0,2.7216,Supported,0,0,112.500,0.000,15.000
21,ClayBrick,0,2.7216,Supported,0,0,135.000,0.000,15.000
22,ClayBrick,0,2.7216,Supported,0,0,157.500,0.000,15.000
23,ClayBrick,0,2.7216,Supported,0,0,180.000,0.000,15.000
24,ClayBrick,0,2.7216,Supported,0,0,202.500,0.000,15.000
25,ClayBrick,0,2.7216,Supported,0,0,225.000,0.000,15.000
26,ClayBrick,0,2.7216,Supported,0,0,247.500,0.000,15.000
27,ClayBrick,0,2.7216,Supported,0,0,270.000,0.000,15.000
28,ClayBrick,0,2.7216,Supported,0,0,292.500,0.000,15.000
29,ClayBrick,0,2.7216,Supported,0,0,315.000,0.000,15.000
30,ClayBrick,0,2.7216,Supported,0,0,337.500,0.000,15.000
31,ClayBrick,0,2.7216,Supported,0,0,360.000,0.000,15.000
32,ClayBrick,0,2.7216,Supported,0,0,382.500,0.000,15.000
33,ClayBrick,0,2.7216,Supported,0,0,405.000,0.000,15.000
34,ClayBrick,0,2.7216,Supported,0,0,427.500,0.000,15.000
35,ClayBrick,0,2.7216,Supported,0,0,450.000,0.000,15.000
36,ClayBrick,0,2.7216,Supported,0,0,472.500,0.000,15.000
37,ClayBrick,0,2.7216,Supported,0,0,495.000,0.000,15.000
38,ClayBrick,0,2.7216,Supported,0,0,517.500,0.000,15.000
39,ClayBrick,0,2.7216,Supported,0,0,540.000,0.000,15.000
40,ClayBrick,0,2.7216,Supported,0,0,562.500,0.000,15.000
41,ClayBrick,0,2.7216,Supported,0,0,585.000,0.000,15.000
42,ClayBrick,0,2.7216,Supported,0,0,607.500,0.000,15.000
43,ClayBrick,0,2.7216,Supported,0,0,630.000,0.000,15.000
44,ClayBrick,0,1.2975,Supported,0,0,0.000,0.000,22.500
45,ClayBrick,0,2.7216,Supported,0,0,11.250,0.000,22.500
46,ClayBrick,0,2.7216,Supported,0,0,33.750,0.000,22.500
47,ClayBrick,0,2.7216,Supported,0,0,56.250,0.000,22.500
48,ClayBrick,0,2.7216,Supported,0,0,78.750,0.000,22.500
49,ClayBrick,0,2.7216,Supported,0,0,101.250,0.000,22.500
50,ClayBrick,0,2.7216,Supported,0,0,123.750,0.000,22.500
51,ClayBrick,0,2.7216,Supported,0,0,146.250,0.000,22.500
52,ClayBrick,0,2.7216,Supported,0,0,168.750,0.000,22.500
53,ClayBrick,0,2.7216,Supported,0,0,191.250,0.000,22.500
54,ClayBrick,0,2.7216,Supported,0,0,213.750,0.000,22.500
55,ClayBrick,0,2.7216,Supported,0,0,236.250,0.000,22.500
56,ClayBrick,0,2.7216,Supported,0,0,258.750,0.000,22.500
57,ClayBrick,0,2.7216,Supported,0,0,281.250,0.000,22.500
58,ClayBrick,0,2.7216,Supported,0,0,303.750,0.000,22.500
59,ClayBrick,0,2.7216,Supported,0,0,326.250,0.000,22.500
60,ClayBrick,0,2.7216,Supported,0,0,348.750,0.000,22.500
61,ClayBrick,0,2.7216,Supported,0,0,371.250,0.000,22.500
62,ClayBrick,0,2.7216,Supported,0,0,393.750,0.000,22.500
63,ClayBrick,0,2.7216,Supported,0,0,416.250,0.000,22.500
64,ClayBrick,0,2.7216,Supported,0,0,438.750,0.000,22.500
65,ClayBrick,0,2.7216,Supported,0,0,461.250,0.000,22.500
66,ClayBrick,0,2.7216,Supported,0,0,483.750,0.000,22.500
67,ClayBrick,0,2.7216,Supported,0,0,506.250,0.000,22.500
68,ClayBrick,0,2.7216,Supported,0,0,528.750,0.000,22.500
69,ClayBrick,0,2.7216,Supported,0,0,551.250,0.000,22.500
70,ClayBrick,0,2.7216,Supported,0,0,573.750,0.000,22.500
71,ClayBrick,0,2.7216,Supported,0,0,596.250,0.000,22.500
72,ClayBrick,0,2.7216,Supported,0,0,618.750,0.000,22.500
73,ClayBrick,0,1.2975,Supported,0,0,641.250,0.000,22.500
74,ClayBrick,0,2.7216,Supported,0,0,0.000,0.000,30.000
75,ClayBrick,0,2.7216,Supported,0,0,22.500,0.000,30.000
76,ClayBrick,0,2.7216,Supported,0,0,45.000,0.000,30.000
77,ClayBrick,0,2.7216,Supported,0,0,67.500,0.000,30.000
78,ClayBrick,0,2.7216,Supported,0,0,90.000,0.000,30.000
79,ClayBrick,0,2.7216,Supported,0,0,112.500,0.000,30.000
80,ClayBrick,0,2.7216,Supported,0,0,135.000,0.000,30.000
81,ClayBrick,0,2.7216,Supported,0,0,157.500,0.000,30.000
82,ClayBrick,0,2.7216,Supported,0,0,180.000,0.000,30.000
83,ClayBrick,0,2.7216,Supported,0,0,202.500,0.000,30.000
84,ClayBrick,0,2.7216,Supported,0,0,225.000,0.000,30.000
85,ClayBrick,0,2.7216,Supported,0,0,247.500,0.000,30.000
86,ClayBrick,0,2.7216,Supported,0,0,270.000,0.000,30.000
87,ClayBrick,0,2.7216,Supported,0,0,292.500,0.000,30.000
88,ClayBrick,0,2.7216,Supported,0,0,315.000,0.000,30.000
89,ClayBrick,0,2.7216,Supported,0,0,337.500,0.000,30.000
90,ClayBrick,0,2.7216,Supported,0,0,360.000,0.000,30.000
91,ClayBrick,0,2.7216,Supported,0,0,382.500,0.000,30.000
92,ClayBrick,0,2.7216,Supported,0,0,405.000,0.000,30.000
93,ClayBrick,0,2.7216,Supported,0,0,427.500,0.000,30.000
94,ClayBrick,0,2.7216,Supported,0,0,450.000,0.000,30.000
95,ClayBrick,0,2.7216,Supported,0,0,472.500,0.000,30.000
96,ClayBrick,0,2.7216,Supported,0,0,495.000,0.000,30.000
97,ClayBrick,0,2.7216,Supported,0,0,517.500,0.000,30.000
98,ClayBrick,0,2.7216,Supported,0,0,540.000,0.000,30.000
99,ClayBrick,0,2.7216,Supported,0,0,562.500,0.000,30.000
100,ClayBrick,0,2.7216,Supported,0,0,585.000,0.000,30.000
101,ClayBrick,0,2.7216,Supported,0,0,607.500,0.000,30.000
102,ClayBrick,0,2.7216,Supported,0,0,630.000,0.000,30.000
103,ClayBrick,0,1.2975,Supported,0,0,0.000,0.000,37.500
104,ClayBrick,0,2.7216,Supported,0,0,11.250,0.000,37.500
105,ClayBrick,0,2.7216,Supported,0,0,33.750,0.000,37.500
106,ClayBrick,0,2.7216,Supported,0,0,56.250,0.000,37.500
107,ClayBrick,0,2.7216,Supported,0,0,78.750,0.000,37.500
108,ClayBrick,0,2.7216,Supported,0,0,101.250,0.000,37.500
109,ClayBrick,0,2.7216,Supported,0,0,123.750,0.000,37.500
110,ClayBrick,0,2.7216,Supported,0,0,146.250,0.000,37.500
111,ClayBrick,0,2.7216,Supported,0,0,168.750,0.000,37.500
112,ClayBrick,0,2.7216,Supported,0,0,191.250,0.000,37.500
113,ClayBrick,0,2.7216,Supported,0,0,213.750,0.000,37.500
114,ClayBrick,0,2.7216,Supported,0,0,236.250,0.000,37.500
115,ClayBrick,0,2.7216,Supported,0,0,258.750,0.000,37.500
116,ClayBrick,0,2.7216,Supported,0,0,281.250,0.000,37.500
117,ClayBrick,0,2.7216,Supported,0,0,303.750,0.000,37.500
118,ClayBrick,0,2.7216,Supported,0,0,326.250,0.000,37.500
119,ClayBrick,0,2.7216,Supported,0,0,348.750,0.000,37.500
120,ClayBrick,0,2.7216,Supported,0,0,371.250,0.000,37.500
121,ClayBrick,0,2.7216,Supported,0,0,393.750,0.000,37.500
122,ClayBrick,0,2.7216,Supported,0,0,416.250,0.000,37.500
123,ClayBrick,0,2.7216,Supported,0,0,438.750,0.000,37.500
124,ClayBrick,0,2.7216,Supported,0,0,461.250,0.000,37.500
125,ClayBrick,0,2.7216,Supported,0,0,483.750,0.000,37.500
126,ClayBrick,0,2.7216,Supported,0,0,506.250,0.000,37.500
127,ClayBrick,0,2.7216,Supported,0,0,528.750,0.000,37.500
128,ClayBrick,0,2.7216,Supported,0,0,551.250,0.000,37.500
129,ClayBrick,0,2.7216,Supported,0,0,573.750,0.000,37.500
130,ClayBrick,0,2.7216,Supported,0,0,596.250,0.000,37.500
131,ClayBrick,0,2.7216,Supported,0,0,618.750,0.000,37.500
132,ClayBrick,0,1.2975,Supported,0,0,641.250,0.000,37.500
133,ClayBrick,0,2.7216,Supported,0,0,0.000,0.000,45.000
134,ClayBrick,0,2.7216,Supported,0,0,22.500,0.000,45.000
135,ClayBrick,0,2.7216,Supported,0,0,45.000,0.000,45.000
136,ClayBrick,0,2.7216,Supported,0,0,67.500,0.000,45.000
137,ClayBrick,0,2.7216,Supported,0,0,90.000,0.000,45.000
138,ClayBrick,0,2.7216,Supported,0,0,112.500,0.000,45.000
139,ClayBrick,0,2.7216,Supported,0,0,135.000,0.000,45.000
140,ClayBrick,0,2.7216,Supported,0,0,157.500,0.000,45.000
141,ClayBrick,0,2.7216,Supported,0,0,180.000,0.000,45.000
142,ClayBrick,0,2.7216,Supported,0,0,202.500,0.000,45.000
143,ClayBrick,0,2.7216,Supported,0,0,225.000,0.000,45.000
144,ClayBrick,0,2.7216,Supported,0,0,247.500,0.000,45.000
145,ClayBrick,0,2.7216,Supported,0,0,270.000,0.000,45.000
146,ClayBrick,0,2.7216,Supported,0,0,292.500,0.000,45.000
147,ClayBrick,0,2.7216,Supported,0,0,315.000,0.000,45.000
148,ClayBrick,0,2.7216,Supported,0,0,337.500,0.000,45.000
149,ClayBrick,0,2.7216,Supported,0,0,360.000,0.000,45.000
150,ClayBrick,0,2.7216,Supported,0,0,382.500,0.000,45.000
151,ClayBrick,0,2.7216,Supported,0,0,405.000,0.000,45.000
152,ClayBrick,0,2.7216,Supported,0,0,427.500,0.000,45.000
153,ClayBrick,0,2.7216,Supported,0,0,450.000,0.000,45.000
154,ClayBrick,0,2.7216,Supported,0,0,472.500,0.000,45.000
155,ClayBrick,0,2.7216,Supported,0,0,495.000,0.000,45.000
156,ClayBrick,0,2.7216,Supported,0,0,517.500,0.000,45.000
157,ClayBrick,0,2.7216,Supported,0,0,540.000,0.000,45.000
158,ClayBrick,0,2.7216,Supported,0,0,562.500,0.000,45.000
159,ClayBrick,0,2.7216,Supported,0,0,585.000,0.000,45.000
160,ClayBrick,0,2.7216,Supported,0,0,607.500,0.000,45.000
161,ClayBrick,0,2.7216,Supported,0,0,630.000,0.000,45.000
162,ClayBrick,0,1.2975,Supported,0,0,0.000,0.000,52.500
163,ClayBrick,0,2.7216,Supported,0,0,11.250,0.000,52.500
164,ClayBrick,0,2.7216,Supported,0,0,33.750,0.000,52.500
165,ClayBrick,0,1.2975,Supported,0,0,56.250,0.000,52.500
166,ClayBrick,0,1.2975,Supported,0,0,135.000,0.000,52.500
167,ClayBrick,0,2.7216,Supported,0,0,146.250,0.000,52.500
168,ClayBrick,0,1.2975,Supported,0,0,168.750,0.000,52.500
169,ClayBrick,0,1.2975,Supported,0,0,247.500,0.000,52.500
170,ClayBrick,0,2.7216,Supported,0,0,258.750,0.000,52.500
171,ClayBrick,0,1.2975,Supported,0,0,281.250,0.000,52.500
172,ClayBrick,0,1.2975,Supported,0,0,360.000,0.000,52.500
173,ClayBrick,0,2.7216,Supported,0,0,371.250,0.000,52.500
174,ClayBrick,0,1.2975,Supported,0,0,393.750,0.000,52.500
175,ClayBrick,0,1.2975,Supported,0,0,472.500,0.000,52.500
176,ClayBrick,0,2.7216,Supported,0,0,483.750,0.000,52.500
177,ClayBrick,0,1.2975,Supported,0,0,506.250,0.000,52.500
178,ClayBrick,0,1.2975,Supported,0,0,585.000,0.000,52.500
179,ClayBrick,0,2.7216,Supported,0,0,596.250,0.000,52.500
180,ClayBrick,0,2.7216,Supported,0,0,618.750,0.000,52.500
181,ClayBrick,0,1.2975,Supported,0,0,641.250,0.000,52.500
182,StructuralConcrete,0,10.6333,Supported,0,0,67.500,0.000,52.500
183,StructuralConcrete,0,10.6333,Supported,0,0,180.000,0.000,52.500
184,StructuralConcrete,0,10.6333,Supported,0,0,292.500,0.000,52.500
185,StructuralConcrete,0,10.6333,Supported,0,0,405.000,0.000,52.500
186,StructuralConcrete,0,10.6333,Supported,0,0,517.500,0.000,52.500
187,ClayBrick,0,2.7216,Supported,0,0,0.000,0.000,60.000
188,ClayBrick,0,2.7216,Supported,0,0,22.500,0.000,60.000
189,ClayBrick,0,2.7216,Supported,0,0,45.000,0.000,60.000
190,ClayBrick,0,1.2975,Supported,0,0,67.500,0.000,60.000
191,ClayBrick,0,1.2975,Supported,0,0,123.750,0.000,60.000
192,ClayBrick,0,2.7216,Supported,0,0,135.000,0.000,60.000
193,ClayBrick,0,2.7216,Supported,0,0,157.500,0.000,60.000
194,ClayBrick,0,1.2975,Supported,0,0,180.000,0.000,60.000
195,ClayBrick,0,1.2975,Supported,0,0,236.250,0.000,60.000
196,ClayBrick,0,2.7216,Supported,0,0,247.500,0.000,60.000
197,ClayBrick,0,2.7216,Supported,0,0,270.000,0.000,60.000
198,ClayBrick,0,1.2975,Supported,0,0,292.500,0.000,60.000
199,ClayBrick,0,1.2975,Supported,0,0,348.750,0.000,60.000
200,ClayBrick,0,2.7216,Supported,0,0,360.000,0.000,60.000
201,ClayBrick,0,2.7216,Supported,0,0,382.500,0.000,60.000
202,ClayBrick,0,1.2975,Supported,0,0,405.000,0.000,60.000
203,ClayBrick,0,1.2975,Supported,0,0,461.250,0.000,60.000
204,ClayBrick,0,2.7216,Supported,0,0,472.500,0.000,60.000
205,ClayBrick,0,2.7216,Supported,0,0,495.000,0.000,60.000
206,ClayBrick,0,1.2975,Supported,0,0,517.500,0.000,60.000
207,ClayBrick,0,1.2975,Supported,0,0,573.750,0.000,60.000
208,ClayBrick,0,2.7216,Supported,0,0,585.000,0.000,60.000
209,ClayBrick,0,2.7216,Supported,0,0,607.500,0.000,60.000
210,ClayBrick,0,2.7216,Supported,0,0,630.000,0.000,60.000
211,ClayBrick,0,1.2975,Supported,0,0,0.000,0.000,67.500
212,ClayBrick,0,2.7216,Supported,0,0,11.250,0.000,67.500
213,ClayBrick,0,2.7216,Supported,0,0,33.750,0.000,67.500
214,ClayBrick,0,2.7216,Supported,0,0,56.250,0.000,67.500
215,ClayBrick,0,2.7216,Supported,0,0,123.750,0.000,67.500
216,ClayBrick,0,2.7216,Supported,0,0,146.250,0.000,67.500
217,ClayBrick,0,2.7216,Supported,0,0,168.750,0.000,67.500
218,ClayBrick,0,2.7216,Supported,0,0,236.250,0.000,67.500
219,ClayBrick,0,2.7216,Supported,0,0,258.750,0.000,67.500
220,ClayBrick,0,2.7216,Supported,0,0,281.250,0.000,67.500
221,ClayBrick,0,2.7216,Supported,0,0,348.750,0.000,67.500
222,ClayBrick,0,2.7216,Supported,0,0,371.250,0.000,67.500
223,ClayBrick,0,2.7216,Supported,0,0,393.750,0.000,67.500
224,ClayBrick,0,2.7216,Supported,0,0,461.250,0.000,67.500
225,ClayBrick,0,2.7216,Supported,0,0,483.750,0.000,67.500
226,ClayBrick,0,2.7216,Supported,0,0,506.250,0.000,67.500
227,ClayBrick,0,2.7216,Supported,0,0,573.750,0.000,67.500
228,ClayBrick,0,2.7216,Supported,0,0,596.250,0.000,67.500
229,ClayBrick,0,2.7216,Supported,0,0,618.750,0.000,67.500
230,ClayBrick,0,1.2975,Supported,0,0,641.250,0.000,67.500
231,ClayBrick,0,2.7216,Supported,0,0,0.000,0.000,75.000
232,ClayBrick,0,2.7216,Supported,0,0,22.500,0.000,75.000
233,ClayBrick,0,2.7216,Supported,0,0,45.000,0.000,75.000
234,ClayBrick,0,1.2975,Supported,0,0,67.500,0.000,75.000
235,ClayBrick,0,1.2975,Supported,0,0,123.750,0.000,75.000
236,ClayBrick,0,2.7216,Supported,0,0,135.000,0.000,75.000
237,ClayBrick,0,2.7216,Supported,0,0,157.500,0.000,75.000
238,ClayBrick,0,1.2975,Supported,0,0,180.000,0.000,75.000
239,ClayBrick,0,1.2975,Supported,0,0,236.250,0.000,75.000
240,ClayBrick,0,2.7216,Supported,0,0,247.500,0.000,75.000
241,ClayBrick,0,2.7216,Supported,0,0,270.000,0.000,75.000
242,ClayBrick,0,1.2975,Supported,0,0,292.500,0.000,75.000
243,ClayBrick,0,1.2975,Supported,0,0,348.750,0.000,75.000
244,ClayBrick,0,2.7216,Supported,0,0,360.000,0.000,75.000
245,ClayBrick,0,2.7216,Supported,0,0,382.500,0.000,75.000
246,ClayBrick,0,1.2975,Supported,0,0,405.000,0.000,75.000
247,ClayBrick,0,1.2975,Supported,0,0,461.250,0.000,75.000
248,ClayBrick,0,2.7216,Supported,0,0,472.500,0.000,75.000
249,ClayBrick,0,2.7216,Supported,0,0,495.000,0.000,75.000
250,ClayBrick,0,1.2975,Supported,0,0,517.500,0.000,75.000
251,ClayBrick,0,1.2975,Supported,0,0,573.750,0.000,75.000
252,ClayBrick,0,2.7216,Supported,0,0,585.000,0.000,75.000
253,ClayBrick,0,2.7216,Supported,0,0,607.500,0.000,75.000
254,ClayBrick,0,2.7216,Supported,0,0,630.000,0.000,75.000
255,ClayBrick,0,1.2975,Supported,0,0,0.000,0.000,82.500
256,ClayBrick,0,2.7216,Supported,0,0,11.250,0.000,82.500
257,ClayBrick,0,2.7216,Supported,0,0,33.750,0.000,82.500
258,ClayBrick,0,2.7216,Supported,0,0,56.250,0.000,82.500
259,ClayBrick,0,2.7216,Supported,0,0,123.750,0.000,82.500
260,ClayBrick,0,2.7216,Supported,0,0,146.250,0.000,82.500
261,ClayBrick,0,2.7216,Supported,0,0,168.750,0.000,82.500
262,ClayBrick,0,2.7216,Supported,0,0,236.250,0.000,82.500
263,ClayBrick,0,2.7216,Supported,0,0,258.750,0.000,82.500
264,ClayBrick,0,2.7216,Supported,0,0,281.250,0.000,82.500
265,ClayBrick,0,2.7216,Supported,0,0,348.750,0.000,82.500
266,ClayBrick,0,2.7216,Supported,0,0,371.250,0.000,82.500
267,ClayBrick,0,2.7216,Supported,0,0,393.750,0.000,82.500
268,ClayBrick,0,2.7216,Supported,0,0,461.250,0.000,82.500
269,ClayBrick,0,2.7216,Supported,0,0,483.750,0.000,82.500
270,ClayBrick,0,2.7216,Supported,0,0,506.250,0.000,82.500
271,ClayBrick,0,2.7216,Supported,0,0,573.750,0.000,82.500
272,ClayBrick,0,2.7216,Supported,0,0,596.250,0.000,82.500
273,ClayBrick,0,2.7216,Supported,0,0,618.750,0.000,82.500
274,ClayBrick,0,1.2975,Supported,0,0,641.250,0.000,82.500
275,ClayBrick,0,2.7216,Supported,0,0,0.000,0.000,90.000
276,ClayBrick,0,2.7216,Supported,0,0,22.500,0.000,90.000
277,ClayBrick,0,2.7216,Supported,0,0,45.000,0.000,90.000
278,ClayBrick,0,1.2975,Supported,0,0,67.500,0.000,90.000
279,ClayBrick,0,1.2975,Supported,0,0,123.750,0.000,90.000
280,ClayBrick,0,2.7216,Supported,0,0,135.000,0.000,90.000
281,ClayBrick,0,2.7216,Supported,0,0,157.500,0.000,90.000
282,ClayBrick,0,1.2975,Supported,0,0,180.000,0.000,90.000
283,ClayBrick,0,1.2975,Supported,0,0,236.250,0.000,90.000
284,ClayBrick,0,2.7216,Supported,0,0,247.500,0.000,90.000
285,ClayBrick,0,2.7216,Supported,0,0,270.000,0.000,90.000
286,ClayBrick,0,1.2975,Supported,0,0,292.500,0.000,90.000
287,ClayBrick,0,1.2975,Supported,0,0,348.750,0.000,90.000
288,ClayBrick,0,2.7216,Supported,0,0,360.000,0.000,90.000
289,ClayBrick,0,2.7216,Supported,0,0,382.500,0.000,90.000
290,ClayBrick,0,1.2975,Supported,0,0,405.000,0.000,90.000
291,ClayBrick,0,1.2975,Supported,0,0,461.250,0.000,90.000
292,ClayBrick,0,2.7216,Supported,0,0,472.500,0.000,90.000
293,ClayBrick,0,2.7216,Supported,0,0,495.000,0.000,90.000
294,ClayBrick,0,1.2975,Supported,0,0,517.500,0.000,90.000
295,ClayBrick,0,1.2975,Supported,0,0,573.750,0.000,90.000
296,ClayBrick,0,2.7216,Supported,0,0,585.000,0.000,90.000
297,ClayBrick,0,2.7216,Supported,0,0,607.500,0.000,90.000
298,ClayBrick,0,2.7216,Supported,0,0,630.000,0.000,90.000
299,ClayBrick,0,1.2975,Supported,0,0,0.000,0.000,97.500
300,ClayBrick,0,2.7216,Supported,0,0,11.250,0.000,97.500
301,ClayBrick,0,2.7216,Supported,0,0,33.750,0.000,97.500
302,ClayBrick,0,2.7216,Supported,0,0,56.250,0.000,97.500
303,ClayBrick,0,2.7216,Supported,0,0,123.750,0.000,97.500
304,ClayBrick,0,2.7216,Supported,0,0,146.250,0.000,97.500
305,ClayBrick,0,2.7216,Supported,0,0,168.750,0.000,97.500
306,ClayBrick,0,2.7216,Supported,0,0,236.250,0.000,97.500
307,ClayBrick,0,2.7216,Supported,0,0,258.750,0.000,97.500
308,ClayBrick,0,2.7216,Supported,0,0,281.250,0.000,97.500
309,ClayBrick,0,2.7216,Supported,0,0,348.750,0.000,97.500
310,ClayBrick,0,2.7216,Supported,0,0,371.250,0.000,97.500
311,ClayBrick,0,2.7216,Supported,0,0,393.750,0.000,97.500
312,ClayBrick,0,2.7216,Supported,0,0,461.250,0.000,97.500
313,ClayBrick,0,2.7216,Supported,0,0,483.750,0.000,97.500
314,ClayBrick,0,2.7216,Supported,0,0,506.250,0.000,97.500
315,ClayBrick,0,2.7216,Supported,0,0,573.750,0.000,97.500
316,ClayBrick,0,2.7216,Supported,0,0,596.250,0.000,97.500
317,ClayBrick,0,2.7216,Supported,0,0,618.750,0.000,97.500
318,ClayBrick,0,1.2975,Supported,0,0,641.250,0.000,97.500
319,ClayBrick,0,2.7216,Supported,0,0,0.000,0.000,105.000
320,ClayBrick,0,2.7216,Supported,0,0,22.500,0.000,105.000
321,ClayBrick,0,2.7216,Supported,0,0,45.000,0.000,105.000
322,ClayBrick,0,1.2975,Supported,0,0,67.500,0.000,105.000
323,ClayBrick,0,1.2975,Supported,0,0,123.750,0.000,105.000
324,ClayBrick,0,2.7216,Supported,0,0,135.000,0.000,105.000
325,ClayBrick,0,2.7216,Supported,0,0,157.500,0.000,105.000
326,ClayBrick,0,1.2975,Supported,0,0,180.000,0.000,105.000
327,ClayBrick,0,1.2975,Supported,0,0,236.250,0.000,105.000
328,ClayBrick,0,2.7216,Supported,0,0,247.500,0.000,105.000
329,ClayBrick,0,2.7216,Supported,0,0,270.000,0.000,105.000
330,ClayBrick,0,1.2975,Supported,0,0,292.500,0.000,105.000
331,ClayBrick,0,1.2975,Supported,0,0,348.750,0.000,105.000
332,ClayBrick,0,2.7216,Supported,0,0,360.000,0.000,105.000
333,ClayBrick,0,2.7216,Supported,0,0,382.500,0.000,105.000
334,ClayBrick,0,1.2975,Supported,0,0,405.000,0.000,105.000
335,ClayBrick,0,1.2975,Supported,0,0,461.250,0.000,105.000
336,ClayBrick,0,2.7216,Supported,0,0,472.500,0.000,105.000
337,ClayBrick,0,2.7216,Supported,0,0,495.000,0.000,105.000
338,ClayBrick,0,1.2975,Supported,0,0,517.500,0.000,105.000
339,ClayBrick,0,1.2975,Supported,0,0,573.750,0.000,105.000
340,ClayBrick,0,2.7216,Supported,0,0,585.000,0.000,105.000
341,ClayBrick,0,2.7216,Supported,0,0,607.500,0.000,105.000
342,ClayBrick,0,2.7216,Supported,0,0,630.000,0.000,105.000
343,ClayBrick,0,1.2975,Supported,0,0,0.000,0.000,112.500
344,ClayBrick,0,2.7216,Supported,0,0,11.250,0.000,112.500
345,ClayBrick,0,2.7216,Supported,0,0,33.750,0.000,112.500
346,ClayBrick,0,2.7216,Supported,0,0,56.250,0.000,112.500
347,ClayBrick,0,2.7216,Supported,0,0,123.750,0.000,112.500
348,ClayBrick,0,2.7216,Supported,0,0,146.250,0.000,112.500
349,ClayBrick,0,2.7216,Supported,0,0,168.750,0.000,112.500
350,ClayBrick,0,2.7216,Supported,0,0,236.250,0.000,112.500
351,ClayBrick,0,2.7216,Supported,0,0,258.750,0.000,112.500
352,ClayBrick,0,2.7216,Supported,0,0,281.250,0.000,112.500
353,ClayBrick,0,2.7216,Supported,0,0,348.750,0.000,112.500
354,ClayBrick,0,2.7216,Supported,0,0,371.250,0.000,112.500
355,ClayBrick,0,2.7216,Supported,0,0,393.750,0.000,112.500
356,ClayBrick,0,2.7216,Supported,0,0,461.250,0.000,112.500
357,ClayBrick,0,2.7216,Supported,0,0,483.750,0.000,112.500
358,ClayBrick,0,2.7216,Supported,0,0,506.250,0.000,112.500
359,ClayBrick,0,2.7216,Supported,0,0,573.750,0.000,112.500
360,ClayBrick,0,2.7216,Supported,0,0,596.250,0.000,112.500
361,ClayBrick,0,2.7216,Supported,0,0,618.750,0.000,112.500
362,ClayBrick,0,1.2975,Supported,0,0,641.250,0.000,112.500
363,ClayBrick,0,2.7216,Supported,0,0,0.000,0.000,120.000
364,ClayBrick,0,2.7216,Supported,0,0,22.500,0.000,120.000
365,ClayBrick,0,2.7216,Supported,0,0,45.000,0.000,120.000
366,ClayBrick,0,1.2975,Supported,0,0,67.500,0.000,120.000
367,ClayBrick,0,1.2975,Supported,0,0,123.750,0.000,120.000
368,ClayBrick,0,2.7216,Supported,0,0,135.000,0.000,120.000
369,ClayBrick,0,2.7216,Supported,0,0,157.500,0.000,120.000
370,ClayBrick,0,1.2975,Supported,0,0,180.000,0.000,120.000
371,ClayBrick,0,1.2975,Supported,0,0,236.250,0.000,120.000
372,ClayBrick,0,2.7216,Supported,0,0,247.500,0.000,120.000
373,ClayBrick,0,2.7216,Supported,0,0,270.000,0.000,120.000
374,ClayBrick,0,1.2975,Supported,0,0,292.500,0.000,120.000
375,ClayBrick,0,1.2975,Supported,0,0,348.750,0.000,120.000
376,ClayBrick,0,2.7216,Supported,0,0,360.000,0.000,120.000
377,ClayBrick,0,2.7216,Supported,0,0,382.500,0.000,120.000
378,ClayBrick,0,1.2975,Supported,0,0,405.000,0.000,120.000
379,ClayBrick,0,1.2975,Supported,0,0,461.250,0.000,120.000
380,ClayBrick,0,2.7216,Supported,0,0,472.500,0.000,120.000
381,ClayBrick,0,2.7216,Supported,0,0,495.000,0.000,120.000
382,ClayBrick,0,1.2975,Supported,0,0,517.500,0.000,120.000
383,ClayBrick,0,1.2975,Supported,0,0,573.750,0.000,120.000
384,ClayBrick,0,2.7216,Supported,0,0,585.000,0.000,120.000
385,ClayBrick,0,2.7216,Supported,0,0,607.500,0.000,120.000
386,ClayBrick,0,2.7216,Supported,0,0,630.000,0.000,120.000
387,ClayBrick,0,1.2975,Supported,0,0,0.000,0.000,127.500
388,ClayBrick,0,2.7216,Supported,0,0,11.250,0.000,127.500
389,ClayBrick,0,2.7216,Supported,0,0,33.750,0.000,127.500
390,ClayBrick,0,2.7216,Supported,0,0,56.250,0.000,127.500
391,ClayBrick,0,2.7216,Supported,0,0,123.750,0.000,127.500
392,ClayBrick,0,2.7216,Supported,0,0,146.250,0.000,127.500
393,ClayBrick,0,2.7216,Supported,0,0,168.750,0.000,127.500
394,ClayBrick,0,2.7216,Supported,0,0,236.250,0.000,127.500
395,ClayBrick,0,2.7216,Supported,0,0,258.750,0.000,127.500
396,ClayBrick,0,2.7216,Supported,0,0,281.250,0.000,127.500
397,ClayBrick,0,2.7216,Supported,0,0,348.750,0.000,127.500
398,ClayBrick,0,2.7216,Supported,0,0,371.250,0.000,127.500
399,ClayBrick,0,2.7216,Supported,0,0,393.750,0.000,127.500
400,ClayBrick,0,2.7216,Supported,0,0,461.250,0.000,127.500
401,ClayBrick,0,2.7216,Supported,0,0,483.750,0.000,127.500
402,ClayBrick,0,2.7216,Supported,0,0,506.250,0.000,127.500
403,ClayBrick,0,2.7216,Supported,0,0,573.750,0.000,127.500
404,ClayBrick,0,2.7216,Supported,0,0,596.250,0.000,127.500
405,ClayBrick,0,2.7216,Supported,0,0,618.750,0.000,127.500
406,ClayBrick,0,1.2975,Supported,0,0,641.250,0.000,127.500
407,ClayBrick,0,2.7216,Supported,0,0,0.000,0.000,135.000
408,ClayBrick,0,2.7216,Supported,0,0,22.500,0.000,135.000
409,ClayBrick,0,2.7216,Supported,0,0,45.000,0.000,135.000
410,ClayBrick,0,1.2975,Supported,0,0,67.500,0.000,135.000
411,ClayBrick,0,1.2975,Supported,0,0,123.750,0.000,135.000
412,ClayBrick,0,2.7216,Supported,0,0,135.000,0.000,135.000
413,ClayBrick,0,2.7216,Supported,0,0,157.500,0.000,135.000
414,ClayBrick,0,1.2975,Supported,0,0,180.000,0.000,135.000
415,ClayBrick,0,1.2975,Supported,0,0,236.250,0.000,135.000
416,ClayBrick,0,2.7216,Supported,0,0,247.500,0.000,135.000
417,ClayBrick,0,2.7216,Supported,0,0,270.000,0.000,135.000
418,ClayBrick,0,1.2975,Supported,0,0,292.500,0.000,135.000
419,ClayBrick,0,1.2975,Supported,0,0,348.750,0.000,135.000
420,ClayBrick,0,2.7216,Supported,0,0,360.000,0.000,135.000
421,ClayBrick,0,2.7216,Supported,0,0,382.500,0.000,135.000
422,ClayBrick,0,1.2975,Supported,0,0,405.000,0.000,135.000
423,ClayBrick,0,1.2975,Supported,0,0,461.250,0.000,135.000
424,ClayBrick,0,2.7216,Supported,0,0,472.500,0.000,135.000
425,ClayBrick,0,2.7216,Supported,0,0,495.000,0.000,135.000
426,ClayBrick,0,1.2975,Supported,0,0,517.500,0.000,135.000
427,ClayBrick,0,1.2975,Supported,0,0,573.750,0.000,135.000
428,ClayBrick,0,2.7216,Supported,0,0,585.000,0.000,135.000
429,ClayBrick,0,2.7216,Supported,0,0,607.500,0.000,135.000
430,ClayBrick,0,2.7216,Supported,0,0,630.000,0.000,135.000
431,ClayBrick,0,1.2975,Supported,0,0,0.000,0.000,142.500
432,ClayBrick,0,2.7216,Supported,0,0,11.250,0.000,142.500
433,ClayBrick,0,2.7216,Supported,0,0,33.750,0.000,142.500
434,ClayBrick,0,2.7216,Supported,0,0,56.250,0.000,142.500
435,ClayBrick,0,2.7216,Supported,0,0,123.750,0.000,142.500
436,ClayBrick,0,2.7216,Supported,0,0,146.250,0.000,142.500
437,ClayBrick,0,2.7216,Supported,0,0,168.750,0.000,142.500
438,ClayBrick,0,2.7216,Supported,0,0,236.250,0.000,142.500
439,ClayBrick,0,2.7216,Supported,0,0,258.750,0.000,142.500
440,ClayBrick,0,2.7216,Supported,0,0,281.250,0.000,142.500
441,ClayBrick,0,2.7216,Supported,0,0,348.750,0.000,142.500
442,ClayBrick,0,2.7216,Supported,0,0,371.250,0.000,142.500
443,ClayBrick,0,2.7216,Supported,0,0,393.750,0.000,142.500
444,ClayBrick,0,2.7216,Supported,0,0,461.250,0.000,142.500
445,ClayBrick,0,2.7216,Supported,0,0,483.750,0.000,142.500
446,ClayBrick,0,2.7216,Supported,0,0,506.250,0.000,142.500
447,ClayBrick,0,2.7216,Supported,0,0,573.750,0.000,142.500
448,ClayBrick,0,2.7216,Supported,0,0,596.250,0.000,142.500
449,ClayBrick,0,2.7216,Supported,0,0,618.750,0.000,142.500
450,ClayBrick,0,1.2975,Supported,0,0,641.250,0.000,142.500
451,ClayBrick,0,2.7216,Supported,0,0,0.000,0.000,150.000
452,ClayBrick,0,2.7216,Supported,0,0,22.500,0.000,150.000
453,ClayBrick,0,2.7216,Supported,0,0,45.000,0.000,150.000
454,ClayBrick,0,1.2975,Supported,0,0,67.500,0.000,150.000
455,ClayBrick,0,1.2975,Supported,0,0,123.750,0.000,150.000
456,ClayBrick,0,2.7216,Supported,0,0,135.000,0.000,150.000
457,ClayBrick,0,2.7216,Supported,0,0,157.500,0.000,150.000
458,ClayBrick,0,1.2975,Supported,0,0,180.000,0.000,150.000
459,ClayBrick,0,1.2975,Supported,0,0,236.250,0.000,150.000
460,ClayBrick,0,2.7216,Supported,0,0,247.500,0.000,150.000
461,ClayBrick,0,2.7216,Supported,0,0,270.000,0.000,150.000
462,ClayBrick,0,1.2975,Supported,0,0,292.500,0.000,150.000
463,ClayBrick,0,1.2975,Supported,0,0,348.750,0.000,150.000
464,ClayBrick,0,2.7216,Supported,0,0,360.000,0.000,150.000
465,ClayBrick,0,2.7216,Supported,0,0,382.500,0.000,150.000
466,ClayBrick,0,1.2975,Supported,0,0,405.000,0.000,150.000
467,ClayBrick,0,1.2975,Supported,0,0,461.250,0.000,150.000
468,ClayBrick,0,2.7216,Supported,0,0,472.500,0.000,150.000
469,ClayBrick,0,2.7216,Supported,0,0,495.000,0.000,150.000
470,ClayBrick,0,1.2975,Supported,0,0,517.500,0.000,150.000
471,ClayBrick,0,1.2975,Supported,0,0,573.750,0.000,150.000
472,ClayBrick,0,2.7216,Supported,0,0,585.000,0.000,150.000
473,ClayBrick,0,2.7216,Supported,0,0,607.500,0.000,150.000
474,ClayBrick,0,2.7216,Supported,0,0,630.000,0.000,150.000
475,ClayBrick,0,1.2975,Supported,0,0,0.000,0.000,157.500
476,ClayBrick,0,2.7216,Supported,0,0,11.250,0.000,157.500
477,ClayBrick,0,2.7216,Supported,0,0,33.750,0.000,157.500
478,ClayBrick,0,2.7216,Supported,0,0,56.250,0.000,157.500
479,ClayBrick,0,2.7216,Supported,0,0,123.750,0.000,157.500
480,ClayBrick,0,2.7216,Supported,0,0,146.250,0.000,157.500
481,ClayBrick,0,2.7216,Supported,0,0,168.750,0.000,157.500
482,ClayBrick,0,2.7216,Supported,0,0,236.250,0.000,157.500
483,ClayBrick,0,2.7216,Supported,0,0,258.750,0.000,157.500
484,ClayBrick,0,2.7216,Supported,0,0,281.250,0.000,157.500
485,ClayBrick,0,2.7216,Supported,0,0,348.750,0.000,157.500
486,ClayBrick,0,2.7216,Supported,0,0,371.250,0.000,157.500
487,ClayBrick,0,2.7216,Supported,0,0,393.750,0.000,157.500
488,ClayBrick,0,2.7216,Supported,0,0,461.250,0.000,157.500
489,ClayBrick,0,2.7216,Supported,0,0,483.750,0.000,157.500
490,ClayBrick,0,2.7216,Supported,0,0,506.250,0.000,157.500
491,ClayBrick,0,2.7216,Supported,0,0,573.750,0.000,157.500
492,ClayBrick,0,2.7216,Supported,0,0,596.250,0.000,157.500
493,ClayBrick,0,2.7216,Supported,0,0,618.750,0.000,157.500
494,ClayBrick,0,1.2975,Supported,0,0,641.250,0.000,157.500
495,ClayBrick,0,2.7216,Supported,0,0,0.000,0.000,165.000
496,ClayBrick,0,2.7216,Supported,0,0,22.500,0.000,165.000
497,ClayBrick,0,2.7216,Supported,0,0,45.000,0.000,165.000
498,ClayBrick,0,1.2975,Supported,0,0,67.500,0.000,165.000
499,ClayBrick,0,1.2975,Supported,0,0,123.750,0.000,165.000
500,ClayBrick,0,2.7216,Supported,0,0,135.000,0.000,165.000
501,ClayBrick,0,2.7216,Supported,0,0,157.500,0.000,165.000
502,ClayBrick,0,1.2975,Supported,0,0,180.000,0.000,165.000
503,ClayBrick,0,1.2975,Supported,0,0,236.250,0.000,165.000
504,ClayBrick,0,2.7216,Supported,0,0,247.500,0.000,165.000
505,ClayBrick,0,2.7216,Supported,0,0,270.000,0.000,165.000
506,ClayBrick,0,1.2975,Supported,0,0,292.500,0.000,165.000
507,ClayBrick,0,1.2975,Supported,0,0,348.750,0.000,165.000
508,ClayBrick,0,2.7216,Supported,0,0,360.000,0.000,165.000
509,ClayBrick,0,2.7216,Supported,0,0,382.500,0.000,165.000
510,ClayBrick,0,1.2975,Supported,0,0,405.000,0.000,165.000
511,ClayBrick,0,1.2975,Supported,0,0,461.250,0.000,165.000
512,ClayBrick,0,2.7216,Supported,0,0,472.500,0.000,165.000
513,ClayBrick,0,2.7216,Supported,0,0,495.000,0.000,165.000
514,ClayBrick,0,1.2975,Supported,0,0,517.500,0.000,165.000
515,ClayBrick,0,1.2975,Supported,0,0,573.750,0.000,165.000
516,ClayBrick,0,2.7216,Supported,0,0,585.000,0.000,165.000
517,ClayBrick,0,2.7216,Supported,0,0,607.500,0.000,165.000
518,ClayBrick,0,2.7216,Supported,0,0,630.000,0.000,165.000
519,ClayBrick,0,1.2975,Supported,0,0,0.000,0.000,172.500
520,ClayBrick,0,2.7216,Supported,0,0,11.250,0.000,172.500
521,ClayBrick,0,2.7216,Supported,0,0,33.750,0.000,172.500
522,ClayBrick,0,2.7216,Supported,0,0,56.250,0.000,172.500
523,ClayBrick,0,2.7216,Supported,0,0,123.750,0.000,172.500
524,ClayBrick,0,2.7216,Supported,0,0,146.250,0.000,172.500
525,ClayBrick,0,2.7216,Supported,0,0,168.750,0.000,172.500
526,ClayBrick,0,2.7216,Supported,0,0,236.250,0.000,172.500
527,ClayBrick,0,2.7216,Supported,0,0,258.750,0.000,172.500
528,ClayBrick,0,2.7216,Supported,0,0,281.250,0.000,172.500
529,ClayBrick,0,2.7216,Supported,0,0,348.750,0.000,172.500
530,ClayBrick,0,2.7216,Supported,0,0,371.250,0.000,172.500
531,ClayBrick,0,2.7216,Supported,0,0,393.750,0.000,172.500
532,ClayBrick,0,2.7216,Supported,0,0,461.250,0.000,172.500
533,ClayBrick,0,2.7216,Supported,0,0,483.750,0.000,172.500
534,ClayBrick,0,2.7216,Supported,0,0,506.250,0.000,172.500
535,ClayBrick,0,2.7216,Supported,0,0,573.750,0.000,172.500
536,ClayBrick,0,2.7216,Supported,0,0,596.250,0.000,172.500
537,ClayBrick,0,2.7216,Supported,0,0,618.750,0.000,172.500
538,ClayBrick,0,1.2975,Supported,0,0,641.250,0.000,172.500
539,ClayBrick,0,2.7216,Supported,0,0,0.000,0.000,180.000
540,ClayBrick,0,2.7216,Supported,0,0,22.500,0.000,180.000
541,ClayBrick,0,2.7216,Supported,0,0,45.000,0.000,180.000
542,ClayBrick,0,1.2975,Supported,0,0,67.500,0.000,180.000
543,ClayBrick,0,1.2975,Supported,0,0,123.750,0.000,180.000
544,ClayBrick,0,2.7216,Supported,0,0,135.000,0.000,180.000
545,ClayBrick,0,2.7216,Supported,0,0,157.500,0.000,180.000
546,ClayBrick,0,1.2975,Supported,0,0,180.000,0.000,180.000
547,ClayBrick,0,1.2975,Supported,0,0,236.250,0.000,180.000
548,ClayBrick,0,2.7216,Supported,0,0,247.500,0.000,180.000
549,ClayBrick,0,2.7216,Supported,0,0,270.000,0.000,180.000
550,ClayBrick,0,1.2975,Supported,0,0,292.500,0.000,180.000
551,ClayBrick,0,1.2975,Supported,0,0,348.750,0.000,180.000
552,ClayBrick,0,2.7216,Supported,0,0,360.000,0.000,180.000
553,ClayBrick,0,2.7216,Supported,0,0,382.500,0.000,180.000
554,ClayBrick,0,1.2975,Supported,0,0,405.000,0.000,180.000
555,ClayBrick,0,1.2975,Supported,0,0,461.250,0.000,180.000
556,ClayBrick,0,2.7216,Supported,0,0,472.500,0.000,180.000
557,ClayBrick,0,2.7216,Supported,0,0,495.000,0.000,180.000
558,ClayBrick,0,1.2975,Supported,0,0,517.500,0.000,180.000
559,ClayBrick,0,1.2975,Supported,0,0,573.750,0.000,180.000
560,ClayBrick,0,2.7216,Supported,0,0,585.000,0.000,180.000
561,ClayBrick,0,2.7216,Supported,0,0,607.500,0.000,180.000
562,ClayBrick,0,2.7216,Supported,0,0,630.000,0.000,180.000
563,ClayBrick,0,1.2975,Supported,0,0,0.000,0.000,187.500
564,ClayBrick,0,2.7216,Supported,0,0,11.250,0.000,187.500
565,ClayBrick,0,2.7216,Supported,0,0,33.750,0.000,187.500
566,ClayBrick,0,2.7216,Supported,0,0,56.250,0.000,187.500
567,ClayBrick,0,2.7216,Supported,0,0,123.750,0.000,187.500
568,ClayBrick,0,2.7216,Supported,0,0,146.250,0.000,187.500
569,ClayBrick,0,2.7216,Supported,0,0,168.750,0.000,187.500
570,ClayBrick,0,2.7216,Supported,0,0,236.250,0.000,187.500
571,ClayBrick,0,2.7216,Supported,0,0,258.750,0.000,187.500
572,ClayBrick,0,2.7216,Supported,0,0,281.250,0.000,187.500
573,ClayBrick,0,2.7216,Supported,0,0,348.750,0.000,187.500
574,ClayBrick,0,2.7216,Supported,0,0,371.250,0.000,187.500
575,ClayBrick,0,2.7216,Supported,0,0,393.750,0.000,187.500
576,ClayBrick,0,2.7216,Supported,0,0,461.250,0.000,187.500
577,ClayBrick,0,2.7216,Supported,0,0,483.750,0.000,187.500
578,ClayBrick,0,2.7216,Supported,0,0,506.250,0.000,187.500
579,ClayBrick,0,2.7216,Supported,0,0,573.750,0.000,187.500
580,ClayBrick,0,2.7216,Supported,0,0,596.250,0.000,187.500
581,ClayBrick,0,2.7216,Supported,0,0,618.750,0.000,187.500
582,ClayBrick,0,1.2975,Supported,0,0,641.250,0.000,187.500
583,ClayBrick,0,2.7216,Supported,0,0,0.000,0.000,195.000
584,ClayBrick,0,2.7216,Supported,0,0,22.500,0.000,195.000
585,ClayBrick,0,2.7216,Supported,0,0,45.000,0.000,195.000
586,ClayBrick,0,1.2975,Supported,0,0,67.500,0.000,195.000
587,ClayBrick,0,1.2975,Supported,0,0,123.750,0.000,195.000
588,ClayBrick,0,2.7216,Supported,0,0,135.000,0.000,195.000
589,ClayBrick,0,2.7216,Supported,0,0,157.500,0.000,195.000
590,ClayBrick,0,1.2975,Supported,0,0,180.000,0.000,195.000
591,ClayBrick,0,1.2975,Supported,0,0,236.250,0.000,195.000
592,ClayBrick,0,2.7216,Supported,0,0,247.500,0.000,195.000
593,ClayBrick,0,2.7216,Supported,0,0,270.000,0.000,195.000
594,ClayBrick,0,1.2975,Supported,0,0,292.500,0.000,195.000
595,ClayBrick,0,1.2975,Supported,0,0,348.750,0.000,195.000
596,ClayBrick,0,2.7216,Supported,0,0,360.000,0.000,195.000
597,ClayBrick,0,2.7216,Supported,0,0,382.500,0.000,195.000
598,ClayBrick,0,1.2975,Supported,0,0,405.000,0.000,195.000
599,ClayBrick,0,1.2975,Supported,0,0,461.250,0.000,195.000
600,ClayBrick,0,2.7216,Supported,0,0,472.500,0.000,195.000
601,ClayBrick,0,2.7216,Supported,0,0,495.000,0.000,195.000
602,ClayBrick,0,1.2975,Supported,0,0,517.500,0.000,195.000
603,ClayBrick,0,1.2975,Supported,0,0,573.750,0.000,195.000
604,ClayBrick,0,2.7216,Supported,0,0,585.000,0.000,195.000
605,ClayBrick,0,2.7216,Supported,0,0,607.500,0.000,195.000
606,ClayBrick,0,2.7216,Supported,0,0,630.000,0.000,195.000
607,ClayBrick,0,1.2975,Supported,0,0,0.000,0.000,202.500
608,ClayBrick,0,2.7216,Supported,0,0,11.250,0.000,202.500
609,ClayBrick,0,2.7216,Supported,0,0,33.750,0.000,202.500
610,ClayBrick,0,2.7216,Supported,0,0,56.250,0.000,202.500
611,ClayBrick,0,2.7216,Supported,0,0,123.750,0.000,202.500
612,ClayBrick,0,2.7216,Supported,0,0,146.250,0.000,202.500
613,ClayBrick,0,2.7216,Supported,0,0,168.750,0.000,202.500
614,ClayBrick,0,2.7216,Supported,0,0,236.250,0.000,202.500
615,ClayBrick,0,2.7216,Supported,0,0,258.750,0.000,202.500
616,ClayBrick,0,2.7216,Supported,0,0,281.250,0.000,202.500
617,ClayBrick,0,2.7216,Supported,0,0,348.750,0.000,202.500
618,ClayBrick,0,2.7216,Supported,0,0,371.250,0.000,202.500
619,ClayBrick,0,2.7216,Supported,0,0,393.750,0.000,202.500
620,ClayBrick,0,2.7216,Supported,0,0,461.250,0.000,202.500
621,ClayBrick,0,2.7216,Supported,0,0,483.750,0.000,202.500
622,ClayBrick,0,2.7216,Supported,0,0,506.250,0.000,202.500
623,ClayBrick,0,2.7216,Supported,0,0,573.750,0.000,202.500
624,ClayBrick,0,2.7216,Supported,0,0,596.250,0.000,202.500
625,ClayBrick,0,2.7216,Supported,0,0,618.750,0.000,202.500
626,ClayBrick,0,1.2975,Supported,0,0,641.250,0.000,202.500
627,ClayBrick,0,2.7216,Supported,0,0,0.000,0.000,210.000
628,ClayBrick,0,2.7216,Supported,0,0,22.500,0.000,210.000
629,ClayBrick,0,1.2975,Supported,0,0,45.000,0.000,210.000
630,ClayBrick,0,1.2975,Supported,0,0,146.250,0.000,210.000
631,ClayBrick,0,1.2975,Supported,0,0,157.500,0.000,210.000
632,ClayBrick,0,1.2975,Supported,0,0,258.750,0.000,210.000
633,ClayBrick,0,1.2975,Supported,0,0,270.000,0.000,210.000
634,ClayBrick,0,1.2975,Supported,0,0,371.250,0.000,210.000
635,ClayBrick,0,1.2975,Supported,0,0,382.500,0.000,210.000
636,ClayBrick,0,1.2975,Supported,0,0,483.750,0.000,210.000
637,ClayBrick,0,1.2975,Supported,0,0,495.000,0.000,210.000
638,ClayBrick,0,1.2975,Supported,0,0,596.250,0.000,210.000
639,ClayBrick,0,2.7216,Supported,0,0,607.500,0.000,210.000
640,ClayBrick,0,2.7216,Supported,0,0,630.000,0.000,210.000
641,Timber,0,5.3640,Supported,0,0,56.250,0.000,210.000
642,Timber,0,5.3640,Supported,0,0,168.750,0.000,210.000
643,Timber,0,5.3640,Supported,0,0,281.250,0.000,210.000
644,Timber,0,5.3640,Supported,0,0,393.750,0.000,210.000
645,Timber,0,5.3640,Supported,0,0,506.250,0.000,210.000
646,ClayBrick,0,1.2975,Supported,0,0,0.000,0.000,217.500
647,ClayBrick,0,2.7216,Supported,0,0,11.250,0.000,217.500
648,ClayBrick,0,2.7216,Supported,0,0,33.750,0.000,217.500
649,ClayBrick,0,2.7216,Supported,0,0,146.250,0.000,217.500
650,ClayBrick,0,2.7216,Supported,0,0,258.750,0.000,217.500
651,ClayBrick,0,2.7216,Supported,0,0,371.250,0.000,217.500
652,ClayBrick,0,2.7216,Supported,0,0,483.750,0.000,217.500
653,ClayBrick,0,2.7216,Supported,0,0,596.250,0.000,217.500
654,ClayBrick,0,2.7216,Supported,0,0,618.750,0.000,217.500
655,ClayBrick,0,1.2975,Supported,0,0,641.250,0.000,217.500
656,ClayBrick,0,2.7216,Supported,0,0,0.000,0.000,225.000
657,ClayBrick,0,2.7216,Supported,0,0,22.500,0.000,225.000
658,ClayBrick,0,2.7216,Supported,0,0,45.000,0.000,225.000
659,ClayBrick,0,2.7216,Supported,0,0,67.500,0.000,225.000
660,ClayBrick,0,2.7216,Supported,0,0,90.000,0.000,225.000
661,ClayBrick,0,2.7216,Supported,0,0,112.500,0.000,225.000
662,ClayBrick,0,2.7216,Supported,0,0,135.000,0.000,225.000
663,ClayBrick,0,2.7216,Supported,0,0,157.500,0.000,225.000
664,ClayBrick,0,2.7216,Supported,0,0,180.000,0.000,225.000
665,ClayBrick,0,2.7216,Supported,0,0,202.500,0.000,225.000
666,ClayBrick,0,2.7216,Supported,0,0,225.000,0.000,225.000
667,ClayBrick,0,2.7216,Supported,0,0,247.500,0.000,225.000
668,ClayBrick,0,2.7216,Supported,0,0,270.000,0.000,225.000
669,ClayBrick,0,2.7216,Supported,0,0,292.500,0.000,225.000
670,ClayBrick,0,2.7216,Supported,0,0,315.000,0.000,225.000
671,ClayBrick,0,2.7216,Supported,0,0,337.500,0.000,225.000
672,ClayBrick,0,2.7216,Supported,0,0,360.000,0.000,225.000
673,ClayBrick,0,2.7216,Supported,0,0,382.500,0.000,225.000
674,ClayBrick,0,2.7216,Supported,0,0,405.000,0.000,225.000
675,ClayBrick,0,2.7216,Supported,0,0,427.500,0.000,225.000
676,ClayBrick,0,2.7216,Supported,0,0,450.000,0.000,225.000
677,ClayBrick,0,2.7216,Supported,0,0,472.500,0.000,225.000
678,ClayBrick,0,2.7216,Supported,0,0,495.000,0.000,225.000
679,ClayBrick,0,2.7216,Supported,0,0,517.500,0.000,225.000
680,ClayBrick,0,2.7216,Supported,0,0,540.000,0.000,225.000
681,ClayBrick,0,2.7216,Supported,0,0,562.500,0.000,225.000
682,ClayBrick,0,2.7216,Supported,0,0,585.000,0.000,225.000
683,ClayBrick,0,2.7216,Supported,0,0,607.500,0.000,225.000
684,ClayBrick,0,2.7216,Supported,0,0,630.000,0.000,225.000
685,ClayBrick,0,1.2975,Supported,0,0,0.000,0.000,232.500
686,ClayBrick,0,2.7216,Supported,0,0,11.250,0.000,232.500
687,ClayBrick,0,2.7216,Supported,0,0,33.750,0.000,232.500
688,ClayBrick,0,2.7216,Supported,0,0,56.250,0.000,232.500
689,ClayBrick,0,2.7216,Supported,0,0,78.750,0.000,232.500
690,ClayBrick,0,2.7216,Supported,0,0,101.250,0.000,232.500
691,ClayBrick,0,2.7216,Supported,0,0,123.750,0.000,232.500
692,ClayBrick,0,2.7216,Supported,0,0,146.250,0.000,232.500
693,ClayBrick,0,2.7216,Supported,0,0,168.750,0.000,232.500
694,ClayBrick,0,2.7216,Supported,0,0,191.250,0.000,232.500
695,ClayBrick,0,2.7216,Supported,0,0,213.750,0.000,232.500
696,ClayBrick,0,2.7216,Supported,0,0,236.250,0.000,232.500
697,ClayBrick,0,2.7216,Supported,0,0,258.750,0.000,232.500
698,ClayBrick,0,2.7216,Supported,0,0,281.250,0.000,232.500
699,ClayBrick,0,2.7216,Supported,0,0,303.750,0.000,232.500
700,ClayBrick,0,2.7216,Supported,0,0,326.250,0.000,232.500
701,ClayBrick,0,2.7216,Supported,0,0,348.750,0.000,232.500
702,ClayBrick,0,2.7216,Supported,0,0,371.250,0.000,232.500
703,ClayBrick,0,2.7216,Supported,0,0,393.750,0.000,232.500
704,ClayBrick,0,2.7216,Supported,0,0,416.250,0.000,232.500
705,ClayBrick,0,2.7216,Supported,0,0,438.750,0.000,232.500
706,ClayBrick,0,2.7216,Supported,0,0,461.250,0.000,232.500
707,ClayBrick,0,2.7216,Supported,0,0,483.750,0.000,232.500
708,ClayBrick,0,2.7216,Supported,0,0,506.250,0.000,232.500
709,ClayBrick,0,2.7216,Supported,0,0,528.750,0.000,232.500
710,ClayBrick,0,2.7216,Supported,0,0,551.250,0.000,232.500
711,ClayBrick,0,2.7216,Supported,0,0,573.750,0.000,232.500
712,ClayBrick,0,2.7216,Supported,0,0,596.250,0.000,232.500
713,ClayBrick,0,2.7216,Supported,0,0,618.750,0.000,232.500
714,ClayBrick,0,1.2975,Supported,0,0,641.250,0.000,232.500
715,ClayBrick,0,2.7216,Supported,0,0,0.000,0.000,240.000
716,ClayBrick,0,2.7216,Supported,0,0,22.500,0.000,240.000
717,ClayBrick,0,2.7216,Supported,0,0,45.000,0.000,240.000
718,ClayBrick,0,2.7216,Supported,0,0,67.500,0.000,240.000
719,ClayBrick,0,2.7216,Supported,0,0,90.000,0.000,240.000
720,ClayBrick,0,2.7216,Supported,0,0,112.500,0.000,240.000
721,ClayBrick,0,2.7216,Supported,0,0,135.000,0.000,240.000
722,ClayBrick,0,2.7216,Supported,0,0,157.500,0.000,240.000
723,ClayBrick,0,2.7216,Supported,0,0,180.000,0.000,240.000
724,ClayBrick,0,2.7216,Supported,0,0,202.500,0.000,240.000
725,ClayBrick,0,2.7216,Supported,0,0,225.000,0.000,240.000
726,ClayBrick,0,2.7216,Supported,0,0,247.500,0.000,240.000
727,ClayBrick,0,2.7216,Supported,0,0,270.000,0.000,240.000
728,ClayBrick,0,2.7216,Supported,0,0,292.500,0.000,240.000
729,ClayBrick,0,2.7216,Supported,0,0,315.000,0.000,240.000
730,ClayBrick,0,2.7216,Supported,0,0,337.500,0.000,240.000
731,ClayBrick,0,2.7216,Supported,0,0,360.000,0.000,240.000
732,ClayBrick,0,2.7216,Supported,0,0,382.500,0.000,240.000
733,ClayBrick,0,2.7216,Supported,0,0,405.000,0.000,240.000
734,ClayBrick,0,2.7216,Supported,0,0,427.500,0.000,240.000
735,ClayBrick,0,2.7216,Supported,0,0,450.000,0.000,240.000
736,ClayBrick,0,2.7216,Supported,0,0,472.500,0.000,240.000
737,ClayBrick,0,2.7216,Supported,0,0,495.000,0.000,240.000
738,ClayBrick,0,2.7216,Supported,0,0,517.500,0.000,240.000
739,ClayBrick,0,2.7216,Supported,0,0,540.000,0.000,240.000
740,ClayBrick,0,2.7216,Supported,0,0,562.500,0.000,240.000
741,ClayBrick,0,2.7216,Supported,0,0,585.000,0.000,240.000
742,ClayBrick,0,2.7216,Supported,0,0,607.500,0.000,240.000
743,ClayBrick,0,2.7216,Supported,0,0,630.000,0.000,240.000
744,StructuralConcrete,0,1.6390,Supported,0,0,0.000,0.000,247.500
745,StructuralConcrete,0,7.0356,Supported,0,0,11.250,0.000,247.500
746,StructuralConcrete,0,7.0356,Supported,0,0,56.250,0.000,247.500
747,StructuralConcrete,0,7.0356,Supported,0,0,101.250,0.000,247.500
748,StructuralConcrete,0,7.0356,Supported,0,0,146.250,0.000,247.500
749,StructuralConcrete,0,7.0356,Supported,0,0,191.250,0.000,247.500
750,StructuralConcrete,0,7.0356,Supported,0,0,236.250,0.000,247.500
751,StructuralConcrete,0,7.0356,Supported,0,0,281.250,0.000,247.500
752,StructuralConcrete,0,7.0356,Supported,0,0,326.250,0.000,247.500
753,StructuralConcrete,0,7.0356,Supported,0,0,371.250,0.000,247.500
754,StructuralConcrete,0,7.0356,Supported,0,0,416.250,0.000,247.500
755,StructuralConcrete,0,7.0356,Supported,0,0,461.250,0.000,247.500
756,StructuralConcrete,0,7.0356,Supported,0,0,506.250,0.000,247.500
757,StructuralConcrete,0,7.0356,Supported,0,0,551.250,0.000,247.500
758,StructuralConcrete,0,7.0356,Supported,0,0,596.250,0.000,247.500
759,StructuralConcrete,0,1.6390,Supported,0,0,641.250,0.000,247.500
760,ClayBrick,0,2.7216,Supported,0,0,0.000,0.000,255.000
761,ClayBrick,0,2.7216,Supported,0,0,22.500,0.000,255.000
762,ClayBrick,0,2.7216,Supported,0,0,45.000,0.000,255.000
763,ClayBrick,0,2.7216,Supported,0,0,67.500,0.000,255.000
764,ClayBrick,0,2.7216,Supported,0,0,90.000,0.000,255.000
765,ClayBrick,0,2.7216,Supported,0,0,112.500,0.000,255.000
766,ClayBrick,0,2.7216,Supported,0,0,135.000,0.000,255.000
767,ClayBrick,0,2.7216,Supported,0,0,157.500,0.000,255.000
768,ClayBrick,0,2.7216,Supported,0,0,180.000,0.000,255.000
769,ClayBrick,0,2.7216,Supported,0,0,202.500,0.000,255.000
770,ClayBrick,0,2.7216,Supported,0,0,225.000,0.000,255.000
771,ClayBrick,0,2.7216,Supported,0,0,247.500,0.000,255.000
772,ClayBrick,0,2.7216,Supported,0,0,270.000,0.000,255.000
773,ClayBrick,0,2.7216,Supported,0,0,292.500,0.000,255.000
774,ClayBrick,0,2.7216,Supported,0,0,315.000,0.000,255.000
775,ClayBrick,0,2.7216,Supported,0,0,337.500,0.000,255.000
776,ClayBrick,0,2.7216,Supported,0,0,360.000,0.000,255.000
777,ClayBrick,0,2.7216,Supported,0,0,382.500,0.000,255.000
778,ClayBrick,0,2.7216,Supported,0,0,405.000,0.000,255.000
779,ClayBrick,0,2.7216,Supported,0,0,427.500,0.000,255.000
780,ClayBrick,0,2.7216,Supported,0,0,450.000,0.000,255.000
781,ClayBrick,0,2.7216,Supported,0,0,472.500,0.000,255.000
782,ClayBrick,0,2.7216,Supported,0,0,495.000,0.000,255.000
783,ClayBrick,0,2.7216,Supported,0,0,517.500,0.000,255.000
784,ClayBrick,0,2.7216,Supported,0,0,540.000,0.000,255.000
785,ClayBrick,0,2.7216,Supported,0,0,562.500,0.000,255.000
786,ClayBrick,0,2.7216,Supported,0,0,585.000,0.000,255.000
787,ClayBrick,0,2.7216,Supported,0,0,607.500,0.000,255.000
788,ClayBrick,0,2.7216,Supported,0,0,630.000,0.000,255.000
789,ClayBrick,0,1.2975,Supported,0,0,0.000,0.000,262.500
790,ClayBrick,0,2.7216,Supported,0,0,11.250,0.000,262.500
791,ClayBrick,0,2.7216,Supported,0,0,33.750,0.000,262.500
792,ClayBrick,0,2.7216,Supported,0,0,56.250,0.000,262.500
793,ClayBrick,0,2.7216,Supported,0,0,78.750,0.000,262.500
794,ClayBrick,0,2.7216,Supported,0,0,101.250,0.000,262.500
795,ClayBrick,0,2.7216,Supported,0,0,123.750,0.000,262.500
796,ClayBrick,0,2.7216,Supported,0,0,146.250,0.000,262.500
797,ClayBrick,0,2.7216,Supported,0,0,168.750,0.000,262.500
798,ClayBrick,0,2.7216,Supported,0,0,191.250,0.000,262.500
799,ClayBrick,0,2.7216,Supported,0,0,213.750,0.000,262.500
800,ClayBrick,0,2.7216,Supported,0,0,236.250,0.000,262.500
801,ClayBrick,0,2.7216,Supported,0,0,258.750,0.000,262.500
802,ClayBrick,0,2.7216,Supported,0,0,281.250,0.000,262.500
803,ClayBrick,0,2.7216,Supported,0,0,303.750,0.000,262.500
804,ClayBrick,0,2.7216,Supported,0,0,326.250,0.000,262.500
805,ClayBrick,0,2.7216,Supported,0,0,348.750,0.000,262.500
806,ClayBrick,0,2.7216,Supported,0,0,371.250,0.000,262.500
807,ClayBrick,0,2.7216,Supported,0,0,393.750,0.000,262.500
808,ClayBrick,0,2.7216,Supported,0,0,416.250,0.000,262.500
809,ClayBrick,0,2.7216,Supported,0,0,438.750,0.000,262.500
810,ClayBrick,0,2.7216,Supported,0,0,461.250,0.000,262.500
811,ClayBrick,0,2.7216,Supported,0,0,483.750,0.000,262.500
812,ClayBrick,0,2.7216,Supported,0,0,506.250,0.000,262.500
813,ClayBrick,0,2.7216,Supported,0,0,528.750,0.000,262.500
814,ClayBrick,0,2.7216,Supported,0,0,551.250,0.000,262.500
815,ClayBrick,0,2.7216,Supported,0,0,573.750,0.000,262.500
816,ClayBrick,0,2.7216,Supported,0,0,596.250,0.000,262.500
817,ClayBrick,0,2.7216,Supported,0,0,618.750,0.000,262.500
818,ClayBrick,0,1.2975,Supported,0,0,641.250,0.000,262.500
819,ClayBrick,0,2.7216,Supported,0,0,0.000,0.000,270.000
820,ClayBrick,0,2.7216,Supported,0,0,22.500,0.000,270.000
821,ClayBrick,0,2.7216,Supported,0,0,45.000,0.000,270.000
822,ClayBrick,0,2.7216,Supported,0,0,67.500,0.000,270.000
823,ClayBrick,0,2.7216,Supported,0,0,90.000,0.000,270.000
824,ClayBrick,0,2.7216,Supported,0,0,112.500,0.000,270.000
825,ClayBrick,0,2.7216,Supported,0,0,135.000,0.000,270.000
826,ClayBrick,0,2.7216,Supported,0,0,157.500,0.000,270.000
827,ClayBrick,0,2.7216,Supported,0,0,180.000,0.000,270.000
828,ClayBrick,0,2.7216,Supported,0,0,202.500,0.000,270.000
829,ClayBrick,0,2.7216,Supported,0,0,225.000,0.000,270.000
830,ClayBrick,0,2.7216,Supported,0,0,247.500,0.000,270.000
831,ClayBrick,0,2.7216,Supported,0,0,270.000,0.000,270.000
832,ClayBrick,0,2.7216,Supported,0,0,292.500,0.000,270.000
833,ClayBrick,0,2.7216,Supported,0,0,315.000,0.000,270.000
834,ClayBrick,0,2.7216,Supported,0,0,337.500,0.000,270.000
835,ClayBrick,0,2.7216,Supported,0,0,360.000,0.000,270.000
836,ClayBrick,0,2.7216,Supported,0,0,382.500,0.000,270.000
837,ClayBrick,0,2.7216,Supported,0,0,405.000,0.000,270.000
838,ClayBrick,0,2.7216,Supported,0,0,427.500,0.000,270.000
839,ClayBrick,0,2.7216,Supported,0,0,450.000,0.000,270.000
840,ClayBrick,0,2.7216,Supported,0,0,472.500,0.000,270.000
841,ClayBrick,0,2.7216,Supported,0,0,495.000,0.000,270.000
842,ClayBrick,0,2.7216,Supported,0,0,517.500,0.000,270.000
843,ClayBrick,0,2.7216,Supported,0,0,540.000,0.000,270.000
844,ClayBrick,0,2.7216,Supported,0,0,562.500,0.000,270.000
845,ClayBrick,0,2.7216,Supported,0,0,585.000,0.000,270.000
846,ClayBrick,0,2.7216,Supported,0,0,607.500,0.000,270.000
847,ClayBrick,0,2.7216,Supported,0,0,630.000,0.000,270.000
848,ClayBrick,0,1.2975,Supported,0,0,0.000,0.000,277.500
849,ClayBrick,0,2.7216,Supported,0,0,11.250,0.000,277.500
850,ClayBrick,0,2.7216,Supported,0,0,33.750,0.000,277.500
851,ClayBrick,0,1.2975,Supported,0,0,56.250,0.000,277.500
852,ClayBrick,0,1.2975,Supported,0,0,135.000,0.000,277.500
853,ClayBrick,0,2.7216,Supported,0,0,146.250,0.000,277.500
854,ClayBrick,0,1.2975,Supported,0,0,168.750,0.000,277.500
855,ClayBrick,0,1.2975,Supported,0,0,247.500,0.000,277.500
856,ClayBrick,0,2.7216,Supported,0,0,258.750,0.000,277.500
857,ClayBrick,0,1.2975,Supported,0,0,281.250,0.000,277.500
858,ClayBrick,0,1.2975,Supported,0,0,360.000,0.000,277.500
859,ClayBrick,0,2.7216,Supported,0,0,371.250,0.000,277.500
860,ClayBrick,0,1.2975,Supported,0,0,393.750,0.000,277.500
861,ClayBrick,0,1.2975,Supported,0,0,472.500,0.000,277.500
862,ClayBrick,0,2.7216,Supported,0,0,483.750,0.000,277.500
863,ClayBrick,0,1.2975,Supported,0,0,506.250,0.000,277.500
864,ClayBrick,0,1.2975,Supported,0,0,585.000,0.000,277.500
865,ClayBrick,0,2.7216,Supported,0,0,596.250,0.000,277.500
866,ClayBrick,0,2.7216,Supported,0,0,618.750,0.000,277.500
867,ClayBrick,0,1.2975,Supported,0,0,641.250,0.000,277.500
868,StructuralConcrete,0,10.6333,Supported,0,0,67.500,0.000,277.500
869,StructuralConcrete,0,10.6333,Supported,0,0,180.000,0.000,277.500
870,StructuralConcrete,0,10.6333,Supported,0,0,292.500,0.000,277.500
871,StructuralConcrete,0,10.6333,Supported,0,0,405.000,0.000,277.500
872,StructuralConcrete,0,10.6333,Supported,0,0,517.500,0.000,277.500
873,ClayBrick,0,2.7216,Supported,0,0,0.000,0.000,285.000
874,ClayBrick,0,2.7216,Supported,0,0,22.500,0.000,285.000
875,ClayBrick,0,2.7216,Supported,0,0,45.000,0.000,285.000
876,ClayBrick,0,1.2975,Supported,0,0,67.500,0.000,285.000
877,ClayBrick,0,1.2975,Supported,0,0,123.750,0.000,285.000
878,ClayBrick,0,2.7216,Supported,0,0,135.000,0.000,285.000
879,ClayBrick,0,2.7216,Supported,0,0,157.500,0.000,285.000
880,ClayBrick,0,1.2975,Supported,0,0,180.000,0.000,285.000
881,ClayBrick,0,1.2975,Supported,0,0,236.250,0.000,285.000
882,ClayBrick,0,2.7216,Supported,0,0,247.500,0.000,285.000
883,ClayBrick,0,2.7216,Supported,0,0,270.000,0.000,285.000
884,ClayBrick,0,1.2975,Supported,0,0,292.500,0.000,285.000
885,ClayBrick,0,1.2975,Supported,0,0,348.750,0.000,285.000
886,ClayBrick,0,2.7216,Supported,0,0,360.000,0.000,285.000
887,ClayBrick,0,2.7216,Supported,0,0,382.500,0.000,285.000
888,ClayBrick,0,1.2975,Supported,0,0,405.000,0.000,285.000
889,ClayBrick,0,1.2975,Supported,0,0,461.250,0.000,285.000
890,ClayBrick,0,2.7216,Supported,0,0,472.500,0.000,285.000
891,ClayBrick,0,2.7216,Supported,0,0,495.000,0.000,285.000
892,ClayBrick,0,1.2975,Supported,0,0,517.500,0.000,285.000
893,ClayBrick,0,1.2975,Supported,0,0,573.750,0.000,285.000
894,ClayBrick,0,2.7216,Supported,0,0,585.000,0.000,285.000
895,ClayBrick,0,2.7216,Supported,0,0,607.500,0.000,285.000
896,ClayBrick,0,2.7216,Supported,0,0,630.000,0.000,285.000
897,ClayBrick,0,1.2975,Supported,0,0,0.000,0.000,292.500
898,ClayBrick,0,2.7216,Supported,0,0,11.250,0.000,292.500
899,ClayBrick,0,2.7216,Supported,0,0,33.750,0.000,292.500
900,ClayBrick,0,2.7216,Supported,0,0,56.250,0.000,292.500
901,ClayBrick,0,2.7216,Supported,0,0,123.750,0.000,292.500
902,ClayBrick,0,2.7216,Supported,0,0,146.250,0.000,292.500
903,ClayBrick,0,2.7216,Supported,0,0,168.750,0.000,292.500
904,ClayBrick,0,2.7216,Supported,0,0,236.250,0.000,292.500
905,ClayBrick,0,2.7216,Supported,0,0,258.750,0.000,292.500
906,ClayBrick,0,2.7216,Supported,0,0,281.250,0.000,292.500
907,ClayBrick,0,2.7216,Supported,0,0,348.750,0.000,292.500
908,ClayBrick,0,2.7216,Supported,0,0,371.250,0.000,292.500
909,ClayBrick,0,2.7216,Supported,0,0,393.750,0.000,292.500
910,ClayBrick,0,2.7216,Supported,0,0,461.250,0.000,292.500
911,ClayBrick,0,2.7216,Supported,0,0,483.750,0.000,292.500
912,ClayBrick,0,2.7216,Supported,0,0,506.250,0.000,292.500
913,ClayBrick,0,2.7216,Supported,0,0,573.750,0.000,292.500
914,ClayBrick,0,2.7216,Supported,0,0,596.250,0.000,292.500
915,ClayBrick,0,2.7216,Supported,0,0,618.750,0.000,292.500
916,ClayBrick,0,1.2975,Supported,0,0,641.250,0.000,292.500
917,ClayBrick,0,2.7216,Supported,0,0,0.000,0.000,300.000
918,ClayBrick,0,2.7216,Supported,0,0,22.500,0.000,300.000
919,ClayBrick,0,2.7216,Supported,0,0,45.000,0.000,300.000
920,ClayBrick,0,1.2975,Supported,0,0,67.500,0.000,300.000
921,ClayBrick,0,1.2975,Supported,0,0,123.750,0.000,300.000
922,ClayBrick,0,2.7216,Supported,0,0,135.000,0.000,300.000
923,ClayBrick,0,2.7216,Supported,0,0,157.500,0.000,300.000
924,ClayBrick,0,1.2975,Supported,0,0,180.000,0.000,300.000
925,ClayBrick,0,1.2975,Supported,0,0,236.250,0.000,300.000
926,ClayBrick,0,2.7216,Supported,0,0,247.500,0.000,300.000
927,ClayBrick,0,2.7216,Supported,0,0,270.000,0.000,300.000
928,ClayBrick,0,1.2975,Supported,0,0,292.500,0.000,300.000
929,ClayBrick,0,1.2975,Supported,0,0,348.750,0.000,300.000
930,ClayBrick,0,2.7216,Supported,0,0,360.000,0.000,300.000
931,ClayBrick,0,2.7216,Supported,0,0,382.500,0.000,300.000
932,ClayBrick,0,1.2975,Supported,0,0,405.000,0.000,300.000
933,ClayBrick,0,1.2975,Supported,0,0,461.250,0.000,300.000
934,ClayBrick,0,2.7216,Supported,0,0,472.500,0.000,300.000
935,ClayBrick,0,2.7216,Supported,0,0,495.000,0.000,300.000
936,ClayBrick,0,1.2975,Supported,0,0,517.500,0.000,300.000
937,ClayBrick,0,1.2975,Supported,0,0,573.750,0.000,300.000
938,ClayBrick,0,2.7216,Supported,0,0,585.000,0.000,300.000
939,ClayBrick,0,2.7216,Supported,0,0,607.500,0.000,300.000
940,ClayBrick,0,2.7216,Supported,0,0,630.000,0.000,300.000
941,ClayBrick,0,1.2975,Supported,0,0,0.000,0.000,307.500
942,ClayBrick,0,2.7216,Supported,0,0,11.250,0.000,307.500
943,ClayBrick,0,2.7216,Supported,0,0,33.750,0.000,307.500
944,ClayBrick,0,2.7216,Supported,0,0,56.250,0.000,307.500
945,ClayBrick,0,2.7216,Supported,0,0,123.750,0.000,307.500
946,ClayBrick,0,2.7216,Supported,0,0,146.250,0.000,307.500
947,ClayBrick,0,2.7216,Supported,0,0,168.750,0.000,307.500
948,ClayBrick,0,2.7216,Supported,0,0,236.250,0.000,307.500
949,ClayBrick,0,2.7216,Supported,0,0,258.750,0.000,307.500
950,ClayBrick,0,2.7216,Supported,0,0,281.250,0.000,307.500
951,ClayBrick,0,2.7216,Supported,0,0,348.750,0.000,307.500
952,ClayBrick,0,2.7216,Supported,0,0,371.250,0.000,307.500
953,ClayBrick,0,2.7216,Supported,0,0,393.750,0.000,307.500
954,ClayBrick,0,2.7216,Supported,0,0,461.250,0.000,307.500
955,ClayBrick,0,2.7216,Supported,0,0,483.750,0.000,307.500
956,ClayBrick,0,2.7216,Supported,0,0,506.250,0.000,307.500
957,ClayBrick,0,2.7216,Supported,0,0,573.750,0.000,307.500
958,ClayBrick,0,2.7216,Supported,0,0,596.250,0.000,307.500
959,ClayBrick,0,2.7216,Supported,0,0,618.750,0.000,307.500
960,ClayBrick,0,1.2975,Supported,0,0,641.250,0.000,307.500
961,ClayBrick,0,2.7216,Supported,0,0,0.000,0.000,315.000
962,ClayBrick,0,2.7216,Supported,0,0,22.500,0.000,315.000
963,ClayBrick,0,2.7216,Supported,0,0,45.000,0.000,315.000
964,ClayBrick,0,1.2975,Supported,0,0,67.500,0.000,315.000
965,ClayBrick,0,1.2975,Supported,0,0,123.750,0.000,315.000
966,ClayBrick,0,2.7216,Supported,0,0,135.000,0.000,315.000
967,ClayBrick,0,2.7216,Supported,0,0,157.500,0.000,315.000
968,ClayBrick,0,1.2975,Supported,0,0,180.000,0.000,315.000
969,ClayBrick,0,1.2975,Supported,0,0,236.250,0.000,315.000
970,ClayBrick,0,2.7216,Supported,0,0,247.500,0.000,315.000
971,ClayBrick,0,2.7216,Supported,0,0,270.000,0.000,315.000
972,ClayBrick,0,1.2975,Supported,0,0,292.500,0.000,315.000
973,ClayBrick,0,1.2975,Supported,0,0,348.750,0.000,315.000
974,ClayBrick,0,2.7216,Supported,0,0,360.000,0.000,315.000
975,ClayBrick,0,2.7216,Supported,0,0,382.500,0.000,315.000
976,ClayBrick,0,1.2975,Supported,0,0,405.000,0.000,315.000
977,ClayBrick,0,1.2975,Supported,0,0,461.250,0.000,315.000
978,ClayBrick,0,2.7216,Supported,0,0,472.500,0.000,315.000
979,ClayBrick,0,2.7216,Supported,0,0,495.000,0.000,315.000
980,ClayBrick,0,1.2975,Supported,0,0,517.500,0.000,315.000
981,ClayBrick,0,1.2975,Supported,0,0,573.750,0.000,315.000
982,ClayBrick,0,2.7216,Supported,0,0,585.000,0.000,315.000
983,ClayBrick,0,2.7216,Supported,0,0,607.500,0.000,315.000
984,ClayBrick,0,2.7216,Supported,0,0,630.000,0.000,315.000
985,ClayBrick,0,1.2975,Supported,0,0,0.000,0.000,322.500
986,ClayBrick,0,2.7216,Supported,0,0,11.250,0.000,322.500
987,ClayBrick,0,2.7216,Supported,0,0,33.750,0.000,322.500
988,ClayBrick,0,2.7216,Supported,0,0,56.250,0.000,322.500
989,ClayBrick,0,2.7216,Supported,0,0,123.750,0.000,322.500
990,ClayBrick,0,2.7216,Supported,0,0,146.250,0.000,322.500
991,ClayBrick,0,2.7216,Supported,0,0,168.750,0.000,322.500
992,ClayBrick,0,2.7216,Supported,0,0,236.250,0.000,322.500
993,ClayBrick,0,2.7216,Supported,0,0,258.750,0.000,322.500
994,ClayBrick,0,2.7216,Supported,0,0,281.250,0.000,322.500
995,ClayBrick,0,2.7216,Supported,0,0,348.750,0.000,322.500
996,ClayBrick,0,2.7216,Supported,0,0,371.250,0.000,322.500
997,ClayBrick,0,2.7216,Supported,0,0,393.750,0.000,322.500
998,ClayBrick,0,2.7216,Supported,0,0,461.250,0.000,322.500
999,ClayBrick,0,2.7216,Supported,0,0,483.750,0.000,322.500
1000,ClayBrick,0,2.7216,Supported,0,0,506.250,0.000,322.500
1001,ClayBrick,0,2.7216,Supported,0,0,573.750,0.000,322.500
1002,ClayBrick,0,2.7216,Supported,0,0,596.250,0.000,322.500
1003,ClayBrick,0,2.7216,Supported,0,0,618.750,0.000,322.500
1004,ClayBrick,0,1.2975,Supported,0,0,641.250,0.000,322.500
1005,ClayBrick,0,2.7216,Supported,0,0,0.000,0.000,330.000
1006,ClayBrick,0,2.7216,Supported,0,0,22.500,0.000,330.000
1007,ClayBrick,0,2.7216,Supported,0,0,45.000,0.000,330.000
1008,ClayBrick,0,1.2975,Supported,0,0,67.500,0.000,330.000
1009,ClayBrick,0,1.2975,Supported,0,0,123.750,0.000,330.000
1010,ClayBrick,0,2.7216,Supported,0,0,135.000,0.000,330.000
1011,ClayBrick,0,2.7216,Supported,0,0,157.500,0.000,330.000
1012,ClayBrick,0,1.2975,Supported,0,0,180.000,0.000,330.000
1013,ClayBrick,0,1.2975,Supported,0,0,236.250,0.000,330.000
1014,ClayBrick,0,2.7216,Supported,0,0,247.500,0.000,330.000
1015,ClayBrick,0,2.7216,Supported,0,0,270.000,0.000,330.000
1016,ClayBrick,0,1.2975,Supported,0,0,292.500,0.000,330.000
1017,ClayBrick,0,1.2975,Supported,0,0,348.750,0.000,330.000
1018,ClayBrick,0,2.7216,Supported,0,0,360.000,0.000,330.000
1019,ClayBrick,0,2.7216,Supported,0,0,382.500,0.000,330.000
1020,ClayBrick,0,1.2975,Supported,0,0,405.000,0.000,330.000
1021,ClayBrick,0,1.2975,Supported,0,0,461.250,0.000,330.000
1022,ClayBrick,0,2.7216,Supported,0,0,472.500,0.000,330.000
1023,ClayBrick,0,2.7216,Supported,0,0,495.000,0.000,330.000
1024,ClayBrick,0,1.2975,Supported,0,0,517.500,0.000,330.000
1025,ClayBrick,0,1.2975,Supported,0,0,573.750,0.000,330.000
1026,ClayBrick,0,2.7216,Supported,0,0,585.000,0.000,330.000
1027,ClayBrick,0,2.7216,Supported,0,0,607.500,0.000,330.000
1028,ClayBrick,0,2.7216,Supported,0,0,630.000,0.000,330.000
1029,ClayBrick,0,1.2975,Supported,0,0,0.000,0.000,337.500
1030,ClayBrick,0,2.7216,Supported,0,0,11.250,0.000,337.500
1031,ClayBrick,0,2.7216,Supported,0,0,33.750,0.000,337.500
1032,ClayBrick,0,2.7216,Supported,0,0,56.250,0.000,337.500
1033,ClayBrick,0,2.7216,Supported,0,0,123.750,0.000,337.500
1034,ClayBrick,0,2.7216,Supported,0,0,146.250,0.000,337.500
1035,ClayBrick,0,2.7216,Supported,0,0,168.750,0.000,337.500
1036,ClayBrick,0,2.7216,Supported,0,0,236.250,0.000,337.500
1037,ClayBrick,0,2.7216,Supported,0,0,258.750,0.000,337.500
1038,ClayBrick,0,2.7216,Supported,0,0,281.250,0.000,337.500
1039,ClayBrick,0,2.7216,Supported,0,0,348.750,0.000,337.500
1040,ClayBrick,0,2.7216,Supported,0,0,371.250,0.000,337.500
1041,ClayBrick,0,2.7216,Supported,0,0,393.750,0.000,337.500
1042,ClayBrick,0,2.7216,Supported,0,0,461.250,0.000,337.500
1043,ClayBrick,0,2.7216,Supported,0,0,483.750,0.000,337.500
1044,ClayBrick,0,2.7216,Supported,0,0,506.250,0.000,337.500
1045,ClayBrick,0,2.7216,Supported,0,0,573.750,0.000,337.500
1046,ClayBrick,0,2.7216,Supported,0,0,596.250,0.000,337.500
1047,ClayBrick,0,2.7216,Supported,0,0,618.750,0.000,337.500
1048,ClayBrick,0,1.2975,Supported,0,0,641.250,0.000,337.500
1049,ClayBrick,0,2.7216,Supported,0,0,0.000,0.000,345.000
1050,ClayBrick,0,2.7216,Supported,0,0,22.500,0.000,345.000
1051,ClayBrick,0,2.7216,Supported,0,0,45.000,0.000,345.000
1052,ClayBrick,0,1.2975,Supported,0,0,67.500,0.000,345.000
1053,ClayBrick,0,1.2975,Supported,0,0,123.750,0.000,345.000
1054,ClayBrick,0,2.7216,Supported,0,0,135.000,0.000,345.000
1055,ClayBrick,0,2.7216,Supported,0,0,157.500,0.000,345.000
1056,ClayBrick,0,1.2975,Supported,0,0,180.000,0.000,345.000
1057,ClayBrick,0,1.2975,Supported,0,0,236.250,0.000,345.000
1058,ClayBrick,0,2.7216,Supported,0,0,247.500,0.000,345.000
1059,ClayBrick,0,2.7216,Supported,0,0,270.000,0.000,345.000
1060,ClayBrick,0,1.2975,Supported,0,0,292.500,0.000,345.000
1061,ClayBrick,0,1.2975,Supported,0,0,348.750,0.000,345.000
1062,ClayBrick,0,2.7216,Supported,0,0,360.000,0.000,345.000
1063,ClayBrick,0,2.7216,Supported,0,0,382.500,0.000,345.000
1064,ClayBrick,0,1.2975,Supported,0,0,405.000,0.000,345.000
1065,ClayBrick,0,1.2975,Supported,0,0,461.250,0.000,345.000
1066,ClayBrick,0,2.7216,Supported,0,0,472.500,0.000,345.000
1067,ClayBrick,0,2.7216,Supported,0,0,495.000,0.000,345.000
1068,ClayBrick,0,1.2975,Supported,0,0,517.500,0.000,345.000
1069,ClayBrick,0,1.2975,Supported,0,0,573.750,0.000,345.000
1070,ClayBrick,0,2.7216,Supported,0,0,585.000,0.000,345.000
1071,ClayBrick,0,2.7216,Supported,0,0,607.500,0.000,345.000
1072,ClayBrick,0,2.7216,Supported,0,0,630.000,0.000,345.000
1073,ClayBrick,0,1.2975,Supported,0,0,0.000,0.000,352.500
1074,ClayBrick,0,2.7216,Supported,0,0,11.250,0.000,352.500
1075,ClayBrick,0,2.7216,Supported,0,0,33.750,0.000,352.500
1076,ClayBrick,0,2.7216,Supported,0,0,56.250,0.000,352.500
1077,ClayBrick,0,2.7216,Supported,0,0,123.750,0.000,352.500
1078,ClayBrick,0,2.7216,Supported,0,0,146.250,0.000,352.500
1079,ClayBrick,0,2.7216,Supported,0,0,168.750,0.000,352.500
1080,ClayBrick,0,2.7216,Supported,0,0,236.250,0.000,352.500
1081,ClayBrick,0,2.7216,Supported,0,0,258.750,0.000,352.500
1082,ClayBrick,0,2.7216,Supported,0,0,281.250,0.000,352.500
1083,ClayBrick,0,2.7216,Supported,0,0,348.750,0.000,352.500
1084,ClayBrick,0,2.7216,Supported,0,0,371.250,0.000,352.500
1085,ClayBrick,0,2.7216,Supported,0,0,393.750,0.000,352.500
1086,ClayBrick,0,2.7216,Supported,0,0,461.250,0.000,352.500
1087,ClayBrick,0,2.7216,Supported,0,0,483.750,0.000,352.500
1088,ClayBrick,0,2.7216,Supported,0,0,506.250,0.000,352.500
1089,ClayBrick,0,2.7216,Supported,0,0,573.750,0.000,352.500
1090,ClayBrick,0,2.7216,Supported,0,0,596.250,0.000,352.500
1091,ClayBrick,0,2.7216,Supported,0,0,618.750,0.000,352.500
1092,ClayBrick,0,1.2975,Supported,0,0,641.250,0.000,352.500
1093,ClayBrick,0,2.7216,Supported,0,0,0.000,0.000,360.000
1094,ClayBrick,0,2.7216,Supported,0,0,22.500,0.000,360.000
1095,ClayBrick,0,2.7216,Supported,0,0,45.000,0.000,360.000
1096,ClayBrick,0,1.2975,Supported,0,0,67.500,0.000,360.000
1097,ClayBrick,0,1.2975,Supported,0,0,123.750,0.000,360.000
1098,ClayBrick,0,2.7216,Supported,0,0,135.000,0.000,360.000
1099,ClayBrick,0,2.7216,Supported,0,0,157.500,0.000,360.000
1100,ClayBrick,0,1.2975,Supported,0,0,180.000,0.000,360.000
1101,ClayBrick,0,1.2975,Supported,0,0,236.250,0.000,360.000
1102,ClayBrick,0,2.7216,Supported,0,0,247.500,0.000,360.000
1103,ClayBrick,0,2.7216,Supported,0,0,270.000,0.000,360.000
1104,ClayBrick,0,1.2975,Supported,0,0,292.500,0.000,360.000
1105,ClayBrick,0,1.2975,Supported,0,0,348.750,0.000,360.000
1106,ClayBrick,0,2.7216,Supported,0,0,360.000,0.000,360.000
1107,ClayBrick,0,2.7216,Supported,0,0,382.500,0.000,360.000
1108,ClayBrick,0,1.2975,Supported,0,0,405.000,0.000,360.000
1109,ClayBrick,0,1.2975,Supported,0,0,461.250,0.000,360.000
1110,ClayBrick,0,2.7216,Supported,0,0,472.500,0.000,360.000
1111,ClayBrick,0,2.7216,Supported,0,0,495.000,0.000,360.000
1112,ClayBrick,0,1.2975,Supported,0,0,517.500,0.000,360.000
1113,ClayBrick,0,1.2975,Supported,0,0,573.750,0.000,360.000
1114,ClayBrick,0,2.7216,Supported,0,0,585.000,0.000,360.000
1115,ClayBrick,0,2.7216,Supported,0,0,607.500,0.000,360.000
1116,ClayBrick,0,2.7216,Supported,0,0,630.000,0.000,360.000
1117,ClayBrick,0,1.2975,Supported,0,0,0.000,0.000,367.500
1118,ClayBrick,0,2.7216,Supported,0,0,11.250,0.000,367.500
1119,ClayBrick,0,2.7216,Supported,0,0,33.750,0.000,367.500
1120,ClayBrick,0,2.7216,Supported,0,0,56.250,0.000,367.500
1121,ClayBrick,0,2.7216,Supported,0,0,123.750,0.000,367.500
1122,ClayBrick,0,2.7216,Supported,0,0,146.250,0.000,367.500
1123,ClayBrick,0,2.7216,Supported,0,0,168.750,0.000,367.500
1124,ClayBrick,0,2.7216,Supported,0,0,236.250,0.000,367.500
1125,ClayBrick,0,2.7216,Supported,0,0,258.750,0.000,367.500
1126,ClayBrick,0,2.7216,Supported,0,0,281.250,0.000,367.500
1127,ClayBrick,0,2.7216,Supported,0,0,348.750,0.000,367.500
1128,ClayBrick,0,2.7216,Supported,0,0,371.250,0.000,367.500
1129,ClayBrick,0,2.7216,Supported,0,0,393.750,0.000,367.500
1130,ClayBrick,0,2.7216,Supported,0,0,461.250,0.000,367.500
1131,ClayBrick,0,2.7216,Supported,0,0,483.750,0.000,367.500
1132,ClayBrick,0,2.7216,Supported,0,0,506.250,0.000,367.500
1133,ClayBrick,0,2.7216,Supported,0,0,573.750,0.000,367.500
1134,ClayBrick,0,2.7216,Supported,0,0,596.250,0.000,367.500
1135,ClayBrick,0,2.7216,Supported,0,0,618.750,0.000,367.500
1136,ClayBrick,0,1.2975,Supported,0,0,641.250,0.000,367.500
1137,ClayBrick,0,2.7216,Supported,0,0,0.000,0.000,375.000
1138,ClayBrick,0,2.7216,Supported,0,0,22.500,0.000,375.000
1139,ClayBrick,0,2.7216,Supported,0,0,45.000,0.000,375.000
1140,ClayBrick,0,1.2975,Supported,0,0,67.500,0.000,375.000
1141,ClayBrick,0,1.2975,Supported,0,0,123.750,0.000,375.000
1142,ClayBrick,0,2.7216,Supported,0,0,135.000,0.000,375.000
1143,ClayBrick,0,2.7216,Supported,0,0,157.500,0.000,375.000
1144,ClayBrick,0,1.2975,Supported,0,0,180.000,0.000,375.000
1145,ClayBrick,0,1.2975,Supported,0,0,236.250,0.000,375.000
1146,ClayBrick,0,2.7216,Supported,0,0,247.500,0.000,375.000
1147,ClayBrick,0,2.7216,Supported,0,0,270.000,0.000,375.000
1148,ClayBrick,0,1.2975,Supported,0,0,292.500,0.000,375.000
1149,ClayBrick,0,1.2975,Supported,0,0,348.750,0.000,375.000
1150,ClayBrick,0,2.7216,Supported,0,0,360.000,0.000,375.000
1151,ClayBrick,0,2.7216,Supported,0,0,382.500,0.000,375.000
1152,ClayBrick,0,1.2975,Supported,0,0,405.000,0.000,375.000
1153,ClayBrick,0,1.2975,Supported,0,0,461.250,0.000,375.000
1154,ClayBrick,0,2.7216,Supported,0,0,472.500,0.000,375.000
1155,ClayBrick,0,2.7216,Supported,0,0,495.000,0.000,375.000
1156,ClayBrick,0,1.2975,Supported,0,0,517.500,0.000,375.000
1157,ClayBrick,0,1.2975,Supported,0,0,573.750,0.000,375.000
1158,ClayBrick,0,2.7216,Supported,0,0,585.000,0.000,375.000
1159,ClayBrick,0,2.7216,Supported,0,0,607.500,0.000,375.000
1160,ClayBrick,0,2.7216,Supported,0,0,630.000,0.000,375.000
1161,ClayBrick,0,1.2975,Supported,0,0,0.000,0.000,382.500
1162,ClayBrick,0,2.7216,Supported,0,0,11.250,0.000,382.500
1163,ClayBrick,0,2.7216,Supported,0,0,33.750,0.000,382.500
1164,ClayBrick,0,2.7216,Supported,0,0,56.250,0.000,382.500
1165,ClayBrick,0,2.7216,Supported,0,0,123.750,0.000,382.500
1166,ClayBrick,0,2.7216,Supported,0,0,146.250,0.000,382.500
1167,ClayBrick,0,2.7216,Supported,0,0,168.750,0.000,382.500
1168,ClayBrick,0,2.7216,Supported,0,0,236.250,0.000,382.500
1169,ClayBrick,0,2.7216,Supported,0,0,258.750,0.000,382.500
1170,ClayBrick,0,2.7216,Supported,0,0,281.250,0.000,382.500
1171,ClayBrick,0,2.7216,Supported,0,0,348.750,0.000,382.500
1172,ClayBrick,0,2.7216,Supported,0,0,371.250,0.000,382.500
1173,ClayBrick,0,2.7216,Supported,0,0,393.750,0.000,382.500
1174,ClayBrick,0,2.7216,Supported,0,0,461.250,0.000,382.500
1175,ClayBrick,0,2.7216,Supported,0,0,483.750,0.000,382.500
1176,ClayBrick,0,2.7216,Supported,0,0,506.250,0.000,382.500
1177,ClayBrick,0,2.7216,Supported,0,0,573.750,0.000,382.500
1178,ClayBrick,0,2.7216,Supported,0,0,596.250,0.000,382.500
1179,ClayBrick,0,2.7216,Supported,0,0,618.750,0.000,382.500
1180,ClayBrick,0,1.2975,Supported,0,0,641.250,0.000,382.500
1181,ClayBrick,0,2.7216,Supported,0,0,0.000,0.000,390.000
1182,ClayBrick,0,2.7216,Supported,0,0,22.500,0.000,390.000
1183,ClayBrick,0,2.7216,Supported,0,0,45.000,0.000,390.000
1184,ClayBrick,0,1.2975,Supported,0,0,67.500,0.000,390.000
1185,ClayBrick,0,1.2975,Supported,0,0,123.750,0.000,390.000
1186,ClayBrick,0,2.7216,Supported,0,0,135.000,0.000,390.000
1187,ClayBrick,0,2.7216,Supported,0,0,157.500,0.000,390.000
1188,ClayBrick,0,1.2975,Supported,0,0,180.000,0.000,390.000
1189,ClayBrick,0,1.2975,Supported,0,0,236.250,0.000,390.000
1190,ClayBrick,0,2.7216,Supported,0,0,247.500,0.000,390.000
1191,ClayBrick,0,2.7216,Supported,0,0,270.000,0.000,390.000
1192,ClayBrick,0,1.2975,Supported,0,0,292.500,0.000,390.000
1193,ClayBrick,0,1.2975,Supported,0,0,348.750,0.000,390.000
1194,ClayBrick,0,2.7216,Supported,0,0,360.000,0.000,390.000
1195,ClayBrick,0,2.7216,Supported,0,0,382.500,0.000,390.000
1196,ClayBrick,0,1.2975,Supported,0,0,405.000,0.000,390.000
1197,ClayBrick,0,1.2975,Supported,0,0,461.250,0.000,390.000
1198,ClayBrick,0,2.7216,Supported,0,0,472.500,0.000,390.000
1199,ClayBrick,0,2.7216,Supported,0,0,495.000,0.000,390.000
1200,ClayBrick,0,1.2975,Supported,0,0,517.500,0.000,390.000
1201,ClayBrick,0,1.2975,Supported,0,0,573.750,0.000,390.000
1202,ClayBrick,0,2.7216,Supported,0,0,585.000,0.000,390.000
1203,ClayBrick,0,2.7216,Supported,0,0,607.500,0.000,390.000
1204,ClayBrick,0,2.7216,Supported,0,0,630.000,0.000,390.000
1205,ClayBrick,0,1.2975,Supported,0,0,0.000,0.000,397.500
1206,ClayBrick,0,2.7216,Supported,0,0,11.250,0.000,397.500
1207,ClayBrick,0,2.7216,Supported,0,0,33.750,0.000,397.500
1208,ClayBrick,0,2.7216,Supported,0,0,56.250,0.000,397.500
1209,ClayBrick,0,2.7216,Supported,0,0,123.750,0.000,397.500
1210,ClayBrick,0,2.7216,Supported,0,0,146.250,0.000,397.500
1211,ClayBrick,0,2.7216,Supported,0,0,168.750,0.000,397.500
1212,ClayBrick,0,2.7216,Supported,0,0,236.250,0.000,397.500
1213,ClayBrick,0,2.7216,Supported,0,0,258.750,0.000,397.500
1214,ClayBrick,0,2.7216,Supported,0,0,281.250,0.000,397.500
1215,ClayBrick,0,2.7216,Supported,0,0,348.750,0.000,397.500
1216,ClayBrick,0,2.7216,Supported,0,0,371.250,0.000,397.500
1217,ClayBrick,0,2.7216,Supported,0,0,393.750,0.000,397.500
1218,ClayBrick,0,2.7216,Supported,0,0,461.250,0.000,397.500
1219,ClayBrick,0,2.7216,Supported,0,0,483.750,0.000,397.500
1220,ClayBrick,0,2.7216,Supported,0,0,506.250,0.000,397.500
1221,ClayBrick,0,2.7216,Supported,0,0,573.750,0.000,397.500
1222,ClayBrick,0,2.7216,Supported,0,0,596.250,0.000,397.500
1223,ClayBrick,0,2.7216,Supported,0,0,618.750,0.000,397.500
1224,ClayBrick,0,1.2975,Supported,0,0,641.250,0.000,397.500
1225,ClayBrick,0,2.7216,Supported,0,0,0.000,0.000,405.000
1226,ClayBrick,0,2.7216,Supported,0,0,22.500,0.000,405.000
1227,ClayBrick,0,1.2975,Supported,0,0,45.000,0.000,405.000
1228,ClayBrick,0,1.2975,Supported,0,0,146.250,0.000,405.000
1229,ClayBrick,0,1.2975,Supported,0,0,157.500,0.000,405.000
1230,ClayBrick,0,1.2975,Supported,0,0,258.750,0.000,405.000
1231,ClayBrick,0,1.2975,Supported,0,0,270.000,0.000,405.000
1232,ClayBrick,0,1.2975,Supported,0,0,371.250,0.000,405.000
1233,ClayBrick,0,1.2975,Supported,0,0,382.500,0.000,405.000
1234,ClayBrick,0,1.2975,Supported,0,0,483.750,0.000,405.000
1235,ClayBrick,0,1.2975,Supported,0,0,495.000,0.000,405.000
1236,ClayBrick,0,1.2975,Supported,0,0,596.250,0.000,405.000
1237,ClayBrick,0,2.7216,Supported,0,0,607.500,0.000,405.000
1238,ClayBrick,0,2.7216,Supported,0,0,630.000,0.000,405.000
1239,Timber,0,5.3640,Supported,0,0,56.250,0.000,405.000
1240,Timber,0,5.3640,Supported,0,0,168.750,0.000,405.000
1241,Timber,0,5.3640,Supported,0,0,281.250,0.000,405.000
1242,Timber,0,5.3640,Supported,0,0,393.750,0.000,405.000
1243,Timber,0,5.3640,Supported,0,0,506.250,0.000,405.000
1244,ClayBrick,0,1.2975,Supported,0,0,0.000,0.000,412.500
1245,ClayBrick,0,2.7216,Supported,0,0,11.250,0.000,412.500
1246,ClayBrick,0,2.7216,Supported,0,0,33.750,0.000,412.500
1247,ClayBrick,0,2.7216,Supported,0,0,146.250,0.000,412.500
1248,ClayBrick,0,2.7216,Supported,0,0,258.750,0.000,412.500
1249,ClayBrick,0,2.7216,Supported,0,0,371.250,0.000,412.500
1250,ClayBrick,0,2.7216,Supported,0,0,483.750,0.000,412.500
1251,ClayBrick,0,2.7216,Supported,0,0,596.250,0.000,412.500
1252,ClayBrick,0,2.7216,Supported,0,0,618.750,0.000,412.500
1253,ClayBrick,0,1.2975,Supported,0,0,641.250,0.000,412.500
1254,ClayBrick,0,2.7216,Supported,0,0,0.000,0.000,420.000
1255,ClayBrick,0,2.7216,Supported,0,0,22.500,0.000,420.000
1256,ClayBrick,0,2.7216,Supported,0,0,45.000,0.000,420.000
1257,ClayBrick,0,2.7216,Supported,0,0,67.500,0.000,420.000
1258,ClayBrick,0,2.7216,Supported,0,0,90.000,0.000,420.000
1259,ClayBrick,0,2.7216,Supported,0,0,112.500,0.000,420.000
1260,ClayBrick,0,2.7216,Supported,0,0,135.000,0.000,420.000
1261,ClayBrick,0,2.7216,Supported,0,0,157.500,0.000,420.000
1262,ClayBrick,0,2.7216,Supported,0,0,180.000,0.000,420.000
1263,ClayBrick,0,2.7216,Supported,0,0,202.500,0.000,420.000
1264,ClayBrick,0,2.7216,Supported,0,0,225.000,0.000,420.000
1265,ClayBrick,0,2.7216,Supported,0,0,247.500,0.000,420.000
1266,ClayBrick,0,2.7216,Supported,0,0,270.000,0.000,420.000
1267,ClayBrick,0,2.7216,Supported,0,0,292.500,0.000,420.000
1268,ClayBrick,0,2.7216,Supported,0,0,315.000,0.000,420.000
1269,ClayBrick,0,2.7216,Supported,0,0,337.500,0.000,420.000
1270,ClayBrick,0,2.7216,Supported,0,0,360.000,0.000,420.000
1271,ClayBrick,0,2.7216,Supported,0,0,382.500,0.000,420.000
1272,ClayBrick,0,2.7216,Supported,0,0,405.000,0.000,420.000
1273,ClayBrick,0,2.7216,Supported,0,0,427.500,0.000,420.000
1274,ClayBrick,0,2.7216,Supported,0,0,450.000,0.000,420.000
1275,ClayBrick,0,2.7216,Supported,0,0,472.500,0.000,420.000
1276,ClayBrick,0,2.7216,Supported,0,0,495.000,0.000,420.000
1277,ClayBrick,0,2.7216,Supported,0,0,517.500,0.000,420.000
1278,ClayBrick,0,2.7216,Supported,0,0,540.000,0.000,420.000
1279,ClayBrick,0,2.7216,Supported,0,0,562.500,0.000,420.000
1280,ClayBrick,0,2.7216,Supported,0,0,585.000,0.000,420.000
1281,ClayBrick,0,2.7216,Supported,0,0,607.500,0.000,420.000
1282,ClayBrick,0,2.7216,Supported,0,0,630.000,0.000,420.000
1283,ClayBrick,0,1.2975,Supported,0,0,0.000,0.000,427.500
1284,ClayBrick,0,2.7216,Supported,0,0,11.250,0.000,427.500
1285,ClayBrick,0,2.7216,Supported,0,0,33.750,0.000,427.500
1286,ClayBrick,0,2.7216,Supported,0,0,56.250,0.000,427.500
1287,ClayBrick,0,2.7216,Supported,0,0,78.750,0.000,427.500
1288,ClayBrick,0,2.7216,Supported,0,0,101.250,0.000,427.500
1289,ClayBrick,0,2.7216,Supported,0,0,123.750,0.000,427.500
1290,ClayBrick,0,2.7216,Supported,0,0,146.250,0.000,427.500
1291,ClayBrick,0,2.7216,Supported,0,0,168.750,0.000,427.500
1292,ClayBrick,0,2.7216,Supported,0,0,191.250,0.000,427.500
1293,ClayBrick,0,2.7216,Supported,0,0,213.750,0.000,427.500
1294,ClayBrick,0,2.7216,Supported,0,0,236.250,0.000,427.500
1295,ClayBrick,0,2.7216,Supported,0,0,258.750,0.000,427.500
1296,ClayBrick,0,2.7216,Supported,0,0,281.250,0.000,427.500
1297,ClayBrick,0,2.7216,Supported,0,0,303.750,0.000,427.500
1298,ClayBrick,0,2.7216,Supported,0,0,326.250,0.000,427.500
1299,ClayBrick,0,2.7216,Supported,0,0,348.750,0.000,427.500
1300,ClayBrick,0,2.7216,Supported,0,0,371.250,0.000,427.500
1301,ClayBrick,0,2.7216,Supported,0,0,393.750,0.000,427.500
1302,ClayBrick,0,2.7216,Supported,0,0,416.250,0.000,427.500
1303,ClayBrick,0,2.7216,Supported,0,0,438.750,0.000,427.500
1304,ClayBrick,0,2.7216,Supported,0,0,461.250,0.000,427.500
1305,ClayBrick,0,2.7216,Supported,0,0,483.750,0.000,427.500
1306,ClayBrick,0,2.7216,Supported,0,0,506.250,0.000,427.500
1307,ClayBrick,0,2.7216,Supported,0,0,528.750,0.000,427.500
1308,ClayBrick,0,2.7216,Supported,0,0,551.250,0.000,427.500
1309,ClayBrick,0,2.7216,Supported,0,0,573.750,0.000,427.500
1310,ClayBrick,0,2.7216,Supported,0,0,596.250,0.000,427.500
1311,ClayBrick,0,2.7216,Supported,0,0,618.750,0.000,427.500
1312,ClayBrick,0,1.2975,Supported,0,0,641.250,0.000,427.500
1313,ClayBrick,0,2.7216,Supported,0,0,0.000,0.000,435.000
1314,ClayBrick,0,2.7216,Supported,0,0,22.500,0.000,435.000
1315,ClayBrick,0,2.7216,Supported,0,0,45.000,0.000,435.000
1316,ClayBrick,0,2.7216,Supported,0,0,67.500,0.000,435.000
1317,ClayBrick,0,2.7216,Supported,0,0,90.000,0.000,435.000
1318,ClayBrick,0,2.7216,Supported,0,0,112.500,0.000,435.000
1319,ClayBrick,0,2.7216,Supported,0,0,135.000,0.000,435.000
1320,ClayBrick,0,2.7216,Supported,0,0,157.500,0.000,435.000
1321,ClayBrick,0,2.7216,Supported,0,0,180.000,0.000,435.000
1322,ClayBrick,0,2.7216,Supported,0,0,202.500,0.000,435.000
1323,ClayBrick,0,2.7216,Supported,0,0,225.000,0.000,435.000
1324,ClayBrick,0,2.7216,Supported,0,0,247.500,0.000,435.000
1325,ClayBrick,0,2.7216,Supported,0,0,270.000,0.000,435.000
1326,ClayBrick,0,2.7216,Supported,0,0,292.500,0.000,435.000
1327,ClayBrick,0,2.7216,Supported,0,0,315.000,0.000,435.000
1328,ClayBrick,0,2.7216,Supported,0,0,337.500,0.000,435.000
1329,ClayBrick,0,2.7216,Supported,0,0,360.000,0.000,435.000
1330,ClayBrick,0,2.7216,Supported,0,0,382.500,0.000,435.000
1331,ClayBrick,0,2.7216,Supported,0,0,405.000,0.000,435.000
1332,ClayBrick,0,2.7216,Supported,0,0,427.500,0.000,435.000
1333,ClayBrick,0,2.7216,Supported,0,0,450.000,0.000,435.000
1334,ClayBrick,0,2.7216,Supported,0,0,472.500,0.000,435.000
1335,ClayBrick,0,2.7216,Supported,0,0,495.000,0.000,435.000
1336,ClayBrick,0,2.7216,Supported,0,0,517.500,0.000,435.000
1337,ClayBrick,0,2.7216,Supported,0,0,540.000,0.000,435.000
1338,ClayBrick,0,2.7216,Supported,0,0,562.500,0.000,435.000
1339,ClayBrick,0,2.7216,Supported,0,0,585.000,0.000,435.000
1340,ClayBrick,0,2.7216,Supported,0,0,607.500,0.000,435.000
1341,ClayBrick,0,2.7216,Supported,0,0,630.000,0.000,435.000
1342,ClayBrick,0,1.2975,Supported,0,0,0.000,0.000,442.500
1343,ClayBrick,0,2.7216,Supported,0,0,11.250,0.000,442.500
1344,ClayBrick,0,2.7216,Supported,0,0,33.750,0.000,442.500
1345,ClayBrick,0,2.7216,Supported,0,0,56.250,0.000,442.500
1346,ClayBrick,0,2.7216,Supported,0,0,78.750,0.000,442.500
1347,ClayBrick,0,2.7216,Supported,0,0,101.250,0.000,442.500
1348,ClayBrick,0,2.7216,Supported,0,0,123.750,0.000,442.500
1349,ClayBrick,0,2.7216,Supported,0,0,146.250,0.000,442.500
1350,ClayBrick,0,2.7216,Supported,0,0,168.750,0.000,442.500
1351,ClayBrick,0,2.7216,Supported,0,0,191.250,0.000,442.500
1352,ClayBrick,0,2.7216,Supported,0,0,213.750,0.000,442.500
1353,ClayBrick,0,2.7216,Supported,0,0,236.250,0.000,442.500
1354,ClayBrick,0,2.7216,Supported,0,0,258.750,0.000,442.500
1355,ClayBrick,0,2.7216,Supported,0,0,281.250,0.000,442.500
1356,ClayBrick,0,2.7216,Supported,0,0,303.750,0.000,442.500
1357,ClayBrick,0,2.7216,Supported,0,0,326.250,0.000,442.500
1358,ClayBrick,0,2.7216,Supported,0,0,348.750,0.000,442.500
1359,ClayBrick,0,2.7216,Supported,0,0,371.250,0.000,442.500
1360,ClayBrick,0,2.7216,Supported,0,0,393.750,0.000,442.500
1361,ClayBrick,0,2.7216,Supported,0,0,416.250,0.000,442.500
1362,ClayBrick,0,2.7216,Supported,0,0,438.750,0.000,442.500
1363,ClayBrick,0,2.7216,Supported,0,0,461.250,0.000,442.500
1364,ClayBrick,0,2.7216,Supported,0,0,483.750,0.000,442.500
1365,ClayBrick,0,2.7216,Supported,0,0,506.250,0.000,442.500
1366,ClayBrick,0,2.7216,Supported,0,0,528.750,0.000,442.500
1367,ClayBrick,0,2.7216,Supported,0,0,551.250,0.000,442.500
1368,ClayBrick,0,2.7216,Supported,0,0,573.750,0.000,442.500
1369,ClayBrick,0,2.7216,Supported,0,0,596.250,0.000,442.500
1370,ClayBrick,0,2.7216,Supported,0,0,618.750,0.000,442.500
1371,ClayBrick,0,1.2975,Supported,0,0,641.250,0.000,442.500
1372,ClayBrick,0,2.7216,Supported,0,0,0.000,0.000,450.000
1373,ClayBrick,0,2.7216,Supported,0,0,22.500,0.000,450.000
1374,ClayBrick,0,2.7216,Supported,0,0,45.000,0.000,450.000
1375,ClayBrick,0,2.7216,Supported,0,0,67.500,0.000,450.000
1376,ClayBrick,0,2.7216,Supported,0,0,90.000,0.000,450.000
1377,ClayBrick,0,2.7216,Supported,0,0,112.500,0.000,450.000
1378,ClayBrick,0,2.7216,Supported,0,0,135.000,0.000,450.000
1379,ClayBrick,0,2.7216,Supported,0,0,157.500,0.000,450.000
1380,ClayBrick,0,2.7216,Supported,0,0,180.000,0.000,450.000
1381,ClayBrick,0,2.7216,Supported,0,0,202.500,0.000,450.000
1382,ClayBrick,0,2.7216,Supported,0,0,225.000,0.000,450.000
1383,ClayBrick,0,2.7216,Supported,0,0,247.500,0.000,450.000
1384,ClayBrick,0,2.7216,Supported,0,0,270.000,0.000,450.000
1385,ClayBrick,0,2.7216,Supported,0,0,292.500,0.000,450.000
1386,ClayBrick,0,2.7216,Supported,0,0,315.000,0.000,450.000
1387,ClayBrick,0,2.7216,Supported,0,0,337.500,0.000,450.000
1388,ClayBrick,0,2.7216,Supported,0,0,360.000,0.000,450.000
1389,ClayBrick,0,2.7216,Supported,0,0,382.500,0.000,450.000
1390,ClayBrick,0,2.7216,Supported,0,0,405.000,0.000,450.000
1391,ClayBrick,0,2.7216,Supported,0,0,427.500,0.000,450.000
1392,ClayBrick,0,2.7216,Supported,0,0,450.000,0.000,450.000
1393,ClayBrick,0,2.7216,Supported,0,0,472.500,0.000,450.000
1394,ClayBrick,0,2.7216,Supported,0,0,495.000,0.000,450.000
1395,ClayBrick,0,2.7216,Supported,0,0,517.500,0.000,450.000
1396,ClayBrick,0,2.7216,Supported,0,0,540.000,0.000,450.000
1397,ClayBrick,0,2.7216,Supported,0,0,562.500,0.000,450.000
1398,ClayBrick,0,2.7216,Supported,0,0,585.000,0.000,450.000
1399,ClayBrick,0,2.7216,Supported,0,0,607.500,0.000,450.000
1400,ClayBrick,0,2.7216,Supported,0,0,630.000,0.000,450.000
1401,ClayBrick,0,1.2975,Supported,0,0,0.000,0.000,457.500
1402,ClayBrick,0,2.7216,Supported,0,0,11.250,0.000,457.500
1403,ClayBrick,0,2.7216,Supported,0,0,33.750,0.000,457.500
1404,ClayBrick,0,2.7216,Supported,0,0,56.250,0.000,457.500
1405,ClayBrick,0,2.7216,Supported,0,0,78.750,0.000,457.500
1406,ClayBrick,0,2.7216,Supported,0,0,101.250,0.000,457.500
1407,ClayBrick,0,2.7216,Supported,0,0,123.750,0.000,457.500
1408,ClayBrick,0,2.7216,Supported,0,0,146.250,0.000,457.500
1409,ClayBrick,0,2.7216,Supported,0,0,168.750,0.000,457.500
1410,ClayBrick,0,2.7216,Supported,0,0,191.250,0.000,457.500
1411,ClayBrick,0,2.7216,Supported,0,0,213.750,0.000,457.500
1412,ClayBrick,0,2.7216,Supported,0,0,236.250,0.000,457.500
1413,ClayBrick,0,2.7216,Supported,0,0,258.750,0.000,457.500
1414,ClayBrick,0,2.7216,Supported,0,0,281.250,0.000,457.500
1415,ClayBrick,0,2.7216,Supported,0,0,303.750,0.000,457.500
1416,ClayBrick,0,2.7216,Supported,0,0,326.250,0.000,457.500
1417,ClayBrick,0,2.7216,Supported,0,0,348.750,0.000,457.500
1418,ClayBrick,0,2.7216,Supported,0,0,371.250,0.000,457.500
1419,ClayBrick,0,2.7216,Supported,0,0,393.750,0.000,457.500
1420,ClayBrick,0,2.7216,Supported,0,0,416.250,0.000,457.500
1421,ClayBrick,0,2.7216,Supported,0,0,438.750,0.000,457.500
1422,ClayBrick,0,2.7216,Supported,0,0,461.250,0.000,457.500
1423,ClayBrick,0,2.7216,Supported,0,0,483.750,0.000,457.500
1424,ClayBrick,0,2.7216,Supported,0,0,506.250,0.000,457.500
1425,ClayBrick,0,2.7216,Supported,0,0,528.750,0.000,457.500
1426,ClayBrick,0,2.7216,Supported,0,0,551.250,0.000,457.500
1427,ClayBrick,0,2.7216,Supported,0,0,573.750,0.000,457.500
1428,ClayBrick,0,2.7216,Supported,0,0,596.250,0.000,457.500
1429,ClayBrick,0,2.7216,Supported,0,0,618.750,0.000,457.500
1430,ClayBrick,0,1.2975,Supported,0,0,641.250,0.000,457.500
1431,StructuralConcrete,0,22.5456,Supported,0,0,0.000,-5.000,465.000
1432,StructuralConcrete,0,22.5456,Supported,0,0,45.000,-5.000,465.000
1433,StructuralConcrete,0,22.5456,Supported,0,0,90.000,-5.000,465.000
1434,StructuralConcrete,0,22.5456,Supported,0,0,135.000,-5.000,465.000
1435,StructuralConcrete,0,22.5456,Supported,0,0,180.000,-5.000,465.000
1436,StructuralConcrete,0,22.5456,Supported,0,0,225.000,-5.000,465.000
1437,StructuralConcrete,0,22.5456,Supported,0,0,270.000,-5.000,465.000
1438,StructuralConcrete,0,22.5456,Supported,0,0,315.000,-5.000,465.000
1439,StructuralConcrete,0,22.5456,Supported,0,0,360.000,-5.000,465.000
1440,StructuralConcrete,0,22.5456,Supported,0,0,405.000,-5.000,465.000
1441,StructuralConcrete,0,22.5456,Supported,0,0,450.000,-5.000,465.000
1442,StructuralConcrete,0,22.5456,Supported,0,0,495.000,-5.000,465.000
1443,StructuralConcrete,0,22.5456,Supported,0,0,540.000,-5.000,465.000
1444,StructuralConcrete,0,22.5456,Supported,0,0,585.000,-5.000,465.000
1445,StructuralConcrete,0,11.0166,Supported,0,0,630.000,-5.000,465.000
1446,StructuralConcrete,1,15.1536,Grounded,0,0,0.000,326.250,-0.000
1447,StructuralConcrete,1,15.1536,Grounded,0,0,45.000,326.250,-0.000
1448,StructuralConcrete,1,15.1536,Grounded,0,0,90.000,326.250,-0.000
1449,StructuralConcrete,1,15.1536,Grounded,0,0,135.000,326.250,-0.000
1450,StructuralConcrete,1,15.1536,Grounded,0,0,180.000,326.250,-0.000
1451,StructuralConcrete,1,15.1536,Grounded,0,0,225.000,326.250,-0.000
1452,StructuralConcrete,1,15.1536,Grounded,0,0,270.000,326.250,-0.000
1453,StructuralConcrete,1,15.1536,Grounded,0,0,315.000,326.250,-0.000
1454,StructuralConcrete,1,15.1536,Grounded,0,0,360.000,326.250,-0.000
1455,StructuralConcrete,1,15.1536,Grounded,0,0,405.000,326.250,-0.000
1456,StructuralConcrete,1,15.1536,Grounded,0,0,450.000,326.250,-0.000
1457,StructuralConcrete,1,15.1536,Grounded,0,0,495.000,326.250,-0.000
1458,StructuralConcrete,1,15.1536,Grounded,0,0,540.000,326.250,-0.000
1459,StructuralConcrete,1,15.1536,Grounded,0,0,585.000,326.250,-0.000
1460,StructuralConcrete,1,7.4046,Grounded,0,0,630.000,326.250,-0.000
1461,ClayBrick,0,2.7216,Supported,0,0,0.000,326.250,15.000
1462,ClayBrick,0,2.7216,Supported,0,0,22.500,326.250,15.000
1463,ClayBrick,0,2.7216,Supported,0,0,45.000,326.250,15.000
1464,ClayBrick,0,2.7216,Supported,0,0,67.500,326.250,15.000
1465,ClayBrick,0,2.7216,Supported,0,0,90.000,326.250,15.000
1466,ClayBrick,0,2.7216,Supported,0,0,112.500,326.250,15.000
1467,ClayBrick,0,2.7216,Supported,0,0,135.000,326.250,15.000
1468,ClayBrick,0,2.7216,Supported,0,0,157.500,326.250,15.000
1469,ClayBrick,0,2.7216,Supported,0,0,180.000,326.250,15.000
1470,ClayBrick,0,2.7216,Supported,0,0,202.500,326.250,15.000
1471,ClayBrick,0,2.7216,Supported,0,0,225.000,326.250,15.000
1472,ClayBrick,0,2.7216,Supported,0,0,247.500,326.250,15.000
1473,ClayBrick,0,2.7216,Supported,0,0,270.000,326.250,15.000
1474,ClayBrick,0,2.7216,Supported,0,0,292.500,326.250,15.000
1475,ClayBrick,0,2.7216,Supported,0,0,315.000,326.250,15.000
1476,ClayBrick,0,2.7216,Supported,0,0,337.500,326.250,15.000
1477,ClayBrick,0,2.7216,Supported,0,0,360.000,326.250,15.000
1478,ClayBrick,0,2.7216,Supported,0,0,382.500,326.250,15.000
1479,ClayBrick,0,2.7216,Supported,0,0,405.000,326.250,15.000
1480,ClayBrick,0,2.7216,Supported,0,0,427.500,326.250,15.000
1481,ClayBrick,0,2.7216,Supported,0,0,450.000,326.250,15.000
1482,ClayBrick,0,2.7216,Supported,0,0,472.500,326.250,15.000
1483,ClayBrick,0,2.7216,Supported,0,0,495.000,326.250,15.000
1484,ClayBrick,0,2.7216,Supported,0,0,517.500,326.250,15.000
1485,ClayBrick,0,2.7216,Supported,0,0,540.000,326.250,15.000
1486,ClayBrick,0,2.7216,Supported,0,0,562.500,326.250,15.000
1487,ClayBrick,0,2.7216,Supported,0,0,585.000,326.250,15.000
1488,ClayBrick,0,2.7216,Supported,0,0,607.500,326.250,15.000
1489,ClayBrick,0,2.7216,Supported,0,0,630.000,326.250,15.000
1490,ClayBrick,0,1.2975,Supported,0,0,0.000,326.250,22.500
1491,ClayBrick,0,2.7216,Supported,0,0,11.250,326.250,22.500
1492,ClayBrick,0,2.7216,Supported,0,0,33.750,326.250,22.500
1493,ClayBrick,0,2.7216,Supported,0,0,56.250,326.250,22.500
1494,ClayBrick,0,2.7216,Supported,0,0,78.750,326.250,22.500
1495,ClayBrick,0,2.7216,Supported,0,0,101.250,326.250,22.500
1496,ClayBrick,0,2.7216,Supported,0,0,123.750,326.250,22.500
1497,ClayBrick,0,2.7216,Supported,0,0,146.250,326.250,22.500
1498,ClayBrick,0,2.7216,Supported,0,0,168.750,326.250,22.500
1499,ClayBrick,0,2.7216,Supported,0,0,191.250,326.250,22.500
1500,ClayBrick,0,2.7216,Supported,0,0,213.750,326.250,22.500
1501,ClayBrick,0,2.7216,Supported,0,0,236.250,326.250,22.500
1502,ClayBrick,0,2.7216,Supported,0,0,258.750,326.250,22.500
1503,ClayBrick,0,2.7216,Supported,0,0,281.250,326.250,22.500
1504,ClayBrick,0,2.7216,Supported,0,0,303.750,326.250,22.500
1505,ClayBrick,0,2.7216,Supported,0,0,326.250,326.250,22.500
1506,ClayBrick,0,2.7216,Supported,0,0,348.750,326.250,22.500
1507,ClayBrick,0,2.7216,Supported,0,0,371.250,326.250,22.500
1508,ClayBrick,0,2.7216,Supported,0,0,393.750,326.250,22.500
1509,ClayBrick,0,2.7216,Supported,0,0,416.250,326.250,22.500
1510,ClayBrick,0,2.7216,Supported,0,0,438.750,326.250,22.500
1511,ClayBrick,0,2.7216,Supported,0,0,461.250,326.250,22.500
1512,ClayBrick,0,2.7216,Supported,0,0,483.750,326.250,22.500
1513,ClayBrick,0,2.7216,Supported,0,0,506.250,326.250,22.500
1514,ClayBrick,0,2.7216,Supported,0,0,528.750,326.250,22.500
1515,ClayBrick,0,2.7216,Supported,0,0,551.250,326.250,22.500
1516,ClayBrick,0,2.7216,Supported,0,0,573.750,326.250,22.500
1517,ClayBrick,0,2.7216,Supported,0,0,596.250,326.250,22.500
1518,ClayBrick,0,2.7216,Supported,0,0,618.750,326.250,22.500
1519,ClayBrick,0,1.2975,Supported,0,0,641.250,326.250,22.500
1520,ClayBrick,0,2.7216,Supported,0,0,0.000,326.250,30.000
1521,ClayBrick,0,2.7216,Supported,0,0,22.500,326.250,30.000
1522,ClayBrick,0,2.7216,Supported,0,0,45.000,326.250,30.000
1523,ClayBrick,0,2.7216,Supported,0,0,67.500,326.250,30.000
1524,ClayBrick,0,2.7216,Supported,0,0,90.000,326.250,30.000
1525,ClayBrick,0,2.7216,Supported,0,0,112.500,326.250,30.000
1526,ClayBrick,0,2.7216,Supported,0,0,135.000,326.250,30.000
1527,ClayBrick,0,2.7216,Supported,0,0,157.500,326.250,30.000
1528,ClayBrick,0,2.7216,Supported,0,0,180.000,326.250,30.000
1529,ClayBrick,0,2.7216,Supported,0,0,202.500,326.250,30.000
1530,ClayBrick,0,2.7216,Supported,0,0,225.000,326.250,30.000
1531,ClayBrick,0,2.7216,Supported,0,0,247.500,326.250,30.000
1532,ClayBrick,0,2.7216,Supported,0,0,270.000,326.250,30.000
1533,ClayBrick,0,2.7216,Supported,0,0,292.500,326.250,30.000
1534,ClayBrick,0,2.7216,Supported,0,0,315.000,326.250,30.000
1535,ClayBrick,0,2.7216,Supported,0,0,337.500,326.250,30.000
1536,ClayBrick,0,2.7216,Supported,0,0,360.000,326.250,30.000
1537,ClayBrick,0,2.7216,Supported,0,0,382.500,326.250,30.000
1538,ClayBrick,0,2.7216,Supported,0,0,405.000,326.250,30.000
1539,ClayBrick,0,2.7216,Supported,0,0,427.500,326.250,30.000
1540,ClayBrick,0,2.7216,Supported,0,0,450.000,326.250,30.000
1541,ClayBrick,0,2.7216,Supported,0,0,472.500,326.250,30.000
1542,ClayBrick,0,2.7216,Supported,0,0,495.000,326.250,30.000
1543,ClayBrick,0,2.7216,Supported,0,0,517.500,326.250,30.000
1544,ClayBrick,0,2.7216,Supported,0,0,540.000,326.250,30.000
1545,ClayBrick,0,2.7216,Supported,0,0,562.500,326.250,30.000
1546,ClayBrick,0,2.7216,Supported,0,0,585.000,326.250,30.000
1547,ClayBrick,0,2.7216,Supported,0,0,607.500,326.250,30.000
1548,ClayBrick,0,2.7216,Supported,0,0,630.000,326.250,30.000
1549,ClayBrick,0,1.2975,Supported,0,0,0.000,326.250,37.500
1550,ClayBrick,0,2.7216,Supported,0,0,11.250,326.250,37.500
1551,ClayBrick,0,2.7216,Supported,0,0,33.750,326.250,37.500
1552,ClayBrick,0,2.7216,Supported,0,0,56.250,326.250,37.500
1553,ClayBrick,0,2.7216,Supported,0,0,78.750,326.250,37.500
1554,ClayBrick,0,2.7216,Supported,0,0,101.250,326.250,37.500
1555,ClayBrick,0,2.7216,Supported,0,0,123.750,326.250,37.500
1556,ClayBrick,0,2.7216,Supported,0,0,146.250,326.250,37.500
1557,ClayBrick,0,2.7216,Supported,0,0,168.750,326.250,37.500
1558,ClayBrick,0,2.7216,Supported,0,0,191.250,326.250,37.500
1559,ClayBrick,0,2.7216,Supported,0,0,213.750,326.250,37.500
1560,ClayBrick,0,2.7216,Supported,0,0,236.250,326.250,37.500
1561,ClayBrick,0,2.7216,Supported,0,0,258.750,326.250,37.500
1562,ClayBrick,0,2.7216,Supported,0,0,281.250,326.250,37.500
1563,ClayBrick,0,2.7216,Supported,0,0,303.750,326.250,37.500
1564,ClayBrick,0,2.7216,Supported,0,0,326.250,326.250,37.500
1565,ClayBrick,0,2.7216,Supported,0,0,348.750,326.250,37.500
1566,ClayBrick,0,2.7216,Supported,0,0,371.250,326.250,37.500
1567,ClayBrick,0,2.7216,Supported,0,0,393.750,326.250,37.500
1568,ClayBrick,0,2.7216,Supported,0,0,416.250,326.250,37.500
1569,ClayBrick,0,2.7216,Supported,0,0,438.750,326.250,37.500
1570,ClayBrick,0,2.7216,Supported,0,0,461.250,326.250,37.500
1571,ClayBrick,0,2.7216,Supported,0,0,483.750,326.250,37.500
1572,ClayBrick,0,2.7216,Supported,0,0,506.250,326.250,37.500
1573,ClayBrick,0,2.7216,Supported,0,0,528.750,326.250,37.500
1574,ClayBrick,0,2.7216,Supported,0,0,551.250,326.250,37.500
1575,ClayBrick,0,2.7216,Supported,0,0,573.750,326.250,37.500
1576,ClayBrick,0,2.7216,Supported,0,0,596.250,326.250,37.500
1577,ClayBrick,0,2.7216,Supported,0,0,618.750,326.250,37.500
1578,ClayBrick,0,1.2975,Supported,0,0,641.250,326.250,37.500
1579,ClayBrick,0,2.7216,Supported,0,0,0.000,326.250,45.000
1580,ClayBrick,0,2.7216,Supported,0,0,22.500,326.250,45.000
1581,ClayBrick,0,2.7216,Supported,0,0,45.000,326.250,45.000
1582,ClayBrick,0,2.7216,Supported,0,0,67.500,326.250,45.000
1583,ClayBrick,0,2.7216,Supported,0,0,90.000,326.250,45.000
1584,ClayBrick,0,2.7216,Supported,0,0,112.500,326.250,45.000
1585,ClayBrick,0,2.7216,Supported,0,0,135.000,326.250,45.000
1586,ClayBrick,0,2.7216,Supported,0,0,157.500,326.250,45.000
1587,ClayBrick,0,2.7216,Supported,0,0,180.000,326.250,45.000
1588,ClayBrick,0,2.7216,Supported,0,0,202.500,326.250,45.000
1589,ClayBrick,0,2.7216,Supported,0,0,225.000,326.250,45.000
1590,ClayBrick,0,2.7216,Supported,0,0,247.500,326.250,45.000
1591,ClayBrick,0,2.7216,Supported,0,0,270.000,326.250,45.000
1592,ClayBrick,0,2.7216,Supported,0,0,292.500,326.250,45.000
1593,ClayBrick,0,2.7216,Supported,0,0,315.000,326.250,45.000
1594,ClayBrick,0,2.7216,Supported,0,0,337.500,326.250,45.000
1595,ClayBrick,0,2.7216,Supported,0,0,360.000,326.250,45.000
1596,ClayBrick,0,2.7216,Supported,0,0,382.500,326.250,45.000
1597,ClayBrick,0,2.7216,Supported,0,0,405.000,326.250,45.000
1598,ClayBrick,0,2.7216,Supported,0,0,427.500,326.250,45.000
1599,ClayBrick,0,2.7216,Supported,0,0,450.000,326.250,45.000
1600,ClayBrick,0,2.7216,Supported,0,0,472.500,326.250,45.000
1601,ClayBrick,0,2.7216,Supported,0,0,495.000,326.250,45.000
1602,ClayBrick,0,2.7216,Supported,0,0,517.500,326.250,45.000
1603,ClayBrick,0,2.7216,Supported,0,0,540.000,326.250,45.000
1604,ClayBrick,0,2.7216,Supported,0,0,562.500,326.250,45.000
1605,ClayBrick,0,2.7216,Supported,0,0,585.000,326.250,45.000
1606,ClayBrick,0,2.7216,Supported,0,0,607.500,326.250,45.000
1607,ClayBrick,0,2.7216,Supported,0,0,630.000,326.250,45.000
1608,ClayBrick,0,1.2975,Supported,0,0,0.000,326.250,52.500
1609,ClayBrick,0,2.7216,Supported,0,0,11.250,326.250,52.500
1610,ClayBrick,0,2.7216,Supported,0,0,33.750,326.250,52.500
1611,ClayBrick,0,1.2975,Supported,0,0,56.250,326.250,52.500
1612,ClayBrick,0,1.2975,Supported,0,0,135.000,326.250,52.500
1613,ClayBrick,0,2.7216,Supported,0,0,146.250,326.250,52.500
1614,ClayBrick,0,1.2975,Supported,0,0,168.750,326.250,52.500
1615,ClayBrick,0,1.2975,Supported,0,0,247.500,326.250,52.500
1616,ClayBrick,0,2.7216,Supported,0,0,258.750,326.250,52.500
1617,ClayBrick,0,1.2975,Supported,0,0,281.250,326.250,52.500
1618,ClayBrick,0,1.2975,Supported,0,0,360.000,326.250,52.500
1619,ClayBrick,0,2.7216,Supported,0,0,371.250,326.250,52.500
1620,ClayBrick,0,1.2975,Supported,0,0,393.750,326.250,52.500
1621,ClayBrick,0,1.2975,Supported,0,0,472.500,326.250,52.500
1622,ClayBrick,0,2.7216,Supported,0,0,483.750,326.250,52.500
1623,ClayBrick,0,1.2975,Supported,0,0,506.250,326.250,52.500
1624,ClayBrick,0,1.2975,Supported,0,0,585.000,326.250,52.500
1625,ClayBrick,0,2.7216,Supported,0,0,596.250,326.250,52.500
1626,ClayBrick,0,2.7216,Supported,0,0,618.750,326.250,52.500
1627,ClayBrick,0,1.2975,Supported,0,0,641.250,326.250,52.500
1628,StructuralConcrete,0,10.6333,Supported,0,0,67.500,326.250,52.500
1629,StructuralConcrete,0,10.6333,Supported,0,0,180.000,326.250,52.500
1630,StructuralConcrete,0,10.6333,Supported,0,0,292.500,326.250,52.500
1631,StructuralConcrete,0,10.6333,Supported,0,0,405.000,326.250,52.500
1632,StructuralConcrete,0,10.6333,Supported,0,0,517.500,326.250,52.500
1633,ClayBrick,0,2.7216,Supported,0,0,0.000,326.250,60.000
1634,ClayBrick,0,2.7216,Supported,0,0,22.500,326.250,60.000
1635,ClayBrick,0,2.7216,Supported,0,0,45.000,326.250,60.000
1636,ClayBrick,0,1.2975,Supported,0,0,67.500,326.250,60.000
1637,ClayBrick,0,1.2975,Supported,0,0,123.750,326.250,60.000
1638,ClayBrick,0,2.7216,Supported,0,0,135.000,326.250,60.000
1639,ClayBrick,0,2.7216,Supported,0,0,157.500,326.250,60.000
1640,ClayBrick,0,1.2975,Supported,0,0,180.000,326.250,60.000
1641,ClayBrick,0,1.2975,Supported,0,0,236.250,326.250,60.000
1642,ClayBrick,0,2.7216,Supported,0,0,247.500,326.250,60.000
1643,ClayBrick,0,2.7216,Supported,0,0,270.000,326.250,60.000
1644,ClayBrick,0,1.2975,Supported,0,0,292.500,326.250,60.000
1645,ClayBrick,0,1.2975,Supported,0,0,348.750,326.250,60.000
1646,ClayBrick,0,2.7216,Supported,0,0,360.000,326.250,60.000
1647,ClayBrick,0,2.7216,Supported,0,0,382.500,326.250,60.000
1648,ClayBrick,0,1.2975,Supported,0,0,405.000,326.250,60.000
1649,ClayBrick,0,1.2975,Supported,0,0,461.250,326.250,60.000
1650,ClayBrick,0,2.7216,Supported,0,0,472.500,326.250,60.000
1651,ClayBrick,0,2.7216,Supported,0,0,495.000,326.250,60.000
1652,ClayBrick,0,1.2975,Supported,0,0,517.500,326.250,60.000
1653,ClayBrick,0,1.2975,Supported,0,0,573.750,326.250,60.000
1654,ClayBrick,0,2.7216,Supported,0,0,585.000,326.250,60.000
1655,ClayBrick,0,2.7216,Supported,0,0,607.500,326.250,60.000
1656,ClayBrick,0,2.7216,Supported,0,0,630.000,326.250,60.000
1657,ClayBrick,0,1.2975,Supported,0,0,0.000,326.250,67.500
1658,ClayBrick,0,2.7216,Supported,0,0,11.250,326.250,67.500
1659,ClayBrick,0,2.7216,Supported,0,0,33.750,326.250,67.500
1660,ClayBrick,0,2.7216,Supported,0,0,56.250,326.250,67.500
1661,ClayBrick,0,2.7216,Supported,0,0,123.750,326.250,67.500
1662,ClayBrick,0,2.7216,Supported,0,0,146.250,326.250,67.500
1663,ClayBrick,0,2.7216,Supported,0,0,168.750,326.250,67.500
1664,ClayBrick,0,2.7216,Supported,0,0,236.250,326.250,67.500
1665,ClayBrick,0,2.7216,Supported,0,0,258.750,326.250,67.500
1666,ClayBrick,0,2.7216,Supported,0,0,281.250,326.250,67.500
1667,ClayBrick,0,2.7216,Supported,0,0,348.750,326.250,67.500
1668,ClayBrick,0,2.7216,Supported,0,0,371.250,326.250,67.500
1669,ClayBrick,0,2.7216,Supported,0,0,393.750,326.250,67.500
1670,ClayBrick,0,2.7216,Supported,0,0,461.250,326.250,67.500
1671,ClayBrick,0,2.7216,Supported,0,0,483.750,326.250,67.500
1672,ClayBrick,0,2.7216,Supported,0,0,506.250,326.250,67.500
1673,ClayBrick,0,2.7216,Supported,0,0,573.750,326.250,67.500
1674,ClayBrick,0,2.7216,Supported,0,0,596.250,326.250,67.500
1675,ClayBrick,0,2.7216,Supported,0,0,618.750,326.250,67.500
1676,ClayBrick,0,1.2975,Supported,0,0,641.250,326.250,67.500
1677,ClayBrick,0,2.7216,Supported,0,0,0.000,326.250,75.000
1678,ClayBrick,0,2.7216,Supported,0,0,22.500,326.250,75.000
1679,ClayBrick,0,2.7216,Supported,0,0,45.000,326.250,75.000
1680,ClayBrick,0,1.2975,Supported,0,0,67.500,326.250,75.000
1681,ClayBrick,0,1.2975,Supported,0,0,123.750,326.250,75.000
1682,ClayBrick,0,2.7216,Supported,0,0,135.000,326.250,75.000
1683,ClayBrick,0,2.7216,Supported,0,0,157.500,326.250,75.000
1684,ClayBrick,0,1.2975,Supported,0,0,180.000,326.250,75.000
1685,ClayBrick,0,1.2975,Supported,0,0,236.250,326.250,75.000
1686,ClayBrick,0,2.7216,Supported,0,0,247.500,326.250,75.000
1687,ClayBrick,0,2.7216,Supported,0,0,270.000,326.250,75.000
1688,ClayBrick,0,1.2975,Supported,0,0,292.500,326.250,75.000
1689,ClayBrick,0,1.2975,Supported,0,0,348.750,326.250,75.000
1690,ClayBrick,0,2.7216,Supported,0,0,360.000,326.250,75.000
1691,ClayBrick,0,2.7216,Supported,0,0,382.500,326.250,75.000
1692,ClayBrick,0,1.2975,Supported,0,0,405.000,326.250,75.000
1693,ClayBrick,0,1.2975,Supported,0,0,461.250,326.250,75.000
1694,ClayBrick,0,2.7216,Supported,0,0,472.500,326.250,75.000
1695,ClayBrick,0,2.7216,Supported,0,0,495.000,326.250,75.000
1696,ClayBrick,0,1.2975,Supported,0,0,517.500,326.250,75.000
1697,ClayBrick,0,1.2975,Supported,0,0,573.750,326.250,75.000
1698,ClayBrick,0,2.7216,Supported,0,0,585.000,326.250,75.000
1699,ClayBrick,0,2.7216,Supported,0,0,607.500,326.250,75.000
1700,ClayBrick,0,2.7216,Supported,0,0,630.000,326.250,75.000
1701,ClayBrick,0,1.2975,Supported,0,0,0.000,326.250,82.500
1702,ClayBrick,0,2.7216,Supported,0,0,11.250,326.250,82.500
1703,ClayBrick,0,2.7216,Supported,0,0,33.750,326.250,82.500
1704,ClayBrick,0,2.7216,Supported,0,0,56.250,326.250,82.500
1705,ClayBrick,0,2.7216,Supported,0,0,123.750,326.250,82.500
1706,ClayBrick,0,2.7216,Supported,0,0,146.250,326.250,82.500
1707,ClayBrick,0,2.7216,Supported,0,0,168.750,326.250,82.500
1708,ClayBrick,0,2.7216,Supported,0,0,236.250,326.250,82.500
1709,ClayBrick,0,2.7216,Supported,0,0,258.750,326.250,82.500
1710,ClayBrick,0,2.7216,Supported,0,0,281.250,326.250,82.500
1711,ClayBrick,0,2.7216,Supported,0,0,348.750,326.250,82.500
1712,ClayBrick,0,2.7216,Supported,0,0,371.250,326.250,82.500
1713,ClayBrick,0,2.7216,Supported,0,0,393.750,326.250,82.500
1714,ClayBrick,0,2.7216,Supported,0,0,461.250,326.250,82.500
1715,ClayBrick,0,2.7216,Supported,0,0,483.750,326.250,82.500
1716,ClayBrick,0,2.7216,Supported,0,0,506.250,326.250,82.500
1717,ClayBrick,0,2.7216,Supported,0,0,573.750,326.250,82.500
1718,ClayBrick,0,2.7216,Supported,0,0,596.250,326.250,82.500
1719,ClayBrick,0,2.7216,Supported,0,0,618.750,326.250,82.500
1720,ClayBrick,0,1.2975,Supported,0,0,641.250,326.250,82.500
1721,ClayBrick,0,2.7216,Supported,0,0,0.000,326.250,90.000
1722,ClayBrick,0,2.7216,Supported,0,0,22.500,326.250,90.000
1723,ClayBrick,0,2.7216,Supported,0,0,45.000,326.250,90.000
1724,ClayBrick,0,1.2975,Supported,0,0,67.500,326.250,90.000
1725,ClayBrick,0,1.2975,Supported,0,0,123.750,326.250,90.000
1726,ClayBrick,0,2.7216,Supported,0,0,135.000,326.250,90.000
1727,ClayBrick,0,2.7216,Supported,0,0,157.500,326.250,90.000
1728,ClayBrick,0,1.2975,Supported,0,0,180.000,326.250,90.000
1729,ClayBrick,0,1.2975,Supported,0,0,236.250,326.250,90.000
1730,ClayBrick,0,2.7216,Supported,0,0,247.500,326.250,90.000
1731,ClayBrick,0,2.7216,Supported,0,0,270.000,326.250,90.000
1732,ClayBrick,0,1.2975,Supported,0,0,292.500,326.250,90.000
1733,ClayBrick,0,1.2975,Supported,0,0,348.750,326.250,90.000
1734,ClayBrick,0,2.7216,Supported,0,0,360.000,326.250,90.000
1735,ClayBrick,0,2.7216,Supported,0,0,382.500,326.250,90.000
1736,ClayBrick,0,1.2975,Supported,0,0,405.000,326.250,90.000
1737,ClayBrick,0,1.2975,Supported,0,0,461.250,326.250,90.000
1738,ClayBrick,0,2.7216,Supported,0,0,472.500,326.250,90.000
1739,ClayBrick,0,2.7216,Supported,0,0,495.000,326.250,90.000
1740,ClayBrick,0,1.2975,Supported,0,0,517.500,326.250,90.000
1741,ClayBrick,0,1.2975,Supported,0,0,573.750,326.250,90.000
1742,ClayBrick,0,2.7216,Supported,0,0,585.000,326.250,90.000
1743,ClayBrick,0,2.7216,Supported,0,0,607.500,326.250,90.000
1744,ClayBrick,0,2.7216,Supported,0,0,630.000,326.250,90.000
1745,ClayBrick,0,1.2975,Supported,0,0,0.000,326.250,97.500
1746,ClayBrick,0,2.7216,Supported,0,0,11.250,326.250,97.500
1747,ClayBrick,0,2.7216,Supported,0,0,33.750,326.250,97.500
1748,ClayBrick,0,2.7216,Supported,0,0,56.250,326.250,97.500
1749,ClayBrick,0,2.7216,Supported,0,0,123.750,326.250,97.500
1750,ClayBrick,0,2.7216,Supported,0,0,146.250,326.250,97.500
1751,ClayBrick,0,2.7216,Supported,0,0,168.750,326.250,97.500
1752,ClayBrick,0,2.7216,Supported,0,0,236.250,326.250,97.500
1753,ClayBrick,0,2.7216,Supported,0,0,258.750,326.250,97.500
1754,ClayBrick,0,2.7216,Supported,0,0,281.250,326.250,97.500
1755,ClayBrick,0,2.7216,Supported,0,0,348.750,326.250,97.500
1756,ClayBrick,0,2.7216,Supported,0,0,371.250,326.250,97.500
1757,ClayBrick,0,2.7216,Supported,0,0,393.750,326.250,97.500
1758,ClayBrick,0,2.7216,Supported,0,0,461.250,326.250,97.500
1759,ClayBrick,0,2.7216,Supported,0,0,483.750,326.250,97.500
1760,ClayBrick,0,2.7216,Supported,0,0,506.250,326.250,97.500
1761,ClayBrick,0,2.7216,Supported,0,0,573.750,326.250,97.500
1762,ClayBrick,0,2.7216,Supported,0,0,596.250,326.250,97.500
1763,ClayBrick,0,2.7216,Supported,0,0,618.750,326.250,97.500
1764,ClayBrick,0,1.2975,Supported,0,0,641.250,326.250,97.500
1765,ClayBrick,0,2.7216,Supported,0,0,0.000,326.250,105.000
1766,ClayBrick,0,2.7216,Supported,0,0,22.500,326.250,105.000
1767,ClayBrick,0,2.7216,Supported,0,0,45.000,326.250,105.000
1768,ClayBrick,0,1.2975,Supported,0,0,67.500,326.250,105.000
1769,ClayBrick,0,1.2975,Supported,0,0,123.750,326.250,105.000
1770,ClayBrick,0,2.7216,Supported,0,0,135.000,326.250,105.000
1771,ClayBrick,0,2.7216,Supported,0,0,157.500,326.250,105.000
1772,ClayBrick,0,1.2975,Supported,0,0,180.000,326.250,105.000
1773,ClayBrick,0,1.2975,Supported,0,0,236.250,326.250,105.000
1774,ClayBrick,0,2.7216,Supported,0,0,247.500,326.250,105.000
1775,ClayBrick,0,2.7216,Supported,0,0,270.000,326.250,105.000
1776,ClayBrick,0,1.2975,Supported,0,0,292.500,326.250,105.000
1777,ClayBrick,0,1.2975,Supported,0,0,348.750,326.250,105.000
1778,ClayBrick,0,2.7216,Supported,0,0,360.000,326.250,105.000
1779,ClayBrick,0,2.7216,Supported,0,0,382.500,326.250,105.000
1780,ClayBrick,0,1.2975,Supported,0,0,405.000,326.250,105.000
1781,ClayBrick,0,1.2975,Supported,0,0,461.250,326.250,105.000
1782,ClayBrick,0,2.7216,Supported,0,0,472.500,326.250,105.000
1783,ClayBrick,0,2.7216,Supported,0,0,495.000,326.250,105.000
1784,ClayBrick,0,1.2975,Supported,0,0,517.500,326.250,105.000
1785,ClayBrick,0,1.2975,Supported,0,0,573.750,326.250,105.000
1786,ClayBrick,0,2.7216,Supported,0,0,585.000,326.250,105.000
1787,ClayBrick,0,2.7216,Supported,0,0,607.500,326.250,105.000
1788,ClayBrick,0,2.7216,Supported,0,0,630.000,326.250,105.000
1789,ClayBrick,0,1.2975,Supported,0,0,0.000,326.250,112.500
1790,ClayBrick,0,2.7216,Supported,0,0,11.250,326.250,112.500
1791,ClayBrick,0,2.7216,Supported,0,0,33.750,326.250,112.500
1792,ClayBrick,0,2.7216,Supported,0,0,56.250,326.250,112.500
1793,ClayBrick,0,2.7216,Supported,0,0,123.750,326.250,112.500
1794,ClayBrick,0,2.7216,Supported,0,0,146.250,326.250,112.500
1795,ClayBrick,0,2.7216,Supported,0,0,168.750,326.250,112.500
1796,ClayBrick,0,2.7216,Supported,0,0,236.250,326.250,112.500
1797,ClayBrick,0,2.7216,Supported,0,0,258.750,326.250,112.500
1798,ClayBrick,0,2.7216,Supported,0,0,281.250,326.250,112.500
1799,ClayBrick,0,2.7216,Supported,0,0,348.750,326.250,112.500
1800,ClayBrick,0,2.7216,Supported,0,0,371.250,326.250,112.500
1801,ClayBrick,0,2.7216,Supported,0,0,393.750,326.250,112.500
1802,ClayBrick,0,2.7216,Supported,0,0,461.250,326.250,112.500
1803,ClayBrick,0,2.7216,Supported,0,0,483.750,326.250,112.500
1804,ClayBrick,0,2.7216,Supported,0,0,506.250,326.250,112.500
1805,ClayBrick,0,2.7216,Supported,0,0,573.750,326.250,112.500
1806,ClayBrick,0,2.7216,Supported,0,0,596.250,326.250,112.500
1807,ClayBrick,0,2.7216,Supported,0,0,618.750,326.250,112.500
1808,ClayBrick,0,1.2975,Supported,0,0,641.250,326.250,112.500
1809,ClayBrick,0,2.7216,Supported,0,0,0.000,326.250,120.000
1810,ClayBrick,0,2.7216,Supported,0,0,22.500,326.250,120.000
1811,ClayBrick,0,2.7216,Supported,0,0,45.000,326.250,120.000
1812,ClayBrick,0,1.2975,Supported,0,0,67.500,326.250,120.000
1813,ClayBrick,0,1.2975,Supported,0,0,123.750,326.250,120.000
1814,ClayBrick,0,2.7216,Supported,0,0,135.000,326.250,120.000
1815,ClayBrick,0,2.7216,Supported,0,0,157.500,326.250,120.000
1816,ClayBrick,0,1.2975,Supported,0,0,180.000,326.250,120.000
1817,ClayBrick,0,1.2975,Supported,0,0,236.250,326.250,120.000
1818,ClayBrick,0,2.7216,Supported,0,0,247.500,326.250,120.000
1819,ClayBrick,0,2.7216,Supported,0,0,270.000,326.250,120.000
1820,ClayBrick,0,1.2975,Supported,0,0,292.500,326.250,120.000
1821,ClayBrick,0,1.2975,Supported,0,0,348.750,326.250,120.000
1822,ClayBrick,0,2.7216,Supported,0,0,360.000,326.250,120.000
1823,ClayBrick,0,2.7216,Supported,0,0,382.500,326.250,120.000
1824,ClayBrick,0,1.2975,Supported,0,0,405.000,326.250,120.000
1825,ClayBrick,0,1.2975,Supported,0,0,461.250,326.250,120.000
1826,ClayBrick,0,2.7216,Supported,0,0,472.500,326.250,120.000
1827,ClayBrick,0,2.7216,Supported,0,0,495.000,326.250,120.000
1828,ClayBrick,0,1.2975,Supported,0,0,517.500,326.250,120.000
1829,ClayBrick,0,1.2975,Supported,0,0,573.750,326.250,120.000
1830,ClayBrick,0,2.7216,Supported,0,0,585.000,326.250,120.000
1831,ClayBrick,0,2.7216,Supported,0,0,607.500,326.250,120.000
1832,ClayBrick,0,2.7216,Supported,0,0,630.000,326.250,120.000
1833,ClayBrick,0,1.2975,Supported,0,0,0.000,326.250,127.500
1834,ClayBrick,0,2.7216,Supported,0,0,11.250,326.250,127.500
1835,ClayBrick,0,2.7216,Supported,0,0,33.750,326.250,127.500
1836,ClayBrick,0,2.7216,Supported,0,0,56.250,326.250,127.500
1837,ClayBrick,0,2.7216,Supported,0,0,123.750,326.250,127.500
1838,ClayBrick,0,2.7216,Supported,0,0,146.250,326.250,127.500
1839,ClayBrick,0,2.7216,Supported,0,0,168.750,326.250,127.500
1840,ClayBrick,0,2.7216,Supported,0,0,236.250,326.250,127.500
1841,ClayBrick,0,2.7216,Supported,0,0,258.750,326.250,127.500
1842,ClayBrick,0,2.7216,Supported,0,0,281.250,326.250,127.500
1843,ClayBrick,0,2.7216,Supported,0,0,348.750,326.250,127.500
1844,ClayBrick,0,2.7216,Supported,0,0,371.250,326.250,127.500
1845,ClayBrick,0,2.7216,Supported,0,0,393.750,326.250,127.500
1846,ClayBrick,0,2.7216,Supported,0,0,461.250,326.250,127.500
1847,ClayBrick,0,2.7216,Supported,0,0,483.750,326.250,127.500
1848,ClayBrick,0,2.7216,Supported,0,0,506.250,326.250,127.500
1849,ClayBrick,0,2.7216,Supported,0,0,573.750,326.250,127.500
1850,ClayBrick,0,2.7216,Supported,0,0,596.250,326.250,127.500
1851,ClayBrick,0,2.7216,Supported,0,0,618.750,326.250,127.500
1852,ClayBrick,0,1.2975,Supported,0,0,641.250,326.250,127.500
1853,ClayBrick,0,2.7216,Supported,0,0,0.000,326.250,135.000
1854,ClayBrick,0,2.7216,Supported,0,0,22.500,326.250,135.000
1855,ClayBrick,0,2.7216,Supported,0,0,45.000,326.250,135.000
1856,ClayBrick,0,1.2975,Supported,0,0,67.500,326.250,135.000
1857,ClayBrick,0,1.2975,Supported,0,0,123.750,326.250,135.000
1858,ClayBrick,0,2.7216,Supported,0,0,135.000,326.250,135.000
1859,ClayBrick,0,2.7216,Supported,0,0,157.500,326.250,135.000
1860,ClayBrick,0,1.2975,Supported,0,0,180.000,326.250,135.000
1861,ClayBrick,0,1.2975,Supported,0,0,236.250,326.250,135.000
1862,ClayBrick,0,2.7216,Supported,0,0,247.500,326.250,135.000
1863,ClayBrick,0,2.7216,Supported,0,0,270.000,326.250,135.000
1864,ClayBrick,0,1.2975,Supported,0,0,292.500,326.250,135.000
1865,ClayBrick,0,1.2975,Supported,0,0,348.750,326.250,135.000
1866,ClayBrick,0,2.7216,Supported,0,0,360.000,326.250,135.000
1867,ClayBrick,0,2.7216,Supported,0,0,382.500,326.250,135.000
1868,ClayBrick,0,1.2975,Supported,0,0,405.000,326.250,135.000
1869,ClayBrick,0,1.2975,Supported,0,0,461.250,326.250,135.000
1870,ClayBrick,0,2.7216,Supported,0,0,472.500,326.250,135.000
1871,ClayBrick,0,2.7216,Supported,0,0,495.000,326.250,135.000
1872,ClayBrick,0,1.2975,Supported,0,0,517.500,326.250,135.000
1873,ClayBrick,0,1.2975,Supported,0,0,573.750,326.250,135.000
1874,ClayBrick,0,2.7216,Supported,0,0,585.000,326.250,135.000
1875,ClayBrick,0,2.7216,Supported,0,0,607.500,326.250,135.000
1876,ClayBrick,0,2.7216,Supported,0,0,630.000,326.250,135.000
1877,ClayBrick,0,1.2975,Supported,0,0,0.000,326.250,142.500
1878,ClayBrick,0,2.7216,Supported,0,0,11.250,326.250,142.500
1879,ClayBrick,0,2.7216,Supported,0,0,33.750,326.250,142.500
1880,ClayBrick,0,2.7216,Supported,0,0,56.250,326.250,142.500
1881,ClayBrick,0,2.7216,Supported,0,0,123.750,326.250,142.500
1882,ClayBrick,0,2.7216,Supported,0,0,146.250,326.250,142.500
1883,ClayBrick,0,2.7216,Supported,0,0,168.750,326.250,142.500
1884,ClayBrick,0,2.7216,Supported,0,0,236.250,326.250,142.500
1885,ClayBrick,0,2.7216,Supported,0,0,258.750,326.250,142.500
1886,ClayBrick,0,2.7216,Supported,0,0,281.250,326.250,142.500
1887,ClayBrick,0,2.7216,Supported,0,0,348.750,326.250,142.500
1888,ClayBrick,0,2.7216,Supported,0,0,371.250,326.250,142.500
1889,ClayBrick,0,2.7216,Supported,0,0,393.750,326.250,142.500
1890,ClayBrick,0,2.7216,Supported,0,0,461.250,326.250,142.500
1891,ClayBrick,0,2.7216,Supported,0,0,483.750,326.250,142.500
1892,ClayBrick,0,2.7216,Supported,0,0,506.250,326.250,142.500
1893,ClayBrick,0,2.7216,Supported,0,0,573.750,326.250,142.500
1894,ClayBrick,0,2.7216,Supported,0,0,596.250,326.250,142.500
1895,ClayBrick,0,2.7216,Supported,0,0,618.750,326.250,142.500
1896,ClayBrick,0,1.2975,Supported,0,0,641.250,326.250,142.500
1897,ClayBrick,0,2.7216,Supported,0,0,0.000,326.250,150.000
1898,ClayBrick,0,2.7216,Supported,0,0,22.500,326.250,150.000
1899,ClayBrick,0,2.7216,Supported,0,0,45.000,326.250,150.000
1900,ClayBrick,0,1.2975,Supported,0,0,67.500,326.250,150.000
1901,ClayBrick,0,1.2975,Supported,0,0,123.750,326.250,150.000
1902,ClayBrick,0,2.7216,Supported,0,0,135.000,326.250,150.000
1903,ClayBrick,0,2.7216,Supported,0,0,157.500,326.250,150.000
1904,ClayBrick,0,1.2975,Supported,0,0,180.000,326.250,150.000
1905,ClayBrick,0,1.2975,Supported,0,0,236.250,326.250,150.000
1906,ClayBrick,0,2.7216,Supported,0,0,247.500,326.250,150.000
1907,ClayBrick,0,2.7216,Supported,0,0,270.000,326.250,150.000
1908,ClayBrick,0,1.2975,Supported,0,0,292.500,326.250,150.000
1909,ClayBrick,0,1.2975,Supported,0,0,348.750,326.250,150.000
1910,ClayBrick,0,2.7216,Supported,0,0,360.000,326.250,150.000
1911,ClayBrick,0,2.7216,Supported,0,0,382.500,326.250,150.000
1912,ClayBrick,0,1.2975,Supported,0,0,405.000,326.250,150.000
1913,ClayBrick,0,1.2975,Supported,0,0,461.250,326.250,150.000
1914,ClayBrick,0,2.7216,Supported,0,0,472.500,326.250,150.000
1915,ClayBrick,0,2.7216,Supported,0,0,495.000,326.250,150.000
1916,ClayBrick,0,1.2975,Supported,0,0,517.500,326.250,150.000
1917,ClayBrick,0,1.2975,Supported,0,0,573.750,326.250,150.000
1918,ClayBrick,0,2.7216,Supported,0,0,585.000,326.250,150.000
1919,ClayBrick,0,2.7216,Supported,0,0,607.500,326.250,150.000
1920,ClayBrick,0,2.7216,Supported,0,0,630.000,326.250,150.000
1921,ClayBrick,0,1.2975,Supported,0,0,0.000,326.250,157.500
1922,ClayBrick,0,2.7216,Supported,0,0,11.250,326.250,157.500
1923,ClayBrick,0,2.7216,Supported,0,0,33.750,326.250,157.500
1924,ClayBrick,0,2.7216,Supported,0,0,56.250,326.250,157.500
1925,ClayBrick,0,2.7216,Supported,0,0,123.750,326.250,157.500
1926,ClayBrick,0,2.7216,Supported,0,0,146.250,326.250,157.500
1927,ClayBrick,0,2.7216,Supported,0,0,168.750,326.250,157.500
1928,ClayBrick,0,2.7216,Supported,0,0,236.250,326.250,157.500
1929,ClayBrick,0,2.7216,Supported,0,0,258.750,326.250,157.500
1930,ClayBrick,0,2.7216,Supported,0,0,281.250,326.250,157.500
1931,ClayBrick,0,2.7216,Supported,0,0,348.750,326.250,157.500
1932,ClayBrick,0,2.7216,Supported,0,0,371.250,326.250,157.500
1933,ClayBrick,0,2.7216,Supported,0,0,393.750,326.250,157.500
1934,ClayBrick,0,2.7216,Supported,0,0,461.250,326.250,157.500
1935,ClayBrick,0,2.7216,Supported,0,0,483.750,326.250,157.500
1936,ClayBrick,0,2.7216,Supported,0,0,506.250,326.250,157.500
1937,ClayBrick,0,2.7216,Supported,0,0,573.750,326.250,157.500
1938,ClayBrick,0,2.7216,Supported,0,0,596.250,326.250,157.500
1939,ClayBrick,0,2.7216,Supported,0,0,618.750,326.250,157.500
1940,ClayBrick,0,1.2975,Supported,0,0,641.250,326.250,157.500
1941,ClayBrick,0,2.7216,Supported,0,0,0.000,326.250,165.000
1942,ClayBrick,0,2.7216,Supported,0,0,22.500,326.250,165.000
1943,ClayBrick,0,2.7216,Supported,0,0,45.000,326.250,165.000
1944,ClayBrick,0,1.2975,Supported,0,0,67.500,326.250,165.000
1945,ClayBrick,0,1.2975,Supported,0,0,123.750,326.250,165.000
1946,ClayBrick,0,2.7216,Supported,0,0,135.000,326.250,165.000
1947,ClayBrick,0,2.7216,Supported,0,0,157.500,326.250,165.000
1948,ClayBrick,0,1.2975,Supported,0,0,180.000,326.250,165.000
1949,ClayBrick,0,1.2975,Supported,0,0,236.250,326.250,165.000
1950,ClayBrick,0,2.7216,Supported,0,0,247.500,326.250,165.000
1951,ClayBrick,0,2.7216,Supported,0,0,270.000,326.250,165.000
1952,ClayBrick,0,1.2975,Supported,0,0,292.500,326.250,165.000
1953,ClayBrick,0,1.2975,Supported,0,0,348.750,326.250,165.000
1954,ClayBrick,0,2.7216,Supported,0,0,360.000,326.250,165.000
1955,ClayBrick,0,2.7216,Supported,0,0,382.500,326.250,165.000
1956,ClayBrick,0,1.2975,Supported,0,0,405.000,326.250,165.000
1957,ClayBrick,0,1.2975,Supported,0,0,461.250,326.250,165.000
1958,ClayBrick,0,2.7216,Supported,0,0,472.500,326.250,165.000
1959,ClayBrick,0,2.7216,Supported,0,0,495.000,326.250,165.000
1960,ClayBrick,0,1.2975,Supported,0,0,517.500,326.250,165.000
1961,ClayBrick,0,1.2975,Supported,0,0,573.750,326.250,165.000
1962,ClayBrick,0,2.7216,Supported,0,0,585.000,326.250,165.000
1963,ClayBrick,0,2.7216,Supported,0,0,607.500,326.250,165.000
1964,ClayBrick,0,2.7216,Supported,0,0,630.000,326.250,165.000
1965,ClayBrick,0,1.2975,Supported,0,0,0.000,326.250,172.500
1966,ClayBrick,0,2.7216,Supported,0,0,11.250,326.250,172.500
1967,ClayBrick,0,2.7216,Supported,0,0,33.750,326.250,172.500
1968,ClayBrick,0,2.7216,Supported,0,0,56.250,326.250,172.500
1969,ClayBrick,0,2.7216,Supported,0,0,123.750,326.250,172.500
1970,ClayBrick,0,2.7216,Supported,0,0,146.250,326.250,172.500
1971,ClayBrick,0,2.7216,Supported,0,0,168.750,326.250,172.500
1972,ClayBrick,0,2.7216,Supported,0,0,236.250,326.250,172.500
1973,ClayBrick,0,2.7216,Supported,0,0,258.750,326.250,172.500
1974,ClayBrick,0,2.7216,Supported,0,0,281.250,326.250,172.500
1975,ClayBrick,0,2.7216,Supported,0,0,348.750,326.250,172.500
1976,ClayBrick,0,2.7216,Supported,0,0,371.250,326.250,172.500
1977,ClayBrick,0,2.7216,Supported,0,0,393.750,326.250,172.500
1978,ClayBrick,0,2.7216,Supported,0,0,461.250,326.250,172.500
1979,ClayBrick,0,2.7216,Supported,0,0,483.750,326.250,172.500
1980,ClayBrick,0,2.7216,Supported,0,0,506.250,326.250,172.500
1981,ClayBrick,0,2.7216,Supported,0,0,573.750,326.250,172.500
1982,ClayBrick,0,2.7216,Supported,0,0,596.250,326.250,172.500
1983,ClayBrick,0,2.7216,Supported,0,0,618.750,326.250,172.500
1984,ClayBrick,0,1.2975,Supported,0,0,641.250,326.250,172.500
1985,ClayBrick,0,2.7216,Supported,0,0,0.000,326.250,180.000
1986,ClayBrick,0,2.7216,Supported,0,0,22.500,326.250,180.000
1987,ClayBrick,0,2.7216,Supported,0,0,45.000,326.250,180.000
1988,ClayBrick,0,1.2975,Supported,0,0,67.500,326.250,180.000
1989,ClayBrick,0,1.2975,Supported,0,0,123.750,326.250,180.000
1990,ClayBrick,0,2.7216,Supported,0,0,135.000,326.250,180.000
1991,ClayBrick,0,2.7216,Supported,0,0,157.500,326.250,180.000
1992,ClayBrick,0,1.2975,Supported,0,0,180.000,326.250,180.000
1993,ClayBrick,0,1.2975,Supported,0,0,236.250,326.250,180.000
1994,ClayBrick,0,2.7216,Supported,0,0,247.500,326.250,180.000
1995,ClayBrick,0,2.7216,Supported,0,0,270.000,326.250,180.000
1996,ClayBrick,0,1.2975,Supported,0,0,292.500,326.250,180.000
1997,ClayBrick,0,1.2975,Supported,0,0,348.750,326.250,180.000
1998,ClayBrick,0,2.7216,Supported,0,0,360.000,326.250,180.000
1999,ClayBrick,0,2.7216,Supported,0,0,382.500,326.250,180.000
2000,ClayBrick,0,1.2975,Supported,0,0,405.000,326.250,180.000
2001,ClayBrick,0,1.2975,Supported,0,0,461.250,326.250,180.000
2002,ClayBrick,0,2.7216,Supported,0,0,472.500,326.250,180.000
2003,ClayBrick,0,2.7216,Supported,0,0,495.000,326.250,180.000
2004,ClayBrick,0,1.2975,Supported,0,0,517.500,326.250,180.000
2005,ClayBrick,0,1.2975,Supported,0,0,573.750,326.250,180.000
2006,ClayBrick,0,2.7216,Supported,0,0,585.000,326.250,180.000
2007,ClayBrick,0,2.7216,Supported,0,0,607.500,326.250,180.000
2008,ClayBrick,0,2.7216,Supported,0,0,630.000,326.250,180.000
2009,ClayBrick,0,1.2975,Supported,0,0,0.000,326.250,187.500
2010,ClayBrick,0,2.7216,Supported,0,0,11.250,326.250,187.500
2011,ClayBrick,0,2.7216,Supported,0,0,33.750,326.250,187.500
2012,ClayBrick,0,2.7216,Supported,0,0,56.250,326.250,187.500
2013,ClayBrick,0,2.7216,Supported,0,0,123.750,326.250,187.500
2014,ClayBrick,0,2.7216,Supported,0,0,146.250,326.250,187.500
2015,ClayBrick,0,2.7216,Supported,0,0,168.750,326.250,187.500
2016,ClayBrick,0,2.7216,Supported,0,0,236.250,326.250,187.500
2017,ClayBrick,0,2.7216,Supported,0,0,258.750,326.250,187.500
2018,ClayBrick,0,2.7216,Supported,0,0,281.250,326.250,187.500
2019,ClayBrick,0,2.7216,Supported,0,0,348.750,326.250,187.500
2020,ClayBrick,0,2.7216,Supported,0,0,371.250,326.250,187.500
2021,ClayBrick,0,2.7216,Supported,0,0,393.750,326.250,187.500
2022,ClayBrick,0,2.7216,Supported,0,0,461.250,326.250,187.500
2023,ClayBrick,0,2.7216,Supported,0,0,483.750,326.250,187.500
2024,ClayBrick,0,2.7216,Supported,0,0,506.250,326.250,187.500
2025,ClayBrick,0,2.7216,Supported,0,0,573.750,326.250,187.500
2026,ClayBrick,0,2.7216,Supported,0,0,596.250,326.250,187.500
2027,ClayBrick,0,2.7216,Supported,0,0,618.750,326.250,187.500
2028,ClayBrick,0,1.2975,Supported,0,0,641.250,326.250,187.500
2029,ClayBrick,0,2.7216,Supported,0,0,0.000,326.250,195.000
2030,ClayBrick,0,2.7216,Supported,0,0,22.500,326.250,195.000
2031,ClayBrick,0,2.7216,Supported,0,0,45.000,326.250,195.000
2032,ClayBrick,0,1.2975,Supported,0,0,67.500,326.250,195.000
2033,ClayBrick,0,1.2975,Supported,0,0,123.750,326.250,195.000
2034,ClayBrick,0,2.7216,Supported,0,0,135.000,326.250,195.000
2035,ClayBrick,0,2.7216,Supported,0,0,157.500,326.250,195.000
2036,ClayBrick,0,1.2975,Supported,0,0,180.000,326.250,195.000
2037,ClayBrick,0,1.2975,Supported,0,0,236.250,326.250,195.000
2038,ClayBrick,0,2.7216,Supported,0,0,247.500,326.250,195.000
2039,ClayBrick,0,2.7216,Supported,0,0,270.000,326.250,195.000
2040,ClayBrick,0,1.2975,Supported,0,0,292.500,326.250,195.000
2041,ClayBrick,0,1.2975,Supported,0,0,348.750,326.250,195.000
2042,ClayBrick,0,2.7216,Supported,0,0,360.000,326.250,195.000
2043,ClayBrick,0,2.7216,Supported,0,0,382.500,326.250,195.000
2044,ClayBrick,0,1.2975,Supported,0,0,405.000,326.250,195.000
2045,ClayBrick,0,1.2975,Supported,0,0,461.250,326.250,195.000
2046,ClayBrick,0,2.7216,Supported,0,0,472.500,326.250,195.000
2047,ClayBrick,0,2.7216,Supported,0,0,495.000,326.250,195.000
2048,ClayBrick,0,1.2975,Supported,0,0,517.500,326.250,195.000
2049,ClayBrick,0,1.2975,Supported,0,0,573.750,326.250,195.000
2050,ClayBrick,0,2.7216,Supported,0,0,585.000,326.250,195.000
2051,ClayBrick,0,2.7216,Supported,0,0,607.500,326.250,195.000
2052,ClayBrick,0,2.7216,Supported,0,0,630.000,326.250,195.000
2053,ClayBrick,0,1.2975,Supported,0,0,0.000,326.250,202.500
2054,ClayBrick,0,2.7216,Supported,0,0,11.250,326.250,202.500
2055,ClayBrick,0,2.7216,Supported,0,0,33.750,326.250,202.500
2056,ClayBrick,0,2.7216,Supported,0,0,56.250,326.250,202.500
2057,ClayBrick,0,2.7216,Supported,0,0,123.750,326.250,202.500
2058,ClayBrick,0,2.7216,Supported,0,0,146.250,326.250,202.500
2059,ClayBrick,0,2.7216,Supported,0,0,168.750,326.250,202.500
2060,ClayBrick,0,2.7216,Supported,0,0,236.250,326.250,202.500
2061,ClayBrick,0,2.7216,Supported,0,0,258.750,326.250,202.500
2062,ClayBrick,0,2.7216,Supported,0,0,281.250,326.250,202.500
2063,ClayBrick,0,2.7216,Supported,0,0,348.750,326.250,202.500
2064,ClayBrick,0,2.7216,Supported,0,0,371.250,326.250,202.500
2065,ClayBrick,0,2.7216,Supported,0,0,393.750,326.250,202.500
2066,ClayBrick,0,2.7216,Supported,0,0,461.250,326.250,202.500
2067,ClayBrick,0,2.7216,Supported,0,0,483.750,326.250,202.500
2068,ClayBrick,0,2.7216,Supported,0,0,506.250,326.250,202.500
2069,ClayBrick,0,2.7216,Supported,0,0,573.750,326.250,202.500
2070,ClayBrick,0,2.7216,Supported,0,0,596.250,326.250,202.500
2071,ClayBrick,0,2.7216,Supported,0,0,618.750,326.250,202.500
2072,ClayBrick,0,1.2975,Supported,0,0,641.250,326.250,202.500
2073,ClayBrick,0,2.7216,Supported,0,0,0.000,326.250,210.000
2074,ClayBrick,0,2.7216,Supported,0,0,22.500,326.250,210.000
2075,ClayBrick,0,1.2975,Supported,0,0,45.000,326.250,210.000
2076,ClayBrick,0,1.2975,Supported,0,0,146.250,326.250,210.000
2077,ClayBrick,0,1.2975,Supported,0,0,157.500,326.250,210.000
2078,ClayBrick,0,1.2975,Supported,0,0,258.750,326.250,210.000
2079,ClayBrick,0,1.2975,Supported,0,0,270.000,326.250,210.000
2080,ClayBrick,0,1.2975,Supported,0,0,371.250,326.250,210.000
2081,ClayBrick,0,1.2975,Supported,0,0,382.500,326.250,210.000
2082,ClayBrick,0,1.2975,Supported,0,0,483.750,326.250,210.000
2083,ClayBrick,0,1.2975,Supported,0,0,495.000,326.250,210.000
2084,ClayBrick,0,1.2975,Supported,0,0,596.250,326.250,210.000
2085,ClayBrick,0,2.7216,Supported,0,0,607.500,326.250,210.000
2086,ClayBrick,0,2.7216,Supported,0,0,630.000,326.250,210.000
2087,Timber,0,5.3640,Supported,0,0,56.250,326.250,210.000
2088,Timber,0,5.3640,Supported,0,0,168.750,326.250,210.000
2089,Timber,0,5.3640,Supported,0,0,281.250,326.250,210.000
2090,Timber,0,5.3640,Supported,0,0,393.750,326.250,210.000
2091,Timber,0,5.3640,Supported,0,0,506.250,326.250,210.000
2092,ClayBrick,0,1.2975,Supported,0,0,0.000,326.250,217.500
2093,ClayBrick,0,2.7216,Supported,0,0,11.250,326.250,217.500
2094,ClayBrick,0,2.7216,Supported,0,0,33.750,326.250,217.500
2095,ClayBrick,0,2.7216,Supported,0,0,146.250,326.250,217.500
2096,ClayBrick,0,2.7216,Supported,0,0,258.750,326.250,217.500
2097,ClayBrick,0,2.7216,Supported,0,0,371.250,326.250,217.500
2098,ClayBrick,0,2.7216,Supported,0,0,483.750,326.250,217.500
2099,ClayBrick,0,2.7216,Supported,0,0,596.250,326.250,217.500
2100,ClayBrick,0,2.7216,Supported,0,0,618.750,326.250,217.500
2101,ClayBrick,0,1.2975,Supported,0,0,641.250,326.250,217.500
2102,ClayBrick,0,2.7216,Supported,0,0,0.000,326.250,225.000
2103,ClayBrick,0,2.7216,Supported,0,0,22.500,326.250,225.000
2104,ClayBrick,0,2.7216,Supported,0,0,45.000,326.250,225.000
2105,ClayBrick,0,2.7216,Supported,0,0,67.500,326.250,225.000
2106,ClayBrick,0,2.7216,Supported,0,0,90.000,326.250,225.000
2107,ClayBrick,0,2.7216,Supported,0,0,112.500,326.250,225.000
2108,ClayBrick,0,2.7216,Supported,0,0,135.000,326.250,225.000
2109,ClayBrick,0,2.7216,Supported,0,0,157.500,326.250,225.000
2110,ClayBrick,0,2.7216,Supported,0,0,180.000,326.250,225.000
2111,ClayBrick,0,2.7216,Supported,0,0,202.500,326.250,225.000
2112,ClayBrick,0,2.7216,Supported,0,0,225.000,326.250,225.000
2113,ClayBrick,0,2.7216,Supported,0,0,247.500,326.250,225.000
2114,ClayBrick,0,2.7216,Supported,0,0,270.000,326.250,225.000
2115,ClayBrick,0,2.7216,Supported,0,0,292.500,326.250,225.000
2116,ClayBrick,0,2.7216,Supported,0,0,315.000,326.250,225.000
2117,ClayBrick,0,2.7216,Supported,0,0,337.500,326.250,225.000
2118,ClayBrick,0,2.7216,Supported,0,0,360.000,326.250,225.000
2119,ClayBrick,0,2.7216,Supported,0,0,382.500,326.250,225.000
2120,ClayBrick,0,2.7216,Supported,0,0,405.000,326.250,225.000
2121,ClayBrick,0,2.7216,Supported,0,0,427.500,326.250,225.000
2122,ClayBrick,0,2.7216,Supported,0,0,450.000,326.250,225.000
2123,ClayBrick,0,2.7216,Supported,0,0,472.500,326.250,225.000
2124,ClayBrick,0,2.7216,Supported,0,0,495.000,326.250,225.000
2125,ClayBrick,0,2.7216,Supported,0,0,517.500,326.250,225.000
2126,ClayBrick,0,2.7216,Supported,0,0,540.000,326.250,225.000
2127,ClayBrick,0,2.7216,Supported,0,0,562.500,326.250,225.000
2128,ClayBrick,0,2.7216,Supported,0,0,585.000,326.250,225.000
2129,ClayBrick,0,2.7216,Supported,0,0,607.500,326.250,225.000
2130,ClayBrick,0,2.7216,Supported,0,0,630.000,326.250,225.000
2131,ClayBrick,0,1.2975,Supported,0,0,0.000,326.250,232.500
2132,ClayBrick,0,2.7216,Supported,0,0,11.250,326.250,232.500
2133,ClayBrick,0,2.7216,Supported,0,0,33.750,326.250,232.500
2134,ClayBrick,0,2.7216,Supported,0,0,56.250,326.250,232.500
2135,ClayBrick,0,2.7216,Supported,0,0,78.750,326.250,232.500
2136,ClayBrick,0,2.7216,Supported,0,0,101.250,326.250,232.500
2137,ClayBrick,0,2.7216,Supported,0,0,123.750,326.250,232.500
2138,ClayBrick,0,2.7216,Supported,0,0,146.250,326.250,232.500
2139,ClayBrick,0,2.7216,Supported,0,0,168.750,326.250,232.500
2140,ClayBrick,0,2.7216,Supported,0,0,191.250,326.250,232.500
2141,ClayBrick,0,2.7216,Supported,0,0,213.750,326.250,232.500
2142,ClayBrick,0,2.7216,Supported,0,0,236.250,326.250,232.500
2143,ClayBrick,0,2.7216,Supported,0,0,258.750,326.250,232.500
2144,ClayBrick,0,2.7216,Supported,0,0,281.250,326.250,232.500
2145,ClayBrick,0,2.7216,Supported,0,0,303.750,326.250,232.500
2146,ClayBrick,0,2.7216,Supported,0,0,326.250,326.250,232.500
2147,ClayBrick,0,2.7216,Supported,0,0,348.750,326.250,232.500
2148,ClayBrick,0,2.7216,Supported,0,0,371.250,326.250,232.500
2149,ClayBrick,0,2.7216,Supported,0,0,393.750,326.250,232.500
2150,ClayBrick,0,2.7216,Supported,0,0,416.250,326.250,232.500
2151,ClayBrick,0,2.7216,Supported,0,0,438.750,326.250,232.500
2152,ClayBrick,0,2.7216,Supported,0,0,461.250,326.250,232.500
2153,ClayBrick,0,2.7216,Supported,0,0,483.750,326.250,232.500
2154,ClayBrick,0,2.7216,Supported,0,0,506.250,326.250,232.500
2155,ClayBrick,0,2.7216,Supported,0,0,528.750,326.250,232.500
2156,ClayBrick,0,2.7216,Supported,0,0,551.250,326.250,232.500
2157,ClayBrick,0,2.7216,Supported,0,0,573.750,326.250,232.500
2158,ClayBrick,0,2.7216,Supported,0,0,596.250,326.250,232.500
2159,ClayBrick,0,2.7216,Supported,0,0,618.750,326.250,232.500
2160,ClayBrick,0,1.2975,Supported,0,0,641.250,326.250,232.500
2161,ClayBrick,0,2.7216,Supported,0,0,0.000,326.250,240.000
2162,ClayBrick,0,2.7216,Supported,0,0,22.500,326.250,240.000
2163,ClayBrick,0,2.7216,Supported,0,0,45.000,326.250,240.000
2164,ClayBrick,0,2.7216,Supported,0,0,67.500,326.250,240.000
2165,ClayBrick,0,2.7216,Supported,0,0,90.000,326.250,240.000
2166,ClayBrick,0,2.7216,Supported,0,0,112.500,326.250,240.000
2167,ClayBrick,0,2.7216,Supported,0,0,135.000,326.250,240.000
2168,ClayBrick,0,2.7216,Supported,0,0,157.500,326.250,240.000
2169,ClayBrick,0,2.7216,Supported,0,0,180.000,326.250,240.000
2170,ClayBrick,0,2.7216,Supported,0,0,202.500,326.250,240.000
2171,ClayBrick,0,2.7216,Supported,0,0,225.000,326.250,240.000
2172,ClayBrick,0,2.7216,Supported,0,0,247.500,326.250,240.000
2173,ClayBrick,0,2.7216,Supported,0,0,270.000,326.250,240.000
2174,ClayBrick,0,2.7216,Supported,0,0,292.500,326.250,240.000
2175,ClayBrick,0,2.7216,Supported,0,0,315.000,326.250,240.000
2176,ClayBrick,0,2.7216,Supported,0,0,337.500,326.250,240.000
2177,ClayBrick,0,2.7216,Supported,0,0,360.000,326.250,240.000
2178,ClayBrick,0,2.7216,Supported,0,0,382.500,326.250,240.000
2179,ClayBrick,0,2.7216,Supported,0,0,405.000,326.250,240.000
2180,ClayBrick,0,2.7216,Supported,0,0,427.500,326.250,240.000
2181,ClayBrick,0,2.7216,Supported,0,0,450.000,326.250,240.000
2182,ClayBrick,0,2.7216,Supported,0,0,472.500,326.250,240.000
2183,ClayBrick,0,2.7216,Supported,0,0,495.000,326.250,240.000
2184,ClayBrick,0,2.7216,Supported,0,0,517.500,326.250,240.000
2185,ClayBrick,0,2.7216,Supported,0,0,540.000,326.250,240.000
2186,ClayBrick,0,2.7216,Supported,0,0,562.500,326.250,240.000
2187,ClayBrick,0,2.7216,Supported,0,0,585.000,326.250,240.000
2188,ClayBrick,0,2.7216,Supported,0,0,607.500,326.250,240.000
2189,ClayBrick,0,2.7216,Supported,0,0,630.000,326.250,240.000
2190,StructuralConcrete,0,1.6390,Supported,0,0,0.000,326.250,247.500
2191,StructuralConcrete,0,7.0356,Supported,0,0,11.250,326.250,247.500
2192,StructuralConcrete,0,7.0356,Supported,0,0,56.250,326.250,247.500
2193,StructuralConcrete,0,7.0356,Supported,0,0,101.250,326.250,247.500
2194,StructuralConcrete,0,7.0356,Supported,0,0,146.250,326.250,247.500
2195,StructuralConcrete,0,7.0356,Supported,0,0,191.250,326.250,247.500
2196,StructuralConcrete,0,7.0356,Supported,0,0,236.250,326.250,247.500
2197,StructuralConcrete,0,7.0356,Supported,0,0,281.250,326.250,247.500
2198,StructuralConcrete,0,7.0356,Supported,0,0,326.250,326.250,247.500
2199,StructuralConcrete,0,7.0356,Supported,0,0,371.250,326.250,247.500
2200,StructuralConcrete,0,7.0356,Supported,0,0,416.250,326.250,247.500
2201,StructuralConcrete,0,7.0356,Supported,0,0,461.250,326.250,247.500
2202,StructuralConcrete,0,7.0356,Supported,0,0,506.250,326.250,247.500
2203,StructuralConcrete,0,7.0356,Supported,0,0,551.250,326.250,247.500
2204,StructuralConcrete,0,7.0356,Supported,0,0,596.250,326.250,247.500
2205,StructuralConcrete,0,1.6390,Supported,0,0,641.250,326.250,247.500
2206,ClayBrick,0,2.7216,Supported,0,0,0.000,326.250,255.000
2207,ClayBrick,0,2.7216,Supported,0,0,22.500,326.250,255.000
2208,ClayBrick,0,2.7216,Supported,0,0,45.000,326.250,255.000
2209,ClayBrick,0,2.7216,Supported,0,0,67.500,326.250,255.000
2210,ClayBrick,0,2.7216,Supported,0,0,90.000,326.250,255.000
2211,ClayBrick,0,2.7216,Supported,0,0,112.500,326.250,255.000
2212,ClayBrick,0,2.7216,Supported,0,0,135.000,326.250,255.000
2213,ClayBrick,0,2.7216,Supported,0,0,157.500,326.250,255.000
2214,ClayBrick,0,2.7216,Supported,0,0,180.000,326.250,255.000
2215,ClayBrick,0,2.7216,Supported,0,0,202.500,326.250,255.000
2216,ClayBrick,0,2.7216,Supported,0,0,225.000,326.250,255.000
2217,ClayBrick,0,2.7216,Supported,0,0,247.500,326.250,255.000
2218,ClayBrick,0,2.7216,Supported,0,0,270.000,326.250,255.000
2219,ClayBrick,0,2.7216,Supported,0,0,292.500,326.250,255.000
2220,ClayBrick,0,2.7216,Supported,0,0,315.000,326.250,255.000
2221,ClayBrick,0,2.7216,Supported,0,0,337.500,326.250,255.000
2222,ClayBrick,0,2.7216,Supported,0,0,360.000,326.250,255.000
2223,ClayBrick,0,2.7216,Supported,0,0,382.500,326.250,255.000
2224,ClayBrick,0,2.7216,Supported,0,0,405.000,326.250,255.000
2225,ClayBrick,0,2.7216,Supported,0,0,427.500,326.250,255.000
2226,ClayBrick,0,2.7216,Supported,0,0,450.000,326.250,255.000
2227,ClayBrick,0,2.7216,Supported,0,0,472.500,326.250,255.000
2228,ClayBrick,0,2.7216,Supported,0,0,495.000,326.250,255.000
2229,ClayBrick,0,2.7216,Supported,0,0,517.500,326.250,255.000
2230,ClayBrick,0,2.7216,Supported,0,0,540.000,326.250,255.000
2231,ClayBrick,0,2.7216,Supported,0,0,562.500,326.250,255.000
2232,ClayBrick,0,2.7216,Supported,0,0,585.000,326.250,255.000
2233,ClayBrick,0,2.7216,Supported,0,0,607.500,326.250,255.000
2234,ClayBrick,0,2.7216,Supported,0,0,630.000,326.250,255.000
2235,ClayBrick,0,1.2975,Supported,0,0,0.000,326.250,262.500
2236,ClayBrick,0,2.7216,Supported,0,0,11.250,326.250,262.500
2237,ClayBrick,0,2.7216,Supported,0,0,33.750,326.250,262.500
2238,ClayBrick,0,2.7216,Supported,0,0,56.250,326.250,262.500
2239,ClayBrick,0,2.7216,Supported,0,0,78.750,326.250,262.500
2240,ClayBrick,0,2.7216,Supported,0,0,101.250,326.250,262.500
2241,ClayBrick,0,2.7216,Supported,0,0,123.750,326.250,262.500
2242,ClayBrick,0,2.7216,Supported,0,0,146.250,326.250,262.500
2243,ClayBrick,0,2.7216,Supported,0,0,168.750,326.250,262.500
2244,ClayBrick,0,2.7216,Supported,0,0,191.250,326.250,262.500
2245,ClayBrick,0,2.7216,Supported,0,0,213.750,326.250,262.500
2246,ClayBrick,0,2.7216,Supported,0,0,236.250,326.250,262.500
2247,ClayBrick,0,2.7216,Supported,0,0,258.750,326.250,262.500
2248,ClayBrick,0,2.7216,Supported,0,0,281.250,326.250,262.500
2249,ClayBrick,0,2.7216,Supported,0,0,303.750,326.250,262.500
2250,ClayBrick,0,2.7216,Supported,0,0,326.250,326.250,262.500
2251,ClayBrick,0,2.7216,Supported,0,0,348.750,326.250,262.500
2252,ClayBrick,0,2.7216,Supported,0,0,371.250,326.250,262.500
2253,ClayBrick,0,2.7216,Supported,0,0,393.750,326.250,262.500
2254,ClayBrick,0,2.7216,Supported,0,0,416.250,326.250,262.500
2255,ClayBrick,0,2.7216,Supported,0,0,438.750,326.250,262.500
2256,ClayBrick,0,2.7216,Supported,0,0,461.250,326.250,262.500
2257,ClayBrick,0,2.7216,Supported,0,0,483.750,326.250,262.500
2258,ClayBrick,0,2.7216,Supported,0,0,506.250,326.250,262.500
2259,ClayBrick,0,2.7216,Supported,0,0,528.750,326.250,262.500
2260,ClayBrick,0,2.7216,Supported,0,0,551.250,326.250,262.500
2261,ClayBrick,0,2.7216,Supported,0,0,573.750,326.250,262.500
2262,ClayBrick,0,2.7216,Supported,0,0,596.250,326.250,262.500
2263,ClayBrick,0,2.7216,Supported,0,0,618.750,326.250,262.500
2264,ClayBrick,0,1.2975,Supported,0,0,641.250,326.250,262.500
2265,ClayBrick,0,2.7216,Supported,0,0,0.000,326.250,270.000
2266,ClayBrick,0,2.7216,Supported,0,0,22.500,326.250,270.000
2267,ClayBrick,0,2.7216,Supported,0,0,45.000,326.250,270.000
2268,ClayBrick,0,2.7216,Supported,0,0,67.500,326.250,270.000
2269,ClayBrick,0,2.7216,Supported,0,0,90.000,326.250,270.000
2270,ClayBrick,0,2.7216,Supported,0,0,112.500,326.250,270.000
2271,ClayBrick,0,2.7216,Supported,0,0,135.000,326.250,270.000
2272,ClayBrick,0,2.7216,Supported,0,0,157.500,326.250,270.000
2273,ClayBrick,0,2.7216,Supported,0,0,180.000,326.250,270.000
2274,ClayBrick,0,2.7216,Supported,0,0,202.500,326.250,270.000
2275,ClayBrick,0,2.7216,Supported,0,0,225.000,326.250,270.000
2276,ClayBrick,0,2.7216,Supported,0,0,247.500,326.250,270.000
2277,ClayBrick,0,2.7216,Supported,0,0,270.000,326.250,270.000
2278,ClayBrick,0,2.7216,Supported,0,0,292.500,326.250,270.000
2279,ClayBrick,0,2.7216,Supported,0,0,315.000,326.250,270.000
2280,ClayBrick,0,2.7216,Supported,0,0,337.500,326.250,270.000
2281,ClayBrick,0,2.7216,Supported,0,0,360.000,326.250,270.000
2282,ClayBrick,0,2.7216,Supported,0,0,382.500,326.250,270.000
2283,ClayBrick,0,2.7216,Supported,0,0,405.000,326.250,270.000
2284,ClayBrick,0,2.7216,Supported,0,0,427.500,326.250,270.000
2285,ClayBrick,0,2.7216,Supported,0,0,450.000,326.250,270.000
2286,ClayBrick,0,2.7216,Supported,0,0,472.500,326.250,270.000
2287,ClayBrick,0,2.7216,Supported,0,0,495.000,326.250,270.000
2288,ClayBrick,0,2.7216,Supported,0,0,517.500,326.250,270.000
2289,ClayBrick,0,2.7216,Supported,0,0,540.000,326.250,270.000
2290,ClayBrick,0,2.7216,Supported,0,0,562.500,326.250,270.000
2291,ClayBrick,0,2.7216,Supported,0,0,585.000,326.250,270.000
2292,ClayBrick,0,2.7216,Supported,0,0,607.500,326.250,270.000
2293,ClayBrick,0,2.7216,Supported,0,0,630.000,326.250,270.000
2294,ClayBrick,0,1.2975,removed,0,1,0.000,0.000,0.000
2295,ClayBrick,0,2.7216,removed,0,1,0.000,0.000,0.000
2296,ClayBrick,0,2.7216,removed,0,1,0.000,0.000,0.000
2297,ClayBrick,0,1.2975,removed,0,1,0.000,0.000,0.000
2298,ClayBrick,0,1.2975,removed,0,1,0.000,0.000,0.000
2299,ClayBrick,0,2.7216,removed,0,1,0.000,0.000,0.000
2300,ClayBrick,0,1.2975,removed,0,1,0.000,0.000,0.000
2301,ClayBrick,0,1.2975,removed,0,1,0.000,0.000,0.000
2302,ClayBrick,0,2.7216,removed,0,1,0.000,0.000,0.000
2303,ClayBrick,0,1.2975,removed,0,1,0.000,0.000,0.000
2304,ClayBrick,0,1.2975,removed,0,1,0.000,0.000,0.000
2305,ClayBrick,0,2.7216,removed,0,1,0.000,0.000,0.000
2306,ClayBrick,0,1.2975,removed,0,1,0.000,0.000,0.000
2307,ClayBrick,0,1.2975,removed,0,1,0.000,0.000,0.000
2308,ClayBrick,0,2.7216,removed,0,1,0.000,0.000,0.000
2309,ClayBrick,0,1.2975,removed,0,1,0.000,0.000,0.000
2310,ClayBrick,0,1.2975,removed,0,1,0.000,0.000,0.000
2311,ClayBrick,0,2.7216,removed,0,1,0.000,0.000,0.000
2312,ClayBrick,0,2.7216,removed,0,1,0.000,0.000,0.000
2313,ClayBrick,0,1.2975,removed,0,1,0.000,0.000,0.000
2314,StructuralConcrete,0,10.6333,removed,0,1,0.000,0.000,0.000
2315,StructuralConcrete,0,10.6333,removed,0,1,0.000,0.000,0.000
2316,StructuralConcrete,0,10.6333,removed,0,1,0.000,0.000,0.000
2317,StructuralConcrete,0,10.6333,removed,0,1,0.000,0.000,0.000
2318,StructuralConcrete,0,10.6333,removed,0,1,0.000,0.000,0.000
2319,ClayBrick,0,2.7216,Falling,1,0,0.000,326.250,285.000
2320,ClayBrick,0,2.7216,Falling,1,0,22.500,326.250,285.000
2321,ClayBrick,0,2.7216,Falling,1,0,45.000,326.250,285.000
2322,ClayBrick,0,1.2975,Falling,1,0,67.500,326.250,285.000
2323,ClayBrick,0,1.2975,Falling,1,0,123.750,326.250,285.000
2324,ClayBrick,0,2.7216,Falling,1,0,135.000,326.250,285.000
2325,ClayBrick,0,2.7216,Falling,1,0,157.500,326.250,285.000
2326,ClayBrick,0,1.2975,Falling,1,0,180.000,326.250,285.000
2327,ClayBrick,0,1.2975,Falling,1,0,236.250,326.250,285.000
2328,ClayBrick,0,2.7216,Falling,1,0,247.500,326.250,285.000
2329,ClayBrick,0,2.7216,Falling,1,0,270.000,326.250,285.000
2330,ClayBrick,0,1.2975,Falling,1,0,292.500,326.250,285.000
2331,ClayBrick,0,1.2975,Falling,1,0,348.750,326.250,285.000
2332,ClayBrick,0,2.7216,Falling,1,0,360.000,326.250,285.000
2333,ClayBrick,0,2.7216,Falling,1,0,382.500,326.250,285.000
2334,ClayBrick,0,1.2975,Falling,1,0,405.000,326.250,285.000
2335,ClayBrick,0,1.2975,Falling,1,0,461.250,326.250,285.000
2336,ClayBrick,0,2.7216,Falling,1,0,472.500,326.250,285.000
2337,ClayBrick,0,2.7216,Falling,1,0,495.000,326.250,285.000
2338,ClayBrick,0,1.2975,Falling,1,0,517.500,326.250,285.000
2339,ClayBrick,0,1.2975,Falling,1,0,573.750,326.250,285.000
2340,ClayBrick,0,2.7216,Falling,1,0,585.000,326.250,285.000
2341,ClayBrick,0,2.7216,Falling,1,0,607.500,326.250,285.000
2342,ClayBrick,0,2.7216,Falling,1,0,630.000,326.250,285.000
2343,ClayBrick,0,1.2975,Falling,1,0,0.000,326.250,292.500
2344,ClayBrick,0,2.7216,Falling,1,0,11.250,326.250,292.500
2345,ClayBrick,0,2.7216,Falling,1,0,33.750,326.250,292.500
2346,ClayBrick,0,2.7216,Falling,1,0,56.250,326.250,292.500
2347,ClayBrick,0,2.7216,Falling,1,0,123.750,326.250,292.500
2348,ClayBrick,0,2.7216,Falling,1,0,146.250,326.250,292.500
2349,ClayBrick,0,2.7216,Falling,1,0,168.750,326.250,292.500
2350,ClayBrick,0,2.7216,Falling,1,0,236.250,326.250,292.500
2351,ClayBrick,0,2.7216,Falling,1,0,258.750,326.250,292.500
2352,ClayBrick,0,2.7216,Falling,1,0,281.250,326.250,292.500
2353,ClayBrick,0,2.7216,Falling,1,0,348.750,326.250,292.500
2354,ClayBrick,0,2.7216,Falling,1,0,371.250,326.250,292.500
2355,ClayBrick,0,2.7216,Falling,1,0,393.750,326.250,292.500
2356,ClayBrick,0,2.7216,Falling,1,0,461.250,326.250,292.500
2357,ClayBrick,0,2.7216,Falling,1,0,483.750,326.250,292.500
2358,ClayBrick,0,2.7216,Falling,1,0,506.250,326.250,292.500
2359,ClayBrick,0,2.7216,Falling,1,0,573.750,326.250,292.500
2360,ClayBrick,0,2.7216,Falling,1,0,596.250,326.250,292.500
2361,ClayBrick,0,2.7216,Falling,1,0,618.750,326.250,292.500
2362,ClayBrick,0,1.2975,Falling,1,0,641.250,326.250,292.500
2363,ClayBrick,0,2.7216,Falling,1,0,0.000,326.250,300.000
2364,ClayBrick,0,2.7216,Falling,1,0,22.500,326.250,300.000
2365,ClayBrick,0,2.7216,Falling,1,0,45.000,326.250,300.000
2366,ClayBrick,0,1.2975,Falling,1,0,67.500,326.250,300.000
2367,ClayBrick,0,1.2975,Falling,1,0,123.750,326.250,300.000
2368,ClayBrick,0,2.7216,Falling,1,0,135.000,326.250,300.000
2369,ClayBrick,0,2.7216,Falling,1,0,157.500,326.250,300.000
2370,ClayBrick,0,1.2975,Falling,1,0,180.000,326.250,300.000
2371,ClayBrick,0,1.2975,Falling,1,0,236.250,326.250,300.000
2372,ClayBrick,0,2.7216,Falling,1,0,247.500,326.250,300.000
2373,ClayBrick,0,2.7216,Falling,1,0,270.000,326.250,300.000
2374,ClayBrick,0,1.2975,Falling,1,0,292.500,326.250,300.000
2375,ClayBrick,0,1.2975,Falling,1,0,348.750,326.250,300.000
2376,ClayBrick,0,2.7216,Falling,1,0,360.000,326.250,300.000
2377,ClayBrick,0,2.7216,Falling,1,0,382.500,326.250,300.000
2378,ClayBrick,0,1.2975,Falling,1,0,405.000,326.250,300.000
2379,ClayBrick,0,1.2975,Falling,1,0,461.250,326.250,300.000
2380,ClayBrick,0,2.7216,Falling,1,0,472.500,326.250,300.000
2381,ClayBrick,0,2.7216,Falling,1,0,495.000,326.250,300.000
2382,ClayBrick,0,1.2975,Falling,1,0,517.500,326.250,300.000
2383,ClayBrick,0,1.2975,Falling,1,0,573.750,326.250,300.000
2384,ClayBrick,0,2.7216,Falling,1,0,585.000,326.250,300.000
2385,ClayBrick,0,2.7216,Falling,1,0,607.500,326.250,300.000
2386,ClayBrick,0,2.7216,Falling,1,0,630.000,326.250,300.000
2387,ClayBrick,0,1.2975,Falling,1,0,0.000,326.250,307.500
2388,ClayBrick,0,2.7216,Falling,1,0,11.250,326.250,307.500
2389,ClayBrick,0,2.7216,Falling,1,0,33.750,326.250,307.500
2390,ClayBrick,0,2.7216,Falling,1,0,56.250,326.250,307.500
2391,ClayBrick,0,2.7216,Falling,1,0,123.750,326.250,307.500
2392,ClayBrick,0,2.7216,Falling,1,0,146.250,326.250,307.500
2393,ClayBrick,0,2.7216,Falling,1,0,168.750,326.250,307.500
2394,ClayBrick,0,2.7216,Falling,1,0,236.250,326.250,307.500
2395,ClayBrick,0,2.7216,Falling,1,0,258.750,326.250,307.500
2396,ClayBrick,0,2.7216,Falling,1,0,281.250,326.250,307.500
2397,ClayBrick,0,2.7216,Falling,1,0,348.750,326.250,307.500
2398,ClayBrick,0,2.7216,Falling,1,0,371.250,326.250,307.500
2399,ClayBrick,0,2.7216,Falling,1,0,393.750,326.250,307.500
2400,ClayBrick,0,2.7216,Falling,1,0,461.250,326.250,307.500
2401,ClayBrick,0,2.7216,Falling,1,0,483.750,326.250,307.500
2402,ClayBrick,0,2.7216,Falling,1,0,506.250,326.250,307.500
2403,ClayBrick,0,2.7216,Falling,1,0,573.750,326.250,307.500
2404,ClayBrick,0,2.7216,Falling,1,0,596.250,326.250,307.500
2405,ClayBrick,0,2.7216,Falling,1,0,618.750,326.250,307.500
2406,ClayBrick,0,1.2975,Falling,1,0,641.250,326.250,307.500
2407,ClayBrick,0,2.7216,Falling,1,0,0.000,326.250,315.000
2408,ClayBrick,0,2.7216,Falling,1,0,22.500,326.250,315.000
2409,ClayBrick,0,2.7216,Falling,1,0,45.000,326.250,315.000
2410,ClayBrick,0,1.2975,Falling,1,0,67.500,326.250,315.000
2411,ClayBrick,0,1.2975,Falling,1,0,123.750,326.250,315.000
2412,ClayBrick,0,2.7216,Falling,1,0,135.000,326.250,315.000
2413,ClayBrick,0,2.7216,Falling,1,0,157.500,326.250,315.000
2414,ClayBrick,0,1.2975,Falling,1,0,180.000,326.250,315.000
2415,ClayBrick,0,1.2975,Falling,1,0,236.250,326.250,315.000
2416,ClayBrick,0,2.7216,Falling,1,0,247.500,326.250,315.000
2417,ClayBrick,0,2.7216,Falling,1,0,270.000,326.250,315.000
2418,ClayBrick,0,1.2975,Falling,1,0,292.500,326.250,315.000
2419,ClayBrick,0,1.2975,Falling,1,0,348.750,326.250,315.000
2420,ClayBrick,0,2.7216,Falling,1,0,360.000,326.250,315.000
2421,ClayBrick,0,2.7216,Falling,1,0,382.500,326.250,315.000
2422,ClayBrick,0,1.2975,Falling,1,0,405.000,326.250,315.000
2423,ClayBrick,0,1.2975,Falling,1,0,461.250,326.250,315.000
2424,ClayBrick,0,2.7216,Falling,1,0,472.500,326.250,315.000
2425,ClayBrick,0,2.7216,Falling,1,0,495.000,326.250,315.000
2426,ClayBrick,0,1.2975,Falling,1,0,517.500,326.250,315.000
2427,ClayBrick,0,1.2975,Falling,1,0,573.750,326.250,315.000
2428,ClayBrick,0,2.7216,Falling,1,0,585.000,326.250,315.000
2429,ClayBrick,0,2.7216,Falling,1,0,607.500,326.250,315.000
2430,ClayBrick,0,2.7216,Falling,1,0,630.000,326.250,315.000
2431,ClayBrick,0,1.2975,Falling,1,0,0.000,326.250,322.500
2432,ClayBrick,0,2.7216,Falling,1,0,11.250,326.250,322.500
2433,ClayBrick,0,2.7216,Falling,1,0,33.750,326.250,322.500
2434,ClayBrick,0,2.7216,Falling,1,0,56.250,326.250,322.500
2435,ClayBrick,0,2.7216,Falling,1,0,123.750,326.250,322.500
2436,ClayBrick,0,2.7216,Falling,1,0,146.250,326.250,322.500
2437,ClayBrick,0,2.7216,Falling,1,0,168.750,326.250,322.500
2438,ClayBrick,0,2.7216,Falling,1,0,236.250,326.250,322.500
2439,ClayBrick,0,2.7216,Falling,1,0,258.750,326.250,322.500
2440,ClayBrick,0,2.7216,Falling,1,0,281.250,326.250,322.500
2441,ClayBrick,0,2.7216,Falling,1,0,348.750,326.250,322.500
2442,ClayBrick,0,2.7216,Falling,1,0,371.250,326.250,322.500
2443,ClayBrick,0,2.7216,Falling,1,0,393.750,326.250,322.500
2444,ClayBrick,0,2.7216,Falling,1,0,461.250,326.250,322.500
2445,ClayBrick,0,2.7216,Falling,1,0,483.750,326.250,322.500
2446,ClayBrick,0,2.7216,Falling,1,0,506.250,326.250,322.500
2447,ClayBrick,0,2.7216,Falling,1,0,573.750,326.250,322.500
2448,ClayBrick,0,2.7216,Falling,1,0,596.250,326.250,322.500
2449,ClayBrick,0,2.7216,Falling,1,0,618.750,326.250,322.500
2450,ClayBrick,0,1.2975,Falling,1,0,641.250,326.250,322.500
2451,ClayBrick,0,2.7216,Falling,1,0,0.000,326.250,330.000
2452,ClayBrick,0,2.7216,Falling,1,0,22.500,326.250,330.000
2453,ClayBrick,0,2.7216,Falling,1,0,45.000,326.250,330.000
2454,ClayBrick,0,1.2975,Falling,1,0,67.500,326.250,330.000
2455,ClayBrick,0,1.2975,Falling,1,0,123.750,326.250,330.000
2456,ClayBrick,0,2.7216,Falling,1,0,135.000,326.250,330.000
2457,ClayBrick,0,2.7216,Falling,1,0,157.500,326.250,330.000
2458,ClayBrick,0,1.2975,Falling,1,0,180.000,326.250,330.000
2459,ClayBrick,0,1.2975,Falling,1,0,236.250,326.250,330.000
2460,ClayBrick,0,2.7216,Falling,1,0,247.500,326.250,330.000
2461,ClayBrick,0,2.7216,Falling,1,0,270.000,326.250,330.000
2462,ClayBrick,0,1.2975,Falling,1,0,292.500,326.250,330.000
2463,ClayBrick,0,1.2975,Falling,1,0,348.750,326.250,330.000
2464,ClayBrick,0,2.7216,Falling,1,0,360.000,326.250,330.000
2465,ClayBrick,0,2.7216,Falling,1,0,382.500,326.250,330.000
2466,ClayBrick,0,1.2975,Falling,1,0,405.000,326.250,330.000
2467,ClayBrick,0,1.2975,Falling,1,0,461.250,326.250,330.000
2468,ClayBrick,0,2.7216,Falling,1,0,472.500,326.250,330.000
2469,ClayBrick,0,2.7216,Falling,1,0,495.000,326.250,330.000
2470,ClayBrick,0,1.2975,Falling,1,0,517.500,326.250,330.000
2471,ClayBrick,0,1.2975,Falling,1,0,573.750,326.250,330.000
2472,ClayBrick,0,2.7216,Falling,1,0,585.000,326.250,330.000
2473,ClayBrick,0,2.7216,Falling,1,0,607.500,326.250,330.000
2474,ClayBrick,0,2.7216,Falling,1,0,630.000,326.250,330.000
2475,ClayBrick,0,1.2975,Falling,1,0,0.000,326.250,337.500
2476,ClayBrick,0,2.7216,Falling,1,0,11.250,326.250,337.500
2477,ClayBrick,0,2.7216,Falling,1,0,33.750,326.250,337.500
2478,ClayBrick,0,2.7216,Falling,1,0,56.250,326.250,337.500
2479,ClayBrick,0,2.7216,Falling,1,0,123.750,326.250,337.500
2480,ClayBrick,0,2.7216,Falling,1,0,146.250,326.250,337.500
2481,ClayBrick,0,2.7216,Falling,1,0,168.750,326.250,337.500
2482,ClayBrick,0,2.7216,Falling,1,0,236.250,326.250,337.500
2483,ClayBrick,0,2.7216,Falling,1,0,258.750,326.250,337.500
2484,ClayBrick,0,2.7216,Falling,1,0,281.250,326.250,337.500
2485,ClayBrick,0,2.7216,Falling,1,0,348.750,326.250,337.500
2486,ClayBrick,0,2.7216,Falling,1,0,371.250,326.250,337.500
2487,ClayBrick,0,2.7216,Falling,1,0,393.750,326.250,337.500
2488,ClayBrick,0,2.7216,Falling,1,0,461.250,326.250,337.500
2489,ClayBrick,0,2.7216,Falling,1,0,483.750,326.250,337.500
2490,ClayBrick,0,2.7216,Falling,1,0,506.250,326.250,337.500
2491,ClayBrick,0,2.7216,Falling,1,0,573.750,326.250,337.500
2492,ClayBrick,0,2.7216,Falling,1,0,596.250,326.250,337.500
2493,ClayBrick,0,2.7216,Falling,1,0,618.750,326.250,337.500
2494,ClayBrick,0,1.2975,Falling,1,0,641.250,326.250,337.500
2495,ClayBrick,0,2.7216,Falling,1,0,0.000,326.250,345.000
2496,ClayBrick,0,2.7216,Falling,1,0,22.500,326.250,345.000
2497,ClayBrick,0,2.7216,Falling,1,0,45.000,326.250,345.000
2498,ClayBrick,0,1.2975,Falling,1,0,67.500,326.250,345.000
2499,ClayBrick,0,1.2975,Falling,1,0,123.750,326.250,345.000
2500,ClayBrick,0,2.7216,Falling,1,0,135.000,326.250,345.000
2501,ClayBrick,0,2.7216,Falling,1,0,157.500,326.250,345.000
2502,ClayBrick,0,1.2975,Falling,1,0,180.000,326.250,345.000
2503,ClayBrick,0,1.2975,Falling,1,0,236.250,326.250,345.000
2504,ClayBrick,0,2.7216,Falling,1,0,247.500,326.250,345.000
2505,ClayBrick,0,2.7216,Falling,1,0,270.000,326.250,345.000
2506,ClayBrick,0,1.2975,Falling,1,0,292.500,326.250,345.000
2507,ClayBrick,0,1.2975,Falling,1,0,348.750,326.250,345.000
2508,ClayBrick,0,2.7216,Falling,1,0,360.000,326.250,345.000
2509,ClayBrick,0,2.7216,Falling,1,0,382.500,326.250,345.000
2510,ClayBrick,0,1.2975,Falling,1,0,405.000,326.250,345.000
2511,ClayBrick,0,1.2975,Falling,1,0,461.250,326.250,345.000
2512,ClayBrick,0,2.7216,Falling,1,0,472.500,326.250,345.000
2513,ClayBrick,0,2.7216,Falling,1,0,495.000,326.250,345.000
2514,ClayBrick,0,1.2975,Falling,1,0,517.500,326.250,345.000
2515,ClayBrick,0,1.2975,Falling,1,0,573.750,326.250,345.000
2516,ClayBrick,0,2.7216,Falling,1,0,585.000,326.250,345.000
2517,ClayBrick,0,2.7216,Falling,1,0,607.500,326.250,345.000
2518,ClayBrick,0,2.7216,Falling,1,0,630.000,326.250,345.000
2519,ClayBrick,0,1.2975,Falling,1,0,0.000,326.250,352.500
2520,ClayBrick,0,2.7216,Falling,1,0,11.250,326.250,352.500
2521,ClayBrick,0,2.7216,Falling,1,0,33.750,326.250,352.500
2522,ClayBrick,0,2.7216,Falling,1,0,56.250,326.250,352.500
2523,ClayBrick,0,2.7216,Falling,1,0,123.750,326.250,352.500
2524,ClayBrick,0,2.7216,Falling,1,0,146.250,326.250,352.500
2525,ClayBrick,0,2.7216,Falling,1,0,168.750,326.250,352.500
2526,ClayBrick,0,2.7216,Falling,1,0,236.250,326.250,352.500
2527,ClayBrick,0,2.7216,Falling,1,0,258.750,326.250,352.500
2528,ClayBrick,0,2.7216,Falling,1,0,281.250,326.250,352.500
2529,ClayBrick,0,2.7216,Falling,1,0,348.750,326.250,352.500
2530,ClayBrick,0,2.7216,Falling,1,0,371.250,326.250,352.500
2531,ClayBrick,0,2.7216,Falling,1,0,393.750,326.250,352.500
2532,ClayBrick,0,2.7216,Falling,1,0,461.250,326.250,352.500
2533,ClayBrick,0,2.7216,Falling,1,0,483.750,326.250,352.500
2534,ClayBrick,0,2.7216,Falling,1,0,506.250,326.250,352.500
2535,ClayBrick,0,2.7216,Falling,1,0,573.750,326.250,352.500
2536,ClayBrick,0,2.7216,Falling,1,0,596.250,326.250,352.500
2537,ClayBrick,0,2.7216,Falling,1,0,618.750,326.250,352.500
2538,ClayBrick,0,1.2975,Falling,1,0,641.250,326.250,352.500
2539,ClayBrick,0,2.7216,Falling,1,0,0.000,326.250,360.000
2540,ClayBrick,0,2.7216,Falling,1,0,22.500,326.250,360.000
2541,ClayBrick,0,2.7216,Falling,1,0,45.000,326.250,360.000
2542,ClayBrick,0,1.2975,Falling,1,0,67.500,326.250,360.000
2543,ClayBrick,0,1.2975,Falling,1,0,123.750,326.250,360.000
2544,ClayBrick,0,2.7216,Falling,1,0,135.000,326.250,360.000
2545,ClayBrick,0,2.7216,Falling,1,0,157.500,326.250,360.000
2546,ClayBrick,0,1.2975,Falling,1,0,180.000,326.250,360.000
2547,ClayBrick,0,1.2975,Falling,1,0,236.250,326.250,360.000
2548,ClayBrick,0,2.7216,Falling,1,0,247.500,326.250,360.000
2549,ClayBrick,0,2.7216,Falling,1,0,270.000,326.250,360.000
2550,ClayBrick,0,1.2975,Falling,1,0,292.500,326.250,360.000
2551,ClayBrick,0,1.2975,Falling,1,0,348.750,326.250,360.000
2552,ClayBrick,0,2.7216,Falling,1,0,360.000,326.250,360.000
2553,ClayBrick,0,2.7216,Falling,1,0,382.500,326.250,360.000
2554,ClayBrick,0,1.2975,Falling,1,0,405.000,326.250,360.000
2555,ClayBrick,0,1.2975,Falling,1,0,461.250,326.250,360.000
2556,ClayBrick,0,2.7216,Falling,1,0,472.500,326.250,360.000
2557,ClayBrick,0,2.7216,Falling,1,0,495.000,326.250,360.000
2558,ClayBrick,0,1.2975,Falling,1,0,517.500,326.250,360.000
2559,ClayBrick,0,1.2975,Falling,1,0,573.750,326.250,360.000
2560,ClayBrick,0,2.7216,Falling,1,0,585.000,326.250,360.000
2561,ClayBrick,0,2.7216,Falling,1,0,607.500,326.250,360.000
2562,ClayBrick,0,2.7216,Falling,1,0,630.000,326.250,360.000
2563,ClayBrick,0,1.2975,Falling,1,0,0.000,326.250,367.500
2564,ClayBrick,0,2.7216,Falling,1,0,11.250,326.250,367.500
2565,ClayBrick,0,2.7216,Falling,1,0,33.750,326.250,367.500
2566,ClayBrick,0,2.7216,Falling,1,0,56.250,326.250,367.500
2567,ClayBrick,0,2.7216,Falling,1,0,123.750,326.250,367.500
2568,ClayBrick,0,2.7216,Falling,1,0,146.250,326.250,367.500
2569,ClayBrick,0,2.7216,Falling,1,0,168.750,326.250,367.500
2570,ClayBrick,0,2.7216,Falling,1,0,236.250,326.250,367.500
2571,ClayBrick,0,2.7216,Falling,1,0,258.750,326.250,367.500
2572,ClayBrick,0,2.7216,Falling,1,0,281.250,326.250,367.500
2573,ClayBrick,0,2.7216,Falling,1,0,348.750,326.250,367.500
2574,ClayBrick,0,2.7216,Falling,1,0,371.250,326.250,367.500
2575,ClayBrick,0,2.7216,Falling,1,0,393.750,326.250,367.500
2576,ClayBrick,0,2.7216,Falling,1,0,461.250,326.250,367.500
2577,ClayBrick,0,2.7216,Falling,1,0,483.750,326.250,367.500
2578,ClayBrick,0,2.7216,Falling,1,0,506.250,326.250,367.500
2579,ClayBrick,0,2.7216,Falling,1,0,573.750,326.250,367.500
2580,ClayBrick,0,2.7216,Falling,1,0,596.250,326.250,367.500
2581,ClayBrick,0,2.7216,Falling,1,0,618.750,326.250,367.500
2582,ClayBrick,0,1.2975,Falling,1,0,641.250,326.250,367.500
2583,ClayBrick,0,2.7216,Falling,1,0,0.000,326.250,375.000
2584,ClayBrick,0,2.7216,Falling,1,0,22.500,326.250,375.000
2585,ClayBrick,0,2.7216,Falling,1,0,45.000,326.250,375.000
2586,ClayBrick,0,1.2975,Falling,1,0,67.500,326.250,375.000
2587,ClayBrick,0,1.2975,Falling,1,0,123.750,326.250,375.000
2588,ClayBrick,0,2.7216,Falling,1,0,135.000,326.250,375.000
2589,ClayBrick,0,2.7216,Falling,1,0,157.500,326.250,375.000
2590,ClayBrick,0,1.2975,Falling,1,0,180.000,326.250,375.000
2591,ClayBrick,0,1.2975,Falling,1,0,236.250,326.250,375.000
2592,ClayBrick,0,2.7216,Falling,1,0,247.500,326.250,375.000
2593,ClayBrick,0,2.7216,Falling,1,0,270.000,326.250,375.000
2594,ClayBrick,0,1.2975,Falling,1,0,292.500,326.250,375.000
2595,ClayBrick,0,1.2975,Falling,1,0,348.750,326.250,375.000
2596,ClayBrick,0,2.7216,Falling,1,0,360.000,326.250,375.000
2597,ClayBrick,0,2.7216,Falling,1,0,382.500,326.250,375.000
2598,ClayBrick,0,1.2975,Falling,1,0,405.000,326.250,375.000
2599,ClayBrick,0,1.2975,Falling,1,0,461.250,326.250,375.000
2600,ClayBrick,0,2.7216,Falling,1,0,472.500,326.250,375.000
2601,ClayBrick,0,2.7216,Falling,1,0,495.000,326.250,375.000
2602,ClayBrick,0,1.2975,Falling,1,0,517.500,326.250,375.000
2603,ClayBrick,0,1.2975,Falling,1,0,573.750,326.250,375.000
2604,ClayBrick,0,2.7216,Falling,1,0,585.000,326.250,375.000
2605,ClayBrick,0,2.7216,Falling,1,0,607.500,326.250,375.000
2606,ClayBrick,0,2.7216,Falling,1,0,630.000,326.250,375.000
2607,ClayBrick,0,1.2975,Falling,1,0,0.000,326.250,382.500
2608,ClayBrick,0,2.7216,Falling,1,0,11.250,326.250,382.500
2609,ClayBrick,0,2.7216,Falling,1,0,33.750,326.250,382.500
2610,ClayBrick,0,2.7216,Falling,1,0,56.250,326.250,382.500
2611,ClayBrick,0,2.7216,Falling,1,0,123.750,326.250,382.500
2612,ClayBrick,0,2.7216,Falling,1,0,146.250,326.250,382.500
2613,ClayBrick,0,2.7216,Falling,1,0,168.750,326.250,382.500
2614,ClayBrick,0,2.7216,Falling,1,0,236.250,326.250,382.500
2615,ClayBrick,0,2.7216,Falling,1,0,258.750,326.250,382.500
2616,ClayBrick,0,2.7216,Falling,1,0,281.250,326.250,382.500
2617,ClayBrick,0,2.7216,Falling,1,0,348.750,326.250,382.500
2618,ClayBrick,0,2.7216,Falling,1,0,371.250,326.250,382.500
2619,ClayBrick,0,2.7216,Falling,1,0,393.750,326.250,382.500
2620,ClayBrick,0,2.7216,Falling,1,0,461.250,326.250,382.500
2621,ClayBrick,0,2.7216,Falling,1,0,483.750,326.250,382.500
2622,ClayBrick,0,2.7216,Falling,1,0,506.250,326.250,382.500
2623,ClayBrick,0,2.7216,Falling,1,0,573.750,326.250,382.500
2624,ClayBrick,0,2.7216,Falling,1,0,596.250,326.250,382.500
2625,ClayBrick,0,2.7216,Falling,1,0,618.750,326.250,382.500
2626,ClayBrick,0,1.2975,Falling,1,0,641.250,326.250,382.500
2627,ClayBrick,0,2.7216,Falling,1,0,0.000,326.250,390.000
2628,ClayBrick,0,2.7216,Falling,1,0,22.500,326.250,390.000
2629,ClayBrick,0,2.7216,Falling,1,0,45.000,326.250,390.000
2630,ClayBrick,0,1.2975,Falling,1,0,67.500,326.250,390.000
2631,ClayBrick,0,1.2975,Falling,1,0,123.750,326.250,390.000
2632,ClayBrick,0,2.7216,Falling,1,0,135.000,326.250,390.000
2633,ClayBrick,0,2.7216,Falling,1,0,157.500,326.250,390.000
2634,ClayBrick,0,1.2975,Falling,1,0,180.000,326.250,390.000
2635,ClayBrick,0,1.2975,Falling,1,0,236.250,326.250,390.000
2636,ClayBrick,0,2.7216,Falling,1,0,247.500,326.250,390.000
2637,ClayBrick,0,2.7216,Falling,1,0,270.000,326.250,390.000
2638,ClayBrick,0,1.2975,Falling,1,0,292.500,326.250,390.000
2639,ClayBrick,0,1.2975,Falling,1,0,348.750,326.250,390.000
2640,ClayBrick,0,2.7216,Falling,1,0,360.000,326.250,390.000
2641,ClayBrick,0,2.7216,Falling,1,0,382.500,326.250,390.000
2642,ClayBrick,0,1.2975,Falling,1,0,405.000,326.250,390.000
2643,ClayBrick,0,1.2975,Falling,1,0,461.250,326.250,390.000
2644,ClayBrick,0,2.7216,Falling,1,0,472.500,326.250,390.000
2645,ClayBrick,0,2.7216,Falling,1,0,495.000,326.250,390.000
2646,ClayBrick,0,1.2975,Falling,1,0,517.500,326.250,390.000
2647,ClayBrick,0,1.2975,Falling,1,0,573.750,326.250,390.000
2648,ClayBrick,0,2.7216,Falling,1,0,585.000,326.250,390.000
2649,ClayBrick,0,2.7216,Falling,1,0,607.500,326.250,390.000
2650,ClayBrick,0,2.7216,Falling,1,0,630.000,326.250,390.000
2651,ClayBrick,0,1.2975,Falling,1,0,0.000,326.250,397.500
2652,ClayBrick,0,2.7216,Falling,1,0,11.250,326.250,397.500
2653,ClayBrick,0,2.7216,Falling,1,0,33.750,326.250,397.500
2654,ClayBrick,0,2.7216,Falling,1,0,56.250,326.250,397.500
2655,ClayBrick,0,2.7216,Falling,1,0,123.750,326.250,397.500
2656,ClayBrick,0,2.7216,Falling,1,0,146.250,326.250,397.500
2657,ClayBrick,0,2.7216,Falling,1,0,168.750,326.250,397.500
2658,ClayBrick,0,2.7216,Falling,1,0,236.250,326.250,397.500
2659,ClayBrick,0,2.7216,Falling,1,0,258.750,326.250,397.500
2660,ClayBrick,0,2.7216,Falling,1,0,281.250,326.250,397.500
2661,ClayBrick,0,2.7216,Falling,1,0,348.750,326.250,397.500
2662,ClayBrick,0,2.7216,Falling,1,0,371.250,326.250,397.500
2663,ClayBrick,0,2.7216,Falling,1,0,393.750,326.250,397.500
2664,ClayBrick,0,2.7216,Falling,1,0,461.250,326.250,397.500
2665,ClayBrick,0,2.7216,Falling,1,0,483.750,326.250,397.500
2666,ClayBrick,0,2.7216,Falling,1,0,506.250,326.250,397.500
2667,ClayBrick,0,2.7216,Falling,1,0,573.750,326.250,397.500
2668,ClayBrick,0,2.7216,Falling,1,0,596.250,326.250,397.500
2669,ClayBrick,0,2.7216,Falling,1,0,618.750,326.250,397.500
2670,ClayBrick,0,1.2975,Falling,1,0,641.250,326.250,397.500
2671,ClayBrick,0,2.7216,Falling,1,0,0.000,326.250,405.000
2672,ClayBrick,0,2.7216,Falling,1,0,22.500,326.250,405.000
2673,ClayBrick,0,1.2975,Falling,1,0,45.000,326.250,405.000
2674,ClayBrick,0,1.2975,Falling,1,0,146.250,326.250,405.000
2675,ClayBrick,0,1.2975,Falling,1,0,157.500,326.250,405.000
2676,ClayBrick,0,1.2975,Falling,1,0,258.750,326.250,405.000
2677,ClayBrick,0,1.2975,Falling,1,0,270.000,326.250,405.000
2678,ClayBrick,0,1.2975,Falling,1,0,371.250,326.250,405.000
2679,ClayBrick,0,1.2975,Falling,1,0,382.500,326.250,405.000
2680,ClayBrick,0,1.2975,Falling,1,0,483.750,326.250,405.000
2681,ClayBrick,0,1.2975,Falling,1,0,495.000,326.250,405.000
2682,ClayBrick,0,1.2975,Falling,1,0,596.250,326.250,405.000
2683,ClayBrick,0,2.7216,Falling,1,0,607.500,326.250,405.000
2684,ClayBrick,0,2.7216,Falling,1,0,630.000,326.250,405.000
2685,Timber,0,5.3640,Falling,1,0,56.250,326.250,405.000
2686,Timber,0,5.3640,Falling,1,0,168.750,326.250,405.000
2687,Timber,0,5.3640,Falling,1,0,281.250,326.250,405.000
2688,Timber,0,5.3640,Falling,1,0,393.750,326.250,405.000
2689,Timber,0,5.3640,Falling,1,0,506.250,326.250,405.000
2690,ClayBrick,0,1.2975,Falling,1,0,0.000,326.250,412.500
2691,ClayBrick,0,2.7216,Falling,1,0,11.250,326.250,412.500
2692,ClayBrick,0,2.7216,Falling,1,0,33.750,326.250,412.500
2693,ClayBrick,0,2.7216,Falling,1,0,146.250,326.250,412.500
2694,ClayBrick,0,2.7216,Falling,1,0,258.750,326.250,412.500
2695,ClayBrick,0,2.7216,Falling,1,0,371.250,326.250,412.500
2696,ClayBrick,0,2.7216,Falling,1,0,483.750,326.250,412.500
2697,ClayBrick,0,2.7216,Falling,1,0,596.250,326.250,412.500
2698,ClayBrick,0,2.7216,Falling,1,0,618.750,326.250,412.500
2699,ClayBrick,0,1.2975,Falling,1,0,641.250,326.250,412.500
2700,ClayBrick,0,2.7216,Falling,1,0,0.000,326.250,420.000
2701,ClayBrick,0,2.7216,Falling,1,0,22.500,326.250,420.000
2702,ClayBrick,0,2.7216,Falling,1,0,45.000,326.250,420.000
2703,ClayBrick,0,2.7216,Falling,1,0,67.500,326.250,420.000
2704,ClayBrick,0,2.7216,Falling,1,0,90.000,326.250,420.000
2705,ClayBrick,0,2.7216,Falling,1,0,112.500,326.250,420.000
2706,ClayBrick,0,2.7216,Falling,1,0,135.000,326.250,420.000
2707,ClayBrick,0,2.7216,Falling,1,0,157.500,326.250,420.000
2708,ClayBrick,0,2.7216,Falling,1,0,180.000,326.250,420.000
2709,ClayBrick,0,2.7216,Falling,1,0,202.500,326.250,420.000
2710,ClayBrick,0,2.7216,Falling,1,0,225.000,326.250,420.000
2711,ClayBrick,0,2.7216,Falling,1,0,247.500,326.250,420.000
2712,ClayBrick,0,2.7216,Falling,1,0,270.000,326.250,420.000
2713,ClayBrick,0,2.7216,Falling,1,0,292.500,326.250,420.000
2714,ClayBrick,0,2.7216,Falling,1,0,315.000,326.250,420.000
2715,ClayBrick,0,2.7216,Falling,1,0,337.500,326.250,420.000
2716,ClayBrick,0,2.7216,Falling,1,0,360.000,326.250,420.000
2717,ClayBrick,0,2.7216,Falling,1,0,382.500,326.250,420.000
2718,ClayBrick,0,2.7216,Falling,1,0,405.000,326.250,420.000
2719,ClayBrick,0,2.7216,Falling,1,0,427.500,326.250,420.000
2720,ClayBrick,0,2.7216,Falling,1,0,450.000,326.250,420.000
2721,ClayBrick,0,2.7216,Falling,1,0,472.500,326.250,420.000
2722,ClayBrick,0,2.7216,Falling,1,0,495.000,326.250,420.000
2723,ClayBrick,0,2.7216,Falling,1,0,517.500,326.250,420.000
2724,ClayBrick,0,2.7216,Falling,1,0,540.000,326.250,420.000
2725,ClayBrick,0,2.7216,Falling,1,0,562.500,326.250,420.000
2726,ClayBrick,0,2.7216,Falling,1,0,585.000,326.250,420.000
2727,ClayBrick,0,2.7216,Falling,1,0,607.500,326.250,420.000
2728,ClayBrick,0,2.7216,Falling,1,0,630.000,326.250,420.000
2729,ClayBrick,0,1.2975,Falling,1,0,0.000,326.250,427.500
2730,ClayBrick,0,2.7216,Falling,1,0,11.250,326.250,427.500
2731,ClayBrick,0,2.7216,Falling,1,0,33.750,326.250,427.500
2732,ClayBrick,0,2.7216,Falling,1,0,56.250,326.250,427.500
2733,ClayBrick,0,2.7216,Falling,1,0,78.750,326.250,427.500
2734,ClayBrick,0,2.7216,Falling,1,0,101.250,326.250,427.500
2735,ClayBrick,0,2.7216,Falling,1,0,123.750,326.250,427.500
2736,ClayBrick,0,2.7216,Falling,1,0,146.250,326.250,427.500
2737,ClayBrick,0,2.7216,Falling,1,0,168.750,326.250,427.500
2738,ClayBrick,0,2.7216,Falling,1,0,191.250,326.250,427.500
2739,ClayBrick,0,2.7216,Falling,1,0,213.750,326.250,427.500
2740,ClayBrick,0,2.7216,Falling,1,0,236.250,326.250,427.500
2741,ClayBrick,0,2.7216,Falling,1,0,258.750,326.250,427.500
2742,ClayBrick,0,2.7216,Falling,1,0,281.250,326.250,427.500
2743,ClayBrick,0,2.7216,Falling,1,0,303.750,326.250,427.500
2744,ClayBrick,0,2.7216,Falling,1,0,326.250,326.250,427.500
2745,ClayBrick,0,2.7216,Falling,1,0,348.750,326.250,427.500
2746,ClayBrick,0,2.7216,Falling,1,0,371.250,326.250,427.500
2747,ClayBrick,0,2.7216,Falling,1,0,393.750,326.250,427.500
2748,ClayBrick,0,2.7216,Falling,1,0,416.250,326.250,427.500
2749,ClayBrick,0,2.7216,Falling,1,0,438.750,326.250,427.500
2750,ClayBrick,0,2.7216,Falling,1,0,461.250,326.250,427.500
2751,ClayBrick,0,2.7216,Falling,1,0,483.750,326.250,427.500
2752,ClayBrick,0,2.7216,Falling,1,0,506.250,326.250,427.500
2753,ClayBrick,0,2.7216,Falling,1,0,528.750,326.250,427.500
2754,ClayBrick,0,2.7216,Falling,1,0,551.250,326.250,427.500
2755,ClayBrick,0,2.7216,Falling,1,0,573.750,326.250,427.500
2756,ClayBrick,0,2.7216,Falling,1,0,596.250,326.250,427.500
2757,ClayBrick,0,2.7216,Falling,1,0,618.750,326.250,427.500
2758,ClayBrick,0,1.2975,Falling,1,0,641.250,326.250,427.500
2759,ClayBrick,0,2.7216,Falling,1,0,0.000,326.250,435.000
2760,ClayBrick,0,2.7216,Falling,1,0,22.500,326.250,435.000
2761,ClayBrick,0,2.7216,Falling,1,0,45.000,326.250,435.000
2762,ClayBrick,0,2.7216,Falling,1,0,67.500,326.250,435.000
2763,ClayBrick,0,2.7216,Falling,1,0,90.000,326.250,435.000
2764,ClayBrick,0,2.7216,Falling,1,0,112.500,326.250,435.000
2765,ClayBrick,0,2.7216,Falling,1,0,135.000,326.250,435.000
2766,ClayBrick,0,2.7216,Falling,1,0,157.500,326.250,435.000
2767,ClayBrick,0,2.7216,Falling,1,0,180.000,326.250,435.000
2768,ClayBrick,0,2.7216,Falling,1,0,202.500,326.250,435.000
2769,ClayBrick,0,2.7216,Falling,1,0,225.000,326.250,435.000
2770,ClayBrick,0,2.7216,Falling,1,0,247.500,326.250,435.000
2771,ClayBrick,0,2.7216,Falling,1,0,270.000,326.250,435.000
2772,ClayBrick,0,2.7216,Falling,1,0,292.500,326.250,435.000
2773,ClayBrick,0,2.7216,Falling,1,0,315.000,326.250,435.000
2774,ClayBrick,0,2.7216,Falling,1,0,337.500,326.250,435.000
2775,ClayBrick,0,2.7216,Falling,1,0,360.000,326.250,435.000
2776,ClayBrick,0,2.7216,Falling,1,0,382.500,326.250,435.000
2777,ClayBrick,0,2.7216,Falling,1,0,405.000,326.250,435.000
2778,ClayBrick,0,2.7216,Falling,1,0,427.500,326.250,435.000
2779,ClayBrick,0,2.7216,Falling,1,0,450.000,326.250,435.000
2780,ClayBrick,0,2.7216,Falling,1,0,472.500,326.250,435.000
2781,ClayBrick,0,2.7216,Falling,1,0,495.000,326.250,435.000
2782,ClayBrick,0,2.7216,Falling,1,0,517.500,326.250,435.000
2783,ClayBrick,0,2.7216,Falling,1,0,540.000,326.250,435.000
2784,ClayBrick,0,2.7216,Falling,1,0,562.500,326.250,435.000
2785,ClayBrick,0,2.7216,Falling,1,0,585.000,326.250,435.000
2786,ClayBrick,0,2.7216,Falling,1,0,607.500,326.250,435.000
2787,ClayBrick,0,2.7216,Falling,1,0,630.000,326.250,435.000
2788,ClayBrick,0,1.2975,Falling,1,0,0.000,326.250,442.500
2789,ClayBrick,0,2.7216,Falling,1,0,11.250,326.250,442.500
2790,ClayBrick,0,2.7216,Falling,1,0,33.750,326.250,442.500
2791,ClayBrick,0,2.7216,Falling,1,0,56.250,326.250,442.500
2792,ClayBrick,0,2.7216,Falling,1,0,78.750,326.250,442.500
2793,ClayBrick,0,2.7216,Falling,1,0,101.250,326.250,442.500
2794,ClayBrick,0,2.7216,Falling,1,0,123.750,326.250,442.500
2795,ClayBrick,0,2.7216,Falling,1,0,146.250,326.250,442.500
2796,ClayBrick,0,2.7216,Falling,1,0,168.750,326.250,442.500
2797,ClayBrick,0,2.7216,Falling,1,0,191.250,326.250,442.500
2798,ClayBrick,0,2.7216,Falling,1,0,213.750,326.250,442.500
2799,ClayBrick,0,2.7216,Falling,1,0,236.250,326.250,442.500
2800,ClayBrick,0,2.7216,Falling,1,0,258.750,326.250,442.500
2801,ClayBrick,0,2.7216,Falling,1,0,281.250,326.250,442.500
2802,ClayBrick,0,2.7216,Falling,1,0,303.750,326.250,442.500
2803,ClayBrick,0,2.7216,Falling,1,0,326.250,326.250,442.500
2804,ClayBrick,0,2.7216,Falling,1,0,348.750,326.250,442.500
2805,ClayBrick,0,2.7216,Falling,1,0,371.250,326.250,442.500
2806,ClayBrick,0,2.7216,Falling,1,0,393.750,326.250,442.500
2807,ClayBrick,0,2.7216,Falling,1,0,416.250,326.250,442.500
2808,ClayBrick,0,2.7216,Falling,1,0,438.750,326.250,442.500
2809,ClayBrick,0,2.7216,Falling,1,0,461.250,326.250,442.500
2810,ClayBrick,0,2.7216,Falling,1,0,483.750,326.250,442.500
2811,ClayBrick,0,2.7216,Falling,1,0,506.250,326.250,442.500
2812,ClayBrick,0,2.7216,Falling,1,0,528.750,326.250,442.500
2813,ClayBrick,0,2.7216,Falling,1,0,551.250,326.250,442.500
2814,ClayBrick,0,2.7216,Falling,1,0,573.750,326.250,442.500
2815,ClayBrick,0,2.7216,Falling,1,0,596.250,326.250,442.500
2816,ClayBrick,0,2.7216,Falling,1,0,618.750,326.250,442.500
2817,ClayBrick,0,1.2975,Falling,1,0,641.250,326.250,442.500
2818,ClayBrick,0,2.7216,Falling,1,0,0.000,326.250,450.000
2819,ClayBrick,0,2.7216,Falling,1,0,22.500,326.250,450.000
2820,ClayBrick,0,2.7216,Falling,1,0,45.000,326.250,450.000
2821,ClayBrick,0,2.7216,Falling,1,0,67.500,326.250,450.000
2822,ClayBrick,0,2.7216,Falling,1,0,90.000,326.250,450.000
2823,ClayBrick,0,2.7216,Falling,1,0,112.500,326.250,450.000
2824,ClayBrick,0,2.7216,Falling,1,0,135.000,326.250,450.000
2825,ClayBrick,0,2.7216,Falling,1,0,157.500,326.250,450.000
2826,ClayBrick,0,2.7216,Falling,1,0,180.000,326.250,450.000
2827,ClayBrick,0,2.7216,Falling,1,0,202.500,326.250,450.000
2828,ClayBrick,0,2.7216,Falling,1,0,225.000,326.250,450.000
2829,ClayBrick,0,2.7216,Falling,1,0,247.500,326.250,450.000
2830,ClayBrick,0,2.7216,Falling,1,0,270.000,326.250,450.000
2831,ClayBrick,0,2.7216,Falling,1,0,292.500,326.250,450.000
2832,ClayBrick,0,2.7216,Falling,1,0,315.000,326.250,450.000
2833,ClayBrick,0,2.7216,Falling,1,0,337.500,326.250,450.000
2834,ClayBrick,0,2.7216,Falling,1,0,360.000,326.250,450.000
2835,ClayBrick,0,2.7216,Falling,1,0,382.500,326.250,450.000
2836,ClayBrick,0,2.7216,Falling,1,0,405.000,326.250,450.000
2837,ClayBrick,0,2.7216,Falling,1,0,427.500,326.250,450.000
2838,ClayBrick,0,2.7216,Falling,1,0,450.000,326.250,450.000
2839,ClayBrick,0,2.7216,Falling,1,0,472.500,326.250,450.000
2840,ClayBrick,0,2.7216,Falling,1,0,495.000,326.250,450.000
2841,ClayBrick,0,2.7216,Falling,1,0,517.500,326.250,450.000
2842,ClayBrick,0,2.7216,Falling,1,0,540.000,326.250,450.000
2843,ClayBrick,0,2.7216,Falling,1,0,562.500,326.250,450.000
2844,ClayBrick,0,2.7216,Falling,1,0,585.000,326.250,450.000
2845,ClayBrick,0,2.7216,Falling,1,0,607.500,326.250,450.000
2846,ClayBrick,0,2.7216,Falling,1,0,630.000,326.250,450.000
2847,ClayBrick,0,1.2975,Falling,1,0,0.000,326.250,457.500
2848,ClayBrick,0,2.7216,Falling,1,0,11.250,326.250,457.500
2849,ClayBrick,0,2.7216,Falling,1,0,33.750,326.250,457.500
2850,ClayBrick,0,2.7216,Falling,1,0,56.250,326.250,457.500
2851,ClayBrick,0,2.7216,Falling,1,0,78.750,326.250,457.500
2852,ClayBrick,0,2.7216,Falling,1,0,101.250,326.250,457.500
2853,ClayBrick,0,2.7216,Falling,1,0,123.750,326.250,457.500
2854,ClayBrick,0,2.7216,Falling,1,0,146.250,326.250,457.500
2855,ClayBrick,0,2.7216,Falling,1,0,168.750,326.250,457.500
2856,ClayBrick,0,2.7216,Falling,1,0,191.250,326.250,457.500
2857,ClayBrick,0,2.7216,Falling,1,0,213.750,326.250,457.500
2858,ClayBrick,0,2.7216,Falling,1,0,236.250,326.250,457.500
2859,ClayBrick,0,2.7216,Falling,1,0,258.750,326.250,457.500
2860,ClayBrick,0,2.7216,Falling,1,0,281.250,326.250,457.500
2861,ClayBrick,0,2.7216,Falling,1,0,303.750,326.250,457.500
2862,ClayBrick,0,2.7216,Falling,1,0,326.250,326.250,457.500
2863,ClayBrick,0,2.7216,Falling,1,0,348.750,326.250,457.500
2864,ClayBrick,0,2.7216,Falling,1,0,371.250,326.250,457.500
2865,ClayBrick,0,2.7216,Falling,1,0,393.750,326.250,457.500
2866,ClayBrick,0,2.7216,Falling,1,0,416.250,326.250,457.500
2867,ClayBrick,0,2.7216,Falling,1,0,438.750,326.250,457.500
2868,ClayBrick,0,2.7216,Falling,1,0,461.250,326.250,457.500
2869,ClayBrick,0,2.7216,Falling,1,0,483.750,326.250,457.500
2870,ClayBrick,0,2.7216,Falling,1,0,506.250,326.250,457.500
2871,ClayBrick,0,2.7216,Falling,1,0,528.750,326.250,457.500
2872,ClayBrick,0,2.7216,Falling,1,0,551.250,326.250,457.500
2873,ClayBrick,0,2.7216,Falling,1,0,573.750,326.250,457.500
2874,ClayBrick,0,2.7216,Falling,1,0,596.250,326.250,457.500
2875,ClayBrick,0,2.7216,Falling,1,0,618.750,326.250,457.500
2876,ClayBrick,0,1.2975,Falling,1,0,641.250,326.250,457.500
2877,StructuralConcrete,0,22.5456,Falling,1,0,0.000,326.250,465.000
2878,StructuralConcrete,0,22.5456,Falling,1,0,45.000,326.250,465.000
2879,StructuralConcrete,0,22.5456,Falling,1,0,90.000,326.250,465.000
2880,StructuralConcrete,0,22.5456,Falling,1,0,135.000,326.250,465.000
2881,StructuralConcrete,0,22.5456,Falling,1,0,180.000,326.250,465.000
2882,StructuralConcrete,0,22.5456,Falling,1,0,225.000,326.250,465.000
2883,StructuralConcrete,0,22.5456,Falling,1,0,270.000,326.250,465.000
2884,StructuralConcrete,0,22.5456,Falling,1,0,315.000,326.250,465.000
2885,StructuralConcrete,0,22.5456,Falling,1,0,360.000,326.250,465.000
2886,StructuralConcrete,0,22.5456,Falling,1,0,405.000,326.250,465.000
2887,StructuralConcrete,0,22.5456,Falling,1,0,450.000,326.250,465.000
2888,StructuralConcrete,0,22.5456,Falling,1,0,495.000,326.250,465.000
2889,StructuralConcrete,0,22.5456,Falling,1,0,540.000,326.250,465.000
2890,StructuralConcrete,0,22.5456,Falling,1,0,585.000,326.250,465.000
2891,StructuralConcrete,0,11.0166,Falling,1,0,630.000,326.250,465.000
2892,StructuralConcrete,1,15.1536,Grounded,0,0,0.000,11.250,-0.000
2893,StructuralConcrete,1,15.1536,Grounded,0,0,0.000,56.250,-0.000
2894,StructuralConcrete,1,15.1536,Grounded,0,0,0.000,101.250,-0.000
2895,StructuralConcrete,1,15.1536,Grounded,0,0,0.000,146.250,-0.000
2896,StructuralConcrete,1,15.1536,Grounded,0,0,0.000,191.250,-0.000
2897,StructuralConcrete,1,15.1536,Grounded,0,0,0.000,236.250,-0.000
2898,StructuralConcrete,1,15.1536,Grounded,0,0,0.000,281.250,-0.000
2899,ClayBrick,0,2.7216,Supported,0,0,0.000,11.250,15.000
2900,ClayBrick,0,2.7216,Supported,0,0,0.000,33.750,15.000
2901,ClayBrick,0,2.7216,Supported,0,0,0.000,56.250,15.000
2902,ClayBrick,0,2.7216,Supported,0,0,0.000,78.750,15.000
2903,ClayBrick,0,2.7216,Supported,0,0,0.000,101.250,15.000
2904,ClayBrick,0,2.7216,Supported,0,0,0.000,123.750,15.000
2905,ClayBrick,0,2.7216,Supported,0,0,0.000,146.250,15.000
2906,ClayBrick,0,2.7216,Supported,0,0,0.000,168.750,15.000
2907,ClayBrick,0,2.7216,Supported,0,0,0.000,191.250,15.000
2908,ClayBrick,0,2.7216,Supported,0,0,0.000,213.750,15.000
2909,ClayBrick,0,2.7216,Supported,0,0,0.000,236.250,15.000
2910,ClayBrick,0,2.7216,Supported,0,0,0.000,258.750,15.000
2911,ClayBrick,0,2.7216,Supported,0,0,0.000,281.250,15.000
2912,ClayBrick,0,2.7216,Supported,0,0,0.000,303.750,15.000
2913,ClayBrick,0,1.2975,Supported,0,0,0.000,11.250,22.500
2914,ClayBrick,0,2.7216,Supported,0,0,0.000,22.500,22.500
2915,ClayBrick,0,2.7216,Supported,0,0,0.000,45.000,22.500
2916,ClayBrick,0,2.7216,Supported,0,0,0.000,67.500,22.500
2917,ClayBrick,0,2.7216,Supported,0,0,0.000,90.000,22.500
2918,ClayBrick,0,2.7216,Supported,0,0,0.000,112.500,22.500
2919,ClayBrick,0,2.7216,Supported,0,0,0.000,135.000,22.500
2920,ClayBrick,0,2.7216,Supported,0,0,0.000,157.500,22.500
2921,ClayBrick,0,2.7216,Supported,0,0,0.000,180.000,22.500
2922,ClayBrick,0,2.7216,Supported,0,0,0.000,202.500,22.500
2923,ClayBrick,0,2.7216,Supported,0,0,0.000,225.000,22.500
2924,ClayBrick,0,2.7216,Supported,0,0,0.000,247.500,22.500
2925,ClayBrick,0,2.7216,Supported,0,0,0.000,270.000,22.500
2926,ClayBrick,0,2.7216,Supported,0,0,0.000,292.500,22.500
2927,ClayBrick,0,1.2975,Supported,0,0,0.000,315.000,22.500
2928,ClayBrick,0,2.7216,Supported,0,0,0.000,11.250,30.000
2929,ClayBrick,0,2.7216,Supported,0,0,0.000,33.750,30.000
2930,ClayBrick,0,2.7216,Supported,0,0,0.000,56.250,30.000
2931,ClayBrick,0,2.7216,Supported,0,0,0.000,78.750,30.000
2932,ClayBrick,0,2.7216,Supported,0,0,0.000,101.250,30.000
2933,ClayBrick,0,2.7216,Supported,0,0,0.000,123.750,30.000
2934,ClayBrick,0,2.7216,Supported,0,0,0.000,146.250,30.000
2935,ClayBrick,0,2.7216,Supported,0,0,0.000,168.750,30.000
2936,ClayBrick,0,2.7216,Supported,0,0,0.000,191.250,30.000
2937,ClayBrick,0,2.7216,Supported,0,0,0.000,213.750,30.000
2938,ClayBrick,0,2.7216,Supported,0,0,0.000,236.250,30.000
2939,ClayBrick,0,2.7216,Supported,0,0,0.000,258.750,30.000
2940,ClayBrick,0,2.7216,Supported,0,0,0.000,281.250,30.000
2941,ClayBrick,0,2.7216,Supported,0,0,0.000,303.750,30.000
2942,ClayBrick,0,1.2975,Supported,0,0,0.000,11.250,37.500
2943,ClayBrick,0,2.7216,Supported,0,0,0.000,22.500,37.500
2944,ClayBrick,0,2.7216,Supported,0,0,0.000,45.000,37.500
2945,ClayBrick,0,2.7216,Supported,0,0,0.000,67.500,37.500
2946,ClayBrick,0,2.7216,Supported,0,0,0.000,90.000,37.500
2947,ClayBrick,0,2.7216,Supported,0,0,0.000,112.500,37.500
2948,ClayBrick,0,2.7216,Supported,0,0,0.000,135.000,37.500
2949,ClayBrick,0,2.7216,Supported,0,0,0.000,157.500,37.500
2950,ClayBrick,0,2.7216,Supported,0,0,0.000,180.000,37.500
2951,ClayBrick,0,2.7216,Supported,0,0,0.000,202.500,37.500
2952,ClayBrick,0,2.7216,Supported,0,0,0.000,225.000,37.500
2953,ClayBrick,0,2.7216,Supported,0,0,0.000,247.500,37.500
2954,ClayBrick,0,2.7216,Supported,0,0,0.000,270.000,37.500
2955,ClayBrick,0,2.7216,Supported,0,0,0.000,292.500,37.500
2956,ClayBrick,0,1.2975,Supported,0,0,0.000,315.000,37.500
2957,ClayBrick,0,2.7216,Supported,0,0,0.000,11.250,45.000
2958,ClayBrick,0,2.7216,Supported,0,0,0.000,33.750,45.000
2959,ClayBrick,0,2.7216,Supported,0,0,0.000,56.250,45.000
2960,ClayBrick,0,2.7216,Supported,0,0,0.000,78.750,45.000
2961,ClayBrick,0,2.7216,Supported,0,0,0.000,101.250,45.000
2962,ClayBrick,0,2.7216,Supported,0,0,0.000,123.750,45.000
2963,ClayBrick,0,2.7216,Supported,0,0,0.000,146.250,45.000
2964,ClayBrick,0,2.7216,Supported,0,0,0.000,168.750,45.000
2965,ClayBrick,0,2.7216,Supported,0,0,0.000,191.250,45.000
2966,ClayBrick,0,2.7216,Supported,0,0,0.000,213.750,45.000
2967,ClayBrick,0,2.7216,Supported,0,0,0.000,236.250,45.000
2968,ClayBrick,0,2.7216,Supported,0,0,0.000,258.750,45.000
2969,ClayBrick,0,2.7216,Supported,0,0,0.000,281.250,45.000
2970,ClayBrick,0,2.7216,Supported,0,0,0.000,303.750,45.000
2971,ClayBrick,0,1.2975,Supported,0,0,0.000,11.250,52.500
2972,ClayBrick,0,2.7216,Supported,0,0,0.000,22.500,52.500
2973,ClayBrick,0,2.7216,Supported,0,0,0.000,45.000,52.500
2974,ClayBrick,0,2.7216,Supported,0,0,0.000,135.000,52.500
2975,ClayBrick,0,2.7216,Supported,0,0,0.000,157.500,52.500
2976,ClayBrick,0,2.7216,Supported,0,0,0.000,180.000,52.500
2977,ClayBrick,0,2.7216,Supported,0,0,0.000,270.000,52.500
2978,ClayBrick,0,2.7216,Supported,0,0,0.000,292.500,52.500
2979,ClayBrick,0,1.2975,Supported,0,0,0.000,315.000,52.500
2980,StructuralConcrete,0,10.6333,Supported,0,0,0.000,67.500,52.500
2981,StructuralConcrete,0,10.6333,Supported,0,0,0.000,202.500,52.500
2982,ClayBrick,0,2.7216,Supported,0,0,0.000,11.250,60.000
2983,ClayBrick,0,2.7216,Supported,0,0,0.000,33.750,60.000
2984,ClayBrick,0,2.7216,Supported,0,0,0.000,56.250,60.000
2985,ClayBrick,0,2.7216,Supported,0,0,0.000,123.750,60.000
2986,ClayBrick,0,2.7216,Supported,0,0,0.000,146.250,60.000
2987,ClayBrick,0,2.7216,Supported,0,0,0.000,168.750,60.000
2988,ClayBrick,0,2.7216,Supported,0,0,0.000,191.250,60.000
2989,ClayBrick,0,2.7216,Supported,0,0,0.000,258.750,60.000
2990,ClayBrick,0,2.7216,Supported,0,0,0.000,281.250,60.000
2991,ClayBrick,0,2.7216,Supported,0,0,0.000,303.750,60.000
2992,ClayBrick,0,1.2975,Supported,0,0,0.000,11.250,67.500
2993,ClayBrick,0,2.7216,Supported,0,0,0.000,22.500,67.500
2994,ClayBrick,0,2.7216,Supported,0,0,0.000,45.000,67.500
2995,ClayBrick,0,1.2975,Supported,0,0,0.000,67.500,67.500
2996,ClayBrick,0,1.2975,Supported,0,0,0.000,123.750,67.500
2997,ClayBrick,0,2.7216,Supported,0,0,0.000,135.000,67.500
2998,ClayBrick,0,2.7216,Supported,0,0,0.000,157.500,67.500
2999,ClayBrick,0,2.7216,Supported,0,0,0.000,180.000,67.500
3000,ClayBrick,0,1.2975,Supported,0,0,0.000,202.500,67.500
3001,ClayBrick,0,1.2975,Supported,0,0,0.000,258.750,67.500
3002,ClayBrick,0,2.7216,Supported,0,0,0.000,270.000,67.500
3003,ClayBrick,0,2.7216,Supported,0,0,0.000,292.500,67.500
3004,ClayBrick,0,1.2975,Supported,0,0,0.000,315.000,67.500
3005,ClayBrick,0,2.7216,Supported,0,0,0.000,11.250,75.000
3006,ClayBrick,0,2.7216,Supported,0,0,0.000,33.750,75.000
3007,ClayBrick,0,2.7216,Supported,0,0,0.000,56.250,75.000
3008,ClayBrick,0,2.7216,Supported,0,0,0.000,123.750,75.000
3009,ClayBrick,0,2.7216,Supported,0,0,0.000,146.250,75.000
3010,ClayBrick,0,2.7216,Supported,0,0,0.000,168.750,75.000
3011,ClayBrick,0,2.7216,Supported,0,0,0.000,191.250,75.000
3012,ClayBrick,0,2.7216,Supported,0,0,0.000,258.750,75.000
3013,ClayBrick,0,2.7216,Supported,0,0,0.000,281.250,75.000
3014,ClayBrick,0,2.7216,Supported,0,0,0.000,303.750,75.000
3015,ClayBrick,0,1.2975,Supported,0,0,0.000,11.250,82.500
3016,ClayBrick,0,2.7216,Supported,0,0,0.000,22.500,82.500
3017,ClayBrick,0,2.7216,Supported,0,0,0.000,45.000,82.500
3018,ClayBrick,0,1.2975,Supported,0,0,0.000,67.500,82.500
3019,ClayBrick,0,1.2975,Supported,0,0,0.000,123.750,82.500
3020,ClayBrick,0,2.7216,Supported,0,0,0.000,135.000,82.500
3021,ClayBrick,0,2.7216,Supported,0,0,0.000,157.500,82.500
3022,ClayBrick,0,2.7216,Supported,0,0,0.000,180.000,82.500
3023,ClayBrick,0,1.2975,Supported,0,0,0.000,202.500,82.500
3024,ClayBrick,0,1.2975,Supported,0,0,0.000,258.750,82.500
3025,ClayBrick,0,2.7216,Supported,0,0,0.000,270.000,82.500
3026,ClayBrick,0,2.7216,Supported,0,0,0.000,292.500,82.500
3027,ClayBrick,0,1.2975,Supported,0,0,0.000,315.000,82.500
3028,ClayBrick,0,2.7216,Supported,0,0,0.000,11.250,90.000
3029,ClayBrick,0,2.7216,Supported,0,0,0.000,33.750,90.000
3030,ClayBrick,0,2.7216,Supported,0,0,0.000,56.250,90.000
3031,ClayBrick,0,2.7216,Supported,0,0,0.000,123.750,90.000
3032,ClayBrick,0,2.7216,Supported,0,0,0.000,146.250,90.000
3033,ClayBrick,0,2.7216,Supported,0,0,0.000,168.750,90.000
3034,ClayBrick,0,2.7216,Supported,0,0,0.000,191.250,90.000
3035,ClayBrick,0,2.7216,Supported,0,0,0.000,258.750,90.000
3036,ClayBrick,0,2.7216,Supported,0,0,0.000,281.250,90.000
3037,ClayBrick,0,2.7216,Supported,0,0,0.000,303.750,90.000
3038,ClayBrick,0,1.2975,Supported,0,0,0.000,11.250,97.500
3039,ClayBrick,0,2.7216,Supported,0,0,0.000,22.500,97.500
3040,ClayBrick,0,2.7216,Supported,0,0,0.000,45.000,97.500
3041,ClayBrick,0,1.2975,Supported,0,0,0.000,67.500,97.500
3042,ClayBrick,0,1.2975,Supported,0,0,0.000,123.750,97.500
3043,ClayBrick,0,2.7216,Supported,0,0,0.000,135.000,97.500
3044,ClayBrick,0,2.7216,Supported,0,0,0.000,157.500,97.500
3045,ClayBrick,0,2.7216,Supported,0,0,0.000,180.000,97.500
3046,ClayBrick,0,1.2975,Supported,0,0,0.000,202.500,97.500
3047,ClayBrick,0,1.2975,Supported,0,0,0.000,258.750,97.500
3048,ClayBrick,0,2.7216,Supported,0,0,0.000,270.000,97.500
3049,ClayBrick,0,2.7216,Supported,0,0,0.000,292.500,97.500
3050,ClayBrick,0,1.2975,Supported,0,0,0.000,315.000,97.500
3051,ClayBrick,0,2.7216,Supported,0,0,0.000,11.250,105.000
3052,ClayBrick,0,2.7216,Supported,0,0,0.000,33.750,105.000
3053,ClayBrick,0,2.7216,Supported,0,0,0.000,56.250,105.000
3054,ClayBrick,0,2.7216,Supported,0,0,0.000,123.750,105.000
3055,ClayBrick,0,2.7216,Supported,0,0,0.000,146.250,105.000
3056,ClayBrick,0,2.7216,Supported,0,0,0.000,168.750,105.000
3057,ClayBrick,0,2.7216,Supported,0,0,0.000,191.250,105.000
3058,ClayBrick,0,2.7216,Supported,0,0,0.000,258.750,105.000
3059,ClayBrick,0,2.7216,Supported,0,0,0.000,281.250,105.000
3060,ClayBrick,0,2.7216,Supported,0,0,0.000,303.750,105.000
3061,ClayBrick,0,1.2975,Supported,0,0,0.000,11.250,112.500
3062,ClayBrick,0,2.7216,Supported,0,0,0.000,22.500,112.500
3063,ClayBrick,0,2.7216,Supported,0,0,0.000,45.000,112.500
3064,ClayBrick,0,1.2975,Supported,0,0,0.000,67.500,112.500
3065,ClayBrick,0,1.2975,Supported,0,0,0.000,123.750,112.500
3066,ClayBrick,0,2.7216,Supported,0,0,0.000,135.000,112.500
3067,ClayBrick,0,2.7216,Supported,0,0,0.000,157.500,112.500
3068,ClayBrick,0,2.7216,Supported,0,0,0.000,180.000,112.500
3069,ClayBrick,0,1.2975,Supported,0,0,0.000,202.500,112.500
3070,ClayBrick,0,1.2975,Supported,0,0,0.000,258.750,112.500
3071,ClayBrick,0,2.7216,Supported,0,0,0.000,270.000,112.500
3072,ClayBrick,0,2.7216,Supported,0,0,0.000,292.500,112.500
3073,ClayBrick,0,1.2975,Supported,0,0,0.000,315.000,112.500
3074,ClayBrick,0,2.7216,Supported,0,0,0.000,11.250,120.000
3075,ClayBrick,0,2.7216,Supported,0,0,0.000,33.750,120.000
3076,ClayBrick,0,2.7216,Supported,0,0,0.000,56.250,120.000
3077,ClayBrick,0,2.7216,Supported,0,0,0.000,123.750,120.000
3078,ClayBrick,0,2.7216,Supported,0,0,0.000,146.250,120.000
3079,ClayBrick,0,2.7216,Supported,0,0,0.000,168.750,120.000
3080,ClayBrick,0,2.7216,Supported,0,0,0.000,191.250,120.000
3081,ClayBrick,0,2.7216,Supported,0,0,0.000,258.750,120.000
3082,ClayBrick,0,2.7216,Supported,0,0,0.000,281.250,120.000
3083,ClayBrick,0,2.7216,Supported,0,0,0.000,303.750,120.000
3084,ClayBrick,0,1.2975,Supported,0,0,0.000,11.250,127.500
3085,ClayBrick,0,2.7216,Supported,0,0,0.000,22.500,127.500
3086,ClayBrick,0,2.7216,Supported,0,0,0.000,45.000,127.500
3087,ClayBrick,0,1.2975,Supported,0,0,0.000,67.500,127.500
3088,ClayBrick,0,1.2975,Supported,0,0,0.000,123.750,127.500
3089,ClayBrick,0,2.7216,Supported,0,0,0.000,135.000,127.500
3090,ClayBrick,0,2.7216,Supported,0,0,0.000,157.500,127.500
3091,ClayBrick,0,2.7216,Supported,0,0,0.000,180.000,127.500
3092,ClayBrick,0,1.2975,Supported,0,0,0.000,202.500,127.500
3093,ClayBrick,0,1.2975,Supported,0,0,0.000,258.750,127.500
3094,ClayBrick,0,2.7216,Supported,0,0,0.000,270.000,127.500
3095,ClayBrick,0,2.7216,Supported,0,0,0.000,292.500,127.500
3096,ClayBrick,0,1.2975,Supported,0,0,0.000,315.000,127.500
3097,ClayBrick,0,2.7216,Supported,0,0,0.000,11.250,135.000
3098,ClayBrick,0,2.7216,Supported,0,0,0.000,33.750,135.000
3099,ClayBrick,0,2.7216,Supported,0,0,0.000,56.250,135.000
3100,ClayBrick,0,2.7216,Supported,0,0,0.000,123.750,135.000
3101,ClayBrick,0,2.7216,Supported,0,0,0.000,146.250,135.000
3102,ClayBrick,0,2.7216,Supported,0,0,0.000,168.750,135.000
3103,ClayBrick,0,2.7216,Supported,0,0,0.000,191.250,135.000
3104,ClayBrick,0,2.7216,Supported,0,0,0.000,258.750,135.000
3105,ClayBrick,0,2.7216,Supported,0,0,0.000,281.250,135.000
3106,ClayBrick,0,2.7216,Supported,0,0,0.000,303.750,135.000
3107,ClayBrick,0,1.2975,Supported,0,0,0.000,11.250,142.500
3108,ClayBrick,0,2.7216,Supported,0,0,0.000,22.500,142.500
3109,ClayBrick,0,2.7216,Supported,0,0,0.000,45.000,142.500
3110,ClayBrick,0,1.2975,Supported,0,0,0.000,67.500,142.500
3111,ClayBrick,0,1.2975,Supported,0,0,0.000,123.750,142.500
3112,ClayBrick,0,2.7216,Supported,0,0,0.000,135.000,142.500
3113,ClayBrick,0,2.7216,Supported,0,0,0.000,157.500,142.500
3114,ClayBrick,0,2.7216,Supported,0,0,0.000,180.000,142.500
3115,ClayBrick,0,1.2975,Supported,0,0,0.000,202.500,142.500
3116,ClayBrick,0,1.2975,Supported,0,0,0.000,258.750,142.500
3117,ClayBrick,0,2.7216,Supported,0,0,0.000,270.000,142.500
3118,ClayBrick,0,2.7216,Supported,0,0,0.000,292.500,142.500
3119,ClayBrick,0,1.2975,Supported,0,0,0.000,315.000,142.500
3120,ClayBrick,0,2.7216,Supported,0,0,0.000,11.250,150.000
3121,ClayBrick,0,2.7216,Supported,0,0,0.000,33.750,150.000
3122,ClayBrick,0,2.7216,Supported,0,0,0.000,56.250,150.000
3123,ClayBrick,0,2.7216,Supported,0,0,0.000,123.750,150.000
3124,ClayBrick,0,2.7216,Supported,0,0,0.000,146.250,150.000
3125,ClayBrick,0,2.7216,Supported,0,0,0.000,168.750,150.000
3126,ClayBrick,0,2.7216,Supported,0,0,0.000,191.250,150.000
3127,ClayBrick,0,2.7216,Supported,0,0,0.000,258.750,150.000
3128,ClayBrick,0,2.7216,Supported,0,0,0.000,281.250,150.000
3129,ClayBrick,0,2.7216,Supported,0,0,0.000,303.750,150.000
3130,ClayBrick,0,1.2975,Supported,0,0,0.000,11.250,157.500
3131,ClayBrick,0,2.7216,Supported,0,0,0.000,22.500,157.500
3132,ClayBrick,0,2.7216,Supported,0,0,0.000,45.000,157.500
3133,ClayBrick,0,1.2975,Supported,0,0,0.000,67.500,157.500
3134,ClayBrick,0,1.2975,Supported,0,0,0.000,123.750,157.500
3135,ClayBrick,0,2.7216,Supported,0,0,0.000,135.000,157.500
3136,ClayBrick,0,2.7216,Supported,0,0,0.000,157.500,157.500
3137,ClayBrick,0,2.7216,Supported,0,0,0.000,180.000,157.500
3138,ClayBrick,0,1.2975,Supported,0,0,0.000,202.500,157.500
3139,ClayBrick,0,1.2975,Supported,0,0,0.000,258.750,157.500
3140,ClayBrick,0,2.7216,Supported,0,0,0.000,270.000,157.500
3141,ClayBrick,0,2.7216,Supported,0,0,0.000,292.500,157.500
3142,ClayBrick,0,1.2975,Supported,0,0,0.000,315.000,157.500
3143,ClayBrick,0,2.7216,Supported,0,0,0.000,11.250,165.000
3144,ClayBrick,0,2.7216,Supported,0,0,0.000,33.750,165.000
3145,ClayBrick,0,2.7216,Supported,0,0,0.000,56.250,165.000
3146,ClayBrick,0,2.7216,Supported,0,0,0.000,123.750,165.000
3147,ClayBrick,0,2.7216,Supported,0,0,0.000,146.250,165.000
3148,ClayBrick,0,2.7216,Supported,0,0,0.000,168.750,165.000
3149,ClayBrick,0,2.7216,Supported,0,0,0.000,191.250,165.000
3150,ClayBrick,0,2.7216,Supported,0,0,0.000,258.750,165.000
3151,ClayBrick,0,2.7216,Supported,0,0,0.000,281.250,165.000
3152,ClayBrick,0,2.7216,Supported,0,0,0.000,303.750,165.000
3153,ClayBrick,0,1.2975,Supported,0,0,0.000,11.250,172.500
3154,ClayBrick,0,2.7216,Supported,0,0,0.000,22.500,172.500
3155,ClayBrick,0,2.7216,Supported,0,0,0.000,45.000,172.500
3156,ClayBrick,0,1.2975,Supported,0,0,0.000,67.500,172.500
3157,ClayBrick,0,1.2975,Supported,0,0,0.000,123.750,172.500
3158,ClayBrick,0,2.7216,Supported,0,0,0.000,135.000,172.500
3159,ClayBrick,0,2.7216,Supported,0,0,0.000,157.500,172.500
3160,ClayBrick,0,2.7216,Supported,0,0,0.000,180.000,172.500
3161,ClayBrick,0,1.2975,Supported,0,0,0.000,202.500,172.500
3162,ClayBrick,0,1.2975,Supported,0,0,0.000,258.750,172.500
3163,ClayBrick,0,2.7216,Supported,0,0,0.000,270.000,172.500
3164,ClayBrick,0,2.7216,Supported,0,0,0.000,292.500,172.500
3165,ClayBrick,0,1.2975,Supported,0,0,0.000,315.000,172.500
3166,ClayBrick,0,2.7216,Supported,0,0,0.000,11.250,180.000
3167,ClayBrick,0,2.7216,Supported,0,0,0.000,33.750,180.000
3168,ClayBrick,0,2.7216,Supported,0,0,0.000,56.250,180.000
3169,ClayBrick,0,2.7216,Supported,0,0,0.000,123.750,180.000
3170,ClayBrick,0,2.7216,Supported,0,0,0.000,146.250,180.000
3171,ClayBrick,0,2.7216,Supported,0,0,0.000,168.750,180.000
3172,ClayBrick,0,2.7216,Supported,0,0,0.000,191.250,180.000
3173,ClayBrick,0,2.7216,Supported,0,0,0.000,258.750,180.000
3174,ClayBrick,0,2.7216,Supported,0,0,0.000,281.250,180.000
3175,ClayBrick,0,2.7216,Supported,0,0,0.000,303.750,180.000
3176,ClayBrick,0,1.2975,Supported,0,0,0.000,11.250,187.500
3177,ClayBrick,0,2.7216,Supported,0,0,0.000,22.500,187.500
3178,ClayBrick,0,2.7216,Supported,0,0,0.000,45.000,187.500
3179,ClayBrick,0,1.2975,Supported,0,0,0.000,67.500,187.500
3180,ClayBrick,0,1.2975,Supported,0,0,0.000,123.750,187.500
3181,ClayBrick,0,2.7216,Supported,0,0,0.000,135.000,187.500
3182,ClayBrick,0,2.7216,Supported,0,0,0.000,157.500,187.500
3183,ClayBrick,0,2.7216,Supported,0,0,0.000,180.000,187.500
3184,ClayBrick,0,1.2975,Supported,0,0,0.000,202.500,187.500
3185,ClayBrick,0,1.2975,Supported,0,0,0.000,258.750,187.500
3186,ClayBrick,0,2.7216,Supported,0,0,0.000,270.000,187.500
3187,ClayBrick,0,2.7216,Supported,0,0,0.000,292.500,187.500
3188,ClayBrick,0,1.2975,Supported,0,0,0.000,315.000,187.500
3189,ClayBrick,0,2.7216,Supported,0,0,0.000,11.250,195.000
3190,ClayBrick,0,2.7216,Supported,0,0,0.000,33.750,195.000
3191,ClayBrick,0,2.7216,Supported,0,0,0.000,56.250,195.000
3192,ClayBrick,0,2.7216,Supported,0,0,0.000,123.750,195.000
3193,ClayBrick,0,2.7216,Supported,0,0,0.000,146.250,195.000
3194,ClayBrick,0,2.7216,Supported,0,0,0.000,168.750,195.000
3195,ClayBrick,0,2.7216,Supported,0,0,0.000,191.250,195.000
3196,ClayBrick,0,2.7216,Supported,0,0,0.000,258.750,195.000
3197,ClayBrick,0,2.7216,Supported,0,0,0.000,281.250,195.000
3198,ClayBrick,0,2.7216,Supported,0,0,0.000,303.750,195.000
3199,ClayBrick,0,1.2975,Supported,0,0,0.000,11.250,202.500
3200,ClayBrick,0,2.7216,Supported,0,0,0.000,22.500,202.500
3201,ClayBrick,0,2.7216,Supported,0,0,0.000,45.000,202.500
3202,ClayBrick,0,1.2975,Supported,0,0,0.000,67.500,202.500
3203,ClayBrick,0,1.2975,Supported,0,0,0.000,123.750,202.500
3204,ClayBrick,0,2.7216,Supported,0,0,0.000,135.000,202.500
3205,ClayBrick,0,2.7216,Supported,0,0,0.000,157.500,202.500
3206,ClayBrick,0,2.7216,Supported,0,0,0.000,180.000,202.500
3207,ClayBrick,0,1.2975,Supported,0,0,0.000,202.500,202.500
3208,ClayBrick,0,1.2975,Supported,0,0,0.000,258.750,202.500
3209,ClayBrick,0,2.7216,Supported,0,0,0.000,270.000,202.500
3210,ClayBrick,0,2.7216,Supported,0,0,0.000,292.500,202.500
3211,ClayBrick,0,1.2975,Supported,0,0,0.000,315.000,202.500
3212,ClayBrick,0,2.7216,Supported,0,0,0.000,11.250,210.000
3213,ClayBrick,0,2.7216,Supported,0,0,0.000,33.750,210.000
3214,ClayBrick,0,2.7216,Supported,0,0,0.000,146.250,210.000
3215,ClayBrick,0,2.7216,Supported,0,0,0.000,168.750,210.000
3216,ClayBrick,0,2.7216,Supported,0,0,0.000,281.250,210.000
3217,ClayBrick,0,2.7216,Supported,0,0,0.000,303.750,210.000
3218,Timber,0,5.3640,Supported,0,0,0.000,56.250,210.000
3219,Timber,0,5.3640,Supported,0,0,0.000,191.250,210.000
3220,ClayBrick,0,1.2975,Supported,0,0,0.000,11.250,217.500
3221,ClayBrick,0,2.7216,Supported,0,0,0.000,22.500,217.500
3222,ClayBrick,0,1.2975,Supported,0,0,0.000,45.000,217.500
3223,ClayBrick,0,1.2975,Supported,0,0,0.000,146.250,217.500
3224,ClayBrick,0,2.7216,Supported,0,0,0.000,157.500,217.500
3225,ClayBrick,0,1.2975,Supported,0,0,0.000,180.000,217.500
3226,ClayBrick,0,1.2975,Supported,0,0,0.000,281.250,217.500
3227,ClayBrick,0,2.7216,Supported,0,0,0.000,292.500,217.500
3228,ClayBrick,0,1.2975,Supported,0,0,0.000,315.000,217.500
3229,ClayBrick,0,2.7216,Supported,0,0,0.000,11.250,225.000
3230,ClayBrick,0,2.7216,Supported,0,0,0.000,33.750,225.000
3231,ClayBrick,0,2.7216,Supported,0,0,0.000,56.250,225.000
3232,ClayBrick,0,2.7216,Supported,0,0,0.000,78.750,225.000
3233,ClayBrick,0,2.7216,Supported,0,0,0.000,101.250,225.000
3234,ClayBrick,0,2.7216,Supported,0,0,0.000,123.750,225.000
3235,ClayBrick,0,2.7216,Supported,0,0,0.000,146.250,225.000
3236,ClayBrick,0,2.7216,Supported,0,0,0.000,168.750,225.000
3237,ClayBrick,0,2.7216,Supported,0,0,0.000,191.250,225.000
3238,ClayBrick,0,2.7216,Supported,0,0,0.000,213.750,225.000
3239,ClayBrick,0,2.7216,Supported,0,0,0.000,236.250,225.000
3240,ClayBrick,0,2.7216,Supported,0,0,0.000,258.750,225.000
3241,ClayBrick,0,2.7216,Supported,0,0,0.000,281.250,225.000
3242,ClayBrick,0,2.7216,Supported,0,0,0.000,303.750,225.000
3243,ClayBrick,0,1.2975,Supported,0,0,0.000,11.250,232.500
3244,ClayBrick,0,2.7216,Supported,0,0,0.000,22.500,232.500
3245,ClayBrick,0,2.7216,Supported,0,0,0.000,45.000,232.500
3246,ClayBrick,0,2.7216,Supported,0,0,0.000,67.500,232.500
3247,ClayBrick,0,2.7216,Supported,0,0,0.000,90.000,232.500
3248,ClayBrick,0,2.7216,Supported,0,0,0.000,112.500,232.500
3249,ClayBrick,0,2.7216,Supported,0,0,0.000,135.000,232.500
3250,ClayBrick,0,2.7216,Supported,0,0,0.000,157.500,232.500
3251,ClayBrick,0,2.7216,Supported,0,0,0.000,180.000,232.500
3252,ClayBrick,0,2.7216,Supported,0,0,0.000,202.500,232.500
3253,ClayBrick,0,2.7216,Supported,0,0,0.000,225.000,232.500
3254,ClayBrick,0,2.7216,Supported,0,0,0.000,247.500,232.500
3255,ClayBrick,0,2.7216,Supported,0,0,0.000,270.000,232.500
3256,ClayBrick,0,2.7216,Supported,0,0,0.000,292.500,232.500
3257,ClayBrick,0,1.2975,Supported,0,0,0.000,315.000,232.500
3258,ClayBrick,0,2.7216,Supported,0,0,0.000,11.250,240.000
3259,ClayBrick,0,2.7216,Supported,0,0,0.000,33.750,240.000
3260,ClayBrick,0,2.7216,Supported,0,0,0.000,56.250,240.000
3261,ClayBrick,0,2.7216,Supported,0,0,0.000,78.750,240.000
3262,ClayBrick,0,2.7216,Supported,0,0,0.000,101.250,240.000
3263,ClayBrick,0,2.7216,Supported,0,0,0.000,123.750,240.000
3264,ClayBrick,0,2.7216,Supported,0,0,0.000,146.250,240.000
3265,ClayBrick,0,2.7216,Supported,0,0,0.000,168.750,240.000
3266,ClayBrick,0,2.7216,Supported,0,0,0.000,191.250,240.000
3267,ClayBrick,0,2.7216,Supported,0,0,0.000,213.750,240.000
3268,ClayBrick,0,2.7216,Supported,0,0,0.000,236.250,240.000
3269,ClayBrick,0,2.7216,Supported,0,0,0.000,258.750,240.000
3270,ClayBrick,0,2.7216,Supported,0,0,0.000,281.250,240.000
3271,ClayBrick,0,2.7216,Supported,0,0,0.000,303.750,240.000
3272,StructuralConcrete,0,1.6390,Supported,0,0,0.000,11.250,247.500
3273,StructuralConcrete,0,7.0356,Supported,0,0,0.000,22.500,247.500
3274,StructuralConcrete,0,7.0356,Supported,0,0,0.000,67.500,247.500
3275,StructuralConcrete,0,7.0356,Supported,0,0,0.000,112.500,247.500
3276,StructuralConcrete,0,7.0356,Supported,0,0,0.000,157.500,247.500
3277,StructuralConcrete,0,7.0356,Supported,0,0,0.000,202.500,247.500
3278,StructuralConcrete,0,7.0356,Supported,0,0,0.000,247.500,247.500
3279,StructuralConcrete,0,5.2367,Supported,0,0,0.000,292.500,247.500
3280,ClayBrick,0,2.7216,Supported,0,0,0.000,11.250,255.000
3281,ClayBrick,0,2.7216,Supported,0,0,0.000,33.750,255.000
3282,ClayBrick,0,2.7216,Supported,0,0,0.000,56.250,255.000
3283,ClayBrick,0,2.7216,Supported,0,0,0.000,78.750,255.000
3284,ClayBrick,0,2.7216,Supported,0,0,0.000,101.250,255.000
3285,ClayBrick,0,2.7216,Supported,0,0,0.000,123.750,255.000
3286,ClayBrick,0,2.7216,Supported,0,0,0.000,146.250,255.000
3287,ClayBrick,0,2.7216,Supported,0,0,0.000,168.750,255.000
3288,ClayBrick,0,2.7216,Supported,0,0,0.000,191.250,255.000
3289,ClayBrick,0,2.7216,Supported,0,0,0.000,213.750,255.000
3290,ClayBrick,0,2.7216,Supported,0,0,0.000,236.250,255.000
3291,ClayBrick,0,2.7216,Supported,0,0,0.000,258.750,255.000
3292,ClayBrick,0,2.7216,Supported,0,0,0.000,281.250,255.000
3293,ClayBrick,0,2.7216,Supported,0,0,0.000,303.750,255.000
3294,ClayBrick,0,1.2975,Supported,0,0,0.000,11.250,262.500
3295,ClayBrick,0,2.7216,Supported,0,0,0.000,22.500,262.500
3296,ClayBrick,0,2.7216,Supported,0,0,0.000,45.000,262.500
3297,ClayBrick,0,2.7216,Supported,0,0,0.000,67.500,262.500
3298,ClayBrick,0,2.7216,Supported,0,0,0.000,90.000,262.500
3299,ClayBrick,0,2.7216,Supported,0,0,0.000,112.500,262.500
3300,ClayBrick,0,2.7216,Supported,0,0,0.000,135.000,262.500
3301,ClayBrick,0,2.7216,Supported,0,0,0.000,157.500,262.500
3302,ClayBrick,0,2.7216,Supported,0,0,0.000,180.000,262.500
3303,ClayBrick,0,2.7216,Supported,0,0,0.000,202.500,262.500
3304,ClayBrick,0,2.7216,Supported,0,0,0.000,225.000,262.500
3305,ClayBrick,0,2.7216,Supported,0,0,0.000,247.500,262.500
3306,ClayBrick,0,2.7216,Supported,0,0,0.000,270.000,262.500
3307,ClayBrick,0,2.7216,Supported,0,0,0.000,292.500,262.500
3308,ClayBrick,0,1.2975,Supported,0,0,0.000,315.000,262.500
3309,ClayBrick,0,2.7216,Supported,0,0,0.000,11.250,270.000
3310,ClayBrick,0,2.7216,Supported,0,0,0.000,33.750,270.000
3311,ClayBrick,0,2.7216,Supported,0,0,0.000,56.250,270.000
3312,ClayBrick,0,2.7216,Supported,0,0,0.000,78.750,270.000
3313,ClayBrick,0,2.7216,Supported,0,0,0.000,101.250,270.000
3314,ClayBrick,0,2.7216,Supported,0,0,0.000,123.750,270.000
3315,ClayBrick,0,2.7216,Supported,0,0,0.000,146.250,270.000
3316,ClayBrick,0,2.7216,Supported,0,0,0.000,168.750,270.000
3317,ClayBrick,0,2.7216,Supported,0,0,0.000,191.250,270.000
3318,ClayBrick,0,2.7216,Supported,0,0,0.000,213.750,270.000
3319,ClayBrick,0,2.7216,Supported,0,0,0.000,236.250,270.000
3320,ClayBrick,0,2.7216,Supported,0,0,0.000,258.750,270.000
3321,ClayBrick,0,2.7216,Supported,0,0,0.000,281.250,270.000
3322,ClayBrick,0,2.7216,Supported,0,0,0.000,303.750,270.000
3323,ClayBrick,0,1.2975,Supported,0,0,0.000,11.250,277.500
3324,ClayBrick,0,2.7216,Supported,0,0,0.000,22.500,277.500
3325,ClayBrick,0,2.7216,Supported,0,0,0.000,45.000,277.500
3326,ClayBrick,0,2.7216,Supported,0,0,0.000,135.000,277.500
3327,ClayBrick,0,2.7216,Supported,0,0,0.000,157.500,277.500
3328,ClayBrick,0,2.7216,Supported,0,0,0.000,180.000,277.500
3329,ClayBrick,0,2.7216,Supported,0,0,0.000,270.000,277.500
3330,ClayBrick,0,2.7216,Supported,0,0,0.000,292.500,277.500
3331,ClayBrick,0,1.2975,Supported,0,0,0.000,315.000,277.500
3332,StructuralConcrete,0,10.6333,Supported,0,0,0.000,67.500,277.500
3333,StructuralConcrete,0,10.6333,Supported,0,0,0.000,202.500,277.500
3334,ClayBrick,0,2.7216,Supported,0,0,0.000,11.250,285.000
3335,ClayBrick,0,2.7216,Supported,0,0,0.000,33.750,285.000
3336,ClayBrick,0,2.7216,Supported,0,0,0.000,56.250,285.000
3337,ClayBrick,0,2.7216,Supported,0,0,0.000,123.750,285.000
3338,ClayBrick,0,2.7216,Supported,0,0,0.000,146.250,285.000
3339,ClayBrick,0,2.7216,Supported,0,0,0.000,168.750,285.000
3340,ClayBrick,0,2.7216,Supported,0,0,0.000,191.250,285.000
3341,ClayBrick,0,2.7216,Supported,0,0,0.000,258.750,285.000
3342,ClayBrick,0,2.7216,Supported,0,0,0.000,281.250,285.000
3343,ClayBrick,0,2.7216,Supported,0,0,0.000,303.750,285.000
3344,ClayBrick,0,1.2975,Supported,0,0,0.000,11.250,292.500
3345,ClayBrick,0,2.7216,Supported,0,0,0.000,22.500,292.500
3346,ClayBrick,0,2.7216,Supported,0,0,0.000,45.000,292.500
3347,ClayBrick,0,1.2975,Supported,0,0,0.000,67.500,292.500
3348,ClayBrick,0,1.2975,Supported,0,0,0.000,123.750,292.500
3349,ClayBrick,0,2.7216,Supported,0,0,0.000,135.000,292.500
3350,ClayBrick,0,2.7216,Supported,0,0,0.000,157.500,292.500
3351,ClayBrick,0,2.7216,Supported,0,0,0.000,180.000,292.500
3352,ClayBrick,0,1.2975,Supported,0,0,0.000,202.500,292.500
3353,ClayBrick,0,1.2975,Supported,0,0,0.000,258.750,292.500
3354,ClayBrick,0,2.7216,Supported,0,0,0.000,270.000,292.500
3355,ClayBrick,0,2.7216,Supported,0,0,0.000,292.500,292.500
3356,ClayBrick,0,1.2975,Supported,0,0,0.000,315.000,292.500
3357,ClayBrick,0,2.7216,Supported,0,0,0.000,11.250,300.000
3358,ClayBrick,0,2.7216,Supported,0,0,0.000,33.750,300.000
3359,ClayBrick,0,2.7216,Supported,0,0,0.000,56.250,300.000
3360,ClayBrick,0,2.7216,Supported,0,0,0.000,123.750,300.000
3361,ClayBrick,0,2.7216,Supported,0,0,0.000,146.250,300.000
3362,ClayBrick,0,2.7216,Supported,0,0,0.000,168.750,300.000
3363,ClayBrick,0,2.7216,Supported,0,0,0.000,191.250,300.000
3364,ClayBrick,0,2.7216,Supported,0,0,0.000,258.750,300.000
3365,ClayBrick,0,2.7216,Supported,0,0,0.000,281.250,300.000
3366,ClayBrick,0,2.7216,Supported,0,0,0.000,303.750,300.000
3367,ClayBrick,0,1.2975,Supported,0,0,0.000,11.250,307.500
3368,ClayBrick,0,2.7216,Supported,0,0,0.000,22.500,307.500
3369,ClayBrick,0,2.7216,Supported,0,0,0.000,45.000,307.500
3370,ClayBrick,0,1.2975,Supported,0,0,0.000,67.500,307.500
3371,ClayBrick,0,1.2975,Supported,0,0,0.000,123.750,307.500
3372,ClayBrick,0,2.7216,Supported,0,0,0.000,135.000,307.500
3373,ClayBrick,0,2.7216,Supported,0,0,0.000,157.500,307.500
3374,ClayBrick,0,2.7216,Supported,0,0,0.000,180.000,307.500
3375,ClayBrick,0,1.2975,Supported,0,0,0.000,202.500,307.500
3376,ClayBrick,0,1.2975,Supported,0,0,0.000,258.750,307.500
3377,ClayBrick,0,2.7216,Supported,0,0,0.000,270.000,307.500
3378,ClayBrick,0,2.7216,Supported,0,0,0.000,292.500,307.500
3379,ClayBrick,0,1.2975,Supported,0,0,0.000,315.000,307.500
3380,ClayBrick,0,2.7216,Supported,0,0,0.000,11.250,315.000
3381,ClayBrick,0,2.7216,Supported,0,0,0.000,33.750,315.000
3382,ClayBrick,0,2.7216,Supported,0,0,0.000,56.250,315.000
3383,ClayBrick,0,2.7216,Supported,0,0,0.000,123.750,315.000
3384,ClayBrick,0,2.7216,Supported,0,0,0.000,146.250,315.000
3385,ClayBrick,0,2.7216,Supported,0,0,0.000,168.750,315.000
3386,ClayBrick,0,2.7216,Supported,0,0,0.000,191.250,315.000
3387,ClayBrick,0,2.7216,Supported,0,0,0.000,258.750,315.000
3388,ClayBrick,0,2.7216,Supported,0,0,0.000,281.250,315.000
3389,ClayBrick,0,2.7216,Supported,0,0,0.000,303.750,315.000
3390,ClayBrick,0,1.2975,Supported,0,0,0.000,11.250,322.500
3391,ClayBrick,0,2.7216,Supported,0,0,0.000,22.500,322.500
3392,ClayBrick,0,2.7216,Supported,0,0,0.000,45.000,322.500
3393,ClayBrick,0,1.2975,Supported,0,0,0.000,67.500,322.500
3394,ClayBrick,0,1.2975,Supported,0,0,0.000,123.750,322.500
3395,ClayBrick,0,2.7216,Supported,0,0,0.000,135.000,322.500
3396,ClayBrick,0,2.7216,Supported,0,0,0.000,157.500,322.500
3397,ClayBrick,0,2.7216,Supported,0,0,0.000,180.000,322.500
3398,ClayBrick,0,1.2975,Supported,0,0,0.000,202.500,322.500
3399,ClayBrick,0,1.2975,Supported,0,0,0.000,258.750,322.500
3400,ClayBrick,0,2.7216,Supported,0,0,0.000,270.000,322.500
3401,ClayBrick,0,2.7216,Supported,0,0,0.000,292.500,322.500
3402,ClayBrick,0,1.2975,Supported,0,0,0.000,315.000,322.500
3403,ClayBrick,0,2.7216,Supported,0,0,0.000,11.250,330.000
3404,ClayBrick,0,2.7216,Supported,0,0,0.000,33.750,330.000
3405,ClayBrick,0,2.7216,Supported,0,0,0.000,56.250,330.000
3406,ClayBrick,0,2.7216,Supported,0,0,0.000,123.750,330.000
3407,ClayBrick,0,2.7216,Supported,0,0,0.000,146.250,330.000
3408,ClayBrick,0,2.7216,Supported,0,0,0.000,168.750,330.000
3409,ClayBrick,0,2.7216,Supported,0,0,0.000,191.250,330.000
3410,ClayBrick,0,2.7216,Supported,0,0,0.000,258.750,330.000
3411,ClayBrick,0,2.7216,Supported,0,0,0.000,281.250,330.000
3412,ClayBrick,0,2.7216,Supported,0,0,0.000,303.750,330.000
3413,ClayBrick,0,1.2975,Supported,0,0,0.000,11.250,337.500
3414,ClayBrick,0,2.7216,Supported,0,0,0.000,22.500,337.500
3415,ClayBrick,0,2.7216,Supported,0,0,0.000,45.000,337.500
3416,ClayBrick,0,1.2975,Supported,0,0,0.000,67.500,337.500
3417,ClayBrick,0,1.2975,Supported,0,0,0.000,123.750,337.500
3418,ClayBrick,0,2.7216,Supported,0,0,0.000,135.000,337.500
3419,ClayBrick,0,2.7216,Supported,0,0,0.000,157.500,337.500
3420,ClayBrick,0,2.7216,Supported,0,0,0.000,180.000,337.500
3421,ClayBrick,0,1.2975,Supported,0,0,0.000,202.500,337.500
3422,ClayBrick,0,1.2975,Supported,0,0,0.000,258.750,337.500
3423,ClayBrick,0,2.7216,Supported,0,0,0.000,270.000,337.500
3424,ClayBrick,0,2.7216,Supported,0,0,0.000,292.500,337.500
3425,ClayBrick,0,1.2975,Supported,0,0,0.000,315.000,337.500
3426,ClayBrick,0,2.7216,Supported,0,0,0.000,11.250,345.000
3427,ClayBrick,0,2.7216,Supported,0,0,0.000,33.750,345.000
3428,ClayBrick,0,2.7216,Supported,0,0,0.000,56.250,345.000
3429,ClayBrick,0,2.7216,Supported,0,0,0.000,123.750,345.000
3430,ClayBrick,0,2.7216,Supported,0,0,0.000,146.250,345.000
3431,ClayBrick,0,2.7216,Supported,0,0,0.000,168.750,345.000
3432,ClayBrick,0,2.7216,Supported,0,0,0.000,191.250,345.000
3433,ClayBrick,0,2.7216,Supported,0,0,0.000,258.750,345.000
3434,ClayBrick,0,2.7216,Supported,0,0,0.000,281.250,345.000
3435,ClayBrick,0,2.7216,Supported,0,0,0.000,303.750,345.000
3436,ClayBrick,0,1.2975,Supported,0,0,0.000,11.250,352.500
3437,ClayBrick,0,2.7216,Supported,0,0,0.000,22.500,352.500
3438,ClayBrick,0,2.7216,Supported,0,0,0.000,45.000,352.500
3439,ClayBrick,0,1.2975,Supported,0,0,0.000,67.500,352.500
3440,ClayBrick,0,1.2975,Supported,0,0,0.000,123.750,352.500
3441,ClayBrick,0,2.7216,Supported,0,0,0.000,135.000,352.500
3442,ClayBrick,0,2.7216,Supported,0,0,0.000,157.500,352.500
3443,ClayBrick,0,2.7216,Supported,0,0,0.000,180.000,352.500
3444,ClayBrick,0,1.2975,Supported,0,0,0.000,202.500,352.500
3445,ClayBrick,0,1.2975,Supported,0,0,0.000,258.750,352.500
3446,ClayBrick,0,2.7216,Supported,0,0,0.000,270.000,352.500
3447,ClayBrick,0,2.7216,Supported,0,0,0.000,292.500,352.500
3448,ClayBrick,0,1.2975,Supported,0,0,0.000,315.000,352.500
3449,ClayBrick,0,2.7216,Supported,0,0,0.000,11.250,360.000
3450,ClayBrick,0,2.7216,Supported,0,0,0.000,33.750,360.000
3451,ClayBrick,0,2.7216,Supported,0,0,0.000,56.250,360.000
3452,ClayBrick,0,2.7216,Supported,0,0,0.000,123.750,360.000
3453,ClayBrick,0,2.7216,Supported,0,0,0.000,146.250,360.000
3454,ClayBrick,0,2.7216,Supported,0,0,0.000,168.750,360.000
3455,ClayBrick,0,2.7216,Supported,0,0,0.000,191.250,360.000
3456,ClayBrick,0,2.7216,Supported,0,0,0.000,258.750,360.000
3457,ClayBrick,0,2.7216,Supported,0,0,0.000,281.250,360.000
3458,ClayBrick,0,2.7216,Supported,0,0,0.000,303.750,360.000
3459,ClayBrick,0,1.2975,Supported,0,0,0.000,11.250,367.500
3460,ClayBrick,0,2.7216,Supported,0,0,0.000,22.500,367.500
3461,ClayBrick,0,2.7216,Supported,0,0,0.000,45.000,367.500
3462,ClayBrick,0,1.2975,Supported,0,0,0.000,67.500,367.500
3463,ClayBrick,0,1.2975,Supported,0,0,0.000,123.750,367.500
3464,ClayBrick,0,2.7216,Supported,0,0,0.000,135.000,367.500
3465,ClayBrick,0,2.7216,Supported,0,0,0.000,157.500,367.500
3466,ClayBrick,0,2.7216,Supported,0,0,0.000,180.000,367.500
3467,ClayBrick,0,1.2975,Supported,0,0,0.000,202.500,367.500
3468,ClayBrick,0,1.2975,Supported,0,0,0.000,258.750,367.500
3469,ClayBrick,0,2.7216,Supported,0,0,0.000,270.000,367.500
3470,ClayBrick,0,2.7216,Supported,0,0,0.000,292.500,367.500
3471,ClayBrick,0,1.2975,Supported,0,0,0.000,315.000,367.500
3472,ClayBrick,0,2.7216,Supported,0,0,0.000,11.250,375.000
3473,ClayBrick,0,2.7216,Supported,0,0,0.000,33.750,375.000
3474,ClayBrick,0,2.7216,Supported,0,0,0.000,56.250,375.000
3475,ClayBrick,0,2.7216,Supported,0,0,0.000,123.750,375.000
3476,ClayBrick,0,2.7216,Supported,0,0,0.000,146.250,375.000
3477,ClayBrick,0,2.7216,Supported,0,0,0.000,168.750,375.000
3478,ClayBrick,0,2.7216,Supported,0,0,0.000,191.250,375.000
3479,ClayBrick,0,2.7216,Supported,0,0,0.000,258.750,375.000
3480,ClayBrick,0,2.7216,Supported,0,0,0.000,281.250,375.000
3481,ClayBrick,0,2.7216,Supported,0,0,0.000,303.750,375.000
3482,ClayBrick,0,1.2975,Supported,0,0,0.000,11.250,382.500
3483,ClayBrick,0,2.7216,Supported,0,0,0.000,22.500,382.500
3484,ClayBrick,0,2.7216,Supported,0,0,0.000,45.000,382.500
3485,ClayBrick,0,1.2975,Supported,0,0,0.000,67.500,382.500
3486,ClayBrick,0,1.2975,Supported,0,0,0.000,123.750,382.500
3487,ClayBrick,0,2.7216,Supported,0,0,0.000,135.000,382.500
3488,ClayBrick,0,2.7216,Supported,0,0,0.000,157.500,382.500
3489,ClayBrick,0,2.7216,Supported,0,0,0.000,180.000,382.500
3490,ClayBrick,0,1.2975,Supported,0,0,0.000,202.500,382.500
3491,ClayBrick,0,1.2975,Supported,0,0,0.000,258.750,382.500
3492,ClayBrick,0,2.7216,Supported,0,0,0.000,270.000,382.500
3493,ClayBrick,0,2.7216,Supported,0,0,0.000,292.500,382.500
3494,ClayBrick,0,1.2975,Supported,0,0,0.000,315.000,382.500
3495,ClayBrick,0,2.7216,Supported,0,0,0.000,11.250,390.000
3496,ClayBrick,0,2.7216,Supported,0,0,0.000,33.750,390.000
3497,ClayBrick,0,2.7216,Supported,0,0,0.000,56.250,390.000
3498,ClayBrick,0,2.7216,Supported,0,0,0.000,123.750,390.000
3499,ClayBrick,0,2.7216,Supported,0,0,0.000,146.250,390.000
3500,ClayBrick,0,2.7216,Supported,0,0,0.000,168.750,390.000
3501,ClayBrick,0,2.7216,Supported,0,0,0.000,191.250,390.000
3502,ClayBrick,0,2.7216,Supported,0,0,0.000,258.750,390.000
3503,ClayBrick,0,2.7216,Supported,0,0,0.000,281.250,390.000
3504,ClayBrick,0,2.7216,Supported,0,0,0.000,303.750,390.000
3505,ClayBrick,0,1.2975,Supported,0,0,0.000,11.250,397.500
3506,ClayBrick,0,2.7216,Supported,0,0,0.000,22.500,397.500
3507,ClayBrick,0,2.7216,Supported,0,0,0.000,45.000,397.500
3508,ClayBrick,0,1.2975,Supported,0,0,0.000,67.500,397.500
3509,ClayBrick,0,1.2975,Supported,0,0,0.000,123.750,397.500
3510,ClayBrick,0,2.7216,Supported,0,0,0.000,135.000,397.500
3511,ClayBrick,0,2.7216,Supported,0,0,0.000,157.500,397.500
3512,ClayBrick,0,2.7216,Supported,0,0,0.000,180.000,397.500
3513,ClayBrick,0,1.2975,Supported,0,0,0.000,202.500,397.500
3514,ClayBrick,0,1.2975,Supported,0,0,0.000,258.750,397.500
3515,ClayBrick,0,2.7216,Supported,0,0,0.000,270.000,397.500
3516,ClayBrick,0,2.7216,Supported,0,0,0.000,292.500,397.500
3517,ClayBrick,0,1.2975,Supported,0,0,0.000,315.000,397.500
3518,ClayBrick,0,2.7216,Supported,0,0,0.000,11.250,405.000
3519,ClayBrick,0,2.7216,Supported,0,0,0.000,33.750,405.000
3520,ClayBrick,0,2.7216,Supported,0,0,0.000,146.250,405.000
3521,ClayBrick,0,2.7216,Supported,0,0,0.000,168.750,405.000
3522,ClayBrick,0,2.7216,Supported,0,0,0.000,281.250,405.000
3523,ClayBrick,0,2.7216,Supported,0,0,0.000,303.750,405.000
3524,Timber,0,5.3640,Supported,0,0,0.000,56.250,405.000
3525,Timber,0,5.3640,Supported,0,0,0.000,191.250,405.000
3526,ClayBrick,0,1.2975,Supported,0,0,0.000,11.250,412.500
3527,ClayBrick,0,2.7216,Supported,0,0,0.000,22.500,412.500
3528,ClayBrick,0,1.2975,Supported,0,0,0.000,45.000,412.500
3529,ClayBrick,0,1.2975,Supported,0,0,0.000,146.250,412.500
3530,ClayBrick,0,2.7216,Supported,0,0,0.000,157.500,412.500
3531,ClayBrick,0,1.2975,Supported,0,0,0.000,180.000,412.500
3532,ClayBrick,0,1.2975,Supported,0,0,0.000,281.250,412.500
3533,ClayBrick,0,2.7216,Supported,0,0,0.000,292.500,412.500
3534,ClayBrick,0,1.2975,Supported,0,0,0.000,315.000,412.500
3535,ClayBrick,0,2.7216,Supported,0,0,0.000,11.250,420.000
3536,ClayBrick,0,2.7216,Supported,0,0,0.000,33.750,420.000
3537,ClayBrick,0,2.7216,Supported,0,0,0.000,56.250,420.000
3538,ClayBrick,0,2.7216,Supported,0,0,0.000,78.750,420.000
3539,ClayBrick,0,2.7216,Supported,0,0,0.000,101.250,420.000
3540,ClayBrick,0,2.7216,Supported,0,0,0.000,123.750,420.000
3541,ClayBrick,0,2.7216,Supported,0,0,0.000,146.250,420.000
3542,ClayBrick,0,2.7216,Supported,0,0,0.000,168.750,420.000
3543,ClayBrick,0,2.7216,Supported,0,0,0.000,191.250,420.000
3544,ClayBrick,0,2.7216,Supported,0,0,0.000,213.750,420.000
3545,ClayBrick,0,2.7216,Supported,0,0,0.000,236.250,420.000
3546,ClayBrick,0,2.7216,Supported,0,0,0.000,258.750,420.000
3547,ClayBrick,0,2.7216,Supported,0,0,0.000,281.250,420.000
3548,ClayBrick,0,2.7216,Supported,0,0,0.000,303.750,420.000
3549,ClayBrick,0,1.2975,Supported,0,0,0.000,11.250,427.500
3550,ClayBrick,0,2.7216,Supported,0,0,0.000,22.500,427.500
3551,ClayBrick,0,2.7216,Supported,0,0,0.000,45.000,427.500
3552,ClayBrick,0,2.7216,Supported,0,0,0.000,67.500,427.500
3553,ClayBrick,0,2.7216,Supported,0,0,0.000,90.000,427.500
3554,ClayBrick,0,2.7216,Supported,0,0,0.000,112.500,427.500
3555,ClayBrick,0,2.7216,Supported,0,0,0.000,135.000,427.500
3556,ClayBrick,0,2.7216,Supported,0,0,0.000,157.500,427.500
3557,ClayBrick,0,2.7216,Supported,0,0,0.000,180.000,427.500
3558,ClayBrick,0,2.7216,Supported,0,0,0.000,202.500,427.500
3559,ClayBrick,0,2.7216,Supported,0,0,0.000,225.000,427.500
3560,ClayBrick,0,2.7216,Supported,0,0,0.000,247.500,427.500
3561,ClayBrick,0,2.7216,Supported,0,0,0.000,270.000,427.500
3562,ClayBrick,0,2.7216,Supported,0,0,0.000,292.500,427.500
3563,ClayBrick,0,1.2975,Supported,0,0,0.000,315.000,427.500
3564,ClayBrick,0,2.7216,Supported,0,0,0.000,11.250,435.000
3565,ClayBrick,0,2.7216,Supported,0,0,0.000,33.750,435.000
3566,ClayBrick,0,2.7216,Supported,0,0,0.000,56.250,435.000
3567,ClayBrick,0,2.7216,Supported,0,0,0.000,78.750,435.000
3568,ClayBrick,0,2.7216,Supported,0,0,0.000,101.250,435.000
3569,ClayBrick,0,2.7216,Supported,0,0,0.000,123.750,435.000
3570,ClayBrick,0,2.7216,Supported,0,0,0.000,146.250,435.000
3571,ClayBrick,0,2.7216,Supported,0,0,0.000,168.750,435.000
3572,ClayBrick,0,2.7216,Supported,0,0,0.000,191.250,435.000
3573,ClayBrick,0,2.7216,Supported,0,0,0.000,213.750,435.000
3574,ClayBrick,0,2.7216,Supported,0,0,0.000,236.250,435.000
3575,ClayBrick,0,2.7216,Supported,0,0,0.000,258.750,435.000
3576,ClayBrick,0,2.7216,Supported,0,0,0.000,281.250,435.000
3577,ClayBrick,0,2.7216,Supported,0,0,0.000,303.750,435.000
3578,ClayBrick,0,1.2975,Supported,0,0,0.000,11.250,442.500
3579,ClayBrick,0,2.7216,Supported,0,0,0.000,22.500,442.500
3580,ClayBrick,0,2.7216,Supported,0,0,0.000,45.000,442.500
3581,ClayBrick,0,2.7216,Supported,0,0,0.000,67.500,442.500
3582,ClayBrick,0,2.7216,Supported,0,0,0.000,90.000,442.500
3583,ClayBrick,0,2.7216,Supported,0,0,0.000,112.500,442.500
3584,ClayBrick,0,2.7216,Supported,0,0,0.000,135.000,442.500
3585,ClayBrick,0,2.7216,Supported,0,0,0.000,157.500,442.500
3586,ClayBrick,0,2.7216,Supported,0,0,0.000,180.000,442.500
3587,ClayBrick,0,2.7216,Supported,0,0,0.000,202.500,442.500
3588,ClayBrick,0,2.7216,Supported,0,0,0.000,225.000,442.500
3589,ClayBrick,0,2.7216,Supported,0,0,0.000,247.500,442.500
3590,ClayBrick,0,2.7216,Supported,0,0,0.000,270.000,442.500
3591,ClayBrick,0,2.7216,Supported,0,0,0.000,292.500,442.500
3592,ClayBrick,0,1.2975,Supported,0,0,0.000,315.000,442.500
3593,ClayBrick,0,2.7216,Supported,0,0,0.000,11.250,450.000
3594,ClayBrick,0,2.7216,Supported,0,0,0.000,33.750,450.000
3595,ClayBrick,0,2.7216,Supported,0,0,0.000,56.250,450.000
3596,ClayBrick,0,2.7216,Supported,0,0,0.000,78.750,450.000
3597,ClayBrick,0,2.7216,Supported,0,0,0.000,101.250,450.000
3598,ClayBrick,0,2.7216,Supported,0,0,0.000,123.750,450.000
3599,ClayBrick,0,2.7216,Supported,0,0,0.000,146.250,450.000
3600,ClayBrick,0,2.7216,Supported,0,0,0.000,168.750,450.000
3601,ClayBrick,0,2.7216,Supported,0,0,0.000,191.250,450.000
3602,ClayBrick,0,2.7216,Supported,0,0,0.000,213.750,450.000
3603,ClayBrick,0,2.7216,Supported,0,0,0.000,236.250,450.000
3604,ClayBrick,0,2.7216,Supported,0,0,0.000,258.750,450.000
3605,ClayBrick,0,2.7216,Supported,0,0,0.000,281.250,450.000
3606,ClayBrick,0,2.7216,Supported,0,0,0.000,303.750,450.000
3607,ClayBrick,0,1.2975,Supported,0,0,0.000,11.250,457.500
3608,ClayBrick,0,2.7216,Supported,0,0,0.000,22.500,457.500
3609,ClayBrick,0,2.7216,Supported,0,0,0.000,45.000,457.500
3610,ClayBrick,0,2.7216,Supported,0,0,0.000,67.500,457.500
3611,ClayBrick,0,2.7216,Supported,0,0,0.000,90.000,457.500
3612,ClayBrick,0,2.7216,Supported,0,0,0.000,112.500,457.500
3613,ClayBrick,0,2.7216,Supported,0,0,0.000,135.000,457.500
3614,ClayBrick,0,2.7216,Supported,0,0,0.000,157.500,457.500
3615,ClayBrick,0,2.7216,Supported,0,0,0.000,180.000,457.500
3616,ClayBrick,0,2.7216,Supported,0,0,0.000,202.500,457.500
3617,ClayBrick,0,2.7216,Supported,0,0,0.000,225.000,457.500
3618,ClayBrick,0,2.7216,Supported,0,0,0.000,247.500,457.500
3619,ClayBrick,0,2.7216,Supported,0,0,0.000,270.000,457.500
3620,ClayBrick,0,2.7216,Supported,0,0,0.000,292.500,457.500
3621,ClayBrick,0,1.2975,Supported,0,0,0.000,315.000,457.500
3622,StructuralConcrete,0,15.1536,Supported,0,0,0.000,11.250,465.000
3623,StructuralConcrete,0,15.1536,Supported,0,0,0.000,56.250,465.000
3624,StructuralConcrete,0,15.1536,Supported,0,0,0.000,101.250,465.000
3625,StructuralConcrete,0,15.1536,Supported,0,0,0.000,146.250,465.000
3626,StructuralConcrete,0,15.1536,Supported,0,0,0.000,191.250,465.000
3627,StructuralConcrete,0,15.1536,Supported,0,0,0.000,236.250,465.000
3628,StructuralConcrete,0,15.1536,Supported,0,0,0.000,281.250,465.000
3629,StructuralConcrete,1,15.1536,Grounded,0,0,641.250,11.250,-0.000
3630,StructuralConcrete,1,15.1536,Grounded,0,0,641.250,56.250,-0.000
3631,StructuralConcrete,1,15.1536,Grounded,0,0,641.250,236.250,-0.000
3632,StructuralConcrete,1,15.1536,Grounded,0,0,641.250,281.250,-0.000
3633,ClayBrick,0,2.7216,Supported,0,0,641.250,11.250,15.000
3634,ClayBrick,0,2.7216,Supported,0,0,641.250,33.750,15.000
3635,ClayBrick,0,2.7216,Supported,0,0,641.250,56.250,15.000
3636,ClayBrick,0,2.7216,Supported,0,0,641.250,78.750,15.000
3637,ClayBrick,0,2.7216,Supported,0,0,641.250,236.250,15.000
3638,ClayBrick,0,2.7216,Supported,0,0,641.250,258.750,15.000
3639,ClayBrick,0,2.7216,Supported,0,0,641.250,281.250,15.000
3640,ClayBrick,0,2.7216,Supported,0,0,641.250,303.750,15.000
3641,ClayBrick,0,1.2975,Supported,0,0,641.250,11.250,22.500
3642,ClayBrick,0,2.7216,Supported,0,0,641.250,22.500,22.500
3643,ClayBrick,0,2.7216,Supported,0,0,641.250,45.000,22.500
3644,ClayBrick,0,2.7216,Supported,0,0,641.250,67.500,22.500
3645,ClayBrick,0,1.2975,Supported,0,0,641.250,90.000,22.500
3646,ClayBrick,0,1.2975,Supported,0,0,641.250,236.250,22.500
3647,ClayBrick,0,2.7216,Supported,0,0,641.250,247.500,22.500
3648,ClayBrick,0,2.7216,Supported,0,0,641.250,270.000,22.500
3649,ClayBrick,0,2.7216,Supported,0,0,641.250,292.500,22.500
3650,ClayBrick,0,1.2975,Supported,0,0,641.250,315.000,22.500
3651,ClayBrick,0,2.7216,Supported,0,0,641.250,11.250,30.000
3652,ClayBrick,0,2.7216,Supported,0,0,641.250,33.750,30.000
3653,ClayBrick,0,2.7216,Supported,0,0,641.250,56.250,30.000
3654,ClayBrick,0,2.7216,Supported,0,0,641.250,78.750,30.000
3655,ClayBrick,0,2.7216,Supported,0,0,641.250,236.250,30.000
3656,ClayBrick,0,2.7216,Supported,0,0,641.250,258.750,30.000
3657,ClayBrick,0,2.7216,Supported,0,0,641.250,281.250,30.000
3658,ClayBrick,0,2.7216,Supported,0,0,641.250,303.750,30.000
3659,ClayBrick,0,1.2975,Supported,0,0,641.250,11.250,37.500
3660,ClayBrick,0,2.7216,Supported,0,0,641.250,22.500,37.500
3661,ClayBrick,0,2.7216,Supported,0,0,641.250,45.000,37.500
3662,ClayBrick,0,2.7216,Supported,0,0,641.250,67.500,37.500
3663,ClayBrick,0,1.2975,Supported,0,0,641.250,90.000,37.500
3664,ClayBrick,0,1.2975,Supported,0,0,641.250,236.250,37.500
3665,ClayBrick,0,2.7216,Supported,0,0,641.250,247.500,37.500
3666,ClayBrick,0,2.7216,Supported,0,0,641.250,270.000,37.500
3667,ClayBrick,0,2.7216,Supported,0,0,641.250,292.500,37.500
3668,ClayBrick,0,1.2975,Supported,0,0,641.250,315.000,37.500
3669,ClayBrick,0,2.7216,Supported,0,0,641.250,11.250,45.000
3670,ClayBrick,0,2.7216,Supported,0,0,641.250,33.750,45.000
3671,ClayBrick,0,2.7216,Supported,0,0,641.250,56.250,45.000
3672,ClayBrick,0,2.7216,Supported,0,0,641.250,78.750,45.000
3673,ClayBrick,0,2.7216,Supported,0,0,641.250,236.250,45.000
3674,ClayBrick,0,2.7216,Supported,0,0,641.250,258.750,45.000
3675,ClayBrick,0,2.7216,Supported,0,0,641.250,281.250,45.000
3676,ClayBrick,0,2.7216,Supported,0,0,641.250,303.750,45.000
3677,ClayBrick,0,1.2975,Supported,0,0,641.250,11.250,52.500
3678,ClayBrick,0,2.7216,Supported,0,0,641.250,22.500,52.500
3679,ClayBrick,0,2.7216,Supported,0,0,641.250,45.000,52.500
3680,ClayBrick,0,2.7216,Supported,0,0,641.250,67.500,52.500
3681,ClayBrick,0,1.2975,Supported,0,0,641.250,90.000,52.500
3682,ClayBrick,0,1.2975,Supported,0,0,641.250,236.250,52.500
3683,ClayBrick,0,2.7216,Supported,0,0,641.250,247.500,52.500
3684,ClayBrick,0,2.7216,Supported,0,0,641.250,270.000,52.500
3685,ClayBrick,0,2.7216,Supported,0,0,641.250,292.500,52.500
3686,ClayBrick,0,1.2975,Supported,0,0,641.250,315.000,52.500
3687,ClayBrick,0,2.7216,Supported,0,0,641.250,11.250,60.000
3688,ClayBrick,0,2.7216,Supported,0,0,641.250,33.750,60.000
3689,ClayBrick,0,2.7216,Supported,0,0,641.250,56.250,60.000
3690,ClayBrick,0,2.7216,Supported,0,0,641.250,78.750,60.000
3691,ClayBrick,0,2.7216,Supported,0,0,641.250,236.250,60.000
3692,ClayBrick,0,2.7216,Supported,0,0,641.250,258.750,60.000
3693,ClayBrick,0,2.7216,Supported,0,0,641.250,281.250,60.000
3694,ClayBrick,0,2.7216,Supported,0,0,641.250,303.750,60.000
3695,ClayBrick,0,1.2975,Supported,0,0,641.250,11.250,67.500
3696,ClayBrick,0,2.7216,Supported,0,0,641.250,22.500,67.500
3697,ClayBrick,0,2.7216,Supported,0,0,641.250,45.000,67.500
3698,ClayBrick,0,2.7216,Supported,0,0,641.250,67.500,67.500
3699,ClayBrick,0,1.2975,Supported,0,0,641.250,90.000,67.500
3700,ClayBrick,0,1.2975,Supported,0,0,641.250,236.250,67.500
3701,ClayBrick,0,2.7216,Supported,0,0,641.250,247.500,67.500
3702,ClayBrick,0,2.7216,Supported,0,0,641.250,270.000,67.500
3703,ClayBrick,0,2.7216,Supported,0,0,641.250,292.500,67.500
3704,ClayBrick,0,1.2975,Supported,0,0,641.250,315.000,67.500
3705,ClayBrick,0,2.7216,Supported,0,0,641.250,11.250,75.000
3706,ClayBrick,0,2.7216,Supported,0,0,641.250,33.750,75.000
3707,ClayBrick,0,2.7216,Supported,0,0,641.250,56.250,75.000
3708,ClayBrick,0,2.7216,Supported,0,0,641.250,78.750,75.000
3709,ClayBrick,0,2.7216,Supported,0,0,641.250,236.250,75.000
3710,ClayBrick,0,2.7216,Supported,0,0,641.250,258.750,75.000
3711,ClayBrick,0,2.7216,Supported,0,0,641.250,281.250,75.000
3712,ClayBrick,0,2.7216,Supported,0,0,641.250,303.750,75.000
3713,ClayBrick,0,1.2975,Supported,0,0,641.250,11.250,82.500
3714,ClayBrick,0,2.7216,Supported,0,0,641.250,22.500,82.500
3715,ClayBrick,0,2.7216,Supported,0,0,641.250,45.000,82.500
3716,ClayBrick,0,2.7216,Supported,0,0,641.250,67.500,82.500
3717,ClayBrick,0,1.2975,Supported,0,0,641.250,90.000,82.500
3718,ClayBrick,0,1.2975,Supported,0,0,641.250,236.250,82.500
3719,ClayBrick,0,2.7216,Supported,0,0,641.250,247.500,82.500
3720,ClayBrick,0,2.7216,Supported,0,0,641.250,270.000,82.500
3721,ClayBrick,0,2.7216,Supported,0,0,641.250,292.500,82.500
3722,ClayBrick,0,1.2975,Supported,0,0,641.250,315.000,82.500
3723,ClayBrick,0,2.7216,Supported,0,0,641.250,11.250,90.000
3724,ClayBrick,0,2.7216,Supported,0,0,641.250,33.750,90.000
3725,ClayBrick,0,2.7216,Supported,0,0,641.250,56.250,90.000
3726,ClayBrick,0,2.7216,Supported,0,0,641.250,78.750,90.000
3727,ClayBrick,0,2.7216,Supported,0,0,641.250,236.250,90.000
3728,ClayBrick,0,2.7216,Supported,0,0,641.250,258.750,90.000
3729,ClayBrick,0,2.7216,Supported,0,0,641.250,281.250,90.000
3730,ClayBrick,0,2.7216,Supported,0,0,641.250,303.750,90.000
3731,ClayBrick,0,1.2975,Supported,0,0,641.250,11.250,97.500
3732,ClayBrick,0,2.7216,Supported,0,0,641.250,22.500,97.500
3733,ClayBrick,0,2.7216,Supported,0,0,641.250,45.000,97.500
3734,ClayBrick,0,2.7216,Supported,0,0,641.250,67.500,97.500
3735,ClayBrick,0,1.2975,Supported,0,0,641.250,90.000,97.500
3736,ClayBrick,0,1.2975,Supported,0,0,641.250,236.250,97.500
3737,ClayBrick,0,2.7216,Supported,0,0,641.250,247.500,97.500
3738,ClayBrick,0,2.7216,Supported,0,0,641.250,270.000,97.500
3739,ClayBrick,0,2.7216,Supported,0,0,641.250,292.500,97.500
3740,ClayBrick,0,1.2975,Supported,0,0,641.250,315.000,97.500
3741,ClayBrick,0,2.7216,Supported,0,0,641.250,11.250,105.000
3742,ClayBrick,0,2.7216,Supported,0,0,641.250,33.750,105.000
3743,ClayBrick,0,2.7216,Supported,0,0,641.250,56.250,105.000
3744,ClayBrick,0,2.7216,Supported,0,0,641.250,78.750,105.000
3745,ClayBrick,0,2.7216,Supported,0,0,641.250,236.250,105.000
3746,ClayBrick,0,2.7216,Supported,0,0,641.250,258.750,105.000
3747,ClayBrick,0,2.7216,Supported,0,0,641.250,281.250,105.000
3748,ClayBrick,0,2.7216,Supported,0,0,641.250,303.750,105.000
3749,ClayBrick,0,1.2975,Supported,0,0,641.250,11.250,112.500
3750,ClayBrick,0,2.7216,Supported,0,0,641.250,22.500,112.500
3751,ClayBrick,0,2.7216,Supported,0,0,641.250,45.000,112.500
3752,ClayBrick,0,2.7216,Supported,0,0,641.250,67.500,112.500
3753,ClayBrick,0,1.2975,Supported,0,0,641.250,90.000,112.500
3754,ClayBrick,0,1.2975,Supported,0,0,641.250,236.250,112.500
3755,ClayBrick,0,2.7216,Supported,0,0,641.250,247.500,112.500
3756,ClayBrick,0,2.7216,Supported,0,0,641.250,270.000,112.500
3757,ClayBrick,0,2.7216,Supported,0,0,641.250,292.500,112.500
3758,ClayBrick,0,1.2975,Supported,0,0,641.250,315.000,112.500
3759,ClayBrick,0,2.7216,Supported,0,0,641.250,11.250,120.000
3760,ClayBrick,0,2.7216,Supported,0,0,641.250,33.750,120.000
3761,ClayBrick,0,2.7216,Supported,0,0,641.250,56.250,120.000
3762,ClayBrick,0,2.7216,Supported,0,0,641.250,78.750,120.000
3763,ClayBrick,0,2.7216,Supported,0,0,641.250,236.250,120.000
3764,ClayBrick,0,2.7216,Supported,0,0,641.250,258.750,120.000
3765,ClayBrick,0,2.7216,Supported,0,0,641.250,281.250,120.000
3766,ClayBrick,0,2.7216,Supported,0,0,641.250,303.750,120.000
3767,ClayBrick,0,1.2975,Supported,0,0,641.250,11.250,127.500
3768,ClayBrick,0,2.7216,Supported,0,0,641.250,22.500,127.500
3769,ClayBrick,0,2.7216,Supported,0,0,641.250,45.000,127.500
3770,ClayBrick,0,2.7216,Supported,0,0,641.250,67.500,127.500
3771,ClayBrick,0,1.2975,Supported,0,0,641.250,90.000,127.500
3772,ClayBrick,0,1.2975,Supported,0,0,641.250,236.250,127.500
3773,ClayBrick,0,2.7216,Supported,0,0,641.250,247.500,127.500
3774,ClayBrick,0,2.7216,Supported,0,0,641.250,270.000,127.500
3775,ClayBrick,0,2.7216,Supported,0,0,641.250,292.500,127.500
3776,ClayBrick,0,1.2975,Supported,0,0,641.250,315.000,127.500
3777,ClayBrick,0,2.7216,Supported,0,0,641.250,11.250,135.000
3778,ClayBrick,0,2.7216,Supported,0,0,641.250,33.750,135.000
3779,ClayBrick,0,2.7216,Supported,0,0,641.250,56.250,135.000
3780,ClayBrick,0,2.7216,Supported,0,0,641.250,78.750,135.000
3781,ClayBrick,0,2.7216,Supported,0,0,641.250,236.250,135.000
3782,ClayBrick,0,2.7216,Supported,0,0,641.250,258.750,135.000
3783,ClayBrick,0,2.7216,Supported,0,0,641.250,281.250,135.000
3784,ClayBrick,0,2.7216,Supported,0,0,641.250,303.750,135.000
3785,ClayBrick,0,1.2975,Supported,0,0,641.250,11.250,142.500
3786,ClayBrick,0,2.7216,Supported,0,0,641.250,22.500,142.500
3787,ClayBrick,0,2.7216,Supported,0,0,641.250,45.000,142.500
3788,ClayBrick,0,2.7216,Supported,0,0,641.250,67.500,142.500
3789,ClayBrick,0,1.2975,Supported,0,0,641.250,90.000,142.500
3790,ClayBrick,0,1.2975,Supported,0,0,641.250,236.250,142.500
3791,ClayBrick,0,2.7216,Supported,0,0,641.250,247.500,142.500
3792,ClayBrick,0,2.7216,Supported,0,0,641.250,270.000,142.500
3793,ClayBrick,0,2.7216,Supported,0,0,641.250,292.500,142.500
3794,ClayBrick,0,1.2975,Supported,0,0,641.250,315.000,142.500
3795,ClayBrick,0,2.7216,Supported,0,0,641.250,11.250,150.000
3796,ClayBrick,0,2.7216,Supported,0,0,641.250,33.750,150.000
3797,ClayBrick,0,2.7216,Supported,0,0,641.250,56.250,150.000
3798,ClayBrick,0,2.7216,Supported,0,0,641.250,78.750,150.000
3799,ClayBrick,0,2.7216,Supported,0,0,641.250,236.250,150.000
3800,ClayBrick,0,2.7216,Supported,0,0,641.250,258.750,150.000
3801,ClayBrick,0,2.7216,Supported,0,0,641.250,281.250,150.000
3802,ClayBrick,0,2.7216,Supported,0,0,641.250,303.750,150.000
3803,ClayBrick,0,1.2975,Supported,0,0,641.250,11.250,157.500
3804,ClayBrick,0,2.7216,Supported,0,0,641.250,22.500,157.500
3805,ClayBrick,0,2.7216,Supported,0,0,641.250,45.000,157.500
3806,ClayBrick,0,2.7216,Supported,0,0,641.250,67.500,157.500
3807,ClayBrick,0,1.2975,Supported,0,0,641.250,90.000,157.500
3808,ClayBrick,0,1.2975,Supported,0,0,641.250,236.250,157.500
3809,ClayBrick,0,2.7216,Supported,0,0,641.250,247.500,157.500
3810,ClayBrick,0,2.7216,Supported,0,0,641.250,270.000,157.500
3811,ClayBrick,0,2.7216,Supported,0,0,641.250,292.500,157.500
3812,ClayBrick,0,1.2975,Supported,0,0,641.250,315.000,157.500
3813,ClayBrick,0,2.7216,Supported,0,0,641.250,11.250,165.000
3814,ClayBrick,0,2.7216,Supported,0,0,641.250,33.750,165.000
3815,ClayBrick,0,2.7216,Supported,0,0,641.250,56.250,165.000
3816,ClayBrick,0,2.7216,Supported,0,0,641.250,78.750,165.000
3817,ClayBrick,0,2.7216,Supported,0,0,641.250,236.250,165.000
3818,ClayBrick,0,2.7216,Supported,0,0,641.250,258.750,165.000
3819,ClayBrick,0,2.7216,Supported,0,0,641.250,281.250,165.000
3820,ClayBrick,0,2.7216,Supported,0,0,641.250,303.750,165.000
3821,ClayBrick,0,1.2975,Supported,0,0,641.250,11.250,172.500
3822,ClayBrick,0,2.7216,Supported,0,0,641.250,22.500,172.500
3823,ClayBrick,0,2.7216,Supported,0,0,641.250,45.000,172.500
3824,ClayBrick,0,2.7216,Supported,0,0,641.250,67.500,172.500
3825,ClayBrick,0,1.2975,Supported,0,0,641.250,90.000,172.500
3826,ClayBrick,0,1.2975,Supported,0,0,641.250,236.250,172.500
3827,ClayBrick,0,2.7216,Supported,0,0,641.250,247.500,172.500
3828,ClayBrick,0,2.7216,Supported,0,0,641.250,270.000,172.500
3829,ClayBrick,0,2.7216,Supported,0,0,641.250,292.500,172.500
3830,ClayBrick,0,1.2975,Supported,0,0,641.250,315.000,172.500
3831,ClayBrick,0,2.7216,Supported,0,0,641.250,11.250,180.000
3832,ClayBrick,0,2.7216,Supported,0,0,641.250,33.750,180.000
3833,ClayBrick,0,2.7216,Supported,0,0,641.250,56.250,180.000
3834,ClayBrick,0,2.7216,Supported,0,0,641.250,78.750,180.000
3835,ClayBrick,0,2.7216,Supported,0,0,641.250,236.250,180.000
3836,ClayBrick,0,2.7216,Supported,0,0,641.250,258.750,180.000
3837,ClayBrick,0,2.7216,Supported,0,0,641.250,281.250,180.000
3838,ClayBrick,0,2.7216,Supported,0,0,641.250,303.750,180.000
3839,ClayBrick,0,1.2975,Supported,0,0,641.250,11.250,187.500
3840,ClayBrick,0,2.7216,Supported,0,0,641.250,22.500,187.500
3841,ClayBrick,0,2.7216,Supported,0,0,641.250,45.000,187.500
3842,ClayBrick,0,2.7216,Supported,0,0,641.250,67.500,187.500
3843,ClayBrick,0,1.2975,Supported,0,0,641.250,90.000,187.500
3844,ClayBrick,0,1.2975,Supported,0,0,641.250,236.250,187.500
3845,ClayBrick,0,2.7216,Supported,0,0,641.250,247.500,187.500
3846,ClayBrick,0,2.7216,Supported,0,0,641.250,270.000,187.500
3847,ClayBrick,0,2.7216,Supported,0,0,641.250,292.500,187.500
3848,ClayBrick,0,1.2975,Supported,0,0,641.250,315.000,187.500
3849,ClayBrick,0,2.7216,Supported,0,0,641.250,11.250,195.000
3850,ClayBrick,0,2.7216,Supported,0,0,641.250,33.750,195.000
3851,ClayBrick,0,2.7216,Supported,0,0,641.250,56.250,195.000
3852,ClayBrick,0,2.7216,Supported,0,0,641.250,78.750,195.000
3853,ClayBrick,0,2.7216,Supported,0,0,641.250,236.250,195.000
3854,ClayBrick,0,2.7216,Supported,0,0,641.250,258.750,195.000
3855,ClayBrick,0,2.7216,Supported,0,0,641.250,281.250,195.000
3856,ClayBrick,0,2.7216,Supported,0,0,641.250,303.750,195.000
3857,ClayBrick,0,1.2975,Supported,0,0,641.250,11.250,202.500
3858,ClayBrick,0,2.7216,Supported,0,0,641.250,22.500,202.500
3859,ClayBrick,0,2.7216,Supported,0,0,641.250,45.000,202.500
3860,ClayBrick,0,2.7216,Supported,0,0,641.250,67.500,202.500
3861,ClayBrick,0,1.2975,Supported,0,0,641.250,90.000,202.500
3862,ClayBrick,0,1.2975,Supported,0,0,641.250,236.250,202.500
3863,ClayBrick,0,2.7216,Supported,0,0,641.250,247.500,202.500
3864,ClayBrick,0,2.7216,Supported,0,0,641.250,270.000,202.500
3865,ClayBrick,0,2.7216,Supported,0,0,641.250,292.500,202.500
3866,ClayBrick,0,1.2975,Supported,0,0,641.250,315.000,202.500
3867,ClayBrick,0,2.7216,Supported,0,0,641.250,11.250,210.000
3868,ClayBrick,0,2.7216,Supported,0,0,641.250,33.750,210.000
3869,ClayBrick,0,2.7216,Supported,0,0,641.250,56.250,210.000
3870,ClayBrick,0,2.7216,Supported,0,0,641.250,78.750,210.000
3871,ClayBrick,0,2.7216,Supported,0,0,641.250,236.250,210.000
3872,ClayBrick,0,2.7216,Supported,0,0,641.250,258.750,210.000
3873,ClayBrick,0,2.7216,Supported,0,0,641.250,281.250,210.000
3874,ClayBrick,0,2.7216,Supported,0,0,641.250,303.750,210.000
3875,ClayBrick,0,1.2975,Supported,0,0,641.250,11.250,217.500
3876,ClayBrick,0,2.7216,Supported,0,0,641.250,22.500,217.500
3877,ClayBrick,0,2.7216,Supported,0,0,641.250,45.000,217.500
3878,ClayBrick,0,2.7216,Supported,0,0,641.250,67.500,217.500
3879,ClayBrick,0,1.2975,Supported,0,0,641.250,90.000,217.500
3880,ClayBrick,0,1.2975,Supported,0,0,641.250,236.250,217.500
3881,ClayBrick,0,2.7216,Supported,0,0,641.250,247.500,217.500
3882,ClayBrick,0,2.7216,Supported,0,0,641.250,270.000,217.500
3883,ClayBrick,0,2.7216,Supported,0,0,641.250,292.500,217.500
3884,ClayBrick,0,1.2975,Supported,0,0,641.250,315.000,217.500
3885,ClayBrick,0,2.7216,Supported,0,0,641.250,11.250,225.000
3886,ClayBrick,0,2.7216,Supported,0,0,641.250,33.750,225.000
3887,ClayBrick,0,2.7216,Supported,0,0,641.250,56.250,225.000
3888,ClayBrick,0,2.7216,Supported,0,0,641.250,258.750,225.000
3889,ClayBrick,0,2.7216,Supported,0,0,641.250,281.250,225.000
3890,ClayBrick,0,2.7216,Supported,0,0,641.250,303.750,225.000
3891,Timber,0,10.7883,Supported,0,0,641.250,78.750,225.000
3892,ClayBrick,0,1.2975,Supported,0,0,641.250,11.250,232.500
3893,ClayBrick,0,2.7216,Supported,0,0,641.250,22.500,232.500
3894,ClayBrick,0,2.7216,Supported,0,0,641.250,45.000,232.500
3895,ClayBrick,0,1.2975,Supported,0,0,641.250,67.500,232.500
3896,ClayBrick,0,1.2975,Supported,0,0,641.250,258.750,232.500
3897,ClayBrick,0,2.7216,Supported,0,0,641.250,270.000,232.500
3898,ClayBrick,0,2.7216,Supported,0,0,641.250,292.500,232.500
3899,ClayBrick,0,1.2975,Supported,0,0,641.250,315.000,232.500
3900,ClayBrick,0,2.7216,Supported,0,0,641.250,11.250,240.000
3901,ClayBrick,0,2.7216,Supported,0,0,641.250,33.750,240.000
3902,ClayBrick,0,2.7216,Supported,0,0,641.250,56.250,240.000
3903,ClayBrick,0,2.7216,Supported,0,0,641.250,78.750,240.000
3904,ClayBrick,0,2.7216,Supported,0,0,641.250,101.250,240.000
3905,ClayBrick,0,2.7216,Supported,0,0,641.250,123.750,240.000
3906,ClayBrick,0,2.7216,Supported,0,0,641.250,146.250,240.000
3907,ClayBrick,0,2.7216,Supported,0,0,641.250,168.750,240.000
3908,ClayBrick,0,2.7216,Supported,0,0,641.250,191.250,240.000
3909,ClayBrick,0,2.7216,Supported,0,0,641.250,213.750,240.000
3910,ClayBrick,0,2.7216,Supported,0,0,641.250,236.250,240.000
3911,ClayBrick,0,2.7216,Supported,0,0,641.250,258.750,240.000
3912,ClayBrick,0,2.7216,Supported,0,0,641.250,281.250,240.000
3913,ClayBrick,0,2.7216,Supported,0,0,641.250,303.750,240.000
3914,StructuralConcrete,0,1.6390,Supported,0,0,641.250,11.250,247.500
3915,StructuralConcrete,0,7.0356,Supported,0,0,641.250,22.500,247.500
3916,StructuralConcrete,0,7.0356,Supported,0,0,641.250,67.500,247.500
3917,StructuralConcrete,0,7.0356,Supported,0,0,641.250,112.500,247.500
3918,StructuralConcrete,0,7.0356,Supported,0,0,641.250,157.500,247.500
3919,StructuralConcrete,0,7.0356,Supported,0,0,641.250,202.500,247.500
3920,StructuralConcrete,0,7.0356,Supported,0,0,641.250,247.500,247.500
3921,StructuralConcrete,0,5.2367,Supported,0,0,641.250,292.500,247.500
3922,ClayBrick,0,2.7216,Supported,0,0,641.250,11.250,255.000
3923,ClayBrick,0,2.7216,Supported,0,0,641.250,33.750,255.000
3924,ClayBrick,0,2.7216,Supported,0,0,641.250,56.250,255.000
3925,ClayBrick,0,2.7216,Supported,0,0,641.250,78.750,255.000
3926,ClayBrick,0,2.7216,Supported,0,0,641.250,101.250,255.000
3927,ClayBrick,0,2.7216,Supported,0,0,641.250,123.750,255.000
3928,ClayBrick,0,2.7216,Supported,0,0,641.250,146.250,255.000
3929,ClayBrick,0,2.7216,Supported,0,0,641.250,168.750,255.000
3930,ClayBrick,0,2.7216,Supported,0,0,641.250,191.250,255.000
3931,ClayBrick,0,2.7216,Supported,0,0,641.250,213.750,255.000
3932,ClayBrick,0,2.7216,Supported,0,0,641.250,236.250,255.000
3933,ClayBrick,0,2.7216,Supported,0,0,641.250,258.750,255.000
3934,ClayBrick,0,2.7216,Supported,0,0,641.250,281.250,255.000
3935,ClayBrick,0,2.7216,Supported,0,0,641.250,303.750,255.000
3936,ClayBrick,0,1.2975,Supported,0,0,641.250,11.250,262.500
3937,ClayBrick,0,2.7216,Supported,0,0,641.250,22.500,262.500
3938,ClayBrick,0,2.7216,Supported,0,0,641.250,45.000,262.500
3939,ClayBrick,0,2.7216,Supported,0,0,641.250,67.500,262.500
3940,ClayBrick,0,2.7216,Supported,0,0,641.250,90.000,262.500
3941,ClayBrick,0,2.7216,Supported,0,0,641.250,112.500,262.500
3942,ClayBrick,0,2.7216,Supported,0,0,641.250,135.000,262.500
3943,ClayBrick,0,2.7216,Supported,0,0,641.250,157.500,262.500
3944,ClayBrick,0,2.7216,Supported,0,0,641.250,180.000,262.500
3945,ClayBrick,0,2.7216,Supported,0,0,641.250,202.500,262.500
3946,ClayBrick,0,2.7216,Supported,0,0,641.250,225.000,262.500
3947,ClayBrick,0,2.7216,Supported,0,0,641.250,247.500,262.500
3948,ClayBrick,0,2.7216,Supported,0,0,641.250,270.000,262.500
3949,ClayBrick,0,2.7216,Supported,0,0,641.250,292.500,262.500
3950,ClayBrick,0,1.2975,Supported,0,0,641.250,315.000,262.500
3951,ClayBrick,0,2.7216,Supported,0,0,641.250,11.250,270.000
3952,ClayBrick,0,2.7216,Supported,0,0,641.250,33.750,270.000
3953,ClayBrick,0,2.7216,Supported,0,0,641.250,56.250,270.000
3954,ClayBrick,0,2.7216,Supported,0,0,641.250,78.750,270.000
3955,ClayBrick,0,2.7216,Supported,0,0,641.250,101.250,270.000
3956,ClayBrick,0,2.7216,Supported,0,0,641.250,123.750,270.000
3957,ClayBrick,0,2.7216,Supported,0,0,641.250,146.250,270.000
3958,ClayBrick,0,2.7216,Supported,0,0,641.250,168.750,270.000
3959,ClayBrick,0,2.7216,Supported,0,0,641.250,191.250,270.000
3960,ClayBrick,0,2.7216,Supported,0,0,641.250,213.750,270.000
3961,ClayBrick,0,2.7216,Supported,0,0,641.250,236.250,270.000
3962,ClayBrick,0,2.7216,Supported,0,0,641.250,258.750,270.000
3963,ClayBrick,0,2.7216,Supported,0,0,641.250,281.250,270.000
3964,ClayBrick,0,2.7216,Supported,0,0,641.250,303.750,270.000
3965,ClayBrick,0,1.2975,Supported,0,0,641.250,11.250,277.500
3966,ClayBrick,0,2.7216,Supported,0,0,641.250,22.500,277.500
3967,ClayBrick,0,2.7216,Supported,0,0,641.250,45.000,277.500
3968,ClayBrick,0,2.7216,Supported,0,0,641.250,135.000,277.500
3969,ClayBrick,0,2.7216,Supported,0,0,641.250,157.500,277.500
3970,ClayBrick,0,2.7216,Supported,0,0,641.250,180.000,277.500
3971,ClayBrick,0,2.7216,Supported,0,0,641.250,270.000,277.500
3972,ClayBrick,0,2.7216,Supported,0,0,641.250,292.500,277.500
3973,ClayBrick,0,1.2975,Supported,0,0,641.250,315.000,277.500
3974,StructuralConcrete,0,10.6333,Supported,0,0,641.250,67.500,277.500
3975,StructuralConcrete,0,10.6333,Supported,0,0,641.250,202.500,277.500
3976,ClayBrick,0,2.7216,Supported,0,0,641.250,11.250,285.000
3977,ClayBrick,0,2.7216,Supported,0,0,641.250,33.750,285.000
3978,ClayBrick,0,2.7216,Supported,0,0,641.250,56.250,285.000
3979,ClayBrick,0,2.7216,Supported,0,0,641.250,123.750,285.000
3980,ClayBrick,0,2.7216,Supported,0,0,641.250,146.250,285.000
3981,ClayBrick,0,2.7216,Supported,0,0,641.250,168.750,285.000
3982,ClayBrick,0,2.7216,Supported,0,0,641.250,191.250,285.000
3983,ClayBrick,0,2.7216,Supported,0,0,641.250,258.750,285.000
3984,ClayBrick,0,2.7216,Supported,0,0,641.250,281.250,285.000
3985,ClayBrick,0,2.7216,Supported,0,0,641.250,303.750,285.000
3986,ClayBrick,0,1.2975,Supported,0,0,641.250,11.250,292.500
3987,ClayBrick,0,2.7216,Supported,0,0,641.250,22.500,292.500
3988,ClayBrick,0,2.7216,Supported,0,0,641.250,45.000,292.500
3989,ClayBrick,0,1.2975,Supported,0,0,641.250,67.500,292.500
3990,ClayBrick,0,1.2975,Supported,0,0,641.250,123.750,292.500
3991,ClayBrick,0,2.7216,Supported,0,0,641.250,135.000,292.500
3992,ClayBrick,0,2.7216,Supported,0,0,641.250,157.500,292.500
3993,ClayBrick,0,2.7216,Supported,0,0,641.250,180.000,292.500
3994,ClayBrick,0,1.2975,Supported,0,0,641.250,202.500,292.500
3995,ClayBrick,0,1.2975,Supported,0,0,641.250,258.750,292.500
3996,ClayBrick,0,2.7216,Supported,0,0,641.250,270.000,292.500
3997,ClayBrick,0,2.7216,Supported,0,0,641.250,292.500,292.500
3998,ClayBrick,0,1.2975,Supported,0,0,641.250,315.000,292.500
3999,ClayBrick,0,2.7216,Supported,0,0,641.250,11.250,300.000
4000,ClayBrick,0,2.7216,Supported,0,0,641.250,33.750,300.000
4001,ClayBrick,0,2.7216,Supported,0,0,641.250,56.250,300.000
4002,ClayBrick,0,2.7216,Supported,0,0,641.250,123.750,300.000
4003,ClayBrick,0,2.7216,Supported,0,0,641.250,146.250,300.000
4004,ClayBrick,0,2.7216,Supported,0,0,641.250,168.750,300.000
4005,ClayBrick,0,2.7216,Supported,0,0,641.250,191.250,300.000
4006,ClayBrick,0,2.7216,Supported,0,0,641.250,258.750,300.000
4007,ClayBrick,0,2.7216,Supported,0,0,641.250,281.250,300.000
4008,ClayBrick,0,2.7216,Supported,0,0,641.250,303.750,300.000
4009,ClayBrick,0,1.2975,Supported,0,0,641.250,11.250,307.500
4010,ClayBrick,0,2.7216,Supported,0,0,641.250,22.500,307.500
4011,ClayBrick,0,2.7216,Supported,0,0,641.250,45.000,307.500
4012,ClayBrick,0,1.2975,Supported,0,0,641.250,67.500,307.500
4013,ClayBrick,0,1.2975,Supported,0,0,641.250,123.750,307.500
4014,ClayBrick,0,2.7216,Supported,0,0,641.250,135.000,307.500
4015,ClayBrick,0,2.7216,Supported,0,0,641.250,157.500,307.500
4016,ClayBrick,0,2.7216,Supported,0,0,641.250,180.000,307.500
4017,ClayBrick,0,1.2975,Supported,0,0,641.250,202.500,307.500
4018,ClayBrick,0,1.2975,Supported,0,0,641.250,258.750,307.500
4019,ClayBrick,0,2.7216,Supported,0,0,641.250,270.000,307.500
4020,ClayBrick,0,2.7216,Supported,0,0,641.250,292.500,307.500
4021,ClayBrick,0,1.2975,Supported,0,0,641.250,315.000,307.500
4022,ClayBrick,0,2.7216,Supported,0,0,641.250,11.250,315.000
4023,ClayBrick,0,2.7216,Supported,0,0,641.250,33.750,315.000
4024,ClayBrick,0,2.7216,Supported,0,0,641.250,56.250,315.000
4025,ClayBrick,0,2.7216,Supported,0,0,641.250,123.750,315.000
4026,ClayBrick,0,2.7216,Supported,0,0,641.250,146.250,315.000
4027,ClayBrick,0,2.7216,Supported,0,0,641.250,168.750,315.000
4028,ClayBrick,0,2.7216,Supported,0,0,641.250,191.250,315.000
4029,ClayBrick,0,2.7216,Supported,0,0,641.250,258.750,315.000
4030,ClayBrick,0,2.7216,Supported,0,0,641.250,281.250,315.000
4031,ClayBrick,0,2.7216,Supported,0,0,641.250,303.750,315.000
4032,ClayBrick,0,1.2975,Supported,0,0,641.250,11.250,322.500
4033,ClayBrick,0,2.7216,Supported,0,0,641.250,22.500,322.500
4034,ClayBrick,0,2.7216,Supported,0,0,641.250,45.000,322.500
4035,ClayBrick,0,1.2975,Supported,0,0,641.250,67.500,322.500
4036,ClayBrick,0,1.2975,Supported,0,0,641.250,123.750,322.500
4037,ClayBrick,0,2.7216,Supported,0,0,641.250,135.000,322.500
4038,ClayBrick,0,2.7216,Supported,0,0,641.250,157.500,322.500
4039,ClayBrick,0,2.7216,Supported,0,0,641.250,180.000,322.500
4040,ClayBrick,0,1.2975,Supported,0,0,641.250,202.500,322.500
4041,ClayBrick,0,1.2975,Supported,0,0,641.250,258.750,322.500
4042,ClayBrick,0,2.7216,Supported,0,0,641.250,270.000,322.500
4043,ClayBrick,0,2.7216,Supported,0,0,641.250,292.500,322.500
4044,ClayBrick,0,1.2975,Supported,0,0,641.250,315.000,322.500
4045,ClayBrick,0,2.7216,Supported,0,0,641.250,11.250,330.000
4046,ClayBrick,0,2.7216,Supported,0,0,641.250,33.750,330.000
4047,ClayBrick,0,2.7216,Supported,0,0,641.250,56.250,330.000
4048,ClayBrick,0,2.7216,Supported,0,0,641.250,123.750,330.000
4049,ClayBrick,0,2.7216,Supported,0,0,641.250,146.250,330.000
4050,ClayBrick,0,2.7216,Supported,0,0,641.250,168.750,330.000
4051,ClayBrick,0,2.7216,Supported,0,0,641.250,191.250,330.000
4052,ClayBrick,0,2.7216,Supported,0,0,641.250,258.750,330.000
4053,ClayBrick,0,2.7216,Supported,0,0,641.250,281.250,330.000
4054,ClayBrick,0,2.7216,Supported,0,0,641.250,303.750,330.000
4055,ClayBrick,0,1.2975,Supported,0,0,641.250,11.250,337.500
4056,ClayBrick,0,2.7216,Supported,0,0,641.250,22.500,337.500
4057,ClayBrick,0,2.7216,Supported,0,0,641.250,45.000,337.500
4058,ClayBrick,0,1.2975,Supported,0,0,641.250,67.500,337.500
4059,ClayBrick,0,1.2975,Supported,0,0,641.250,123.750,337.500
4060,ClayBrick,0,2.7216,Supported,0,0,641.250,135.000,337.500
4061,ClayBrick,0,2.7216,Supported,0,0,641.250,157.500,337.500
4062,ClayBrick,0,2.7216,Supported,0,0,641.250,180.000,337.500
4063,ClayBrick,0,1.2975,Supported,0,0,641.250,202.500,337.500
4064,ClayBrick,0,1.2975,Supported,0,0,641.250,258.750,337.500
4065,ClayBrick,0,2.7216,Supported,0,0,641.250,270.000,337.500
4066,ClayBrick,0,2.7216,Supported,0,0,641.250,292.500,337.500
4067,ClayBrick,0,1.2975,Supported,0,0,641.250,315.000,337.500
4068,ClayBrick,0,2.7216,Supported,0,0,641.250,11.250,345.000
4069,ClayBrick,0,2.7216,Supported,0,0,641.250,33.750,345.000
4070,ClayBrick,0,2.7216,Supported,0,0,641.250,56.250,345.000
4071,ClayBrick,0,2.7216,Supported,0,0,641.250,123.750,345.000
4072,ClayBrick,0,2.7216,Supported,0,0,641.250,146.250,345.000
4073,ClayBrick,0,2.7216,Supported,0,0,641.250,168.750,345.000
4074,ClayBrick,0,2.7216,Supported,0,0,641.250,191.250,345.000
4075,ClayBrick,0,2.7216,Supported,0,0,641.250,258.750,345.000
4076,ClayBrick,0,2.7216,Supported,0,0,641.250,281.250,345.000
4077,ClayBrick,0,2.7216,Supported,0,0,641.250,303.750,345.000
4078,ClayBrick,0,1.2975,Supported,0,0,641.250,11.250,352.500
4079,ClayBrick,0,2.7216,Supported,0,0,641.250,22.500,352.500
4080,ClayBrick,0,2.7216,Supported,0,0,641.250,45.000,352.500
4081,ClayBrick,0,1.2975,Supported,0,0,641.250,67.500,352.500
4082,ClayBrick,0,1.2975,Supported,0,0,641.250,123.750,352.500
4083,ClayBrick,0,2.7216,Supported,0,0,641.250,135.000,352.500
4084,ClayBrick,0,2.7216,Supported,0,0,641.250,157.500,352.500
4085,ClayBrick,0,2.7216,Supported,0,0,641.250,180.000,352.500
4086,ClayBrick,0,1.2975,Supported,0,0,641.250,202.500,352.500
4087,ClayBrick,0,1.2975,Supported,0,0,641.250,258.750,352.500
4088,ClayBrick,0,2.7216,Supported,0,0,641.250,270.000,352.500
4089,ClayBrick,0,2.7216,Supported,0,0,641.250,292.500,352.500
4090,ClayBrick,0,1.2975,Supported,0,0,641.250,315.000,352.500
4091,ClayBrick,0,2.7216,Supported,0,0,641.250,11.250,360.000
4092,ClayBrick,0,2.7216,Supported,0,0,641.250,33.750,360.000
4093,ClayBrick,0,2.7216,Supported,0,0,641.250,56.250,360.000
4094,ClayBrick,0,2.7216,Supported,0,0,641.250,123.750,360.000
4095,ClayBrick,0,2.7216,Supported,0,0,641.250,146.250,360.000
4096,ClayBrick,0,2.7216,Supported,0,0,641.250,168.750,360.000
4097,ClayBrick,0,2.7216,Supported,0,0,641.250,191.250,360.000
4098,ClayBrick,0,2.7216,Supported,0,0,641.250,258.750,360.000
4099,ClayBrick,0,2.7216,Supported,0,0,641.250,281.250,360.000
4100,ClayBrick,0,2.7216,Supported,0,0,641.250,303.750,360.000
4101,ClayBrick,0,1.2975,Supported,0,0,641.250,11.250,367.500
4102,ClayBrick,0,2.7216,Supported,0,0,641.250,22.500,367.500
4103,ClayBrick,0,2.7216,Supported,0,0,641.250,45.000,367.500
4104,ClayBrick,0,1.2975,Supported,0,0,641.250,67.500,367.500
4105,ClayBrick,0,1.2975,Supported,0,0,641.250,123.750,367.500
4106,ClayBrick,0,2.7216,Supported,0,0,641.250,135.000,367.500
4107,ClayBrick,0,2.7216,Supported,0,0,641.250,157.500,367.500
4108,ClayBrick,0,2.7216,Supported,0,0,641.250,180.000,367.500
4109,ClayBrick,0,1.2975,Supported,0,0,641.250,202.500,367.500
4110,ClayBrick,0,1.2975,Supported,0,0,641.250,258.750,367.500
4111,ClayBrick,0,2.7216,Supported,0,0,641.250,270.000,367.500
4112,ClayBrick,0,2.7216,Supported,0,0,641.250,292.500,367.500
4113,ClayBrick,0,1.2975,Supported,0,0,641.250,315.000,367.500
4114,ClayBrick,0,2.7216,Supported,0,0,641.250,11.250,375.000
4115,ClayBrick,0,2.7216,Supported,0,0,641.250,33.750,375.000
4116,ClayBrick,0,2.7216,Supported,0,0,641.250,56.250,375.000
4117,ClayBrick,0,2.7216,Supported,0,0,641.250,123.750,375.000
4118,ClayBrick,0,2.7216,Supported,0,0,641.250,146.250,375.000
4119,ClayBrick,0,2.7216,Supported,0,0,641.250,168.750,375.000
4120,ClayBrick,0,2.7216,Supported,0,0,641.250,191.250,375.000
4121,ClayBrick,0,2.7216,Supported,0,0,641.250,258.750,375.000
4122,ClayBrick,0,2.7216,Supported,0,0,641.250,281.250,375.000
4123,ClayBrick,0,2.7216,Supported,0,0,641.250,303.750,375.000
4124,ClayBrick,0,1.2975,Supported,0,0,641.250,11.250,382.500
4125,ClayBrick,0,2.7216,Supported,0,0,641.250,22.500,382.500
4126,ClayBrick,0,2.7216,Supported,0,0,641.250,45.000,382.500
4127,ClayBrick,0,1.2975,Supported,0,0,641.250,67.500,382.500
4128,ClayBrick,0,1.2975,Supported,0,0,641.250,123.750,382.500
4129,ClayBrick,0,2.7216,Supported,0,0,641.250,135.000,382.500
4130,ClayBrick,0,2.7216,Supported,0,0,641.250,157.500,382.500
4131,ClayBrick,0,2.7216,Supported,0,0,641.250,180.000,382.500
4132,ClayBrick,0,1.2975,Supported,0,0,641.250,202.500,382.500
4133,ClayBrick,0,1.2975,Supported,0,0,641.250,258.750,382.500
4134,ClayBrick,0,2.7216,Supported,0,0,641.250,270.000,382.500
4135,ClayBrick,0,2.7216,Supported,0,0,641.250,292.500,382.500
4136,ClayBrick,0,1.2975,Supported,0,0,641.250,315.000,382.500
4137,ClayBrick,0,2.7216,Supported,0,0,641.250,11.250,390.000
4138,ClayBrick,0,2.7216,Supported,0,0,641.250,33.750,390.000
4139,ClayBrick,0,2.7216,Supported,0,0,641.250,56.250,390.000
4140,ClayBrick,0,2.7216,Supported,0,0,641.250,123.750,390.000
4141,ClayBrick,0,2.7216,Supported,0,0,641.250,146.250,390.000
4142,ClayBrick,0,2.7216,Supported,0,0,641.250,168.750,390.000
4143,ClayBrick,0,2.7216,Supported,0,0,641.250,191.250,390.000
4144,ClayBrick,0,2.7216,Supported,0,0,641.250,258.750,390.000
4145,ClayBrick,0,2.7216,Supported,0,0,641.250,281.250,390.000
4146,ClayBrick,0,2.7216,Supported,0,0,641.250,303.750,390.000
4147,ClayBrick,0,1.2975,Supported,0,0,641.250,11.250,397.500
4148,ClayBrick,0,2.7216,Supported,0,0,641.250,22.500,397.500
4149,ClayBrick,0,2.7216,Supported,0,0,641.250,45.000,397.500
4150,ClayBrick,0,1.2975,Supported,0,0,641.250,67.500,397.500
4151,ClayBrick,0,1.2975,Supported,0,0,641.250,123.750,397.500
4152,ClayBrick,0,2.7216,Supported,0,0,641.250,135.000,397.500
4153,ClayBrick,0,2.7216,Supported,0,0,641.250,157.500,397.500
4154,ClayBrick,0,2.7216,Supported,0,0,641.250,180.000,397.500
4155,ClayBrick,0,1.2975,Supported,0,0,641.250,202.500,397.500
4156,ClayBrick,0,1.2975,Supported,0,0,641.250,258.750,397.500
4157,ClayBrick,0,2.7216,Supported,0,0,641.250,270.000,397.500
4158,ClayBrick,0,2.7216,Supported,0,0,641.250,292.500,397.500
4159,ClayBrick,0,1.2975,Supported,0,0,641.250,315.000,397.500
4160,ClayBrick,0,2.7216,Supported,0,0,641.250,11.250,405.000
4161,ClayBrick,0,2.7216,Supported,0,0,641.250,33.750,405.000
4162,ClayBrick,0,2.7216,Supported,0,0,641.250,146.250,405.000
4163,ClayBrick,0,2.7216,Supported,0,0,641.250,168.750,405.000
4164,ClayBrick,0,2.7216,Supported,0,0,641.250,281.250,405.000
4165,ClayBrick,0,2.7216,Supported,0,0,641.250,303.750,405.000
4166,Timber,0,5.3640,Supported,0,0,641.250,56.250,405.000
4167,Timber,0,5.3640,Supported,0,0,641.250,191.250,405.000
4168,ClayBrick,0,1.2975,Supported,0,0,641.250,11.250,412.500
4169,ClayBrick,0,2.7216,Supported,0,0,641.250,22.500,412.500
4170,ClayBrick,0,1.2975,Supported,0,0,641.250,45.000,412.500
4171,ClayBrick,0,1.2975,Supported,0,0,641.250,146.250,412.500
4172,ClayBrick,0,2.7216,Supported,0,0,641.250,157.500,412.500
4173,ClayBrick,0,1.2975,Supported,0,0,641.250,180.000,412.500
4174,ClayBrick,0,1.2975,Supported,0,0,641.250,281.250,412.500
4175,ClayBrick,0,2.7216,Supported,0,0,641.250,292.500,412.500
4176,ClayBrick,0,1.2975,Supported,0,0,641.250,315.000,412.500
4177,ClayBrick,0,2.7216,Supported,0,0,641.250,11.250,420.000
4178,ClayBrick,0,2.7216,Supported,0,0,641.250,33.750,420.000
4179,ClayBrick,0,2.7216,Supported,0,0,641.250,56.250,420.000
4180,ClayBrick,0,2.7216,Supported,0,0,641.250,78.750,420.000
4181,ClayBrick,0,2.7216,Supported,0,0,641.250,101.250,420.000
4182,ClayBrick,0,2.7216,Supported,0,0,641.250,123.750,420.000
4183,ClayBrick,0,2.7216,Supported,0,0,641.250,146.250,420.000
4184,ClayBrick,0,2.7216,Supported,0,0,641.250,168.750,420.000
4185,ClayBrick,0,2.7216,Supported,0,0,641.250,191.250,420.000
4186,ClayBrick,0,2.7216,Supported,0,0,641.250,213.750,420.000
4187,ClayBrick,0,2.7216,Supported,0,0,641.250,236.250,420.000
4188,ClayBrick,0,2.7216,Supported,0,0,641.250,258.750,420.000
4189,ClayBrick,0,2.7216,Supported,0,0,641.250,281.250,420.000
4190,ClayBrick,0,2.7216,Supported,0,0,641.250,303.750,420.000
4191,ClayBrick,0,1.2975,Supported,0,0,641.250,11.250,427.500
4192,ClayBrick,0,2.7216,Supported,0,0,641.250,22.500,427.500
4193,ClayBrick,0,2.7216,Supported,0,0,641.250,45.000,427.500
4194,ClayBrick,0,2.7216,Supported,0,0,641.250,67.500,427.500
4195,ClayBrick,0,2.7216,Supported,0,0,641.250,90.000,427.500
4196,ClayBrick,0,2.7216,Supported,0,0,641.250,112.500,427.500
4197,ClayBrick,0,2.7216,Supported,0,0,641.250,135.000,427.500
4198,ClayBrick,0,2.7216,Supported,0,0,641.250,157.500,427.500
4199,ClayBrick,0,2.7216,Supported,0,0,641.250,180.000,427.500
4200,ClayBrick,0,2.7216,Supported,0,0,641.250,202.500,427.500
4201,ClayBrick,0,2.7216,Supported,0,0,641.250,225.000,427.500
4202,ClayBrick,0,2.7216,Supported,0,0,641.250,247.500,427.500
4203,ClayBrick,0,2.7216,Supported,0,0,641.250,270.000,427.500
4204,ClayBrick,0,2.7216,Supported,0,0,641.250,292.500,427.500
4205,ClayBrick,0,1.2975,Supported,0,0,641.250,315.000,427.500
4206,ClayBrick,0,2.7216,Supported,0,0,641.250,11.250,435.000
4207,ClayBrick,0,2.7216,Supported,0,0,641.250,33.750,435.000
4208,ClayBrick,0,2.7216,Supported,0,0,641.250,56.250,435.000
4209,ClayBrick,0,2.7216,Supported,0,0,641.250,78.750,435.000
4210,ClayBrick,0,2.7216,Supported,0,0,641.250,101.250,435.000
4211,ClayBrick,0,2.7216,Supported,0,0,641.250,123.750,435.000
4212,ClayBrick,0,2.7216,Supported,0,0,641.250,146.250,435.000
4213,ClayBrick,0,2.7216,Supported,0,0,641.250,168.750,435.000
4214,ClayBrick,0,2.7216,Supported,0,0,641.250,191.250,435.000
4215,ClayBrick,0,2.7216,Supported,0,0,641.250,213.750,435.000
4216,ClayBrick,0,2.7216,Supported,0,0,641.250,236.250,435.000
4217,ClayBrick,0,2.7216,Supported,0,0,641.250,258.750,435.000
4218,ClayBrick,0,2.7216,Supported,0,0,641.250,281.250,435.000
4219,ClayBrick,0,2.7216,Supported,0,0,641.250,303.750,435.000
4220,ClayBrick,0,1.2975,Supported,0,0,641.250,11.250,442.500
4221,ClayBrick,0,2.7216,Supported,0,0,641.250,22.500,442.500
4222,ClayBrick,0,2.7216,Supported,0,0,641.250,45.000,442.500
4223,ClayBrick,0,2.7216,Supported,0,0,641.250,67.500,442.500
4224,ClayBrick,0,2.7216,Supported,0,0,641.250,90.000,442.500
4225,ClayBrick,0,2.7216,Supported,0,0,641.250,112.500,442.500
4226,ClayBrick,0,2.7216,Supported,0,0,641.250,135.000,442.500
4227,ClayBrick,0,2.7216,Supported,0,0,641.250,157.500,442.500
4228,ClayBrick,0,2.7216,Supported,0,0,641.250,180.000,442.500
4229,ClayBrick,0,2.7216,Supported,0,0,641.250,202.500,442.500
4230,ClayBrick,0,2.7216,Supported,0,0,641.250,225.000,442.500
4231,ClayBrick,0,2.7216,Supported,0,0,641.250,247.500,442.500
4232,ClayBrick,0,2.7216,Supported,0,0,641.250,270.000,442.500
4233,ClayBrick,0,2.7216,Supported,0,0,641.250,292.500,442.500
4234,ClayBrick,0,1.2975,Supported,0,0,641.250,315.000,442.500
4235,ClayBrick,0,2.7216,Supported,0,0,641.250,11.250,450.000
4236,ClayBrick,0,2.7216,Supported,0,0,641.250,33.750,450.000
4237,ClayBrick,0,2.7216,Supported,0,0,641.250,56.250,450.000
4238,ClayBrick,0,2.7216,Supported,0,0,641.250,78.750,450.000
4239,ClayBrick,0,2.7216,Supported,0,0,641.250,101.250,450.000
4240,ClayBrick,0,2.7216,Supported,0,0,641.250,123.750,450.000
4241,ClayBrick,0,2.7216,Supported,0,0,641.250,146.250,450.000
4242,ClayBrick,0,2.7216,Supported,0,0,641.250,168.750,450.000
4243,ClayBrick,0,2.7216,Supported,0,0,641.250,191.250,450.000
4244,ClayBrick,0,2.7216,Supported,0,0,641.250,213.750,450.000
4245,ClayBrick,0,2.7216,Supported,0,0,641.250,236.250,450.000
4246,ClayBrick,0,2.7216,Supported,0,0,641.250,258.750,450.000
4247,ClayBrick,0,2.7216,Supported,0,0,641.250,281.250,450.000
4248,ClayBrick,0,2.7216,Supported,0,0,641.250,303.750,450.000
4249,ClayBrick,0,1.2975,Supported,0,0,641.250,11.250,457.500
4250,ClayBrick,0,2.7216,Supported,0,0,641.250,22.500,457.500
4251,ClayBrick,0,2.7216,Supported,0,0,641.250,45.000,457.500
4252,ClayBrick,0,2.7216,Supported,0,0,641.250,67.500,457.500
4253,ClayBrick,0,2.7216,Supported,0,0,641.250,90.000,457.500
4254,ClayBrick,0,2.7216,Supported,0,0,641.250,112.500,457.500
4255,ClayBrick,0,2.7216,Supported,0,0,641.250,135.000,457.500
4256,ClayBrick,0,2.7216,Supported,0,0,641.250,157.500,457.500
4257,ClayBrick,0,2.7216,Supported,0,0,641.250,180.000,457.500
4258,ClayBrick,0,2.7216,Supported,0,0,641.250,202.500,457.500
4259,ClayBrick,0,2.7216,Supported,0,0,641.250,225.000,457.500
4260,ClayBrick,0,2.7216,Supported,0,0,641.250,247.500,457.500
4261,ClayBrick,0,2.7216,Supported,0,0,641.250,270.000,457.500
4262,ClayBrick,0,2.7216,Supported,0,0,641.250,292.500,457.500
4263,ClayBrick,0,1.2975,Supported,0,0,641.250,315.000,457.500
4264,StructuralConcrete,0,15.1536,Supported,0,0,641.250,11.250,465.000
4265,StructuralConcrete,0,15.1536,Supported,0,0,641.250,56.250,465.000
4266,StructuralConcrete,0,15.1536,Supported,0,0,641.250,101.250,465.000
4267,StructuralConcrete,0,15.1536,Supported,0,0,641.250,146.250,465.000
4268,StructuralConcrete,0,15.1536,Supported,0,0,641.250,191.250,465.000
4269,StructuralConcrete,0,15.1536,Supported,0,0,641.250,236.250,465.000
4270,StructuralConcrete,0,15.1536,Supported,0,0,641.250,281.250,465.000
4271,ClayBrick,1,2.7216,Grounded,0,0,33.750,-11.250,0.000
4272,ClayBrick,1,2.7216,Grounded,0,0,33.750,337.500,0.000
4273,ClayBrick,0,2.7216,Supported,0,0,33.750,-11.250,7.500
4274,ClayBrick,0,2.7216,Supported,0,0,33.750,337.500,7.500
4275,ClayBrick,0,2.7216,Supported,0,0,33.750,-11.250,15.000
4276,ClayBrick,0,2.7216,Supported,0,0,33.750,337.500,15.000
4277,ClayBrick,0,2.7216,Supported,0,0,33.750,-11.250,22.500
4278,ClayBrick,0,2.7216,Supported,0,0,33.750,337.500,22.500
4279,ClayBrick,0,2.7216,Supported,0,0,33.750,-11.250,30.000
4280,ClayBrick,0,2.7216,Supported,0,0,33.750,337.500,30.000
4281,ClayBrick,0,2.7216,Supported,0,0,33.750,-11.250,37.500
4282,ClayBrick,0,2.7216,Supported,0,0,33.750,337.500,37.500
4283,ClayBrick,0,2.7216,Supported,0,0,33.750,-11.250,45.000
4284,ClayBrick,0,2.7216,Supported,0,0,33.750,337.500,45.000
4285,ClayBrick,0,2.7216,Supported,0,0,33.750,-11.250,52.500
4286,ClayBrick,0,2.7216,Supported,0,0,33.750,337.500,52.500
4287,ClayBrick,0,2.7216,Supported,0,0,33.750,-11.250,60.000
4288,ClayBrick,0,2.7216,Supported,0,0,33.750,337.500,60.000
4289,ClayBrick,0,2.7216,Supported,0,0,33.750,-11.250,67.500
4290,ClayBrick,0,2.7216,Supported,0,0,33.750,337.500,67.500
4291,ClayBrick,0,2.7216,Supported,0,0,33.750,-11.250,75.000
4292,ClayBrick,0,2.7216,Supported,0,0,33.750,337.500,75.000
4293,ClayBrick,0,2.7216,Supported,0,0,33.750,-11.250,82.500
4294,ClayBrick,0,2.7216,Supported,0,0,33.750,337.500,82.500
4295,ClayBrick,0,2.7216,Supported,0,0,33.750,-11.250,90.000
4296,ClayBrick,0,2.7216,Supported,0,0,33.750,337.500,90.000
4297,ClayBrick,0,2.7216,Supported,0,0,33.750,-11.250,97.500
4298,ClayBrick,0,2.7216,Supported,0,0,33.750,337.500,97.500
4299,ClayBrick,0,2.7216,Supported,0,0,33.750,-11.250,105.000
4300,ClayBrick,0,2.7216,Supported,0,0,33.750,337.500,105.000
4301,ClayBrick,0,2.7216,Supported,0,0,33.750,-11.250,112.500
4302,ClayBrick,0,2.7216,Supported,0,0,33.750,337.500,112.500
4303,ClayBrick,0,2.7216,Supported,0,0,33.750,-11.250,120.000
4304,ClayBrick,0,2.7216,Supported,0,0,33.750,337.500,120.000
4305,ClayBrick,0,2.7216,Supported,0,0,33.750,-11.250,127.500
4306,ClayBrick,0,2.7216,Supported,0,0,33.750,337.500,127.500
4307,ClayBrick,0,2.7216,Supported,0,0,33.750,-11.250,135.000
4308,ClayBrick,0,2.7216,Supported,0,0,33.750,337.500,135.000
4309,ClayBrick,0,2.7216,Supported,0,0,33.750,-11.250,142.500
4310,ClayBrick,0,2.7216,Supported,0,0,33.750,337.500,142.500
4311,ClayBrick,0,2.7216,Supported,0,0,33.750,-11.250,150.000
4312,ClayBrick,0,2.7216,Supported,0,0,33.750,337.500,150.000
4313,ClayBrick,0,2.7216,Supported,0,0,33.750,-11.250,157.500
4314,ClayBrick,0,2.7216,Supported,0,0,33.750,337.500,157.500
4315,ClayBrick,0,2.7216,Supported,0,0,33.750,-11.250,165.000
4316,ClayBrick,0,2.7216,Supported,0,0,33.750,337.500,165.000
4317,ClayBrick,0,2.7216,Supported,0,0,33.750,-11.250,172.500
4318,ClayBrick,0,2.7216,Supported,0,0,33.750,337.500,172.500
4319,ClayBrick,0,2.7216,Supported,0,0,33.750,-11.250,180.000
4320,ClayBrick,0,2.7216,Supported,0,0,33.750,337.500,180.000
4321,ClayBrick,0,2.7216,Supported,0,0,33.750,-11.250,187.500
4322,ClayBrick,0,2.7216,Supported,0,0,33.750,337.500,187.500
4323,ClayBrick,0,2.7216,Supported,0,0,33.750,-11.250,195.000
4324,ClayBrick,0,2.7216,Supported,0,0,33.750,337.500,195.000
4325,ClayBrick,0,2.7216,Supported,0,0,33.750,-11.250,202.500
4326,ClayBrick,0,2.7216,Supported,0,0,33.750,337.500,202.500
4327,ClayBrick,0,2.7216,Supported,0,0,33.750,-11.250,210.000
4328,ClayBrick,0,2.7216,Supported,0,0,33.750,337.500,210.000
4329,ClayBrick,0,2.7216,Supported,0,0,33.750,-11.250,217.500
4330,ClayBrick,0,2.7216,Supported,0,0,33.750,337.500,217.500
4331,ClayBrick,0,2.7216,Supported,0,0,33.750,-11.250,225.000
4332,ClayBrick,0,2.7216,Supported,0,0,33.750,337.500,225.000
4333,ClayBrick,0,2.7216,Supported,0,0,33.750,-11.250,232.500
4334,ClayBrick,0,2.7216,Supported,0,0,33.750,337.500,232.500
4335,ClayBrick,0,2.7216,Supported,0,0,33.750,-11.250,240.000
4336,ClayBrick,0,2.7216,Supported,0,0,33.750,337.500,240.000
4337,ClayBrick,0,2.7216,Supported,0,0,33.750,-11.250,247.500
4338,ClayBrick,0,2.7216,Supported,0,0,33.750,337.500,247.500
4339,ClayBrick,0,2.7216,Supported,0,0,33.750,-11.250,255.000
4340,ClayBrick,0,2.7216,Supported,0,0,33.750,337.500,255.000
4341,ClayBrick,0,2.7216,Supported,0,0,33.750,-11.250,262.500
4342,ClayBrick,0,2.7216,Supported,0,0,33.750,337.500,262.500
4343,ClayBrick,0,2.7216,Supported,0,0,33.750,-11.250,270.000
4344,ClayBrick,0,2.7216,Supported,0,0,33.750,337.500,270.000
4345,ClayBrick,0,2.7216,Supported,0,0,33.750,-11.250,277.500
4346,ClayBrick,0,2.7216,removed,0,1,0.000,0.000,0.000
4347,ClayBrick,0,2.7216,Supported,0,0,33.750,-11.250,285.000
4348,ClayBrick,0,2.7216,Falling,1,0,33.750,337.500,285.000
4349,ClayBrick,0,2.7216,Supported,0,0,33.750,-11.250,292.500
4350,ClayBrick,0,2.7216,Falling,1,0,33.750,337.500,292.500
4351,ClayBrick,0,2.7216,Supported,0,0,33.750,-11.250,300.000
4352,ClayBrick,0,2.7216,Falling,1,0,33.750,337.500,300.000
4353,ClayBrick,0,2.7216,Supported,0,0,33.750,-11.250,307.500
4354,ClayBrick,0,2.7216,Falling,1,0,33.750,337.500,307.500
4355,ClayBrick,0,2.7216,Supported,0,0,33.750,-11.250,315.000
4356,ClayBrick,0,2.7216,Falling,1,0,33.750,337.500,315.000
4357,ClayBrick,0,2.7216,Supported,0,0,33.750,-11.250,322.500
4358,ClayBrick,0,2.7216,Falling,1,0,33.750,337.500,322.500
4359,ClayBrick,0,2.7216,Supported,0,0,33.750,-11.250,330.000
4360,ClayBrick,0,2.7216,Falling,1,0,33.750,337.500,330.000
4361,ClayBrick,0,2.7216,Supported,0,0,33.750,-11.250,337.500
4362,ClayBrick,0,2.7216,Falling,1,0,33.750,337.500,337.500
4363,ClayBrick,0,2.7216,Supported,0,0,33.750,-11.250,345.000
4364,ClayBrick,0,2.7216,Falling,1,0,33.750,337.500,345.000
4365,ClayBrick,0,2.7216,Supported,0,0,33.750,-11.250,352.500
4366,ClayBrick,0,2.7216,Falling,1,0,33.750,337.500,352.500
4367,ClayBrick,0,2.7216,Supported,0,0,33.750,-11.250,360.000
4368,ClayBrick,0,2.7216,Falling,1,0,33.750,337.500,360.000
4369,ClayBrick,0,2.7216,Supported,0,0,33.750,-11.250,367.500
4370,ClayBrick,0,2.7216,Falling,1,0,33.750,337.500,367.500
4371,ClayBrick,0,2.7216,Supported,0,0,33.750,-11.250,375.000
4372,ClayBrick,0,2.7216,Falling,1,0,33.750,337.500,375.000
4373,ClayBrick,0,2.7216,Supported,0,0,33.750,-11.250,382.500
4374,ClayBrick,0,2.7216,Falling,1,0,33.750,337.500,382.500
4375,ClayBrick,0,2.7216,Supported,0,0,33.750,-11.250,390.000
4376,ClayBrick,0,2.7216,Falling,1,0,33.750,337.500,390.000
4377,ClayBrick,0,2.7216,Supported,0,0,33.750,-11.250,397.500
4378,ClayBrick,0,2.7216,Falling,1,0,33.750,337.500,397.500
4379,ClayBrick,0,2.7216,Supported,0,0,33.750,-11.250,405.000
4380,ClayBrick,0,2.7216,Falling,1,0,33.750,337.500,405.000
4381,ClayBrick,0,2.7216,Supported,0,0,33.750,-11.250,412.500
4382,ClayBrick,0,2.7216,Falling,1,0,33.750,337.500,412.500
4383,ClayBrick,0,2.7216,Supported,0,0,33.750,-11.250,420.000
4384,ClayBrick,0,2.7216,Falling,1,0,33.750,337.500,420.000
4385,ClayBrick,0,2.7216,Supported,0,0,33.750,-11.250,427.500
4386,ClayBrick,0,2.7216,Falling,1,0,33.750,337.500,427.500
4387,ClayBrick,0,2.7216,Supported,0,0,33.750,-11.250,435.000
4388,ClayBrick,0,2.7216,Falling,1,0,33.750,337.500,435.000
4389,ClayBrick,0,2.7216,Supported,0,0,33.750,-11.250,442.500
4390,ClayBrick,0,2.7216,Falling,1,0,33.750,337.500,442.500
4391,ClayBrick,0,2.7216,Supported,0,0,33.750,-11.250,450.000
4392,ClayBrick,0,2.7216,Falling,1,0,33.750,337.500,450.000
4393,ClayBrick,0,2.7216,Supported,0,0,33.750,-11.250,457.500
4394,ClayBrick,0,2.7216,Falling,1,0,33.750,337.500,457.500
4395,ClayBrick,1,2.7216,Grounded,0,0,146.250,-11.250,0.000
4396,ClayBrick,1,2.7216,Grounded,0,0,146.250,337.500,0.000
4397,ClayBrick,0,2.7216,Supported,0,0,146.250,-11.250,7.500
4398,ClayBrick,0,2.7216,Supported,0,0,146.250,337.500,7.500
4399,ClayBrick,0,2.7216,Supported,0,0,146.250,-11.250,15.000
4400,ClayBrick,0,2.7216,Supported,0,0,146.250,337.500,15.000
4401,ClayBrick,0,2.7216,Supported,0,0,146.250,-11.250,22.500
4402,ClayBrick,0,2.7216,Supported,0,0,146.250,337.500,22.500
4403,ClayBrick,0,2.7216,Supported,0,0,146.250,-11.250,30.000
4404,ClayBrick,0,2.7216,Supported,0,0,146.250,337.500,30.000
4405,ClayBrick,0,2.7216,Supported,0,0,146.250,-11.250,37.500
4406,ClayBrick,0,2.7216,Supported,0,0,146.250,337.500,37.500
4407,ClayBrick,0,2.7216,Supported,0,0,146.250,-11.250,45.000
4408,ClayBrick,0,2.7216,Supported,0,0,146.250,337.500,45.000
4409,ClayBrick,0,2.7216,Supported,0,0,146.250,-11.250,52.500
4410,ClayBrick,0,2.7216,Supported,0,0,146.250,337.500,52.500
4411,ClayBrick,0,2.7216,Supported,0,0,146.250,-11.250,60.000
4412,ClayBrick,0,2.7216,Supported,0,0,146.250,337.500,60.000
4413,ClayBrick,0,2.7216,Supported,0,0,146.250,-11.250,67.500
4414,ClayBrick,0,2.7216,Supported,0,0,146.250,337.500,67.500
4415,ClayBrick,0,2.7216,Supported,0,0,146.250,-11.250,75.000
4416,ClayBrick,0,2.7216,Supported,0,0,146.250,337.500,75.000
4417,ClayBrick,0,2.7216,Supported,0,0,146.250,-11.250,82.500
4418,ClayBrick,0,2.7216,Supported,0,0,146.250,337.500,82.500
4419,ClayBrick,0,2.7216,Supported,0,0,146.250,-11.250,90.000
4420,ClayBrick,0,2.7216,Supported,0,0,146.250,337.500,90.000
4421,ClayBrick,0,2.7216,Supported,0,0,146.250,-11.250,97.500
4422,ClayBrick,0,2.7216,Supported,0,0,146.250,337.500,97.500
4423,ClayBrick,0,2.7216,Supported,0,0,146.250,-11.250,105.000
4424,ClayBrick,0,2.7216,Supported,0,0,146.250,337.500,105.000
4425,ClayBrick,0,2.7216,Supported,0,0,146.250,-11.250,112.500
4426,ClayBrick,0,2.7216,Supported,0,0,146.250,337.500,112.500
4427,ClayBrick,0,2.7216,Supported,0,0,146.250,-11.250,120.000
4428,ClayBrick,0,2.7216,Supported,0,0,146.250,337.500,120.000
4429,ClayBrick,0,2.7216,Supported,0,0,146.250,-11.250,127.500
4430,ClayBrick,0,2.7216,Supported,0,0,146.250,337.500,127.500
4431,ClayBrick,0,2.7216,Supported,0,0,146.250,-11.250,135.000
4432,ClayBrick,0,2.7216,Supported,0,0,146.250,337.500,135.000
4433,ClayBrick,0,2.7216,Supported,0,0,146.250,-11.250,142.500
4434,ClayBrick,0,2.7216,Supported,0,0,146.250,337.500,142.500
4435,ClayBrick,0,2.7216,Supported,0,0,146.250,-11.250,150.000
4436,ClayBrick,0,2.7216,Supported,0,0,146.250,337.500,150.000
4437,ClayBrick,0,2.7216,Supported,0,0,146.250,-11.250,157.500
4438,ClayBrick,0,2.7216,Supported,0,0,146.250,337.500,157.500
4439,ClayBrick,0,2.7216,Supported,0,0,146.250,-11.250,165.000
4440,ClayBrick,0,2.7216,Supported,0,0,146.250,337.500,165.000
4441,ClayBrick,0,2.7216,Supported,0,0,146.250,-11.250,172.500
4442,ClayBrick,0,2.7216,Supported,0,0,146.250,337.500,172.500
4443,ClayBrick,0,2.7216,Supported,0,0,146.250,-11.250,180.000
4444,ClayBrick,0,2.7216,Supported,0,0,146.250,337.500,180.000
4445,ClayBrick,0,2.7216,Supported,0,0,146.250,-11.250,187.500
4446,ClayBrick,0,2.7216,Supported,0,0,146.250,337.500,187.500
4447,ClayBrick,0,2.7216,Supported,0,0,146.250,-11.250,195.000
4448,ClayBrick,0,2.7216,Supported,0,0,146.250,337.500,195.000
4449,ClayBrick,0,2.7216,Supported,0,0,146.250,-11.250,202.500
4450,ClayBrick,0,2.7216,Supported,0,0,146.250,337.500,202.500
4451,ClayBrick,0,2.7216,Supported,0,0,146.250,-11.250,210.000
4452,ClayBrick,0,2.7216,Supported,0,0,146.250,337.500,210.000
4453,ClayBrick,0,2.7216,Supported,0,0,146.250,-11.250,217.500
4454,ClayBrick,0,2.7216,Supported,0,0,146.250,337.500,217.500
4455,ClayBrick,0,2.7216,Supported,0,0,146.250,-11.250,225.000
4456,ClayBrick,0,2.7216,Supported,0,0,146.250,337.500,225.000
4457,ClayBrick,0,2.7216,Supported,0,0,146.250,-11.250,232.500
4458,ClayBrick,0,2.7216,Supported,0,0,146.250,337.500,232.500
4459,ClayBrick,0,2.7216,Supported,0,0,146.250,-11.250,240.000
4460,ClayBrick,0,2.7216,Supported,0,0,146.250,337.500,240.000
4461,ClayBrick,0,2.7216,Supported,0,0,146.250,-11.250,247.500
4462,ClayBrick,0,2.7216,Supported,0,0,146.250,337.500,247.500
4463,ClayBrick,0,2.7216,Supported,0,0,146.250,-11.250,255.000
4464,ClayBrick,0,2.7216,Supported,0,0,146.250,337.500,255.000
4465,ClayBrick,0,2.7216,Supported,0,0,146.250,-11.250,262.500
4466,ClayBrick,0,2.7216,Supported,0,0,146.250,337.500,262.500
4467,ClayBrick,0,2.7216,Supported,0,0,146.250,-11.250,270.000
4468,ClayBrick,0,2.7216,Supported,0,0,146.250,337.500,270.000
4469,ClayBrick,0,2.7216,Supported,0,0,146.250,-11.250,277.500
4470,ClayBrick,0,2.7216,removed,0,1,0.000,0.000,0.000
4471,ClayBrick,0,2.7216,Supported,0,0,146.250,-11.250,285.000
4472,ClayBrick,0,2.7216,Falling,1,0,146.250,337.500,285.000
4473,ClayBrick,0,2.7216,Supported,0,0,146.250,-11.250,292.500
4474,ClayBrick,0,2.7216,Falling,1,0,146.250,337.500,292.500
4475,ClayBrick,0,2.7216,Supported,0,0,146.250,-11.250,300.000
4476,ClayBrick,0,2.7216,Falling,1,0,146.250,337.500,300.000
4477,ClayBrick,0,2.7216,Supported,0,0,146.250,-11.250,307.500
4478,ClayBrick,0,2.7216,Falling,1,0,146.250,337.500,307.500
4479,ClayBrick,0,2.7216,Supported,0,0,146.250,-11.250,315.000
4480,ClayBrick,0,2.7216,Falling,1,0,146.250,337.500,315.000
4481,ClayBrick,0,2.7216,Supported,0,0,146.250,-11.250,322.500
4482,ClayBrick,0,2.7216,Falling,1,0,146.250,337.500,322.500
4483,ClayBrick,0,2.7216,Supported,0,0,146.250,-11.250,330.000
4484,ClayBrick,0,2.7216,Falling,1,0,146.250,337.500,330.000
4485,ClayBrick,0,2.7216,Supported,0,0,146.250,-11.250,337.500
4486,ClayBrick,0,2.7216,Falling,1,0,146.250,337.500,337.500
4487,ClayBrick,0,2.7216,Supported,0,0,146.250,-11.250,345.000
4488,ClayBrick,0,2.7216,Falling,1,0,146.250,337.500,345.000
4489,ClayBrick,0,2.7216,Supported,0,0,146.250,-11.250,352.500
4490,ClayBrick,0,2.7216,Falling,1,0,146.250,337.500,352.500
4491,ClayBrick,0,2.7216,Supported,0,0,146.250,-11.250,360.000
4492,ClayBrick,0,2.7216,Falling,1,0,146.250,337.500,360.000
4493,ClayBrick,0,2.7216,Supported,0,0,146.250,-11.250,367.500
4494,ClayBrick,0,2.7216,Falling,1,0,146.250,337.500,367.500
4495,ClayBrick,0,2.7216,Supported,0,0,146.250,-11.250,375.000
4496,ClayBrick,0,2.7216,Falling,1,0,146.250,337.500,375.000
4497,ClayBrick,0,2.7216,Supported,0,0,146.250,-11.250,382.500
4498,ClayBrick,0,2.7216,Falling,1,0,146.250,337.500,382.500
4499,ClayBrick,0,2.7216,Supported,0,0,146.250,-11.250,390.000
4500,ClayBrick,0,2.7216,Falling,1,0,146.250,337.500,390.000
4501,ClayBrick,0,2.7216,Supported,0,0,146.250,-11.250,397.500
4502,ClayBrick,0,2.7216,Falling,1,0,146.250,337.500,397.500
4503,ClayBrick,0,2.7216,Supported,0,0,146.250,-11.250,405.000
4504,ClayBrick,0,2.7216,Falling,1,0,146.250,337.500,405.000
4505,ClayBrick,0,2.7216,Supported,0,0,146.250,-11.250,412.500
4506,ClayBrick,0,2.7216,Falling,1,0,146.250,337.500,412.500
4507,ClayBrick,0,2.7216,Supported,0,0,146.250,-11.250,420.000
4508,ClayBrick,0,2.7216,Falling,1,0,146.250,337.500,420.000
4509,ClayBrick,0,2.7216,Supported,0,0,146.250,-11.250,427.500
4510,ClayBrick,0,2.7216,Falling,1,0,146.250,337.500,427.500
4511,ClayBrick,0,2.7216,Supported,0,0,146.250,-11.250,435.000
4512,ClayBrick,0,2.7216,Falling,1,0,146.250,337.500,435.000
4513,ClayBrick,0,2.7216,Supported,0,0,146.250,-11.250,442.500
4514,ClayBrick,0,2.7216,Falling,1,0,146.250,337.500,442.500
4515,ClayBrick,0,2.7216,Supported,0,0,146.250,-11.250,450.000
4516,ClayBrick,0,2.7216,Falling,1,0,146.250,337.500,450.000
4517,ClayBrick,0,2.7216,Supported,0,0,146.250,-11.250,457.500
4518,ClayBrick,0,2.7216,Falling,1,0,146.250,337.500,457.500
4519,ClayBrick,1,2.7216,Grounded,0,0,258.750,-11.250,0.000
4520,ClayBrick,1,2.7216,Grounded,0,0,258.750,337.500,0.000
4521,ClayBrick,0,2.7216,Supported,0,0,258.750,-11.250,7.500
4522,ClayBrick,0,2.7216,Supported,0,0,258.750,337.500,7.500
4523,ClayBrick,0,2.7216,Supported,0,0,258.750,-11.250,15.000
4524,ClayBrick,0,2.7216,Supported,0,0,258.750,337.500,15.000
4525,ClayBrick,0,2.7216,Supported,0,0,258.750,-11.250,22.500
4526,ClayBrick,0,2.7216,Supported,0,0,258.750,337.500,22.500
4527,ClayBrick,0,2.7216,Supported,0,0,258.750,-11.250,30.000
4528,ClayBrick,0,2.7216,Supported,0,0,258.750,337.500,30.000
4529,ClayBrick,0,2.7216,Supported,0,0,258.750,-11.250,37.500
4530,ClayBrick,0,2.7216,Supported,0,0,258.750,337.500,37.500
4531,ClayBrick,0,2.7216,Supported,0,0,258.750,-11.250,45.000
4532,ClayBrick,0,2.7216,Supported,0,0,258.750,337.500,45.000
4533,ClayBrick,0,2.7216,Supported,0,0,258.750,-11.250,52.500
4534,ClayBrick,0,2.7216,Supported,0,0,258.750,337.500,52.500
4535,ClayBrick,0,2.7216,Supported,0,0,258.750,-11.250,60.000
4536,ClayBrick,0,2.7216,Supported,0,0,258.750,337.500,60.000
4537,ClayBrick,0,2.7216,Supported,0,0,258.750,-11.250,67.500
4538,ClayBrick,0,2.7216,Supported,0,0,258.750,337.500,67.500
4539,ClayBrick,0,2.7216,Supported,0,0,258.750,-11.250,75.000
4540,ClayBrick,0,2.7216,Supported,0,0,258.750,337.500,75.000
4541,ClayBrick,0,2.7216,Supported,0,0,258.750,-11.250,82.500
4542,ClayBrick,0,2.7216,Supported,0,0,258.750,337.500,82.500
4543,ClayBrick,0,2.7216,Supported,0,0,258.750,-11.250,90.000
4544,ClayBrick,0,2.7216,Supported,0,0,258.750,337.500,90.000
4545,ClayBrick,0,2.7216,Supported,0,0,258.750,-11.250,97.500
4546,ClayBrick,0,2.7216,Supported,0,0,258.750,337.500,97.500
4547,ClayBrick,0,2.7216,Supported,0,0,258.750,-11.250,105.000
4548,ClayBrick,0,2.7216,Supported,0,0,258.750,337.500,105.000
4549,ClayBrick,0,2.7216,Supported,0,0,258.750,-11.250,112.500
4550,ClayBrick,0,2.7216,Supported,0,0,258.750,337.500,112.500
4551,ClayBrick,0,2.7216,Supported,0,0,258.750,-11.250,120.000
4552,ClayBrick,0,2.7216,Supported,0,0,258.750,337.500,120.000
4553,ClayBrick,0,2.7216,Supported,0,0,258.750,-11.250,127.500
4554,ClayBrick,0,2.7216,Supported,0,0,258.750,337.500,127.500
4555,ClayBrick,0,2.7216,Supported,0,0,258.750,-11.250,135.000
4556,ClayBrick,0,2.7216,Supported,0,0,258.750,337.500,135.000
4557,ClayBrick,0,2.7216,Supported,0,0,258.750,-11.250,142.500
4558,ClayBrick,0,2.7216,Supported,0,0,258.750,337.500,142.500
4559,ClayBrick,0,2.7216,Supported,0,0,258.750,-11.250,150.000
4560,ClayBrick,0,2.7216,Supported,0,0,258.750,337.500,150.000
4561,ClayBrick,0,2.7216,Supported,0,0,258.750,-11.250,157.500
4562,ClayBrick,0,2.7216,Supported,0,0,258.750,337.500,157.500
4563,ClayBrick,0,2.7216,Supported,0,0,258.750,-11.250,165.000
4564,ClayBrick,0,2.7216,Supported,0,0,258.750,337.500,165.000
4565,ClayBrick,0,2.7216,Supported,0,0,258.750,-11.250,172.500
4566,ClayBrick,0,2.7216,Supported,0,0,258.750,337.500,172.500
4567,ClayBrick,0,2.7216,Supported,0,0,258.750,-11.250,180.000
4568,ClayBrick,0,2.7216,Supported,0,0,258.750,337.500,180.000
4569,ClayBrick,0,2.7216,Supported,0,0,258.750,-11.250,187.500
4570,ClayBrick,0,2.7216,Supported,0,0,258.750,337.500,187.500
4571,ClayBrick,0,2.7216,Supported,0,0,258.750,-11.250,195.000
4572,ClayBrick,0,2.7216,Supported,0,0,258.750,337.500,195.000
4573,ClayBrick,0,2.7216,Supported,0,0,258.750,-11.250,202.500
4574,ClayBrick,0,2.7216,Supported,0,0,258.750,337.500,202.500
4575,ClayBrick,0,2.7216,Supported,0,0,258.750,-11.250,210.000
4576,ClayBrick,0,2.7216,Supported,0,0,258.750,337.500,210.000
4577,ClayBrick,0,2.7216,Supported,0,0,258.750,-11.250,217.500
4578,ClayBrick,0,2.7216,Supported,0,0,258.750,337.500,217.500
4579,ClayBrick,0,2.7216,Supported,0,0,258.750,-11.250,225.000
4580,ClayBrick,0,2.7216,Supported,0,0,258.750,337.500,225.000
4581,ClayBrick,0,2.7216,Supported,0,0,258.750,-11.250,232.500
4582,ClayBrick,0,2.7216,Supported,0,0,258.750,337.500,232.500
4583,ClayBrick,0,2.7216,Supported,0,0,258.750,-11.250,240.000
4584,ClayBrick,0,2.7216,Supported,0,0,258.750,337.500,240.000
4585,ClayBrick,0,2.7216,Supported,0,0,258.750,-11.250,247.500
4586,ClayBrick,0,2.7216,Supported,0,0,258.750,337.500,247.500
4587,ClayBrick,0,2.7216,Supported,0,0,258.750,-11.250,255.000
4588,ClayBrick,0,2.7216,Supported,0,0,258.750,337.500,255.000
4589,ClayBrick,0,2.7216,Supported,0,0,258.750,-11.250,262.500
4590,ClayBrick,0,2.7216,Supported,0,0,258.750,337.500,262.500
4591,ClayBrick,0,2.7216,Supported,0,0,258.750,-11.250,270.000
4592,ClayBrick,0,2.7216,Supported,0,0,258.750,337.500,270.000
4593,ClayBrick,0,2.7216,Supported,0,0,258.750,-11.250,277.500
4594,ClayBrick,0,2.7216,removed,0,1,0.000,0.000,0.000
4595,ClayBrick,0,2.7216,Supported,0,0,258.750,-11.250,285.000
4596,ClayBrick,0,2.7216,Falling,1,0,258.750,337.500,285.000
4597,ClayBrick,0,2.7216,Supported,0,0,258.750,-11.250,292.500
4598,ClayBrick,0,2.7216,Falling,1,0,258.750,337.500,292.500
4599,ClayBrick,0,2.7216,Supported,0,0,258.750,-11.250,300.000
4600,ClayBrick,0,2.7216,Falling,1,0,258.750,337.500,300.000
4601,ClayBrick,0,2.7216,Supported,0,0,258.750,-11.250,307.500
4602,ClayBrick,0,2.7216,Falling,1,0,258.750,337.500,307.500
4603,ClayBrick,0,2.7216,Supported,0,0,258.750,-11.250,315.000
4604,ClayBrick,0,2.7216,Falling,1,0,258.750,337.500,315.000
4605,ClayBrick,0,2.7216,Supported,0,0,258.750,-11.250,322.500
4606,ClayBrick,0,2.7216,Falling,1,0,258.750,337.500,322.500
4607,ClayBrick,0,2.7216,Supported,0,0,258.750,-11.250,330.000
4608,ClayBrick,0,2.7216,Falling,1,0,258.750,337.500,330.000
4609,ClayBrick,0,2.7216,Supported,0,0,258.750,-11.250,337.500
4610,ClayBrick,0,2.7216,Falling,1,0,258.750,337.500,337.500
4611,ClayBrick,0,2.7216,Supported,0,0,258.750,-11.250,345.000
4612,ClayBrick,0,2.7216,Falling,1,0,258.750,337.500,345.000
4613,ClayBrick,0,2.7216,Supported,0,0,258.750,-11.250,352.500
4614,ClayBrick,0,2.7216,Falling,1,0,258.750,337.500,352.500
4615,ClayBrick,0,2.7216,Supported,0,0,258.750,-11.250,360.000
4616,ClayBrick,0,2.7216,Falling,1,0,258.750,337.500,360.000
4617,ClayBrick,0,2.7216,Supported,0,0,258.750,-11.250,367.500
4618,ClayBrick,0,2.7216,Falling,1,0,258.750,337.500,367.500
4619,ClayBrick,0,2.7216,Supported,0,0,258.750,-11.250,375.000
4620,ClayBrick,0,2.7216,Falling,1,0,258.750,337.500,375.000
4621,ClayBrick,0,2.7216,Supported,0,0,258.750,-11.250,382.500
4622,ClayBrick,0,2.7216,Falling,1,0,258.750,337.500,382.500
4623,ClayBrick,0,2.7216,Supported,0,0,258.750,-11.250,390.000
4624,ClayBrick,0,2.7216,Falling,1,0,258.750,337.500,390.000
4625,ClayBrick,0,2.7216,Supported,0,0,258.750,-11.250,397.500
4626,ClayBrick,0,2.7216,Falling,1,0,258.750,337.500,397.500
4627,ClayBrick,0,2.7216,Supported,0,0,258.750,-11.250,405.000
4628,ClayBrick,0,2.7216,Falling,1,0,258.750,337.500,405.000
4629,ClayBrick,0,2.7216,Supported,0,0,258.750,-11.250,412.500
4630,ClayBrick,0,2.7216,Falling,1,0,258.750,337.500,412.500
4631,ClayBrick,0,2.7216,Supported,0,0,258.750,-11.250,420.000
4632,ClayBrick,0,2.7216,Falling,1,0,258.750,337.500,420.000
4633,ClayBrick,0,2.7216,Supported,0,0,258.750,-11.250,427.500
4634,ClayBrick,0,2.7216,Falling,1,0,258.750,337.500,427.500
4635,ClayBrick,0,2.7216,Supported,0,0,258.750,-11.250,435.000
4636,ClayBrick,0,2.7216,Falling,1,0,258.750,337.500,435.000
4637,ClayBrick,0,2.7216,Supported,0,0,258.750,-11.250,442.500
4638,ClayBrick,0,2.7216,Falling,1,0,258.750,337.500,442.500
4639,ClayBrick,0,2.7216,Supported,0,0,258.750,-11.250,450.000
4640,ClayBrick,0,2.7216,Falling,1,0,258.750,337.500,450.000
4641,ClayBrick,0,2.7216,Supported,0,0,258.750,-11.250,457.500
4642,ClayBrick,0,2.7216,Falling,1,0,258.750,337.500,457.500
4643,ClayBrick,1,2.7216,Grounded,0,0,371.250,-11.250,0.000
4644,ClayBrick,1,2.7216,Grounded,0,0,371.250,337.500,0.000
4645,ClayBrick,0,2.7216,Supported,0,0,371.250,-11.250,7.500
4646,ClayBrick,0,2.7216,Supported,0,0,371.250,337.500,7.500
4647,ClayBrick,0,2.7216,Supported,0,0,371.250,-11.250,15.000
4648,ClayBrick,0,2.7216,Supported,0,0,371.250,337.500,15.000
4649,ClayBrick,0,2.7216,Supported,0,0,371.250,-11.250,22.500
4650,ClayBrick,0,2.7216,Supported,0,0,371.250,337.500,22.500
4651,ClayBrick,0,2.7216,Supported,0,0,371.250,-11.250,30.000
4652,ClayBrick,0,2.7216,Supported,0,0,371.250,337.500,30.000
4653,ClayBrick,0,2.7216,Supported,0,0,371.250,-11.250,37.500
4654,ClayBrick,0,2.7216,Supported,0,0,371.250,337.500,37.500
4655,ClayBrick,0,2.7216,Supported,0,0,371.250,-11.250,45.000
4656,ClayBrick,0,2.7216,Supported,0,0,371.250,337.500,45.000
4657,ClayBrick,0,2.7216,Supported,0,0,371.250,-11.250,52.500
4658,ClayBrick,0,2.7216,Supported,0,0,371.250,337.500,52.500
4659,ClayBrick,0,2.7216,Supported,0,0,371.250,-11.250,60.000
4660,ClayBrick,0,2.7216,Supported,0,0,371.250,337.500,60.000
4661,ClayBrick,0,2.7216,Supported,0,0,371.250,-11.250,67.500
4662,ClayBrick,0,2.7216,Supported,0,0,371.250,337.500,67.500
4663,ClayBrick,0,2.7216,Supported,0,0,371.250,-11.250,75.000
4664,ClayBrick,0,2.7216,Supported,0,0,371.250,337.500,75.000
4665,ClayBrick,0,2.7216,Supported,0,0,371.250,-11.250,82.500
4666,ClayBrick,0,2.7216,Supported,0,0,371.250,337.500,82.500
4667,ClayBrick,0,2.7216,Supported,0,0,371.250,-11.250,90.000
4668,ClayBrick,0,2.7216,Supported,0,0,371.250,337.500,90.000
4669,ClayBrick,0,2.7216,Supported,0,0,371.250,-11.250,97.500
4670,ClayBrick,0,2.7216,Supported,0,0,371.250,337.500,97.500
4671,ClayBrick,0,2.7216,Supported,0,0,371.250,-11.250,105.000
4672,ClayBrick,0,2.7216,Supported,0,0,371.250,337.500,105.000
4673,ClayBrick,0,2.7216,Supported,0,0,371.250,-11.250,112.500
4674,ClayBrick,0,2.7216,Supported,0,0,371.250,337.500,112.500
4675,ClayBrick,0,2.7216,Supported,0,0,371.250,-11.250,120.000
4676,ClayBrick,0,2.7216,Supported,0,0,371.250,337.500,120.000
4677,ClayBrick,0,2.7216,Supported,0,0,371.250,-11.250,127.500
4678,ClayBrick,0,2.7216,Supported,0,0,371.250,337.500,127.500
4679,ClayBrick,0,2.7216,Supported,0,0,371.250,-11.250,135.000
4680,ClayBrick,0,2.7216,Supported,0,0,371.250,337.500,135.000
4681,ClayBrick,0,2.7216,Supported,0,0,371.250,-11.250,142.500
4682,ClayBrick,0,2.7216,Supported,0,0,371.250,337.500,142.500
4683,ClayBrick,0,2.7216,Supported,0,0,371.250,-11.250,150.000
4684,ClayBrick,0,2.7216,Supported,0,0,371.250,337.500,150.000
4685,ClayBrick,0,2.7216,Supported,0,0,371.250,-11.250,157.500
4686,ClayBrick,0,2.7216,Supported,0,0,371.250,337.500,157.500
4687,ClayBrick,0,2.7216,Supported,0,0,371.250,-11.250,165.000
4688,ClayBrick,0,2.7216,Supported,0,0,371.250,337.500,165.000
4689,ClayBrick,0,2.7216,Supported,0,0,371.250,-11.250,172.500
4690,ClayBrick,0,2.7216,Supported,0,0,371.250,337.500,172.500
4691,ClayBrick,0,2.7216,Supported,0,0,371.250,-11.250,180.000
4692,ClayBrick,0,2.7216,Supported,0,0,371.250,337.500,180.000
4693,ClayBrick,0,2.7216,Supported,0,0,371.250,-11.250,187.500
4694,ClayBrick,0,2.7216,Supported,0,0,371.250,337.500,187.500
4695,ClayBrick,0,2.7216,Supported,0,0,371.250,-11.250,195.000
4696,ClayBrick,0,2.7216,Supported,0,0,371.250,337.500,195.000
4697,ClayBrick,0,2.7216,Supported,0,0,371.250,-11.250,202.500
4698,ClayBrick,0,2.7216,Supported,0,0,371.250,337.500,202.500
4699,ClayBrick,0,2.7216,Supported,0,0,371.250,-11.250,210.000
4700,ClayBrick,0,2.7216,Supported,0,0,371.250,337.500,210.000
4701,ClayBrick,0,2.7216,Supported,0,0,371.250,-11.250,217.500
4702,ClayBrick,0,2.7216,Supported,0,0,371.250,337.500,217.500
4703,ClayBrick,0,2.7216,Supported,0,0,371.250,-11.250,225.000
4704,ClayBrick,0,2.7216,Supported,0,0,371.250,337.500,225.000
4705,ClayBrick,0,2.7216,Supported,0,0,371.250,-11.250,232.500
4706,ClayBrick,0,2.7216,Supported,0,0,371.250,337.500,232.500
4707,ClayBrick,0,2.7216,Supported,0,0,371.250,-11.250,240.000
4708,ClayBrick,0,2.7216,Supported,0,0,371.250,337.500,240.000
4709,ClayBrick,0,2.7216,Supported,0,0,371.250,-11.250,247.500
4710,ClayBrick,0,2.7216,Supported,0,0,371.250,337.500,247.500
4711,ClayBrick,0,2.7216,Supported,0,0,371.250,-11.250,255.000
4712,ClayBrick,0,2.7216,Supported,0,0,371.250,337.500,255.000
4713,ClayBrick,0,2.7216,Supported,0,0,371.250,-11.250,262.500
4714,ClayBrick,0,2.7216,Supported,0,0,371.250,337.500,262.500
4715,ClayBrick,0,2.7216,Supported,0,0,371.250,-11.250,270.000
4716,ClayBrick,0,2.7216,Supported,0,0,371.250,337.500,270.000
4717,ClayBrick,0,2.7216,Supported,0,0,371.250,-11.250,277.500
4718,ClayBrick,0,2.7216,removed,0,1,0.000,0.000,0.000
4719,ClayBrick,0,2.7216,Supported,0,0,371.250,-11.250,285.000
4720,ClayBrick,0,2.7216,Falling,1,0,371.250,337.500,285.000
4721,ClayBrick,0,2.7216,Supported,0,0,371.250,-11.250,292.500
4722,ClayBrick,0,2.7216,Falling,1,0,371.250,337.500,292.500
4723,ClayBrick,0,2.7216,Supported,0,0,371.250,-11.250,300.000
4724,ClayBrick,0,2.7216,Falling,1,0,371.250,337.500,300.000
4725,ClayBrick,0,2.7216,Supported,0,0,371.250,-11.250,307.500
4726,ClayBrick,0,2.7216,Falling,1,0,371.250,337.500,307.500
4727,ClayBrick,0,2.7216,Supported,0,0,371.250,-11.250,315.000
4728,ClayBrick,0,2.7216,Falling,1,0,371.250,337.500,315.000
4729,ClayBrick,0,2.7216,Supported,0,0,371.250,-11.250,322.500
4730,ClayBrick,0,2.7216,Falling,1,0,371.250,337.500,322.500
4731,ClayBrick,0,2.7216,Supported,0,0,371.250,-11.250,330.000
4732,ClayBrick,0,2.7216,Falling,1,0,371.250,337.500,330.000
4733,ClayBrick,0,2.7216,Supported,0,0,371.250,-11.250,337.500
4734,ClayBrick,0,2.7216,Falling,1,0,371.250,337.500,337.500
4735,ClayBrick,0,2.7216,Supported,0,0,371.250,-11.250,345.000
4736,ClayBrick,0,2.7216,Falling,1,0,371.250,337.500,345.000
4737,ClayBrick,0,2.7216,Supported,0,0,371.250,-11.250,352.500
4738,ClayBrick,0,2.7216,Falling,1,0,371.250,337.500,352.500
4739,ClayBrick,0,2.7216,Supported,0,0,371.250,-11.250,360.000
4740,ClayBrick,0,2.7216,Falling,1,0,371.250,337.500,360.000
4741,ClayBrick,0,2.7216,Supported,0,0,371.250,-11.250,367.500
4742,ClayBrick,0,2.7216,Falling,1,0,371.250,337.500,367.500
4743,ClayBrick,0,2.7216,Supported,0,0,371.250,-11.250,375.000
4744,ClayBrick,0,2.7216,Falling,1,0,371.250,337.500,375.000
4745,ClayBrick,0,2.7216,Supported,0,0,371.250,-11.250,382.500
4746,ClayBrick,0,2.7216,Falling,1,0,371.250,337.500,382.500
4747,ClayBrick,0,2.7216,Supported,0,0,371.250,-11.250,390.000
4748,ClayBrick,0,2.7216,Falling,1,0,371.250,337.500,390.000
4749,ClayBrick,0,2.7216,Supported,0,0,371.250,-11.250,397.500
4750,ClayBrick,0,2.7216,Falling,1,0,371.250,337.500,397.500
4751,ClayBrick,0,2.7216,Supported,0,0,371.250,-11.250,405.000
4752,ClayBrick,0,2.7216,Falling,1,0,371.250,337.500,405.000
4753,ClayBrick,0,2.7216,Supported,0,0,371.250,-11.250,412.500
4754,ClayBrick,0,2.7216,Falling,1,0,371.250,337.500,412.500
4755,ClayBrick,0,2.7216,Supported,0,0,371.250,-11.250,420.000
4756,ClayBrick,0,2.7216,Falling,1,0,371.250,337.500,420.000
4757,ClayBrick,0,2.7216,Supported,0,0,371.250,-11.250,427.500
4758,ClayBrick,0,2.7216,Falling,1,0,371.250,337.500,427.500
4759,ClayBrick,0,2.7216,Supported,0,0,371.250,-11.250,435.000
4760,ClayBrick,0,2.7216,Falling,1,0,371.250,337.500,435.000
4761,ClayBrick,0,2.7216,Supported,0,0,371.250,-11.250,442.500
4762,ClayBrick,0,2.7216,Falling,1,0,371.250,337.500,442.500
4763,ClayBrick,0,2.7216,Supported,0,0,371.250,-11.250,450.000
4764,ClayBrick,0,2.7216,Falling,1,0,371.250,337.500,450.000
4765,ClayBrick,0,2.7216,Supported,0,0,371.250,-11.250,457.500
4766,ClayBrick,0,2.7216,Falling,1,0,371.250,337.500,457.500
4767,ClayBrick,1,2.7216,Grounded,0,0,483.750,-11.250,0.000
4768,ClayBrick,1,2.7216,Grounded,0,0,483.750,337.500,0.000
4769,ClayBrick,0,2.7216,Supported,0,0,483.750,-11.250,7.500
4770,ClayBrick,0,2.7216,Supported,0,0,483.750,337.500,7.500
4771,ClayBrick,0,2.7216,Supported,0,0,483.750,-11.250,15.000
4772,ClayBrick,0,2.7216,Supported,0,0,483.750,337.500,15.000
4773,ClayBrick,0,2.7216,Supported,0,0,483.750,-11.250,22.500
4774,ClayBrick,0,2.7216,Supported,0,0,483.750,337.500,22.500
4775,ClayBrick,0,2.7216,Supported,0,0,483.750,-11.250,30.000
4776,ClayBrick,0,2.7216,Supported,0,0,483.750,337.500,30.000
4777,ClayBrick,0,2.7216,Supported,0,0,483.750,-11.250,37.500
4778,ClayBrick,0,2.7216,Supported,0,0,483.750,337.500,37.500
4779,ClayBrick,0,2.7216,Supported,0,0,483.750,-11.250,45.000
4780,ClayBrick,0,2.7216,Supported,0,0,483.750,337.500,45.000
4781,ClayBrick,0,2.7216,Supported,0,0,483.750,-11.250,52.500
4782,ClayBrick,0,2.7216,Supported,0,0,483.750,337.500,52.500
4783,ClayBrick,0,2.7216,Supported,0,0,483.750,-11.250,60.000
4784,ClayBrick,0,2.7216,Supported,0,0,483.750,337.500,60.000
4785,ClayBrick,0,2.7216,Supported,0,0,483.750,-11.250,67.500
4786,ClayBrick,0,2.7216,Supported,0,0,483.750,337.500,67.500
4787,ClayBrick,0,2.7216,Supported,0,0,483.750,-11.250,75.000
4788,ClayBrick,0,2.7216,Supported,0,0,483.750,337.500,75.000
4789,ClayBrick,0,2.7216,Supported,0,0,483.750,-11.250,82.500
4790,ClayBrick,0,2.7216,Supported,0,0,483.750,337.500,82.500
4791,ClayBrick,0,2.7216,Supported,0,0,483.750,-11.250,90.000
4792,ClayBrick,0,2.7216,Supported,0,0,483.750,337.500,90.000
4793,ClayBrick,0,2.7216,Supported,0,0,483.750,-11.250,97.500
4794,ClayBrick,0,2.7216,Supported,0,0,483.750,337.500,97.500
4795,ClayBrick,0,2.7216,Supported,0,0,483.750,-11.250,105.000
4796,ClayBrick,0,2.7216,Supported,0,0,483.750,337.500,105.000
4797,ClayBrick,0,2.7216,Supported,0,0,483.750,-11.250,112.500
4798,ClayBrick,0,2.7216,Supported,0,0,483.750,337.500,112.500
4799,ClayBrick,0,2.7216,Supported,0,0,483.750,-11.250,120.000
4800,ClayBrick,0,2.7216,Supported,0,0,483.750,337.500,120.000
4801,ClayBrick,0,2.7216,Supported,0,0,483.750,-11.250,127.500
4802,ClayBrick,0,2.7216,Supported,0,0,483.750,337.500,127.500
4803,ClayBrick,0,2.7216,Supported,0,0,483.750,-11.250,135.000
4804,ClayBrick,0,2.7216,Supported,0,0,483.750,337.500,135.000
4805,ClayBrick,0,2.7216,Supported,0,0,483.750,-11.250,142.500
4806,ClayBrick,0,2.7216,Supported,0,0,483.750,337.500,142.500
4807,ClayBrick,0,2.7216,Supported,0,0,483.750,-11.250,150.000
4808,ClayBrick,0,2.7216,Supported,0,0,483.750,337.500,150.000
4809,ClayBrick,0,2.7216,Supported,0,0,483.750,-11.250,157.500
4810,ClayBrick,0,2.7216,Supported,0,0,483.750,337.500,157.500
4811,ClayBrick,0,2.7216,Supported,0,0,483.750,-11.250,165.000
4812,ClayBrick,0,2.7216,Supported,0,0,483.750,337.500,165.000
4813,ClayBrick,0,2.7216,Supported,0,0,483.750,-11.250,172.500
4814,ClayBrick,0,2.7216,Supported,0,0,483.750,337.500,172.500
4815,ClayBrick,0,2.7216,Supported,0,0,483.750,-11.250,180.000
4816,ClayBrick,0,2.7216,Supported,0,0,483.750,337.500,180.000
4817,ClayBrick,0,2.7216,Supported,0,0,483.750,-11.250,187.500
4818,ClayBrick,0,2.7216,Supported,0,0,483.750,337.500,187.500
4819,ClayBrick,0,2.7216,Supported,0,0,483.750,-11.250,195.000
4820,ClayBrick,0,2.7216,Supported,0,0,483.750,337.500,195.000
4821,ClayBrick,0,2.7216,Supported,0,0,483.750,-11.250,202.500
4822,ClayBrick,0,2.7216,Supported,0,0,483.750,337.500,202.500
4823,ClayBrick,0,2.7216,Supported,0,0,483.750,-11.250,210.000
4824,ClayBrick,0,2.7216,Supported,0,0,483.750,337.500,210.000
4825,ClayBrick,0,2.7216,Supported,0,0,483.750,-11.250,217.500
4826,ClayBrick,0,2.7216,Supported,0,0,483.750,337.500,217.500
4827,ClayBrick,0,2.7216,Supported,0,0,483.750,-11.250,225.000
4828,ClayBrick,0,2.7216,Supported,0,0,483.750,337.500,225.000
4829,ClayBrick,0,2.7216,Supported,0,0,483.750,-11.250,232.500
4830,ClayBrick,0,2.7216,Supported,0,0,483.750,337.500,232.500
4831,ClayBrick,0,2.7216,Supported,0,0,483.750,-11.250,240.000
4832,ClayBrick,0,2.7216,Supported,0,0,483.750,337.500,240.000
4833,ClayBrick,0,2.7216,Supported,0,0,483.750,-11.250,247.500
4834,ClayBrick,0,2.7216,Supported,0,0,483.750,337.500,247.500
4835,ClayBrick,0,2.7216,Supported,0,0,483.750,-11.250,255.000
4836,ClayBrick,0,2.7216,Supported,0,0,483.750,337.500,255.000
4837,ClayBrick,0,2.7216,Supported,0,0,483.750,-11.250,262.500
4838,ClayBrick,0,2.7216,Supported,0,0,483.750,337.500,262.500
4839,ClayBrick,0,2.7216,Supported,0,0,483.750,-11.250,270.000
4840,ClayBrick,0,2.7216,Supported,0,0,483.750,337.500,270.000
4841,ClayBrick,0,2.7216,Supported,0,0,483.750,-11.250,277.500
4842,ClayBrick,0,2.7216,removed,0,1,0.000,0.000,0.000
4843,ClayBrick,0,2.7216,Supported,0,0,483.750,-11.250,285.000
4844,ClayBrick,0,2.7216,Falling,1,0,483.750,337.500,285.000
4845,ClayBrick,0,2.7216,Supported,0,0,483.750,-11.250,292.500
4846,ClayBrick,0,2.7216,Falling,1,0,483.750,337.500,292.500
4847,ClayBrick,0,2.7216,Supported,0,0,483.750,-11.250,300.000
4848,ClayBrick,0,2.7216,Falling,1,0,483.750,337.500,300.000
4849,ClayBrick,0,2.7216,Supported,0,0,483.750,-11.250,307.500
4850,ClayBrick,0,2.7216,Falling,1,0,483.750,337.500,307.500
4851,ClayBrick,0,2.7216,Supported,0,0,483.750,-11.250,315.000
4852,ClayBrick,0,2.7216,Falling,1,0,483.750,337.500,315.000
4853,ClayBrick,0,2.7216,Supported,0,0,483.750,-11.250,322.500
4854,ClayBrick,0,2.7216,Falling,1,0,483.750,337.500,322.500
4855,ClayBrick,0,2.7216,Supported,0,0,483.750,-11.250,330.000
4856,ClayBrick,0,2.7216,Falling,1,0,483.750,337.500,330.000
4857,ClayBrick,0,2.7216,Supported,0,0,483.750,-11.250,337.500
4858,ClayBrick,0,2.7216,Falling,1,0,483.750,337.500,337.500
4859,ClayBrick,0,2.7216,Supported,0,0,483.750,-11.250,345.000
4860,ClayBrick,0,2.7216,Falling,1,0,483.750,337.500,345.000
4861,ClayBrick,0,2.7216,Supported,0,0,483.750,-11.250,352.500
4862,ClayBrick,0,2.7216,Falling,1,0,483.750,337.500,352.500
4863,ClayBrick,0,2.7216,Supported,0,0,483.750,-11.250,360.000
4864,ClayBrick,0,2.7216,Falling,1,0,483.750,337.500,360.000
4865,ClayBrick,0,2.7216,Supported,0,0,483.750,-11.250,367.500
4866,ClayBrick,0,2.7216,Falling,1,0,483.750,337.500,367.500
4867,ClayBrick,0,2.7216,Supported,0,0,483.750,-11.250,375.000
4868,ClayBrick,0,2.7216,Falling,1,0,483.750,337.500,375.000
4869,ClayBrick,0,2.7216,Supported,0,0,483.750,-11.250,382.500
4870,ClayBrick,0,2.7216,Falling,1,0,483.750,337.500,382.500
4871,ClayBrick,0,2.7216,Supported,0,0,483.750,-11.250,390.000
4872,ClayBrick,0,2.7216,Falling,1,0,483.750,337.500,390.000
4873,ClayBrick,0,2.7216,Supported,0,0,483.750,-11.250,397.500
4874,ClayBrick,0,2.7216,Falling,1,0,483.750,337.500,397.500
4875,ClayBrick,0,2.7216,Supported,0,0,483.750,-11.250,405.000
4876,ClayBrick,0,2.7216,Falling,1,0,483.750,337.500,405.000
4877,ClayBrick,0,2.7216,Supported,0,0,483.750,-11.250,412.500
4878,ClayBrick,0,2.7216,Falling,1,0,483.750,337.500,412.500
4879,ClayBrick,0,2.7216,Supported,0,0,483.750,-11.250,420.000
4880,ClayBrick,0,2.7216,Falling,1,0,483.750,337.500,420.000
4881,ClayBrick,0,2.7216,Supported,0,0,483.750,-11.250,427.500
4882,ClayBrick,0,2.7216,Falling,1,0,483.750,337.500,427.500
4883,ClayBrick,0,2.7216,Supported,0,0,483.750,-11.250,435.000
4884,ClayBrick,0,2.7216,Falling,1,0,483.750,337.500,435.000
4885,ClayBrick,0,2.7216,Supported,0,0,483.750,-11.250,442.500
4886,ClayBrick,0,2.7216,Falling,1,0,483.750,337.500,442.500
4887,ClayBrick,0,2.7216,Supported,0,0,483.750,-11.250,450.000
4888,ClayBrick,0,2.7216,Falling,1,0,483.750,337.500,450.000
4889,ClayBrick,0,2.7216,Supported,0,0,483.750,-11.250,457.500
4890,ClayBrick,0,2.7216,Falling,1,0,483.750,337.500,457.500
4891,ClayBrick,1,2.7216,Grounded,0,0,596.250,-11.250,0.000
4892,ClayBrick,1,2.7216,Grounded,0,0,596.250,337.500,0.000
4893,ClayBrick,0,2.7216,Supported,0,0,596.250,-11.250,7.500
4894,ClayBrick,0,2.7216,Supported,0,0,596.250,337.500,7.500
4895,ClayBrick,0,2.7216,Supported,0,0,596.250,-11.250,15.000
4896,ClayBrick,0,2.7216,Supported,0,0,596.250,337.500,15.000
4897,ClayBrick,0,2.7216,Supported,0,0,596.250,-11.250,22.500
4898,ClayBrick,0,2.7216,Supported,0,0,596.250,337.500,22.500
4899,ClayBrick,0,2.7216,Supported,0,0,596.250,-11.250,30.000
4900,ClayBrick,0,2.7216,Supported,0,0,596.250,337.500,30.000
4901,ClayBrick,0,2.7216,Supported,0,0,596.250,-11.250,37.500
4902,ClayBrick,0,2.7216,Supported,0,0,596.250,337.500,37.500
4903,ClayBrick,0,2.7216,Supported,0,0,596.250,-11.250,45.000
4904,ClayBrick,0,2.7216,Supported,0,0,596.250,337.500,45.000
4905,ClayBrick,0,2.7216,Supported,0,0,596.250,-11.250,52.500
4906,ClayBrick,0,2.7216,Supported,0,0,596.250,337.500,52.500
4907,ClayBrick,0,2.7216,Supported,0,0,596.250,-11.250,60.000
4908,ClayBrick,0,2.7216,Supported,0,0,596.250,337.500,60.000
4909,ClayBrick,0,2.7216,Supported,0,0,596.250,-11.250,67.500
4910,ClayBrick,0,2.7216,Supported,0,0,596.250,337.500,67.500
4911,ClayBrick,0,2.7216,Supported,0,0,596.250,-11.250,75.000
4912,ClayBrick,0,2.7216,Supported,0,0,596.250,337.500,75.000
4913,ClayBrick,0,2.7216,Supported,0,0,596.250,-11.250,82.500
4914,ClayBrick,0,2.7216,Supported,0,0,596.250,337.500,82.500
4915,ClayBrick,0,2.7216,Supported,0,0,596.250,-11.250,90.000
4916,ClayBrick,0,2.7216,Supported,0,0,596.250,337.500,90.000
4917,ClayBrick,0,2.7216,Supported,0,0,596.250,-11.250,97.500
4918,ClayBrick,0,2.7216,Supported,0,0,596.250,337.500,97.500
4919,ClayBrick,0,2.7216,Supported,0,0,596.250,-11.250,105.000
4920,ClayBrick,0,2.7216,Supported,0,0,596.250,337.500,105.000
4921,ClayBrick,0,2.7216,Supported,0,0,596.250,-11.250,112.500
4922,ClayBrick,0,2.7216,Supported,0,0,596.250,337.500,112.500
4923,ClayBrick,0,2.7216,Supported,0,0,596.250,-11.250,120.000
4924,ClayBrick,0,2.7216,Supported,0,0,596.250,337.500,120.000
4925,ClayBrick,0,2.7216,Supported,0,0,596.250,-11.250,127.500
4926,ClayBrick,0,2.7216,Supported,0,0,596.250,337.500,127.500
4927,ClayBrick,0,2.7216,Supported,0,0,596.250,-11.250,135.000
4928,ClayBrick,0,2.7216,Supported,0,0,596.250,337.500,135.000
4929,ClayBrick,0,2.7216,Supported,0,0,596.250,-11.250,142.500
4930,ClayBrick,0,2.7216,Supported,0,0,596.250,337.500,142.500
4931,ClayBrick,0,2.7216,Supported,0,0,596.250,-11.250,150.000
4932,ClayBrick,0,2.7216,Supported,0,0,596.250,337.500,150.000
4933,ClayBrick,0,2.7216,Supported,0,0,596.250,-11.250,157.500
4934,ClayBrick,0,2.7216,Supported,0,0,596.250,337.500,157.500
4935,ClayBrick,0,2.7216,Supported,0,0,596.250,-11.250,165.000
4936,ClayBrick,0,2.7216,Supported,0,0,596.250,337.500,165.000
4937,ClayBrick,0,2.7216,Supported,0,0,596.250,-11.250,172.500
4938,ClayBrick,0,2.7216,Supported,0,0,596.250,337.500,172.500
4939,ClayBrick,0,2.7216,Supported,0,0,596.250,-11.250,180.000
4940,ClayBrick,0,2.7216,Supported,0,0,596.250,337.500,180.000
4941,ClayBrick,0,2.7216,Supported,0,0,596.250,-11.250,187.500
4942,ClayBrick,0,2.7216,Supported,0,0,596.250,337.500,187.500
4943,ClayBrick,0,2.7216,Supported,0,0,596.250,-11.250,195.000
4944,ClayBrick,0,2.7216,Supported,0,0,596.250,337.500,195.000
4945,ClayBrick,0,2.7216,Supported,0,0,596.250,-11.250,202.500
4946,ClayBrick,0,2.7216,Supported,0,0,596.250,337.500,202.500
4947,ClayBrick,0,2.7216,Supported,0,0,596.250,-11.250,210.000
4948,ClayBrick,0,2.7216,Supported,0,0,596.250,337.500,210.000
4949,ClayBrick,0,2.7216,Supported,0,0,596.250,-11.250,217.500
4950,ClayBrick,0,2.7216,Supported,0,0,596.250,337.500,217.500
4951,ClayBrick,0,2.7216,Supported,0,0,596.250,-11.250,225.000
4952,ClayBrick,0,2.7216,Supported,0,0,596.250,337.500,225.000
4953,ClayBrick,0,2.7216,Supported,0,0,596.250,-11.250,232.500
4954,ClayBrick,0,2.7216,Supported,0,0,596.250,337.500,232.500
4955,ClayBrick,0,2.7216,Supported,0,0,596.250,-11.250,240.000
4956,ClayBrick,0,2.7216,Supported,0,0,596.250,337.500,240.000
4957,ClayBrick,0,2.7216,Supported,0,0,596.250,-11.250,247.500
4958,ClayBrick,0,2.7216,Supported,0,0,596.250,337.500,247.500
4959,ClayBrick,0,2.7216,Supported,0,0,596.250,-11.250,255.000
4960,ClayBrick,0,2.7216,Supported,0,0,596.250,337.500,255.000
4961,ClayBrick,0,2.7216,Supported,0,0,596.250,-11.250,262.500
4962,ClayBrick,0,2.7216,Supported,0,0,596.250,337.500,262.500
4963,ClayBrick,0,2.7216,Supported,0,0,596.250,-11.250,270.000
4964,ClayBrick,0,2.7216,Supported,0,0,596.250,337.500,270.000
4965,ClayBrick,0,2.7216,Supported,0,0,596.250,-11.250,277.500
4966,ClayBrick,0,2.7216,removed,0,1,0.000,0.000,0.000
4967,ClayBrick,0,2.7216,Supported,0,0,596.250,-11.250,285.000
4968,ClayBrick,0,2.7216,Falling,1,0,596.250,337.500,285.000
4969,ClayBrick,0,2.7216,Supported,0,0,596.250,-11.250,292.500
4970,ClayBrick,0,2.7216,Falling,1,0,596.250,337.500,292.500
4971,ClayBrick,0,2.7216,Supported,0,0,596.250,-11.250,300.000
4972,ClayBrick,0,2.7216,Falling,1,0,596.250,337.500,300.000
4973,ClayBrick,0,2.7216,Supported,0,0,596.250,-11.250,307.500
4974,ClayBrick,0,2.7216,Falling,1,0,596.250,337.500,307.500
4975,ClayBrick,0,2.7216,Supported,0,0,596.250,-11.250,315.000
4976,ClayBrick,0,2.7216,Falling,1,0,596.250,337.500,315.000
4977,ClayBrick,0,2.7216,Supported,0,0,596.250,-11.250,322.500
4978,ClayBrick,0,2.7216,Falling,1,0,596.250,337.500,322.500
4979,ClayBrick,0,2.7216,Supported,0,0,596.250,-11.250,330.000
4980,ClayBrick,0,2.7216,Falling,1,0,596.250,337.500,330.000
4981,ClayBrick,0,2.7216,Supported,0,0,596.250,-11.250,337.500
4982,ClayBrick,0,2.7216,Falling,1,0,596.250,337.500,337.500
4983,ClayBrick,0,2.7216,Supported,0,0,596.250,-11.250,345.000
4984,ClayBrick,0,2.7216,Falling,1,0,596.250,337.500,345.000
4985,ClayBrick,0,2.7216,Supported,0,0,596.250,-11.250,352.500
4986,ClayBrick,0,2.7216,Falling,1,0,596.250,337.500,352.500
4987,ClayBrick,0,2.7216,Supported,0,0,596.250,-11.250,360.000
4988,ClayBrick,0,2.7216,Falling,1,0,596.250,337.500,360.000
4989,ClayBrick,0,2.7216,Supported,0,0,596.250,-11.250,367.500
4990,ClayBrick,0,2.7216,Falling,1,0,596.250,337.500,367.500
4991,ClayBrick,0,2.7216,Supported,0,0,596.250,-11.250,375.000
4992,ClayBrick,0,2.7216,Falling,1,0,596.250,337.500,375.000
4993,ClayBrick,0,2.7216,Supported,0,0,596.250,-11.250,382.500
4994,ClayBrick,0,2.7216,Falling,1,0,596.250,337.500,382.500
4995,ClayBrick,0,2.7216,Supported,0,0,596.250,-11.250,390.000
4996,ClayBrick,0,2.7216,Falling,1,0,596.250,337.500,390.000
4997,ClayBrick,0,2.7216,Supported,0,0,596.250,-11.250,397.500
4998,ClayBrick,0,2.7216,Falling,1,0,596.250,337.500,397.500
4999,ClayBrick,0,2.7216,Supported,0,0,596.250,-11.250,405.000
5000,ClayBrick,0,2.7216,Falling,1,0,596.250,337.500,405.000
5001,ClayBrick,0,2.7216,Supported,0,0,596.250,-11.250,412.500
5002,ClayBrick,0,2.7216,Falling,1,0,596.250,337.500,412.500
5003,ClayBrick,0,2.7216,Supported,0,0,596.250,-11.250,420.000
5004,ClayBrick,0,2.7216,Falling,1,0,596.250,337.500,420.000
5005,ClayBrick,0,2.7216,Supported,0,0,596.250,-11.250,427.500
5006,ClayBrick,0,2.7216,Falling,1,0,596.250,337.500,427.500
5007,ClayBrick,0,2.7216,Supported,0,0,596.250,-11.250,435.000
5008,ClayBrick,0,2.7216,Falling,1,0,596.250,337.500,435.000
5009,ClayBrick,0,2.7216,Supported,0,0,596.250,-11.250,442.500
5010,ClayBrick,0,2.7216,Falling,1,0,596.250,337.500,442.500
5011,ClayBrick,0,2.7216,Supported,0,0,596.250,-11.250,450.000
5012,ClayBrick,0,2.7216,Falling,1,0,596.250,337.500,450.000
5013,ClayBrick,0,2.7216,Supported,0,0,596.250,-11.250,457.500
5014,ClayBrick,0,2.7216,Falling,1,0,596.250,337.500,457.500
5015,ClayBrick,0,1.2975,Supported,0,0,0.000,22.500,480.000
5016,ClayBrick,0,2.7216,Supported,0,0,0.000,33.750,480.000
5017,ClayBrick,0,2.7216,Supported,0,0,0.000,56.250,480.000
5018,ClayBrick,0,2.7216,Supported,0,0,0.000,78.750,480.000
5019,ClayBrick,0,2.7216,Supported,0,0,0.000,101.250,480.000
5020,ClayBrick,0,2.7216,Supported,0,0,0.000,123.750,480.000
5021,ClayBrick,0,2.7216,Supported,0,0,0.000,146.250,480.000
5022,ClayBrick,0,2.7216,Supported,0,0,0.000,168.750,480.000
5023,ClayBrick,0,2.7216,Supported,0,0,0.000,191.250,480.000
5024,ClayBrick,0,2.7216,Supported,0,0,0.000,213.750,480.000
5025,ClayBrick,0,2.7216,Supported,0,0,0.000,236.250,480.000
5026,ClayBrick,0,2.7216,Supported,0,0,0.000,258.750,480.000
5027,ClayBrick,0,2.7216,Supported,0,0,0.000,281.250,480.000
5028,ClayBrick,0,1.2975,Supported,0,0,0.000,303.750,480.000
5029,ClayBrick,0,1.2975,Supported,0,0,0.000,33.750,487.500
5030,ClayBrick,0,2.7216,Supported,0,0,0.000,45.000,487.500
5031,ClayBrick,0,2.7216,Supported,0,0,0.000,67.500,487.500
5032,ClayBrick,0,2.7216,Supported,0,0,0.000,90.000,487.500
5033,ClayBrick,0,2.7216,Supported,0,0,0.000,112.500,487.500
5034,ClayBrick,0,2.7216,Supported,0,0,0.000,135.000,487.500
5035,ClayBrick,0,2.7216,Supported,0,0,0.000,157.500,487.500
5036,ClayBrick,0,2.7216,Supported,0,0,0.000,180.000,487.500
5037,ClayBrick,0,2.7216,Supported,0,0,0.000,202.500,487.500
5038,ClayBrick,0,2.7216,Supported,0,0,0.000,225.000,487.500
5039,ClayBrick,0,2.7216,Supported,0,0,0.000,247.500,487.500
5040,ClayBrick,0,2.7216,Supported,0,0,0.000,270.000,487.500
5041,ClayBrick,0,1.2975,Supported,0,0,0.000,292.500,487.500
5042,ClayBrick,0,1.2975,Supported,0,0,0.000,45.000,495.000
5043,ClayBrick,0,2.7216,Supported,0,0,0.000,56.250,495.000
5044,ClayBrick,0,2.7216,Supported,0,0,0.000,78.750,495.000
5045,ClayBrick,0,2.7216,Supported,0,0,0.000,101.250,495.000
5046,ClayBrick,0,2.7216,Supported,0,0,0.000,123.750,495.000
5047,ClayBrick,0,2.7216,Supported,0,0,0.000,146.250,495.000
5048,ClayBrick,0,2.7216,Supported,0,0,0.000,168.750,495.000
5049,ClayBrick,0,2.7216,Supported,0,0,0.000,191.250,495.000
5050,ClayBrick,0,2.7216,Supported,0,0,0.000,213.750,495.000
5051,ClayBrick,0,2.7216,Supported,0,0,0.000,236.250,495.000
5052,ClayBrick,0,2.7216,Supported,0,0,0.000,258.750,495.000
5053,ClayBrick,0,1.2975,Supported,0,0,0.000,281.250,495.000
5054,ClayBrick,0,1.2975,Supported,0,0,0.000,56.250,502.500
5055,ClayBrick,0,2.7216,Supported,0,0,0.000,67.500,502.500
5056,ClayBrick,0,2.7216,Supported,0,0,0.000,90.000,502.500
5057,ClayBrick,0,2.7216,Supported,0,0,0.000,112.500,502.500
5058,ClayBrick,0,2.7216,Supported,0,0,0.000,135.000,502.500
5059,ClayBrick,0,2.7216,Supported,0,0,0.000,157.500,502.500
5060,ClayBrick,0,2.7216,Supported,0,0,0.000,180.000,502.500
5061,ClayBrick,0,2.7216,Supported,0,0,0.000,202.500,502.500
5062,ClayBrick,0,2.7216,Supported,0,0,0.000,225.000,502.500
5063,ClayBrick,0,2.7216,Supported,0,0,0.000,247.500,502.500
5064,ClayBrick,0,1.2975,Supported,0,0,0.000,270.000,502.500
5065,ClayBrick,0,1.2975,Supported,0,0,0.000,67.500,510.000
5066,ClayBrick,0,2.7216,Supported,0,0,0.000,78.750,510.000
5067,ClayBrick,0,2.7216,Supported,0,0,0.000,101.250,510.000
5068,ClayBrick,0,2.7216,Supported,0,0,0.000,123.750,510.000
5069,ClayBrick,0,2.7216,Supported,0,0,0.000,146.250,510.000
5070,ClayBrick,0,2.7216,Supported,0,0,0.000,168.750,510.000
5071,ClayBrick,0,2.7216,Supported,0,0,0.000,191.250,510.000
5072,ClayBrick,0,2.7216,Supported,0,0,0.000,213.750,510.000
5073,ClayBrick,0,2.7216,Supported,0,0,0.000,236.250,510.000
5074,ClayBrick,0,1.2975,Supported,0,0,0.000,258.750,510.000
5075,ClayBrick,0,1.2975,Supported,0,0,0.000,78.750,517.500
5076,ClayBrick,0,2.7216,Supported,0,0,0.000,90.000,517.500
5077,ClayBrick,0,2.7216,Supported,0,0,0.000,112.500,517.500
5078,ClayBrick,0,2.7216,Supported,0,0,0.000,135.000,517.500
5079,ClayBrick,0,2.7216,Supported,0,0,0.000,157.500,517.500
5080,ClayBrick,0,2.7216,Supported,0,0,0.000,180.000,517.500
5081,ClayBrick,0,2.7216,Supported,0,0,0.000,202.500,517.500
5082,ClayBrick,0,2.7216,Supported,0,0,0.000,225.000,517.500
5083,ClayBrick,0,1.2975,Supported,0,0,0.000,247.500,517.500
5084,ClayBrick,0,1.2975,Supported,0,0,0.000,90.000,525.000
5085,ClayBrick,0,2.7216,Supported,0,0,0.000,101.250,525.000
5086,ClayBrick,0,2.7216,Supported,0,0,0.000,123.750,525.000
5087,ClayBrick,0,2.7216,Supported,0,0,0.000,146.250,525.000
5088,ClayBrick,0,2.7216,Supported,0,0,0.000,168.750,525.000
5089,ClayBrick,0,2.7216,Supported,0,0,0.000,191.250,525.000
5090,ClayBrick,0,2.7216,Supported,0,0,0.000,213.750,525.000
5091,ClayBrick,0,1.2975,Supported,0,0,0.000,236.250,525.000
5092,ClayBrick,0,1.2975,Supported,0,0,0.000,101.250,532.500
5093,ClayBrick,0,2.7216,Supported,0,0,0.000,112.500,532.500
5094,ClayBrick,0,2.7216,Supported,0,0,0.000,135.000,532.500
5095,ClayBrick,0,2.7216,Supported,0,0,0.000,157.500,532.500
5096,ClayBrick,0,2.7216,Supported,0,0,0.000,180.000,532.500
5097,ClayBrick,0,2.7216,Supported,0,0,0.000,202.500,532.500
5098,ClayBrick,0,1.2975,Supported,0,0,0.000,225.000,532.500
5099,ClayBrick,0,1.2975,Supported,0,0,0.000,112.500,540.000
5100,ClayBrick,0,2.7216,Supported,0,0,0.000,123.750,540.000
5101,ClayBrick,0,2.7216,Supported,0,0,0.000,146.250,540.000
5102,ClayBrick,0,2.7216,Supported,0,0,0.000,168.750,540.000
5103,ClayBrick,0,2.7216,Supported,0,0,0.000,191.250,540.000
5104,ClayBrick,0,1.2975,Supported,0,0,0.000,213.750,540.000
5105,ClayBrick,0,1.2975,Supported,0,0,0.000,123.750,547.500
5106,ClayBrick,0,2.7216,Supported,0,0,0.000,135.000,547.500
5107,ClayBrick,0,2.7216,Supported,0,0,0.000,157.500,547.500
5108,ClayBrick,0,2.7216,Supported,0,0,0.000,180.000,547.500
5109,ClayBrick,0,1.2975,Supported,0,0,0.000,202.500,547.500
5110,ClayBrick,0,1.2975,Supported,0,0,0.000,135.000,555.000
5111,ClayBrick,0,2.7216,Supported,0,0,0.000,146.250,555.000
5112,ClayBrick,0,2.7216,Supported,0,0,0.000,168.750,555.000
5113,ClayBrick,0,1.2975,Supported,0,0,0.000,191.250,555.000
5114,ClayBrick,0,1.2975,Supported,0,0,0.000,146.250,562.500
5115,ClayBrick,0,2.7216,Supported,0,0,0.000,157.500,562.500
5116,ClayBrick,0,1.2975,Supported,0,0,0.000,180.000,562.500
5117,ClayBrick,0,1.2975,Supported,0,0,0.000,157.500,570.000
5118,ClayBrick,0,1.2975,Supported,0,0,0.000,168.750,570.000
5119,ClayBrick,0,1.2975,Supported,0,0,641.250,22.500,480.000
5120,ClayBrick,0,2.7216,Supported,0,0,641.250,33.750,480.000
5121,ClayBrick,0,2.7216,Supported,0,0,641.250,56.250,480.000
5122,ClayBrick,0,2.7216,Supported,0,0,641.250,78.750,480.000
5123,ClayBrick,0,2.7216,Supported,0,0,641.250,101.250,480.000
5124,ClayBrick,0,2.7216,Supported,0,0,641.250,123.750,480.000
5125,ClayBrick,0,2.7216,Supported,0,0,641.250,146.250,480.000
5126,ClayBrick,0,2.7216,Supported,0,0,641.250,168.750,480.000
5127,ClayBrick,0,2.7216,Supported,0,0,641.250,191.250,480.000
5128,ClayBrick,0,2.7216,Supported,0,0,641.250,213.750,480.000
5129,ClayBrick,0,2.7216,Supported,0,0,641.250,236.250,480.000
5130,ClayBrick,0,2.7216,Supported,0,0,641.250,258.750,480.000
5131,ClayBrick,0,2.7216,Supported,0,0,641.250,281.250,480.000
5132,ClayBrick,0,1.2975,Supported,0,0,641.250,303.750,480.000
5133,ClayBrick,0,1.2975,Supported,0,0,641.250,33.750,487.500
5134,ClayBrick,0,2.7216,Supported,0,0,641.250,45.000,487.500
5135,ClayBrick,0,2.7216,Supported,0,0,641.250,67.500,487.500
5136,ClayBrick,0,2.7216,Supported,0,0,641.250,90.000,487.500
5137,ClayBrick,0,2.7216,Supported,0,0,641.250,112.500,487.500
5138,ClayBrick,0,2.7216,Supported,0,0,641.250,135.000,487.500
5139,ClayBrick,0,2.7216,Supported,0,0,641.250,157.500,487.500
5140,ClayBrick,0,2.7216,Supported,0,0,641.250,180.000,487.500
5141,ClayBrick,0,2.7216,Supported,0,0,641.250,202.500,487.500
5142,ClayBrick,0,2.7216,Supported,0,0,641.250,225.000,487.500
5143,ClayBrick,0,2.7216,Supported,0,0,641.250,247.500,487.500
5144,ClayBrick,0,2.7216,Supported,0,0,641.250,270.000,487.500
5145,ClayBrick,0,1.2975,Supported,0,0,641.250,292.500,487.500
5146,ClayBrick,0,1.2975,Supported,0,0,641.250,45.000,495.000
5147,ClayBrick,0,2.7216,Supported,0,0,641.250,56.250,495.000
5148,ClayBrick,0,2.7216,Supported,0,0,641.250,78.750,495.000
5149,ClayBrick,0,2.7216,Supported,0,0,641.250,101.250,495.000
5150,ClayBrick,0,2.7216,Supported,0,0,641.250,123.750,495.000
5151,ClayBrick,0,2.7216,Supported,0,0,641.250,146.250,495.000
5152,ClayBrick,0,2.7216,Supported,0,0,641.250,168.750,495.000
5153,ClayBrick,0,2.7216,Supported,0,0,641.250,191.250,495.000
5154,ClayBrick,0,2.7216,Supported,0,0,641.250,213.750,495.000
5155,ClayBrick,0,2.7216,Supported,0,0,641.250,236.250,495.000
5156,ClayBrick,0,2.7216,Supported,0,0,641.250,258.750,495.000
5157,ClayBrick,0,1.2975,Supported,0,0,641.250,281.250,495.000
5158,ClayBrick,0,1.2975,Supported,0,0,641.250,56.250,502.500
5159,ClayBrick,0,2.7216,Supported,0,0,641.250,67.500,502.500
5160,ClayBrick,0,2.7216,Supported,0,0,641.250,90.000,502.500
5161,ClayBrick,0,2.7216,Supported,0,0,641.250,112.500,502.500
5162,ClayBrick,0,2.7216,Supported,0,0,641.250,135.000,502.500
5163,ClayBrick,0,2.7216,Supported,0,0,641.250,157.500,502.500
5164,ClayBrick,0,2.7216,Supported,0,0,641.250,180.000,502.500
5165,ClayBrick,0,2.7216,Supported,0,0,641.250,202.500,502.500
5166,ClayBrick,0,2.7216,Supported,0,0,641.250,225.000,502.500
5167,ClayBrick,0,2.7216,Supported,0,0,641.250,247.500,502.500
5168,ClayBrick,0,1.2975,Supported,0,0,641.250,270.000,502.500
5169,ClayBrick,0,1.2975,Supported,0,0,641.250,67.500,510.000
5170,ClayBrick,0,2.7216,Supported,0,0,641.250,78.750,510.000
5171,ClayBrick,0,2.7216,Supported,0,0,641.250,101.250,510.000
5172,ClayBrick,0,2.7216,Supported,0,0,641.250,123.750,510.000
5173,ClayBrick,0,2.7216,Supported,0,0,641.250,146.250,510.000
5174,ClayBrick,0,2.7216,Supported,0,0,641.250,168.750,510.000
5175,ClayBrick,0,2.7216,Supported,0,0,641.250,191.250,510.000
5176,ClayBrick,0,2.7216,Supported,0,0,641.250,213.750,510.000
5177,ClayBrick,0,2.7216,Supported,0,0,641.250,236.250,510.000
5178,ClayBrick,0,1.2975,Supported,0,0,641.250,258.750,510.000
5179,ClayBrick,0,1.2975,Supported,0,0,641.250,78.750,517.500
5180,ClayBrick,0,2.7216,Supported,0,0,641.250,90.000,517.500
5181,ClayBrick,0,2.7216,Supported,0,0,641.250,112.500,517.500
5182,ClayBrick,0,2.7216,Supported,0,0,641.250,135.000,517.500
5183,ClayBrick,0,2.7216,Supported,0,0,641.250,157.500,517.500
5184,ClayBrick,0,2.7216,Supported,0,0,641.250,180.000,517.500
5185,ClayBrick,0,2.7216,Supported,0,0,641.250,202.500,517.500
5186,ClayBrick,0,2.7216,Supported,0,0,641.250,225.000,517.500
5187,ClayBrick,0,1.2975,Supported,0,0,641.250,247.500,517.500
5188,ClayBrick,0,1.2975,Supported,0,0,641.250,90.000,525.000
5189,ClayBrick,0,2.7216,Supported,0,0,641.250,101.250,525.000
5190,ClayBrick,0,2.7216,Supported,0,0,641.250,123.750,525.000
5191,ClayBrick,0,2.7216,Supported,0,0,641.250,146.250,525.000
5192,ClayBrick,0,2.7216,Supported,0,0,641.250,168.750,525.000
5193,ClayBrick,0,2.7216,Supported,0,0,641.250,191.250,525.000
5194,ClayBrick,0,2.7216,Supported,0,0,641.250,213.750,525.000
5195,ClayBrick,0,1.2975,Supported,0,0,641.250,236.250,525.000
5196,ClayBrick,0,1.2975,Supported,0,0,641.250,101.250,532.500
5197,ClayBrick,0,2.7216,Supported,0,0,641.250,112.500,532.500
5198,ClayBrick,0,2.7216,Supported,0,0,641.250,135.000,532.500
5199,ClayBrick,0,2.7216,Supported,0,0,641.250,157.500,532.500
5200,ClayBrick,0,2.7216,Supported,0,0,641.250,180.000,532.500
5201,ClayBrick,0,2.7216,Supported,0,0,641.250,202.500,532.500
5202,ClayBrick,0,1.2975,Supported,0,0,641.250,225.000,532.500
5203,ClayBrick,0,1.2975,Supported,0,0,641.250,112.500,540.000
5204,ClayBrick,0,2.7216,Supported,0,0,641.250,123.750,540.000
5205,ClayBrick,0,2.7216,Supported,0,0,641.250,146.250,540.000
5206,ClayBrick,0,2.7216,Supported,0,0,641.250,168.750,540.000
5207,ClayBrick,0,2.7216,Supported,0,0,641.250,191.250,540.000
5208,ClayBrick,0,1.2975,Supported,0,0,641.250,213.750,540.000
5209,ClayBrick,0,1.2975,Supported,0,0,641.250,123.750,547.500
5210,ClayBrick,0,2.7216,Supported,0,0,641.250,135.000,547.500
5211,ClayBrick,0,2.7216,Supported,0,0,641.250,157.500,547.500
5212,ClayBrick,0,2.7216,Supported,0,0,641.250,180.000,547.500
5213,ClayBrick,0,1.2975,Supported,0,0,641.250,202.500,547.500
5214,ClayBrick,0,1.2975,Supported,0,0,641.250,135.000,555.000
5215,ClayBrick,0,2.7216,Supported,0,0,641.250,146.250,555.000
5216,ClayBrick,0,2.7216,Supported,0,0,641.250,168.750,555.000
5217,ClayBrick,0,1.2975,Supported,0,0,641.250,191.250,555.000
5218,ClayBrick,0,1.2975,Supported,0,0,641.250,146.250,562.500
5219,ClayBrick,0,2.7216,Supported,0,0,641.250,157.500,562.500
5220,ClayBrick,0,1.2975,Supported,0,0,641.250,180.000,562.500
5221,ClayBrick,0,1.2975,Supported,0,0,641.250,157.500,570.000
5222,ClayBrick,0,1.2975,Supported,0,0,641.250,168.750,570.000
5223,Timber,0,29.4152,Supported,0,0,0.000,0.000,480.000
5224,Timber,0,29.4152,Falling,1,0,0.000,315.000,480.000
5225,Timber,0,14.0235,Supported,0,0,0.000,22.500,487.500
5226,Timber,0,14.0235,Supported,0,0,0.000,303.750,487.500
5227,Timber,0,14.0235,Supported,0,0,0.000,33.750,495.000
5228,Timber,0,14.0235,Supported,0,0,0.000,292.500,495.000
5229,Timber,0,14.0235,Supported,0,0,0.000,45.000,502.500
5230,Timber,0,14.0235,Supported,0,0,0.000,281.250,502.500
5231,Timber,0,14.0235,Supported,0,0,0.000,56.250,510.000
5232,Timber,0,14.0235,Supported,0,0,0.000,270.000,510.000
5233,Timber,0,14.0235,Supported,0,0,0.000,67.500,517.500
5234,Timber,0,14.0235,Supported,0,0,0.000,258.750,517.500
5235,Timber,0,14.0235,Supported,0,0,0.000,78.750,525.000
5236,Timber,0,14.0235,Supported,0,0,0.000,247.500,525.000
5237,Timber,0,14.0235,Supported,0,0,0.000,90.000,532.500
5238,Timber,0,14.0235,Supported,0,0,0.000,236.250,532.500
5239,Timber,0,14.0235,Supported,0,0,0.000,101.250,540.000
5240,Timber,0,14.0235,Supported,0,0,0.000,225.000,540.000
5241,Timber,0,14.0235,Supported,0,0,0.000,112.500,547.500
5242,Timber,0,14.0235,Supported,0,0,0.000,213.750,547.500
5243,Timber,0,14.0235,Supported,0,0,0.000,123.750,555.000
5244,Timber,0,14.0235,Supported,0,0,0.000,202.500,555.000
5245,Timber,0,14.0235,Supported,0,0,0.000,135.000,562.500
5246,Timber,0,14.0235,Supported,0,0,0.000,191.250,562.500
5247,Timber,0,14.0235,Supported,0,0,0.000,146.250,570.000
5248,Timber,0,14.0235,Supported,0,0,0.000,180.000,570.000
5249,Timber,0,29.4152,Supported,0,0,0.000,157.500,577.500
5250,ClayBrick,1,2.7216,Grounded,0,0,652.500,33.750,0.000
5251,ClayBrick,1,2.7216,Grounded,0,0,652.500,45.000,0.000
5252,ClayBrick,0,2.7216,Supported,0,0,652.500,33.750,7.500
5253,ClayBrick,0,2.7216,Supported,0,0,663.750,33.750,7.500
5254,ClayBrick,0,2.7216,Supported,0,0,652.500,33.750,15.000
5255,ClayBrick,0,2.7216,Supported,0,0,652.500,45.000,15.000
5256,ClayBrick,0,2.7216,Supported,0,0,652.500,33.750,22.500
5257,ClayBrick,0,2.7216,Supported,0,0,663.750,33.750,22.500
5258,ClayBrick,0,2.7216,Supported,0,0,652.500,33.750,30.000
5259,ClayBrick,0,2.7216,Supported,0,0,652.500,45.000,30.000
5260,ClayBrick,0,2.7216,Supported,0,0,652.500,33.750,37.500
5261,ClayBrick,0,2.7216,Supported,0,0,663.750,33.750,37.500
5262,ClayBrick,0,2.7216,Supported,0,0,652.500,33.750,45.000
5263,ClayBrick,0,2.7216,Supported,0,0,652.500,45.000,45.000
5264,ClayBrick,0,2.7216,Supported,0,0,652.500,33.750,52.500
5265,ClayBrick,0,2.7216,Supported,0,0,663.750,33.750,52.500
5266,ClayBrick,0,2.7216,Supported,0,0,652.500,33.750,60.000
5267,ClayBrick,0,2.7216,Supported,0,0,652.500,45.000,60.000
5268,ClayBrick,0,2.7216,Supported,0,0,652.500,33.750,67.500
5269,ClayBrick,0,2.7216,Supported,0,0,663.750,33.750,67.500
5270,ClayBrick,0,2.7216,Supported,0,0,652.500,33.750,75.000
5271,ClayBrick,0,2.7216,Supported,0,0,652.500,45.000,75.000
5272,ClayBrick,0,2.7216,Supported,0,0,652.500,33.750,82.500
5273,ClayBrick,0,2.7216,Supported,0,0,663.750,33.750,82.500
5274,ClayBrick,0,2.7216,Supported,0,0,652.500,33.750,90.000
5275,ClayBrick,0,2.7216,Supported,0,0,652.500,45.000,90.000
5276,ClayBrick,0,2.7216,Supported,0,0,652.500,33.750,97.500
5277,ClayBrick,0,2.7216,Supported,0,0,663.750,33.750,97.500
5278,ClayBrick,0,2.7216,Supported,0,0,652.500,33.750,105.000
5279,ClayBrick,0,2.7216,Supported,0,0,652.500,45.000,105.000
5280,ClayBrick,0,2.7216,Supported,0,0,652.500,33.750,112.500
5281,ClayBrick,0,2.7216,Supported,0,0,663.750,33.750,112.500
5282,ClayBrick,0,2.7216,Supported,0,0,652.500,33.750,120.000
5283,ClayBrick,0,2.7216,Supported,0,0,652.500,45.000,120.000
5284,ClayBrick,0,2.7216,Supported,0,0,652.500,33.750,127.500
5285,ClayBrick,0,2.7216,Supported,0,0,663.750,33.750,127.500
5286,ClayBrick,0,2.7216,Supported,0,0,652.500,33.750,135.000
5287,ClayBrick,0,2.7216,Supported,0,0,652.500,45.000,135.000
5288,ClayBrick,0,2.7216,Supported,0,0,652.500,33.750,142.500
5289,ClayBrick,0,2.7216,Supported,0,0,663.750,33.750,142.500
5290,ClayBrick,0,2.7216,Supported,0,0,652.500,33.750,150.000
5291,ClayBrick,0,2.7216,Supported,0,0,652.500,45.000,150.000
5292,ClayBrick,0,2.7216,Supported,0,0,652.500,33.750,157.500
5293,ClayBrick,0,2.7216,Supported,0,0,663.750,33.750,157.500
5294,ClayBrick,0,2.7216,Supported,0,0,652.500,33.750,165.000
5295,ClayBrick,0,2.7216,Supported,0,0,652.500,45.000,165.000
5296,ClayBrick,0,2.7216,Supported,0,0,652.500,33.750,172.500
5297,ClayBrick,0,2.7216,Supported,0,0,663.750,33.750,172.500
5298,ClayBrick,0,2.7216,Supported,0,0,652.500,33.750,180.000
5299,ClayBrick,0,2.7216,Supported,0,0,652.500,45.000,180.000
5300,ClayBrick,0,2.7216,Supported,0,0,652.500,33.750,187.500
5301,ClayBrick,0,2.7216,Supported,0,0,663.750,33.750,187.500
5302,ClayBrick,0,2.7216,Supported,0,0,652.500,33.750,195.000
5303,ClayBrick,0,2.7216,Supported,0,0,652.500,45.000,195.000
5304,ClayBrick,0,2.7216,Supported,0,0,652.500,33.750,202.500
5305,ClayBrick,0,2.7216,Supported,0,0,663.750,33.750,202.500
5306,ClayBrick,0,2.7216,Supported,0,0,652.500,33.750,210.000
5307,ClayBrick,0,2.7216,Supported,0,0,652.500,45.000,210.000
5308,ClayBrick,0,2.7216,Supported,0,0,652.500,33.750,217.500
5309,ClayBrick,0,2.7216,Supported,0,0,663.750,33.750,217.500
5310,ClayBrick,0,2.7216,Supported,0,0,652.500,33.750,225.000
5311,ClayBrick,0,2.7216,Supported,0,0,652.500,45.000,225.000
5312,ClayBrick,0,2.7216,Supported,0,0,652.500,33.750,232.500
5313,ClayBrick,0,2.7216,Supported,0,0,663.750,33.750,232.500
5314,ClayBrick,0,2.7216,Supported,0,0,652.500,33.750,240.000
5315,ClayBrick,0,2.7216,Supported,0,0,652.500,45.000,240.000
5316,ClayBrick,0,2.7216,Supported,0,0,652.500,33.750,247.500
5317,ClayBrick,0,2.7216,Supported,0,0,663.750,33.750,247.500
5318,ClayBrick,0,2.7216,Supported,0,0,652.500,33.750,255.000
5319,ClayBrick,0,2.7216,Supported,0,0,652.500,45.000,255.000
5320,ClayBrick,0,2.7216,Supported,0,0,652.500,33.750,262.500
5321,ClayBrick,0,2.7216,Supported,0,0,663.750,33.750,262.500
5322,ClayBrick,0,2.7216,Supported,0,0,652.500,33.750,270.000
5323,ClayBrick,0,2.7216,Supported,0,0,652.500,45.000,270.000
5324,ClayBrick,0,2.7216,Supported,0,0,652.500,33.750,277.500
5325,ClayBrick,0,2.7216,Supported,0,0,663.750,33.750,277.500
5326,ClayBrick,0,2.7216,Supported,0,0,652.500,33.750,285.000
5327,ClayBrick,0,2.7216,Supported,0,0,652.500,45.000,285.000
5328,ClayBrick,0,2.7216,Supported,0,0,652.500,33.750,292.500
5329,ClayBrick,0,2.7216,Supported,0,0,663.750,33.750,292.500
5330,ClayBrick,0,2.7216,Supported,0,0,652.500,33.750,300.000
5331,ClayBrick,0,2.7216,Supported,0,0,652.500,45.000,300.000
5332,ClayBrick,0,2.7216,Supported,0,0,652.500,33.750,307.500
5333,ClayBrick,0,2.7216,Supported,0,0,663.750,33.750,307.500
5334,ClayBrick,0,2.7216,Supported,0,0,652.500,33.750,315.000
5335,ClayBrick,0,2.7216,Supported,0,0,652.500,45.000,315.000
5336,ClayBrick,0,2.7216,Supported,0,0,652.500,33.750,322.500
5337,ClayBrick,0,2.7216,Supported,0,0,663.750,33.750,322.500
5338,ClayBrick,0,2.7216,Supported,0,0,652.500,33.750,330.000
5339,ClayBrick,0,2.7216,Supported,0,0,652.500,45.000,330.000
5340,ClayBrick,0,2.7216,Supported,0,0,652.500,33.750,337.500
5341,ClayBrick,0,2.7216,Supported,0,0,663.750,33.750,337.500
5342,ClayBrick,0,2.7216,Supported,0,0,652.500,33.750,345.000
5343,ClayBrick,0,2.7216,Supported,0,0,652.500,45.000,345.000
5344,ClayBrick,0,2.7216,Supported,0,0,652.500,33.750,352.500
5345,ClayBrick,0,2.7216,Supported,0,0,663.750,33.750,352.500
5346,ClayBrick,0,2.7216,Supported,0,0,652.500,33.750,360.000
5347,ClayBrick,0,2.7216,Supported,0,0,652.500,45.000,360.000
5348,ClayBrick,0,2.7216,Supported,0,0,652.500,33.750,367.500
5349,ClayBrick,0,2.7216,Supported,0,0,663.750,33.750,367.500
5350,ClayBrick,0,2.7216,Supported,0,0,652.500,33.750,375.000
5351,ClayBrick,0,2.7216,Supported,0,0,652.500,45.000,375.000
5352,ClayBrick,0,2.7216,Supported,0,0,652.500,33.750,382.500
5353,ClayBrick,0,2.7216,Supported,0,0,663.750,33.750,382.500
5354,ClayBrick,0,2.7216,Supported,0,0,652.500,33.750,390.000
5355,ClayBrick,0,2.7216,Supported,0,0,652.500,45.000,390.000
5356,ClayBrick,0,2.7216,Supported,0,0,652.500,33.750,397.500
5357,ClayBrick,0,2.7216,Supported,0,0,663.750,33.750,397.500
5358,ClayBrick,0,2.7216,Supported,0,0,652.500,33.750,405.000
5359,ClayBrick,0,2.7216,Supported,0,0,652.500,45.000,405.000
5360,ClayBrick,0,2.7216,Supported,0,0,652.500,33.750,412.500
5361,ClayBrick,0,2.7216,Supported,0,0,663.750,33.750,412.500
5362,ClayBrick,0,2.7216,Supported,0,0,652.500,33.750,420.000
5363,ClayBrick,0,2.7216,Supported,0,0,652.500,45.000,420.000
5364,ClayBrick,0,2.7216,Supported,0,0,652.500,33.750,427.500
5365,ClayBrick,0,2.7216,Supported,0,0,663.750,33.750,427.500
5366,ClayBrick,0,2.7216,Supported,0,0,652.500,33.750,435.000
5367,ClayBrick,0,2.7216,Supported,0,0,652.500,45.000,435.000
5368,ClayBrick,0,2.7216,Supported,0,0,652.500,33.750,442.500
5369,ClayBrick,0,2.7216,Supported,0,0,663.750,33.750,442.500
5370,ClayBrick,0,2.7216,Supported,0,0,652.500,33.750,450.000
5371,ClayBrick,0,2.7216,Supported,0,0,652.500,45.000,450.000
5372,ClayBrick,0,2.7216,Supported,0,0,652.500,33.750,457.500
5373,ClayBrick,0,2.7216,Supported,0,0,663.750,33.750,457.500
5374,ClayBrick,0,2.7216,Supported,0,0,652.500,33.750,465.000
5375,ClayBrick,0,2.7216,Supported,0,0,652.500,45.000,465.000
5376,ClayBrick,0,2.7216,Supported,0,0,652.500,33.750,472.500
5377,ClayBrick,0,2.7216,Supported,0,0,663.750,33.750,472.500
5378,ClayBrick,0,2.7216,Supported,0,0,652.500,33.750,480.000
5379,ClayBrick,0,2.7216,Supported,0,0,652.500,45.000,480.000
5380,ClayBrick,0,2.7216,Supported,0,0,652.500,33.750,487.500
5381,ClayBrick,0,2.7216,Supported,0,0,663.750,33.750,487.500
5382,ClayBrick,0,2.7216,Supported,0,0,652.500,33.750,495.000
5383,ClayBrick,0,2.7216,Supported,0,0,652.500,45.000,495.000
5384,ClayBrick,0,2.7216,Supported,0,0,652.500,33.750,502.500
5385,ClayBrick,0,2.7216,Supported,0,0,663.750,33.750,502.500
5386,ClayBrick,0,2.7216,Supported,0,0,652.500,33.750,510.000
5387,ClayBrick,0,2.7216,Supported,0,0,652.500,45.000,510.000
5388,ClayBrick,0,2.7216,Supported,0,0,652.500,33.750,517.500
5389,ClayBrick,0,2.7216,Supported,0,0,663.750,33.750,517.500
5390,ClayBrick,0,2.7216,Supported,0,0,652.500,33.750,525.000
5391,ClayBrick,0,2.7216,Supported,0,0,652.500,45.000,525.000
5392,ClayBrick,0,2.7216,Supported,0,0,652.500,33.750,532.500
5393,ClayBrick,0,2.7216,Supported,0,0,663.750,33.750,532.500
5394,ClayBrick,0,2.7216,Supported,0,0,652.500,33.750,540.000
5395,ClayBrick,0,2.7216,Supported,0,0,652.500,45.000,540.000
5396,ClayBrick,0,2.7216,Supported,0,0,652.500,33.750,547.500
5397,ClayBrick,0,2.7216,Supported,0,0,663.750,33.750,547.500
5398,ClayBrick,0,2.7216,Supported,0,0,652.500,33.750,555.000
5399,ClayBrick,0,2.7216,Supported,0,0,652.500,45.000,555.000
5400,ClayBrick,0,2.7216,Supported,0,0,652.500,33.750,562.500
5401,ClayBrick,0,2.7216,Supported,0,0,663.750,33.750,562.500
5402,ClayBrick,0,2.7216,Supported,0,0,652.500,33.750,570.000
5403,ClayBrick,0,2.7216,Supported,0,0,652.500,45.000,570.000
5404,ClayBrick,0,2.7216,Supported,0,0,652.500,33.750,577.500
5405,ClayBrick,0,2.7216,Supported,0,0,663.750,33.750,577.500
5406,ClayBrick,0,2.7216,Supported,0,0,652.500,33.750,585.000
5407,ClayBrick,0,2.7216,Supported,0,0,652.500,45.000,585.000
5408,ClayBrick,0,2.7216,Supported,0,0,652.500,33.750,592.500
5409,ClayBrick,0,2.7216,Supported,0,0,663.750,33.750,592.500
5410,ClayBrick,0,2.7216,Supported,0,0,652.500,33.750,600.000
5411,ClayBrick,0,2.7216,Supported,0,0,652.500,45.000,600.000
5412,ClayBrick,0,2.7216,Supported,0,0,652.500,33.750,607.500
5413,ClayBrick,0,2.7216,Supported,0,0,663.750,33.750,607.500
5414,ClayBrick,0,2.7216,Supported,0,0,652.500,33.750,615.000
5415,ClayBrick,0,2.7216,Supported,0,0,652.500,45.000,615.000
5416,ClayBrick,0,2.7216,Supported,0,0,652.500,33.750,622.500
5417,ClayBrick,0,2.7216,Supported,0,0,663.750,33.750,622.500
5418,ClayBrick,0,2.7216,Supported,0,0,652.500,33.750,630.000
5419,ClayBrick,0,2.7216,Supported,0,0,652.500,45.000,630.000
5420,ClayBrick,0,2.7216,Supported,0,0,652.500,33.750,637.500
5421,ClayBrick,0,2.7216,Supported,0,0,663.750,33.750,637.500
5422,ClayBrick,0,2.7216,Supported,0,0,652.500,33.750,645.000
5423,ClayBrick,0,2.7216,Supported,0,0,652.500,45.000,645.000
5424,ClayBrick,0,2.7216,Supported,0,0,652.500,33.750,652.500
5425,ClayBrick,0,2.7216,Supported,0,0,663.750,33.750,652.500
5426,ClayBrick,0,2.7216,Supported,0,0,652.500,33.750,660.000
5427,ClayBrick,0,2.7216,Supported,0,0,652.500,45.000,660.000
5428,ClayBrick,0,2.7216,Supported,0,0,652.500,33.750,667.500
5429,ClayBrick,0,2.7216,Supported,0,0,663.750,33.750,667.500
5430,StructuralConcrete,0,16.7320,Supported,0,0,646.875,28.125,675.000
5431,ClayBrick,1,2.7216,Grounded,0,0,652.500,281.250,0.000
5432,ClayBrick,1,2.7216,Grounded,0,0,652.500,292.500,0.000
5433,ClayBrick,0,2.7216,Supported,0,0,652.500,281.250,7.500
5434,ClayBrick,0,2.7216,Supported,0,0,663.750,281.250,7.500
5435,ClayBrick,0,2.7216,Supported,0,0,652.500,281.250,15.000
5436,ClayBrick,0,2.7216,Supported,0,0,652.500,292.500,15.000
5437,ClayBrick,0,2.7216,Supported,0,0,652.500,281.250,22.500
5438,ClayBrick,0,2.7216,Supported,0,0,663.750,281.250,22.500
5439,ClayBrick,0,2.7216,Supported,0,0,652.500,281.250,30.000
5440,ClayBrick,0,2.7216,Supported,0,0,652.500,292.500,30.000
5441,ClayBrick,0,2.7216,Supported,0,0,652.500,281.250,37.500
5442,ClayBrick,0,2.7216,Supported,0,0,663.750,281.250,37.500
5443,ClayBrick,0,2.7216,Supported,0,0,652.500,281.250,45.000
5444,ClayBrick,0,2.7216,Supported,0,0,652.500,292.500,45.000
5445,ClayBrick,0,2.7216,Supported,0,0,652.500,281.250,52.500
5446,ClayBrick,0,2.7216,Supported,0,0,663.750,281.250,52.500
5447,ClayBrick,0,2.7216,Supported,0,0,652.500,281.250,60.000
5448,ClayBrick,0,2.7216,Supported,0,0,652.500,292.500,60.000
5449,ClayBrick,0,2.7216,Supported,0,0,652.500,281.250,67.500
5450,ClayBrick,0,2.7216,Supported,0,0,663.750,281.250,67.500
5451,ClayBrick,0,2.7216,Supported,0,0,652.500,281.250,75.000
5452,ClayBrick,0,2.7216,Supported,0,0,652.500,292.500,75.000
5453,ClayBrick,0,2.7216,Supported,0,0,652.500,281.250,82.500
5454,ClayBrick,0,2.7216,Supported,0,0,663.750,281.250,82.500
5455,ClayBrick,0,2.7216,Supported,0,0,652.500,281.250,90.000
5456,ClayBrick,0,2.7216,Supported,0,0,652.500,292.500,90.000
5457,ClayBrick,0,2.7216,Supported,0,0,652.500,281.250,97.500
5458,ClayBrick,0,2.7216,Supported,0,0,663.750,281.250,97.500
5459,ClayBrick,0,2.7216,Supported,0,0,652.500,281.250,105.000
5460,ClayBrick,0,2.7216,Supported,0,0,652.500,292.500,105.000
5461,ClayBrick,0,2.7216,Supported,0,0,652.500,281.250,112.500
5462,ClayBrick,0,2.7216,Supported,0,0,663.750,281.250,112.500
5463,ClayBrick,0,2.7216,Supported,0,0,652.500,281.250,120.000
5464,ClayBrick,0,2.7216,Supported,0,0,652.500,292.500,120.000
5465,ClayBrick,0,2.7216,Supported,0,0,652.500,281.250,127.500
5466,ClayBrick,0,2.7216,Supported,0,0,663.750,281.250,127.500
5467,ClayBrick,0,2.7216,Supported,0,0,652.500,281.250,135.000
5468,ClayBrick,0,2.7216,Supported,0,0,652.500,292.500,135.000
5469,ClayBrick,0,2.7216,Supported,0,0,652.500,281.250,142.500
5470,ClayBrick,0,2.7216,Supported,0,0,663.750,281.250,142.500
5471,ClayBrick,0,2.7216,Supported,0,0,652.500,281.250,150.000
5472,ClayBrick,0,2.7216,Supported,0,0,652.500,292.500,150.000
5473,ClayBrick,0,2.7216,Supported,0,0,652.500,281.250,157.500
5474,ClayBrick,0,2.7216,Supported,0,0,663.750,281.250,157.500
5475,ClayBrick,0,2.7216,Supported,0,0,652.500,281.250,165.000
5476,ClayBrick,0,2.7216,Supported,0,0,652.500,292.500,165.000
5477,ClayBrick,0,2.7216,Supported,0,0,652.500,281.250,172.500
5478,ClayBrick,0,2.7216,Supported,0,0,663.750,281.250,172.500
5479,ClayBrick,0,2.7216,Supported,0,0,652.500,281.250,180.000
5480,ClayBrick,0,2.7216,Supported,0,0,652.500,292.500,180.000
5481,ClayBrick,0,2.7216,Supported,0,0,652.500,281.250,187.500
5482,ClayBrick,0,2.7216,Supported,0,0,663.750,281.250,187.500
5483,ClayBrick,0,2.7216,Supported,0,0,652.500,281.250,195.000
5484,ClayBrick,0,2.7216,Supported,0,0,652.500,292.500,195.000
5485,ClayBrick,0,2.7216,Supported,0,0,652.500,281.250,202.500
5486,ClayBrick,0,2.7216,Supported,0,0,663.750,281.250,202.500
5487,ClayBrick,0,2.7216,Supported,0,0,652.500,281.250,210.000
5488,ClayBrick,0,2.7216,Supported,0,0,652.500,292.500,210.000
5489,ClayBrick,0,2.7216,Supported,0,0,652.500,281.250,217.500
5490,ClayBrick,0,2.7216,Supported,0,0,663.750,281.250,217.500
5491,ClayBrick,0,2.7216,Supported,0,0,652.500,281.250,225.000
5492,ClayBrick,0,2.7216,Supported,0,0,652.500,292.500,225.000
5493,ClayBrick,0,2.7216,Supported,0,0,652.500,281.250,232.500
5494,ClayBrick,0,2.7216,Supported,0,0,663.750,281.250,232.500
5495,ClayBrick,0,2.7216,Supported,0,0,652.500,281.250,240.000
5496,ClayBrick,0,2.7216,Supported,0,0,652.500,292.500,240.000
5497,ClayBrick,0,2.7216,Supported,0,0,652.500,281.250,247.500
5498,ClayBrick,0,2.7216,Supported,0,0,663.750,281.250,247.500
5499,ClayBrick,0,2.7216,Supported,0,0,652.500,281.250,255.000
5500,ClayBrick,0,2.7216,Supported,0,0,652.500,292.500,255.000
5501,ClayBrick,0,2.7216,Supported,0,0,652.500,281.250,262.500
5502,ClayBrick,0,2.7216,Supported,0,0,663.750,281.250,262.500
5503,ClayBrick,0,2.7216,Supported,0,0,652.500,281.250,270.000
5504,ClayBrick,0,2.7216,Supported,0,0,652.500,292.500,270.000
5505,ClayBrick,0,2.7216,Supported,0,0,652.500,281.250,277.500
5506,ClayBrick,0,2.7216,Supported,0,0,663.750,281.250,277.500
5507,ClayBrick,0,2.7216,Supported,0,0,652.500,281.250,285.000
5508,ClayBrick,0,2.7216,Supported,0,0,652.500,292.500,285.000
5509,ClayBrick,0,2.7216,Supported,0,0,652.500,281.250,292.500
5510,ClayBrick,0,2.7216,Supported,0,0,663.750,281.250,292.500
5511,ClayBrick,0,2.7216,Supported,0,0,652.500,281.250,300.000
5512,ClayBrick,0,2.7216,Supported,0,0,652.500,292.500,300.000
5513,ClayBrick,0,2.7216,Supported,0,0,652.500,281.250,307.500
5514,ClayBrick,0,2.7216,Supported,0,0,663.750,281.250,307.500
5515,ClayBrick,0,2.7216,Supported,0,0,652.500,281.250,315.000
5516,ClayBrick,0,2.7216,Supported,0,0,652.500,292.500,315.000
5517,ClayBrick,0,2.7216,Supported,0,0,652.500,281.250,322.500
5518,ClayBrick,0,2.7216,Supported,0,0,663.750,281.250,322.500
5519,ClayBrick,0,2.7216,Supported,0,0,652.500,281.250,330.000
5520,ClayBrick,0,2.7216,Supported,0,0,652.500,292.500,330.000
5521,ClayBrick,0,2.7216,Supported,0,0,652.500,281.250,337.500
5522,ClayBrick,0,2.7216,Supported,0,0,663.750,281.250,337.500
5523,ClayBrick,0,2.7216,Supported,0,0,652.500,281.250,345.000
5524,ClayBrick,0,2.7216,Supported,0,0,652.500,292.500,345.000
5525,ClayBrick,0,2.7216,Supported,0,0,652.500,281.250,352.500
5526,ClayBrick,0,2.7216,Supported,0,0,663.750,281.250,352.500
5527,ClayBrick,0,2.7216,Supported,0,0,652.500,281.250,360.000
5528,ClayBrick,0,2.7216,Supported,0,0,652.500,292.500,360.000
5529,ClayBrick,0,2.7216,Supported,0,0,652.500,281.250,367.500
5530,ClayBrick,0,2.7216,Supported,0,0,663.750,281.250,367.500
5531,ClayBrick,0,2.7216,Supported,0,0,652.500,281.250,375.000
5532,ClayBrick,0,2.7216,Supported,0,0,652.500,292.500,375.000
5533,ClayBrick,0,2.7216,Supported,0,0,652.500,281.250,382.500
5534,ClayBrick,0,2.7216,Supported,0,0,663.750,281.250,382.500
5535,ClayBrick,0,2.7216,Supported,0,0,652.500,281.250,390.000
5536,ClayBrick,0,2.7216,Supported,0,0,652.500,292.500,390.000
5537,ClayBrick,0,2.7216,Supported,0,0,652.500,281.250,397.500
5538,ClayBrick,0,2.7216,Supported,0,0,663.750,281.250,397.500
5539,ClayBrick,0,2.7216,Supported,0,0,652.500,281.250,405.000
5540,ClayBrick,0,2.7216,Supported,0,0,652.500,292.500,405.000
5541,ClayBrick,0,2.7216,Supported,0,0,652.500,281.250,412.500
5542,ClayBrick,0,2.7216,Supported,0,0,663.750,281.250,412.500
5543,ClayBrick,0,2.7216,Supported,0,0,652.500,281.250,420.000
5544,ClayBrick,0,2.7216,Supported,0,0,652.500,292.500,420.000
5545,ClayBrick,0,2.7216,Supported,0,0,652.500,281.250,427.500
5546,ClayBrick,0,2.7216,Supported,0,0,663.750,281.250,427.500
5547,ClayBrick,0,2.7216,Supported,0,0,652.500,281.250,435.000
5548,ClayBrick,0,2.7216,Supported,0,0,652.500,292.500,435.000
5549,ClayBrick,0,2.7216,Supported,0,0,652.500,281.250,442.500
5550,ClayBrick,0,2.7216,Supported,0,0,663.750,281.250,442.500
5551,ClayBrick,0,2.7216,Supported,0,0,652.500,281.250,450.000
5552,ClayBrick,0,2.7216,Supported,0,0,652.500,292.500,450.000
5553,ClayBrick,0,2.7216,Supported,0,0,652.500,281.250,457.500
5554,ClayBrick,0,2.7216,Supported,0,0,663.750,281.250,457.500
5555,ClayBrick,0,2.7216,Supported,0,0,652.500,281.250,465.000
5556,ClayBrick,0,2.7216,Supported,0,0,652.500,292.500,465.000
5557,ClayBrick,0,2.7216,Supported,0,0,652.500,281.250,472.500
5558,ClayBrick,0,2.7216,Supported,0,0,663.750,281.250,472.500
5559,ClayBrick,0,2.7216,Supported,0,0,652.500,281.250,480.000
5560,ClayBrick,0,2.7216,Supported,0,0,652.500,292.500,480.000
5561,ClayBrick,0,2.7216,Supported,0,0,652.500,281.250,487.500
5562,ClayBrick,0,2.7216,Supported,0,0,663.750,281.250,487.500
5563,ClayBrick,0,2.7216,Supported,0,0,652.500,281.250,495.000
5564,ClayBrick,0,2.7216,Supported,0,0,652.500,292.500,495.000
5565,ClayBrick,0,2.7216,Supported,0,0,652.500,281.250,502.500
5566,ClayBrick,0,2.7216,Supported,0,0,663.750,281.250,502.500
5567,ClayBrick,0,2.7216,Supported,0,0,652.500,281.250,510.000
5568,ClayBrick,0,2.7216,Supported,0,0,652.500,292.500,510.000
5569,ClayBrick,0,2.7216,Supported,0,0,652.500,281.250,517.500
5570,ClayBrick,0,2.7216,Supported,0,0,663.750,281.250,517.500
5571,ClayBrick,0,2.7216,Supported,0,0,652.500,281.250,525.000
5572,ClayBrick,0,2.7216,Supported,0,0,652.500,292.500,525.000
5573,ClayBrick,0,2.7216,Supported,0,0,652.500,281.250,532.500
5574,ClayBrick,0,2.7216,Supported,0,0,663.750,281.250,532.500
5575,ClayBrick,0,2.7216,Supported,0,0,652.500,281.250,540.000
5576,ClayBrick,0,2.7216,Supported,0,0,652.500,292.500,540.000
5577,ClayBrick,0,2.7216,Supported,0,0,652.500,281.250,547.500
5578,ClayBrick,0,2.7216,Supported,0,0,663.750,281.250,547.500
5579,ClayBrick,0,2.7216,Supported,0,0,652.500,281.250,555.000
5580,ClayBrick,0,2.7216,Supported,0,0,652.500,292.500,555.000
5581,ClayBrick,0,2.7216,Supported,0,0,652.500,281.250,562.500
5582,ClayBrick,0,2.7216,Supported,0,0,663.750,281.250,562.500
5583,ClayBrick,0,2.7216,Supported,0,0,652.500,281.250,570.000
5584,ClayBrick,0,2.7216,Supported,0,0,652.500,292.500,570.000
5585,ClayBrick,0,2.7216,Supported,0,0,652.500,281.250,577.500
5586,ClayBrick,0,2.7216,Supported,0,0,663.750,281.250,577.500
5587,ClayBrick,0,2.7216,Supported,0,0,652.500,281.250,585.000
5588,ClayBrick,0,2.7216,Supported,0,0,652.500,292.500,585.000
5589,ClayBrick,0,2.7216,Supported,0,0,652.500,281.250,592.500
5590,ClayBrick,0,2.7216,Supported,0,0,663.750,281.250,592.500
5591,ClayBrick,0,2.7216,Supported,0,0,652.500,281.250,600.000
5592,ClayBrick,0,2.7216,Supported,0,0,652.500,292.500,600.000
5593,ClayBrick,0,2.7216,Supported,0,0,652.500,281.250,607.500
5594,ClayBrick,0,2.7216,Supported,0,0,663.750,281.250,607.500
5595,ClayBrick,0,2.7216,Supported,0,0,652.500,281.250,615.000
5596,ClayBrick,0,2.7216,Supported,0,0,652.500,292.500,615.000
5597,ClayBrick,0,2.7216,Supported,0,0,652.500,281.250,622.500
5598,ClayBrick,0,2.7216,Supported,0,0,663.750,281.250,622.500
5599,ClayBrick,0,2.7216,Supported,0,0,652.500,281.250,630.000
5600,ClayBrick,0,2.7216,Supported,0,0,652.500,292.500,630.000
5601,ClayBrick,0,2.7216,Supported,0,0,652.500,281.250,637.500
5602,ClayBrick,0,2.7216,Supported,0,0,663.750,281.250,637.500
5603,ClayBrick,0,2.7216,Supported,0,0,652.500,281.250,645.000
5604,ClayBrick,0,2.7216,Supported,0,0,652.500,292.500,645.000
5605,ClayBrick,0,2.7216,Supported,0,0,652.500,281.250,652.500
5606,ClayBrick,0,2.7216,Supported,0,0,663.750,281.250,652.500
5607,ClayBrick,0,2.7216,Supported,0,0,652.500,281.250,660.000
5608,ClayBrick,0,2.7216,Supported,0,0,652.500,292.500,660.000
5609,ClayBrick,0,2.7216,Supported,0,0,652.500,281.250,667.500
5610,ClayBrick,0,2.7216,Supported,0,0,663.750,281.250,667.500
5611,StructuralConcrete,0,16.7320,Supported,0,0,646.875,275.625,675.000
