piece,released,removed,laidX,laidY,laidZ,finalX,finalY,finalZ,displacementCm,dropCm
0,0,0,0.000,0.000,0.000,0.000,0.000,0.000,0.000,0.000
1,0,0,45.000,0.000,-0.000,45.000,0.000,-0.000,0.000,0.000
2,0,0,90.000,0.000,-0.000,90.000,0.000,-0.000,0.000,0.000
3,0,0,135.000,0.000,-0.000,135.000,0.000,-0.000,0.000,0.000
4,0,0,180.000,0.000,-0.000,180.000,0.000,-0.000,0.000,0.000
5,0,0,225.000,0.000,-0.000,225.000,0.000,-0.000,0.000,0.000
6,0,0,270.000,0.000,-0.000,270.000,0.000,-0.000,0.000,0.000
7,0,0,315.000,0.000,-0.000,315.000,0.000,-0.000,0.000,0.000
8,0,0,360.000,0.000,-0.000,360.000,0.000,-0.000,0.000,0.000
9,0,0,405.000,0.000,-0.000,405.000,0.000,-0.000,0.000,0.000
10,0,0,450.000,0.000,-0.000,450.000,0.000,-0.000,0.000,0.000
11,0,0,495.000,0.000,-0.000,495.000,0.000,-0.000,0.000,0.000
12,0,0,540.000,0.000,-0.000,540.000,0.000,-0.000,0.000,0.000
13,0,0,585.000,0.000,-0.000,585.000,0.000,-0.000,0.000,0.000
14,0,0,630.000,0.000,-0.000,630.000,0.000,-0.000,0.000,0.000
15,0,0,0.000,0.000,15.000,0.000,0.000,15.000,0.000,0.000
16,0,0,22.500,0.000,15.000,22.500,0.000,15.000,0.000,0.000
17,0,0,45.000,0.000,15.000,45.000,0.000,15.000,0.000,0.000
18,0,0,67.500,0.000,15.000,67.500,0.000,15.000,0.000,0.000
19,0,0,90.000,0.000,15.000,90.000,0.000,15.000,0.000,0.000
20,0,0,112.500,0.000,15.000,112.500,0.000,15.000,0.000,0.000
21,0,0,135.000,0.000,15.000,135.000,0.000,15.000,0.000,0.000
22,0,0,157.500,0.000,15.000,157.500,0.000,15.000,0.000,0.000
23,0,0,180.000,0.000,15.000,180.000,0.000,15.000,0.000,0.000
24,0,0,202.500,0.000,15.000,202.500,0.000,15.000,0.000,0.000
25,0,0,225.000,0.000,15.000,225.000,0.000,15.000,0.000,0.000
26,0,0,247.500,0.000,15.000,247.500,0.000,15.000,0.000,0.000
27,0,0,270.000,0.000,15.000,270.000,0.000,15.000,0.000,0.000
28,0,0,292.500,0.000,15.000,292.500,0.000,15.000,0.000,0.000
29,0,0,315.000,0.000,15.000,315.000,0.000,15.000,0.000,0.000
30,0,0,337.500,0.000,15.000,337.500,0.000,15.000,0.000,0.000
31,0,0,360.000,0.000,15.000,360.000,0.000,15.000,0.000,0.000
32,0,0,382.500,0.000,15.000,382.500,0.000,15.000,0.000,0.000
33,0,0,405.000,0.000,15.000,405.000,0.000,15.000,0.000,0.000
34,0,0,427.500,0.000,15.000,427.500,0.000,15.000,0.000,0.000
35,0,0,450.000,0.000,15.000,450.000,0.000,15.000,0.000,0.000
36,0,0,472.500,0.000,15.000,472.500,0.000,15.000,0.000,0.000
37,0,0,495.000,0.000,15.000,495.000,0.000,15.000,0.000,0.000
38,0,0,517.500,0.000,15.000,517.500,0.000,15.000,0.000,0.000
39,0,0,540.000,0.000,15.000,540.000,0.000,15.000,0.000,0.000
40,0,0,562.500,0.000,15.000,562.500,0.000,15.000,0.000,0.000
41,0,0,585.000,0.000,15.000,585.000,0.000,15.000,0.000,0.000
42,0,0,607.500,0.000,15.000,607.500,0.000,15.000,0.000,0.000
43,0,0,630.000,0.000,15.000,630.000,0.000,15.000,0.000,0.000
44,0,0,0.000,0.000,22.500,0.000,0.000,22.500,0.000,0.000
45,0,0,11.250,0.000,22.500,11.250,0.000,22.500,0.000,0.000
46,0,0,33.750,0.000,22.500,33.750,0.000,22.500,0.000,0.000
47,0,0,56.250,0.000,22.500,56.250,0.000,22.500,0.000,0.000
48,0,0,78.750,0.000,22.500,78.750,0.000,22.500,0.000,0.000
49,0,0,101.250,0.000,22.500,101.250,0.000,22.500,0.000,0.000
50,0,0,123.750,0.000,22.500,123.750,0.000,22.500,0.000,0.000
51,0,0,146.250,0.000,22.500,146.250,0.000,22.500,0.000,0.000
52,0,0,168.750,0.000,22.500,168.750,0.000,22.500,0.000,0.000
53,0,0,191.250,0.000,22.500,191.250,0.000,22.500,0.000,0.000
54,0,0,213.750,0.000,22.500,213.750,0.000,22.500,0.000,0.000
55,0,0,236.250,0.000,22.500,236.250,0.000,22.500,0.000,0.000
56,0,0,258.750,0.000,22.500,258.750,0.000,22.500,0.000,0.000
57,0,0,281.250,0.000,22.500,281.250,0.000,22.500,0.000,0.000
58,0,0,303.750,0.000,22.500,303.750,0.000,22.500,0.000,0.000
59,0,0,326.250,0.000,22.500,326.250,0.000,22.500,0.000,0.000
60,0,0,348.750,0.000,22.500,348.750,0.000,22.500,0.000,0.000
61,0,0,371.250,0.000,22.500,371.250,0.000,22.500,0.000,0.000
62,0,0,393.750,0.000,22.500,393.750,0.000,22.500,0.000,0.000
63,0,0,416.250,0.000,22.500,416.250,0.000,22.500,0.000,0.000
64,0,0,438.750,0.000,22.500,438.750,0.000,22.500,0.000,0.000
65,0,0,461.250,0.000,22.500,461.250,0.000,22.500,0.000,0.000
66,0,0,483.750,0.000,22.500,483.750,0.000,22.500,0.000,0.000
67,0,0,506.250,0.000,22.500,506.250,0.000,22.500,0.000,0.000
68,0,0,528.750,0.000,22.500,528.750,0.000,22.500,0.000,0.000
69,0,0,551.250,0.000,22.500,551.250,0.000,22.500,0.000,0.000
70,0,0,573.750,0.000,22.500,573.750,0.000,22.500,0.000,0.000
71,0,0,596.250,0.000,22.500,596.250,0.000,22.500,0.000,0.000
72,0,0,618.750,0.000,22.500,618.750,0.000,22.500,0.000,0.000
73,0,0,641.250,0.000,22.500,641.250,0.000,22.500,0.000,0.000
74,0,0,0.000,0.000,30.000,0.000,0.000,30.000,0.000,0.000
75,0,0,22.500,0.000,30.000,22.500,0.000,30.000,0.000,0.000
76,0,0,45.000,0.000,30.000,45.000,0.000,30.000,0.000,0.000
77,0,0,67.500,0.000,30.000,67.500,0.000,30.000,0.000,0.000
78,0,0,90.000,0.000,30.000,90.000,0.000,30.000,0.000,0.000
79,0,0,112.500,0.000,30.000,112.500,0.000,30.000,0.000,0.000
80,0,0,135.000,0.000,30.000,135.000,0.000,30.000,0.000,0.000
81,0,0,157.500,0.000,30.000,157.500,0.000,30.000,0.000,0.000
82,0,0,180.000,0.000,30.000,180.000,0.000,30.000,0.000,0.000
83,0,0,202.500,0.000,30.000,202.500,0.000,30.000,0.000,0.000
84,0,0,225.000,0.000,30.000,225.000,0.000,30.000,0.000,0.000
85,0,0,247.500,0.000,30.000,247.500,0.000,30.000,0.000,0.000
86,0,0,270.000,0.000,30.000,270.000,0.000,30.000,0.000,0.000
87,0,0,292.500,0.000,30.000,292.500,0.000,30.000,0.000,0.000
88,0,0,315.000,0.000,30.000,315.000,0.000,30.000,0.000,0.000
89,0,0,337.500,0.000,30.000,337.500,0.000,30.000,0.000,0.000
90,0,0,360.000,0.000,30.000,360.000,0.000,30.000,0.000,0.000
91,0,0,382.500,0.000,30.000,382.500,0.000,30.000,0.000,0.000
92,0,0,405.000,0.000,30.000,405.000,0.000,30.000,0.000,0.000
93,0,0,427.500,0.000,30.000,427.500,0.000,30.000,0.000,0.000
94,0,0,450.000,0.000,30.000,450.000,0.000,30.000,0.000,0.000
95,0,0,472.500,0.000,30.000,472.500,0.000,30.000,0.000,0.000
96,0,0,495.000,0.000,30.000,495.000,0.000,30.000,0.000,0.000
97,0,0,517.500,0.000,30.000,517.500,0.000,30.000,0.000,0.000
98,0,0,540.000,0.000,30.000,540.000,0.000,30.000,0.000,0.000
99,0,0,562.500,0.000,30.000,562.500,0.000,30.000,0.000,0.000
100,0,0,585.000,0.000,30.000,585.000,0.000,30.000,0.000,0.000
101,0,0,607.500,0.000,30.000,607.500,0.000,30.000,0.000,0.000
102,0,0,630.000,0.000,30.000,630.000,0.000,30.000,0.000,0.000
103,0,0,0.000,0.000,37.500,0.000,0.000,37.500,0.000,0.000
104,0,0,11.250,0.000,37.500,11.250,0.000,37.500,0.000,0.000
105,0,0,33.750,0.000,37.500,33.750,0.000,37.500,0.000,0.000
106,0,0,56.250,0.000,37.500,56.250,0.000,37.500,0.000,0.000
107,0,0,78.750,0.000,37.500,78.750,0.000,37.500,0.000,0.000
108,0,0,101.250,0.000,37.500,101.250,0.000,37.500,0.000,0.000
109,0,0,123.750,0.000,37.500,123.750,0.000,37.500,0.000,0.000
110,0,0,146.250,0.000,37.500,146.250,0.000,37.500,0.000,0.000
111,0,0,168.750,0.000,37.500,168.750,0.000,37.500,0.000,0.000
112,0,0,191.250,0.000,37.500,191.250,0.000,37.500,0.000,0.000
113,0,0,213.750,0.000,37.500,213.750,0.000,37.500,0.000,0.000
114,0,0,236.250,0.000,37.500,236.250,0.000,37.500,0.000,0.000
115,0,0,258.750,0.000,37.500,258.750,0.000,37.500,0.000,0.000
116,0,0,281.250,0.000,37.500,281.250,0.000,37.500,0.000,0.000
117,0,0,303.750,0.000,37.500,303.750,0.000,37.500,0.000,0.000
118,0,0,326.250,0.000,37.500,326.250,0.000,37.500,0.000,0.000
119,0,0,348.750,0.000,37.500,348.750,0.000,37.500,0.000,0.000
120,0,0,371.250,0.000,37.500,371.250,0.000,37.500,0.000,0.000
121,0,0,393.750,0.000,37.500,393.750,0.000,37.500,0.000,0.000
122,0,0,416.250,0.000,37.500,416.250,0.000,37.500,0.000,0.000
123,0,0,438.750,0.000,37.500,438.750,0.000,37.500,0.000,0.000
124,0,0,461.250,0.000,37.500,461.250,0.000,37.500,0.000,0.000
125,0,0,483.750,0.000,37.500,483.750,0.000,37.500,0.000,0.000
126,0,0,506.250,0.000,37.500,506.250,0.000,37.500,0.000,0.000
127,0,0,528.750,0.000,37.500,528.750,0.000,37.500,0.000,0.000
128,0,0,551.250,0.000,37.500,551.250,0.000,37.500,0.000,0.000
129,0,0,573.750,0.000,37.500,573.750,0.000,37.500,0.000,0.000
130,0,0,596.250,0.000,37.500,596.250,0.000,37.500,0.000,0.000
131,0,0,618.750,0.000,37.500,618.750,0.000,37.500,0.000,0.000
132,0,0,641.250,0.000,37.500,641.250,0.000,37.500,0.000,0.000
133,0,0,0.000,0.000,45.000,0.000,0.000,45.000,0.000,0.000
134,0,0,22.500,0.000,45.000,22.500,0.000,45.000,0.000,0.000
135,0,0,45.000,0.000,45.000,45.000,0.000,45.000,0.000,0.000
136,0,0,67.500,0.000,45.000,67.500,0.000,45.000,0.000,0.000
137,0,0,90.000,0.000,45.000,90.000,0.000,45.000,0.000,0.000
138,0,0,112.500,0.000,45.000,112.500,0.000,45.000,0.000,0.000
139,0,0,135.000,0.000,45.000,135.000,0.000,45.000,0.000,0.000
140,0,0,157.500,0.000,45.000,157.500,0.000,45.000,0.000,0.000
141,0,0,180.000,0.000,45.000,180.000,0.000,45.000,0.000,0.000
142,0,0,202.500,0.000,45.000,202.500,0.000,45.000,0.000,0.000
143,0,0,225.000,0.000,45.000,225.000,0.000,45.000,0.000,0.000
144,0,0,247.500,0.000,45.000,247.500,0.000,45.000,0.000,0.000
145,0,0,270.000,0.000,45.000,270.000,0.000,45.000,0.000,0.000
146,0,0,292.500,0.000,45.000,292.500,0.000,45.000,0.000,0.000
147,0,0,315.000,0.000,45.000,315.000,0.000,45.000,0.000,0.000
148,0,0,337.500,0.000,45.000,337.500,0.000,45.000,0.000,0.000
149,0,0,360.000,0.000,45.000,360.000,0.000,45.000,0.000,0.000
150,0,0,382.500,0.000,45.000,382.500,0.000,45.000,0.000,0.000
151,0,0,405.000,0.000,45.000,405.000,0.000,45.000,0.000,0.000
152,0,0,427.500,0.000,45.000,427.500,0.000,45.000,0.000,0.000
153,0,0,450.000,0.000,45.000,450.000,0.000,45.000,0.000,0.000
154,0,0,472.500,0.000,45.000,472.500,0.000,45.000,0.000,0.000
155,0,0,495.000,0.000,45.000,495.000,0.000,45.000,0.000,0.000
156,0,0,517.500,0.000,45.000,517.500,0.000,45.000,0.000,0.000
157,0,0,540.000,0.000,45.000,540.000,0.000,45.000,0.000,0.000
158,0,0,562.500,0.000,45.000,562.500,0.000,45.000,0.000,0.000
159,0,0,585.000,0.000,45.000,585.000,0.000,45.000,0.000,0.000
160,0,0,607.500,0.000,45.000,607.500,0.000,45.000,0.000,0.000
161,0,0,630.000,0.000,45.000,630.000,0.000,45.000,0.000,0.000
162,0,0,0.000,0.000,52.500,0.000,0.000,52.500,0.000,0.000
163,0,0,11.250,0.000,52.500,11.250,0.000,52.500,0.000,0.000
164,0,0,33.750,0.000,52.500,33.750,0.000,52.500,0.000,0.000
165,0,0,56.250,0.000,52.500,56.250,0.000,52.500,0.000,0.000
166,0,0,135.000,0.000,52.500,135.000,0.000,52.500,0.000,0.000
167,0,0,146.250,0.000,52.500,146.250,0.000,52.500,0.000,0.000
168,0,0,168.750,0.000,52.500,168.750,0.000,52.500,0.000,0.000
169,0,0,247.500,0.000,52.500,247.500,0.000,52.500,0.000,0.000
170,0,0,258.750,0.000,52.500,258.750,0.000,52.500,0.000,0.000
171,0,0,281.250,0.000,52.500,281.250,0.000,52.500,0.000,0.000
172,0,0,360.000,0.000,52.500,360.000,0.000,52.500,0.000,0.000
173,0,0,371.250,0.000,52.500,371.250,0.000,52.500,0.000,0.000
174,0,0,393.750,0.000,52.500,393.750,0.000,52.500,0.000,0.000
175,0,0,472.500,0.000,52.500,472.500,0.000,52.500,0.000,0.000
176,0,0,483.750,0.000,52.500,483.750,0.000,52.500,0.000,0.000
177,0,0,506.250,0.000,52.500,506.250,0.000,52.500,0.000,0.000
178,0,0,585.000,0.000,52.500,585.000,0.000,52.500,0.000,0.000
179,0,0,596.250,0.000,52.500,596.250,0.000,52.500,0.000,0.000
180,0,0,618.750,0.000,52.500,618.750,0.000,52.500,0.000,0.000
181,0,0,641.250,0.000,52.500,641.250,0.000,52.500,0.000,0.000
182,0,0,67.500,0.000,52.500,67.500,0.000,52.500,0.000,0.000
183,0,0,180.000,0.000,52.500,180.000,0.000,52.500,0.000,0.000
184,0,0,292.500,0.000,52.500,292.500,0.000,52.500,0.000,0.000
185,0,0,405.000,0.000,52.500,405.000,0.000,52.500,0.000,0.000
186,0,0,517.500,0.000,52.500,517.500,0.000,52.500,0.000,0.000
187,0,0,0.000,0.000,60.000,0.000,0.000,60.000,0.000,0.000
188,0,0,22.500,0.000,60.000,22.500,0.000,60.000,0.000,0.000
189,0,0,45.000,0.000,60.000,45.000,0.000,60.000,0.000,0.000
190,0,0,67.500,0.000,60.000,67.500,0.000,60.000,0.000,0.000
191,0,0,123.750,0.000,60.000,123.750,0.000,60.000,0.000,0.000
192,0,0,135.000,0.000,60.000,135.000,0.000,60.000,0.000,0.000
193,0,0,157.500,0.000,60.000,157.500,0.000,60.000,0.000,0.000
194,0,0,180.000,0.000,60.000,180.000,0.000,60.000,0.000,0.000
195,0,0,236.250,0.000,60.000,236.250,0.000,60.000,0.000,0.000
196,0,0,247.500,0.000,60.000,247.500,0.000,60.000,0.000,0.000
197,0,0,270.000,0.000,60.000,270.000,0.000,60.000,0.000,0.000
198,0,0,292.500,0.000,60.000,292.500,0.000,60.000,0.000,0.000
199,0,0,348.750,0.000,60.000,348.750,0.000,60.000,0.000,0.000
200,0,0,360.000,0.000,60.000,360.000,0.000,60.000,0.000,0.000
201,0,0,382.500,0.000,60.000,382.500,0.000,60.000,0.000,0.000
202,0,0,405.000,0.000,60.000,405.000,0.000,60.000,0.000,0.000
203,0,0,461.250,0.000,60.000,461.250,0.000,60.000,0.000,0.000
204,0,0,472.500,0.000,60.000,472.500,0.000,60.000,0.000,0.000
205,0,0,495.000,0.000,60.000,495.000,0.000,60.000,0.000,0.000
206,0,0,517.500,0.000,60.000,517.500,0.000,60.000,0.000,0.000
207,0,0,573.750,0.000,60.000,573.750,0.000,60.000,0.000,0.000
208,0,0,585.000,0.000,60.000,585.000,0.000,60.000,0.000,0.000
209,0,0,607.500,0.000,60.000,607.500,0.000,60.000,0.000,0.000
210,0,0,630.000,0.000,60.000,630.000,0.000,60.000,0.000,0.000
211,0,0,0.000,0.000,67.500,0.000,0.000,67.500,0.000,0.000
212,0,0,11.250,0.000,67.500,11.250,0.000,67.500,0.000,0.000
213,0,0,33.750,0.000,67.500,33.750,0.000,67.500,0.000,0.000
214,0,0,56.250,0.000,67.500,56.250,0.000,67.500,0.000,0.000
215,0,0,123.750,0.000,67.500,123.750,0.000,67.500,0.000,0.000
216,0,0,146.250,0.000,67.500,146.250,0.000,67.500,0.000,0.000
217,0,0,168.750,0.000,67.500,168.750,0.000,67.500,0.000,0.000
218,0,0,236.250,0.000,67.500,236.250,0.000,67.500,0.000,0.000
219,0,0,258.750,0.000,67.500,258.750,0.000,67.500,0.000,0.000
220,0,0,281.250,0.000,67.500,281.250,0.000,67.500,0.000,0.000
221,0,0,348.750,0.000,67.500,348.750,0.000,67.500,0.000,0.000
222,0,0,371.250,0.000,67.500,371.250,0.000,67.500,0.000,0.000
223,0,0,393.750,0.000,67.500,393.750,0.000,67.500,0.000,0.000
224,0,0,461.250,0.000,67.500,461.250,0.000,67.500,0.000,0.000
225,0,0,483.750,0.000,67.500,483.750,0.000,67.500,0.000,0.000
226,0,0,506.250,0.000,67.500,506.250,0.000,67.500,0.000,0.000
227,0,0,573.750,0.000,67.500,573.750,0.000,67.500,0.000,0.000
228,0,0,596.250,0.000,67.500,596.250,0.000,67.500,0.000,0.000
229,0,0,618.750,0.000,67.500,618.750,0.000,67.500,0.000,0.000
230,0,0,641.250,0.000,67.500,641.250,0.000,67.500,0.000,0.000
231,0,0,0.000,0.000,75.000,0.000,0.000,75.000,0.000,0.000
232,0,0,22.500,0.000,75.000,22.500,0.000,75.000,0.000,0.000
233,0,0,45.000,0.000,75.000,45.000,0.000,75.000,0.000,0.000
234,0,0,67.500,0.000,75.000,67.500,0.000,75.000,0.000,0.000
235,0,0,123.750,0.000,75.000,123.750,0.000,75.000,0.000,0.000
236,0,0,135.000,0.000,75.000,135.000,0.000,75.000,0.000,0.000
237,0,0,157.500,0.000,75.000,157.500,0.000,75.000,0.000,0.000
238,0,0,180.000,0.000,75.000,180.000,0.000,75.000,0.000,0.000
239,0,0,236.250,0.000,75.000,236.250,0.000,75.000,0.000,0.000
240,0,0,247.500,0.000,75.000,247.500,0.000,75.000,0.000,0.000
241,0,0,270.000,0.000,75.000,270.000,0.000,75.000,0.000,0.000
242,0,0,292.500,0.000,75.000,292.500,0.000,75.000,0.000,0.000
243,0,0,348.750,0.000,75.000,348.750,0.000,75.000,0.000,0.000
244,0,0,360.000,0.000,75.000,360.000,0.000,75.000,0.000,0.000
245,0,0,382.500,0.000,75.000,382.500,0.000,75.000,0.000,0.000
246,0,0,405.000,0.000,75.000,405.000,0.000,75.000,0.000,0.000
247,0,0,461.250,0.000,75.000,461.250,0.000,75.000,0.000,0.000
248,0,0,472.500,0.000,75.000,472.500,0.000,75.000,0.000,0.000
249,0,0,495.000,0.000,75.000,495.000,0.000,75.000,0.000,0.000
250,0,0,517.500,0.000,75.000,517.500,0.000,75.000,0.000,0.000
251,0,0,573.750,0.000,75.000,573.750,0.000,75.000,0.000,0.000
252,0,0,585.000,0.000,75.000,585.000,0.000,75.000,0.000,0.000
253,0,0,607.500,0.000,75.000,607.500,0.000,75.000,0.000,0.000
254,0,0,630.000,0.000,75.000,630.000,0.000,75.000,0.000,0.000
255,0,0,0.000,0.000,82.500,0.000,0.000,82.500,0.000,0.000
256,0,0,11.250,0.000,82.500,11.250,0.000,82.500,0.000,0.000
257,0,0,33.750,0.000,82.500,33.750,0.000,82.500,0.000,0.000
258,0,0,56.250,0.000,82.500,56.250,0.000,82.500,0.000,0.000
259,0,0,123.750,0.000,82.500,123.750,0.000,82.500,0.000,0.000
260,0,0,146.250,0.000,82.500,146.250,0.000,82.500,0.000,0.000
261,0,0,168.750,0.000,82.500,168.750,0.000,82.500,0.000,0.000
262,0,0,236.250,0.000,82.500,236.250,0.000,82.500,0.000,0.000
263,0,0,258.750,0.000,82.500,258.750,0.000,82.500,0.000,0.000
264,0,0,281.250,0.000,82.500,281.250,0.000,82.500,0.000,0.000
265,0,0,348.750,0.000,82.500,348.750,0.000,82.500,0.000,0.000
266,0,0,371.250,0.000,82.500,371.250,0.000,82.500,0.000,0.000
267,0,0,393.750,0.000,82.500,393.750,0.000,82.500,0.000,0.000
268,0,0,461.250,0.000,82.500,461.250,0.000,82.500,0.000,0.000
269,0,0,483.750,0.000,82.500,483.750,0.000,82.500,0.000,0.000
270,0,0,506.250,0.000,82.500,506.250,0.000,82.500,0.000,0.000
271,0,0,573.750,0.000,82.500,573.750,0.000,82.500,0.000,0.000
272,0,0,596.250,0.000,82.500,596.250,0.000,82.500,0.000,0.000
273,0,0,618.750,0.000,82.500,618.750,0.000,82.500,0.000,0.000
274,0,0,641.250,0.000,82.500,641.250,0.000,82.500,0.000,0.000
275,0,0,0.000,0.000,90.000,0.000,0.000,90.000,0.000,0.000
276,0,0,22.500,0.000,90.000,22.500,0.000,90.000,0.000,0.000
277,0,0,45.000,0.000,90.000,45.000,0.000,90.000,0.000,0.000
278,0,0,67.500,0.000,90.000,67.500,0.000,90.000,0.000,0.000
279,0,0,123.750,0.000,90.000,123.750,0.000,90.000,0.000,0.000
280,0,0,135.000,0.000,90.000,135.000,0.000,90.000,0.000,0.000
281,0,0,157.500,0.000,90.000,157.500,0.000,90.000,0.000,0.000
282,0,0,180.000,0.000,90.000,180.000,0.000,90.000,0.000,0.000
283,0,0,236.250,0.000,90.000,236.250,0.000,90.000,0.000,0.000
284,0,0,247.500,0.000,90.000,247.500,0.000,90.000,0.000,0.000
285,0,0,270.000,0.000,90.000,270.000,0.000,90.000,0.000,0.000
286,0,0,292.500,0.000,90.000,292.500,0.000,90.000,0.000,0.000
287,0,0,348.750,0.000,90.000,348.750,0.000,90.000,0.000,0.000
288,0,0,360.000,0.000,90.000,360.000,0.000,90.000,0.000,0.000
289,0,0,382.500,0.000,90.000,382.500,0.000,90.000,0.000,0.000
290,0,0,405.000,0.000,90.000,405.000,0.000,90.000,0.000,0.000
291,0,0,461.250,0.000,90.000,461.250,0.000,90.000,0.000,0.000
292,0,0,472.500,0.000,90.000,472.500,0.000,90.000,0.000,0.000
293,0,0,495.000,0.000,90.000,495.000,0.000,90.000,0.000,0.000
294,0,0,517.500,0.000,90.000,517.500,0.000,90.000,0.000,0.000
295,0,0,573.750,0.000,90.000,573.750,0.000,90.000,0.000,0.000
296,0,0,585.000,0.000,90.000,585.000,0.000,90.000,0.000,0.000
297,0,0,607.500,0.000,90.000,607.500,0.000,90.000,0.000,0.000
298,0,0,630.000,0.000,90.000,630.000,0.000,90.000,0.000,0.000
299,0,0,0.000,0.000,97.500,0.000,0.000,97.500,0.000,0.000
300,0,0,11.250,0.000,97.500,11.250,0.000,97.500,0.000,0.000
301,0,0,33.750,0.000,97.500,33.750,0.000,97.500,0.000,0.000
302,0,0,56.250,0.000,97.500,56.250,0.000,97.500,0.000,0.000
303,0,0,123.750,0.000,97.500,123.750,0.000,97.500,0.000,0.000
304,0,0,146.250,0.000,97.500,146.250,0.000,97.500,0.000,0.000
305,0,0,168.750,0.000,97.500,168.750,0.000,97.500,0.000,0.000
306,0,0,236.250,0.000,97.500,236.250,0.000,97.500,0.000,0.000
307,0,0,258.750,0.000,97.500,258.750,0.000,97.500,0.000,0.000
308,0,0,281.250,0.000,97.500,281.250,0.000,97.500,0.000,0.000
309,0,0,348.750,0.000,97.500,348.750,0.000,97.500,0.000,0.000
310,0,0,371.250,0.000,97.500,371.250,0.000,97.500,0.000,0.000
311,0,0,393.750,0.000,97.500,393.750,0.000,97.500,0.000,0.000
312,0,0,461.250,0.000,97.500,461.250,0.000,97.500,0.000,0.000
313,0,0,483.750,0.000,97.500,483.750,0.000,97.500,0.000,0.000
314,0,0,506.250,0.000,97.500,506.250,0.000,97.500,0.000,0.000
315,0,0,573.750,0.000,97.500,573.750,0.000,97.500,0.000,0.000
316,0,0,596.250,0.000,97.500,596.250,0.000,97.500,0.000,0.000
317,0,0,618.750,0.000,97.500,618.750,0.000,97.500,0.000,0.000
318,0,0,641.250,0.000,97.500,641.250,0.000,97.500,0.000,0.000
319,0,0,0.000,0.000,105.000,0.000,0.000,105.000,0.000,0.000
320,0,0,22.500,0.000,105.000,22.500,0.000,105.000,0.000,0.000
321,0,0,45.000,0.000,105.000,45.000,0.000,105.000,0.000,0.000
322,0,0,67.500,0.000,105.000,67.500,0.000,105.000,0.000,0.000
323,0,0,123.750,0.000,105.000,123.750,0.000,105.000,0.000,0.000
324,0,0,135.000,0.000,105.000,135.000,0.000,105.000,0.000,0.000
325,0,0,157.500,0.000,105.000,157.500,0.000,105.000,0.000,0.000
326,0,0,180.000,0.000,105.000,180.000,0.000,105.000,0.000,0.000
327,0,0,236.250,0.000,105.000,236.250,0.000,105.000,0.000,0.000
328,0,0,247.500,0.000,105.000,247.500,0.000,105.000,0.000,0.000
329,0,0,270.000,0.000,105.000,270.000,0.000,105.000,0.000,0.000
330,0,0,292.500,0.000,105.000,292.500,0.000,105.000,0.000,0.000
331,0,0,348.750,0.000,105.000,348.750,0.000,105.000,0.000,0.000
332,0,0,360.000,0.000,105.000,360.000,0.000,105.000,0.000,0.000
333,0,0,382.500,0.000,105.000,382.500,0.000,105.000,0.000,0.000
334,0,0,405.000,0.000,105.000,405.000,0.000,105.000,0.000,0.000
335,0,0,461.250,0.000,105.000,461.250,0.000,105.000,0.000,0.000
336,0,0,472.500,0.000,105.000,472.500,0.000,105.000,0.000,0.000
337,0,0,495.000,0.000,105.000,495.000,0.000,105.000,0.000,0.000
338,0,0,517.500,0.000,105.000,517.500,0.000,105.000,0.000,0.000
339,0,0,573.750,0.000,105.000,573.750,0.000,105.000,0.000,0.000
340,0,0,585.000,0.000,105.000,585.000,0.000,105.000,0.000,0.000
341,0,0,607.500,0.000,105.000,607.500,0.000,105.000,0.000,0.000
342,0,0,630.000,0.000,105.000,630.000,0.000,105.000,0.000,0.000
343,0,0,0.000,0.000,112.500,0.000,0.000,112.500,0.000,0.000
344,0,0,11.250,0.000,112.500,11.250,0.000,112.500,0.000,0.000
345,0,0,33.750,0.000,112.500,33.750,0.000,112.500,0.000,0.000
346,0,0,56.250,0.000,112.500,56.250,0.000,112.500,0.000,0.000
347,0,0,123.750,0.000,112.500,123.750,0.000,112.500,0.000,0.000
348,0,0,146.250,0.000,112.500,146.250,0.000,112.500,0.000,0.000
349,0,0,168.750,0.000,112.500,168.750,0.000,112.500,0.000,0.000
350,0,0,236.250,0.000,112.500,236.250,0.000,112.500,0.000,0.000
351,0,0,258.750,0.000,112.500,258.750,0.000,112.500,0.000,0.000
352,0,0,281.250,0.000,112.500,281.250,0.000,112.500,0.000,0.000
353,0,0,348.750,0.000,112.500,348.750,0.000,112.500,0.000,0.000
354,0,0,371.250,0.000,112.500,371.250,0.000,112.500,0.000,0.000
355,0,0,393.750,0.000,112.500,393.750,0.000,112.500,0.000,0.000
356,0,0,461.250,0.000,112.500,461.250,0.000,112.500,0.000,0.000
357,0,0,483.750,0.000,112.500,483.750,0.000,112.500,0.000,0.000
358,0,0,506.250,0.000,112.500,506.250,0.000,112.500,0.000,0.000
359,0,0,573.750,0.000,112.500,573.750,0.000,112.500,0.000,0.000
360,0,0,596.250,0.000,112.500,596.250,0.000,112.500,0.000,0.000
361,0,0,618.750,0.000,112.500,618.750,0.000,112.500,0.000,0.000
362,0,0,641.250,0.000,112.500,641.250,0.000,112.500,0.000,0.000
363,0,0,0.000,0.000,120.000,0.000,0.000,120.000,0.000,0.000
364,0,0,22.500,0.000,120.000,22.500,0.000,120.000,0.000,0.000
365,0,0,45.000,0.000,120.000,45.000,0.000,120.000,0.000,0.000
366,0,0,67.500,0.000,120.000,67.500,0.000,120.000,0.000,0.000
367,0,0,123.750,0.000,120.000,123.750,0.000,120.000,0.000,0.000
368,0,0,135.000,0.000,120.000,135.000,0.000,120.000,0.000,0.000
369,0,0,157.500,0.000,120.000,157.500,0.000,120.000,0.000,0.000
370,0,0,180.000,0.000,120.000,180.000,0.000,120.000,0.000,0.000
371,0,0,236.250,0.000,120.000,236.250,0.000,120.000,0.000,0.000
372,0,0,247.500,0.000,120.000,247.500,0.000,120.000,0.000,0.000
373,0,0,270.000,0.000,120.000,270.000,0.000,120.000,0.000,0.000
374,0,0,292.500,0.000,120.000,292.500,0.000,120.000,0.000,0.000
375,0,0,348.750,0.000,120.000,348.750,0.000,120.000,0.000,0.000
376,0,0,360.000,0.000,120.000,360.000,0.000,120.000,0.000,0.000
377,0,0,382.500,0.000,120.000,382.500,0.000,120.000,0.000,0.000
378,0,0,405.000,0.000,120.000,405.000,0.000,120.000,0.000,0.000
379,0,0,461.250,0.000,120.000,461.250,0.000,120.000,0.000,0.000
380,0,0,472.500,0.000,120.000,472.500,0.000,120.000,0.000,0.000
381,0,0,495.000,0.000,120.000,495.000,0.000,120.000,0.000,0.000
382,0,0,517.500,0.000,120.000,517.500,0.000,120.000,0.000,0.000
383,0,0,573.750,0.000,120.000,573.750,0.000,120.000,0.000,0.000
384,0,0,585.000,0.000,120.000,585.000,0.000,120.000,0.000,0.000
385,0,0,607.500,0.000,120.000,607.500,0.000,120.000,0.000,0.000
386,0,0,630.000,0.000,120.000,630.000,0.000,120.000,0.000,0.000
387,0,0,0.000,0.000,127.500,0.000,0.000,127.500,0.000,0.000
388,0,0,11.250,0.000,127.500,11.250,0.000,127.500,0.000,0.000
389,0,0,33.750,0.000,127.500,33.750,0.000,127.500,0.000,0.000
390,0,0,56.250,0.000,127.500,56.250,0.000,127.500,0.000,0.000
391,0,0,123.750,0.000,127.500,123.750,0.000,127.500,0.000,0.000
392,0,0,146.250,0.000,127.500,146.250,0.000,127.500,0.000,0.000
393,0,0,168.750,0.000,127.500,168.750,0.000,127.500,0.000,0.000
394,0,0,236.250,0.000,127.500,236.250,0.000,127.500,0.000,0.000
395,0,0,258.750,0.000,127.500,258.750,0.000,127.500,0.000,0.000
396,0,0,281.250,0.000,127.500,281.250,0.000,127.500,0.000,0.000
397,0,0,348.750,0.000,127.500,348.750,0.000,127.500,0.000,0.000
398,0,0,371.250,0.000,127.500,371.250,0.000,127.500,0.000,0.000
399,0,0,393.750,0.000,127.500,393.750,0.000,127.500,0.000,0.000
400,0,0,461.250,0.000,127.500,461.250,0.000,127.500,0.000,0.000
401,0,0,483.750,0.000,127.500,483.750,0.000,127.500,0.000,0.000
402,0,0,506.250,0.000,127.500,506.250,0.000,127.500,0.000,0.000
403,0,0,573.750,0.000,127.500,573.750,0.000,127.500,0.000,0.000
404,0,0,596.250,0.000,127.500,596.250,0.000,127.500,0.000,0.000
405,0,0,618.750,0.000,127.500,618.750,0.000,127.500,0.000,0.000
406,0,0,641.250,0.000,127.500,641.250,0.000,127.500,0.000,0.000
407,0,0,0.000,0.000,135.000,0.000,0.000,135.000,0.000,0.000
408,0,0,22.500,0.000,135.000,22.500,0.000,135.000,0.000,0.000
409,0,0,45.000,0.000,135.000,45.000,0.000,135.000,0.000,0.000
410,0,0,67.500,0.000,135.000,67.500,0.000,135.000,0.000,0.000
411,0,0,123.750,0.000,135.000,123.750,0.000,135.000,0.000,0.000
412,0,0,135.000,0.000,135.000,135.000,0.000,135.000,0.000,0.000
413,0,0,157.500,0.000,135.000,157.500,0.000,135.000,0.000,0.000
414,0,0,180.000,0.000,135.000,180.000,0.000,135.000,0.000,0.000
415,0,0,236.250,0.000,135.000,236.250,0.000,135.000,0.000,0.000
416,0,0,247.500,0.000,135.000,247.500,0.000,135.000,0.000,0.000
417,0,0,270.000,0.000,135.000,270.000,0.000,135.000,0.000,0.000
418,0,0,292.500,0.000,135.000,292.500,0.000,135.000,0.000,0.000
419,0,0,348.750,0.000,135.000,348.750,0.000,135.000,0.000,0.000
420,0,0,360.000,0.000,135.000,360.000,0.000,135.000,0.000,0.000
421,0,0,382.500,0.000,135.000,382.500,0.000,135.000,0.000,0.000
422,0,0,405.000,0.000,135.000,405.000,0.000,135.000,0.000,0.000
423,0,0,461.250,0.000,135.000,461.250,0.000,135.000,0.000,0.000
424,0,0,472.500,0.000,135.000,472.500,0.000,135.000,0.000,0.000
425,0,0,495.000,0.000,135.000,495.000,0.000,135.000,0.000,0.000
426,0,0,517.500,0.000,135.000,517.500,0.000,135.000,0.000,0.000
427,0,0,573.750,0.000,135.000,573.750,0.000,135.000,0.000,0.000
428,0,0,585.000,0.000,135.000,585.000,0.000,135.000,0.000,0.000
429,0,0,607.500,0.000,135.000,607.500,0.000,135.000,0.000,0.000
430,0,0,630.000,0.000,135.000,630.000,0.000,135.000,0.000,0.000
431,0,0,0.000,0.000,142.500,0.000,0.000,142.500,0.000,0.000
432,0,0,11.250,0.000,142.500,11.250,0.000,142.500,0.000,0.000
433,0,0,33.750,0.000,142.500,33.750,0.000,142.500,0.000,0.000
434,0,0,56.250,0.000,142.500,56.250,0.000,142.500,0.000,0.000
435,0,0,123.750,0.000,142.500,123.750,0.000,142.500,0.000,0.000
436,0,0,146.250,0.000,142.500,146.250,0.000,142.500,0.000,0.000
437,0,0,168.750,0.000,142.500,168.750,0.000,142.500,0.000,0.000
438,0,0,236.250,0.000,142.500,236.250,0.000,142.500,0.000,0.000
439,0,0,258.750,0.000,142.500,258.750,0.000,142.500,0.000,0.000
440,0,0,281.250,0.000,142.500,281.250,0.000,142.500,0.000,0.000
441,0,0,348.750,0.000,142.500,348.750,0.000,142.500,0.000,0.000
442,0,0,371.250,0.000,142.500,371.250,0.000,142.500,0.000,0.000
443,0,0,393.750,0.000,142.500,393.750,0.000,142.500,0.000,0.000
444,0,0,461.250,0.000,142.500,461.250,0.000,142.500,0.000,0.000
445,0,0,483.750,0.000,142.500,483.750,0.000,142.500,0.000,0.000
446,0,0,506.250,0.000,142.500,506.250,0.000,142.500,0.000,0.000
447,0,0,573.750,0.000,142.500,573.750,0.000,142.500,0.000,0.000
448,0,0,596.250,0.000,142.500,596.250,0.000,142.500,0.000,0.000
449,0,0,618.750,0.000,142.500,618.750,0.000,142.500,0.000,0.000
450,0,0,641.250,0.000,142.500,641.250,0.000,142.500,0.000,0.000
451,0,0,0.000,0.000,150.000,0.000,0.000,150.000,0.000,0.000
452,0,0,22.500,0.000,150.000,22.500,0.000,150.000,0.000,0.000
453,0,0,45.000,0.000,150.000,45.000,0.000,150.000,0.000,0.000
454,0,0,67.500,0.000,150.000,67.500,0.000,150.000,0.000,0.000
455,0,0,123.750,0.000,150.000,123.750,0.000,150.000,0.000,0.000
456,0,0,135.000,0.000,150.000,135.000,0.000,150.000,0.000,0.000
457,0,0,157.500,0.000,150.000,157.500,0.000,150.000,0.000,0.000
458,0,0,180.000,0.000,150.000,180.000,0.000,150.000,0.000,0.000
459,0,0,236.250,0.000,150.000,236.250,0.000,150.000,0.000,0.000
460,0,0,247.500,0.000,150.000,247.500,0.000,150.000,0.000,0.000
461,0,0,270.000,0.000,150.000,270.000,0.000,150.000,0.000,0.000
462,0,0,292.500,0.000,150.000,292.500,0.000,150.000,0.000,0.000
463,0,0,348.750,0.000,150.000,348.750,0.000,150.000,0.000,0.000
464,0,0,360.000,0.000,150.000,360.000,0.000,150.000,0.000,0.000
465,0,0,382.500,0.000,150.000,382.500,0.000,150.000,0.000,0.000
466,0,0,405.000,0.000,150.000,405.000,0.000,150.000,0.000,0.000
467,0,0,461.250,0.000,150.000,461.250,0.000,150.000,0.000,0.000
468,0,0,472.500,0.000,150.000,472.500,0.000,150.000,0.000,0.000
469,0,0,495.000,0.000,150.000,495.000,0.000,150.000,0.000,0.000
470,0,0,517.500,0.000,150.000,517.500,0.000,150.000,0.000,0.000
471,0,0,573.750,0.000,150.000,573.750,0.000,150.000,0.000,0.000
472,0,0,585.000,0.000,150.000,585.000,0.000,150.000,0.000,0.000
473,0,0,607.500,0.000,150.000,607.500,0.000,150.000,0.000,0.000
474,0,0,630.000,0.000,150.000,630.000,0.000,150.000,0.000,0.000
475,0,0,0.000,0.000,157.500,0.000,0.000,157.500,0.000,0.000
476,0,0,11.250,0.000,157.500,11.250,0.000,157.500,0.000,0.000
477,0,0,33.750,0.000,157.500,33.750,0.000,157.500,0.000,0.000
478,0,0,56.250,0.000,157.500,56.250,0.000,157.500,0.000,0.000
479,0,0,123.750,0.000,157.500,123.750,0.000,157.500,0.000,0.000
480,0,0,146.250,0.000,157.500,146.250,0.000,157.500,0.000,0.000
481,0,0,168.750,0.000,157.500,168.750,0.000,157.500,0.000,0.000
482,0,0,236.250,0.000,157.500,236.250,0.000,157.500,0.000,0.000
483,0,0,258.750,0.000,157.500,258.750,0.000,157.500,0.000,0.000
484,0,0,281.250,0.000,157.500,281.250,0.000,157.500,0.000,0.000
485,0,0,348.750,0.000,157.500,348.750,0.000,157.500,0.000,0.000
486,0,0,371.250,0.000,157.500,371.250,0.000,157.500,0.000,0.000
487,0,0,393.750,0.000,157.500,393.750,0.000,157.500,0.000,0.000
488,0,0,461.250,0.000,157.500,461.250,0.000,157.500,0.000,0.000
489,0,0,483.750,0.000,157.500,483.750,0.000,157.500,0.000,0.000
490,0,0,506.250,0.000,157.500,506.250,0.000,157.500,0.000,0.000
491,0,0,573.750,0.000,157.500,573.750,0.000,157.500,0.000,0.000
492,0,0,596.250,0.000,157.500,596.250,0.000,157.500,0.000,0.000
493,0,0,618.750,0.000,157.500,618.750,0.000,157.500,0.000,0.000
494,0,0,641.250,0.000,157.500,641.250,0.000,157.500,0.000,0.000
495,0,0,0.000,0.000,165.000,0.000,0.000,165.000,0.000,0.000
496,0,0,22.500,0.000,165.000,22.500,0.000,165.000,0.000,0.000
497,0,0,45.000,0.000,165.000,45.000,0.000,165.000,0.000,0.000
498,0,0,67.500,0.000,165.000,67.500,0.000,165.000,0.000,0.000
499,0,0,123.750,0.000,165.000,123.750,0.000,165.000,0.000,0.000
500,0,0,135.000,0.000,165.000,135.000,0.000,165.000,0.000,0.000
501,0,0,157.500,0.000,165.000,157.500,0.000,165.000,0.000,0.000
502,0,0,180.000,0.000,165.000,180.000,0.000,165.000,0.000,0.000
503,0,0,236.250,0.000,165.000,236.250,0.000,165.000,0.000,0.000
504,0,0,247.500,0.000,165.000,247.500,0.000,165.000,0.000,0.000
505,0,0,270.000,0.000,165.000,270.000,0.000,165.000,0.000,0.000
506,0,0,292.500,0.000,165.000,292.500,0.000,165.000,0.000,0.000
507,0,0,348.750,0.000,165.000,348.750,0.000,165.000,0.000,0.000
508,0,0,360.000,0.000,165.000,360.000,0.000,165.000,0.000,0.000
509,0,0,382.500,0.000,165.000,382.500,0.000,165.000,0.000,0.000
510,0,0,405.000,0.000,165.000,405.000,0.000,165.000,0.000,0.000
511,0,0,461.250,0.000,165.000,461.250,0.000,165.000,0.000,0.000
512,0,0,472.500,0.000,165.000,472.500,0.000,165.000,0.000,0.000
513,0,0,495.000,0.000,165.000,495.000,0.000,165.000,0.000,0.000
514,0,0,517.500,0.000,165.000,517.500,0.000,165.000,0.000,0.000
515,0,0,573.750,0.000,165.000,573.750,0.000,165.000,0.000,0.000
516,0,0,585.000,0.000,165.000,585.000,0.000,165.000,0.000,0.000
517,0,0,607.500,0.000,165.000,607.500,0.000,165.000,0.000,0.000
518,0,0,630.000,0.000,165.000,630.000,0.000,165.000,0.000,0.000
519,0,0,0.000,0.000,172.500,0.000,0.000,172.500,0.000,0.000
520,0,0,11.250,0.000,172.500,11.250,0.000,172.500,0.000,0.000
521,0,0,33.750,0.000,172.500,33.750,0.000,172.500,0.000,0.000
522,0,0,56.250,0.000,172.500,56.250,0.000,172.500,0.000,0.000
523,0,0,123.750,0.000,172.500,123.750,0.000,172.500,0.000,0.000
524,0,0,146.250,0.000,172.500,146.250,0.000,172.500,0.000,0.000
525,0,0,168.750,0.000,172.500,168.750,0.000,172.500,0.000,0.000
526,0,0,236.250,0.000,172.500,236.250,0.000,172.500,0.000,0.000
527,0,0,258.750,0.000,172.500,258.750,0.000,172.500,0.000,0.000
528,0,0,281.250,0.000,172.500,281.250,0.000,172.500,0.000,0.000
529,0,0,348.750,0.000,172.500,348.750,0.000,172.500,0.000,0.000
530,0,0,371.250,0.000,172.500,371.250,0.000,172.500,0.000,0.000
531,0,0,393.750,0.000,172.500,393.750,0.000,172.500,0.000,0.000
532,0,0,461.250,0.000,172.500,461.250,0.000,172.500,0.000,0.000
533,0,0,483.750,0.000,172.500,483.750,0.000,172.500,0.000,0.000
534,0,0,506.250,0.000,172.500,506.250,0.000,172.500,0.000,0.000
535,0,0,573.750,0.000,172.500,573.750,0.000,172.500,0.000,0.000
536,0,0,596.250,0.000,172.500,596.250,0.000,172.500,0.000,0.000
537,0,0,618.750,0.000,172.500,618.750,0.000,172.500,0.000,0.000
538,0,0,641.250,0.000,172.500,641.250,0.000,172.500,0.000,0.000
539,0,0,0.000,0.000,180.000,0.000,0.000,180.000,0.000,0.000
540,0,0,22.500,0.000,180.000,22.500,0.000,180.000,0.000,0.000
541,0,0,45.000,0.000,180.000,45.000,0.000,180.000,0.000,0.000
542,0,0,67.500,0.000,180.000,67.500,0.000,180.000,0.000,0.000
543,0,0,123.750,0.000,180.000,123.750,0.000,180.000,0.000,0.000
544,0,0,135.000,0.000,180.000,135.000,0.000,180.000,0.000,0.000
545,0,0,157.500,0.000,180.000,157.500,0.000,180.000,0.000,0.000
546,0,0,180.000,0.000,180.000,180.000,0.000,180.000,0.000,0.000
547,0,0,236.250,0.000,180.000,236.250,0.000,180.000,0.000,0.000
548,0,0,247.500,0.000,180.000,247.500,0.000,180.000,0.000,0.000
549,0,0,270.000,0.000,180.000,270.000,0.000,180.000,0.000,0.000
550,0,0,292.500,0.000,180.000,292.500,0.000,180.000,0.000,0.000
551,0,0,348.750,0.000,180.000,348.750,0.000,180.000,0.000,0.000
552,0,0,360.000,0.000,180.000,360.000,0.000,180.000,0.000,0.000
553,0,0,382.500,0.000,180.000,382.500,0.000,180.000,0.000,0.000
554,0,0,405.000,0.000,180.000,405.000,0.000,180.000,0.000,0.000
555,0,0,461.250,0.000,180.000,461.250,0.000,180.000,0.000,0.000
556,0,0,472.500,0.000,180.000,472.500,0.000,180.000,0.000,0.000
557,0,0,495.000,0.000,180.000,495.000,0.000,180.000,0.000,0.000
558,0,0,517.500,0.000,180.000,517.500,0.000,180.000,0.000,0.000
559,0,0,573.750,0.000,180.000,573.750,0.000,180.000,0.000,0.000
560,0,0,585.000,0.000,180.000,585.000,0.000,180.000,0.000,0.000
561,0,0,607.500,0.000,180.000,607.500,0.000,180.000,0.000,0.000
562,0,0,630.000,0.000,180.000,630.000,0.000,180.000,0.000,0.000
563,0,0,0.000,0.000,187.500,0.000,0.000,187.500,0.000,0.000
564,0,0,11.250,0.000,187.500,11.250,0.000,187.500,0.000,0.000
565,0,0,33.750,0.000,187.500,33.750,0.000,187.500,0.000,0.000
566,0,0,56.250,0.000,187.500,56.250,0.000,187.500,0.000,0.000
567,0,0,123.750,0.000,187.500,123.750,0.000,187.500,0.000,0.000
568,0,0,146.250,0.000,187.500,146.250,0.000,187.500,0.000,0.000
569,0,0,168.750,0.000,187.500,168.750,0.000,187.500,0.000,0.000
570,0,0,236.250,0.000,187.500,236.250,0.000,187.500,0.000,0.000
571,0,0,258.750,0.000,187.500,258.750,0.000,187.500,0.000,0.000
572,0,0,281.250,0.000,187.500,281.250,0.000,187.500,0.000,0.000
573,0,0,348.750,0.000,187.500,348.750,0.000,187.500,0.000,0.000
574,0,0,371.250,0.000,187.500,371.250,0.000,187.500,0.000,0.000
575,0,0,393.750,0.000,187.500,393.750,0.000,187.500,0.000,0.000
576,0,0,461.250,0.000,187.500,461.250,0.000,187.500,0.000,0.000
577,0,0,483.750,0.000,187.500,483.750,0.000,187.500,0.000,0.000
578,0,0,506.250,0.000,187.500,506.250,0.000,187.500,0.000,0.000
579,0,0,573.750,0.000,187.500,573.750,0.000,187.500,0.000,0.000
580,0,0,596.250,0.000,187.500,596.250,0.000,187.500,0.000,0.000
581,0,0,618.750,0.000,187.500,618.750,0.000,187.500,0.000,0.000
582,0,0,641.250,0.000,187.500,641.250,0.000,187.500,0.000,0.000
583,0,0,0.000,0.000,195.000,0.000,0.000,195.000,0.000,0.000
584,0,0,22.500,0.000,195.000,22.500,0.000,195.000,0.000,0.000
585,0,0,45.000,0.000,195.000,45.000,0.000,195.000,0.000,0.000
586,0,0,67.500,0.000,195.000,67.500,0.000,195.000,0.000,0.000
587,0,0,123.750,0.000,195.000,123.750,0.000,195.000,0.000,0.000
588,0,0,135.000,0.000,195.000,135.000,0.000,195.000,0.000,0.000
589,0,0,157.500,0.000,195.000,157.500,0.000,195.000,0.000,0.000
590,0,0,180.000,0.000,195.000,180.000,0.000,195.000,0.000,0.000
591,0,0,236.250,0.000,195.000,236.250,0.000,195.000,0.000,0.000
592,0,0,247.500,0.000,195.000,247.500,0.000,195.000,0.000,0.000
593,0,0,270.000,0.000,195.000,270.000,0.000,195.000,0.000,0.000
594,0,0,292.500,0.000,195.000,292.500,0.000,195.000,0.000,0.000
595,0,0,348.750,0.000,195.000,348.750,0.000,195.000,0.000,0.000
596,0,0,360.000,0.000,195.000,360.000,0.000,195.000,0.000,0.000
597,0,0,382.500,0.000,195.000,382.500,0.000,195.000,0.000,0.000
598,0,0,405.000,0.000,195.000,405.000,0.000,195.000,0.000,0.000
599,0,0,461.250,0.000,195.000,461.250,0.000,195.000,0.000,0.000
600,0,0,472.500,0.000,195.000,472.500,0.000,195.000,0.000,0.000
601,0,0,495.000,0.000,195.000,495.000,0.000,195.000,0.000,0.000
602,0,0,517.500,0.000,195.000,517.500,0.000,195.000,0.000,0.000
603,0,0,573.750,0.000,195.000,573.750,0.000,195.000,0.000,0.000
604,0,0,585.000,0.000,195.000,585.000,0.000,195.000,0.000,0.000
605,0,0,607.500,0.000,195.000,607.500,0.000,195.000,0.000,0.000
606,0,0,630.000,0.000,195.000,630.000,0.000,195.000,0.000,0.000
607,0,0,0.000,0.000,202.500,0.000,0.000,202.500,0.000,0.000
608,0,0,11.250,0.000,202.500,11.250,0.000,202.500,0.000,0.000
609,0,0,33.750,0.000,202.500,33.750,0.000,202.500,0.000,0.000
610,0,0,56.250,0.000,202.500,56.250,0.000,202.500,0.000,0.000
611,0,0,123.750,0.000,202.500,123.750,0.000,202.500,0.000,0.000
612,0,0,146.250,0.000,202.500,146.250,0.000,202.500,0.000,0.000
613,0,0,168.750,0.000,202.500,168.750,0.000,202.500,0.000,0.000
614,0,0,236.250,0.000,202.500,236.250,0.000,202.500,0.000,0.000
615,0,0,258.750,0.000,202.500,258.750,0.000,202.500,0.000,0.000
616,0,0,281.250,0.000,202.500,281.250,0.000,202.500,0.000,0.000
617,0,0,348.750,0.000,202.500,348.750,0.000,202.500,0.000,0.000
618,0,0,371.250,0.000,202.500,371.250,0.000,202.500,0.000,0.000
619,0,0,393.750,0.000,202.500,393.750,0.000,202.500,0.000,0.000
620,0,0,461.250,0.000,202.500,461.250,0.000,202.500,0.000,0.000
621,0,0,483.750,0.000,202.500,483.750,0.000,202.500,0.000,0.000
622,0,0,506.250,0.000,202.500,506.250,0.000,202.500,0.000,0.000
623,0,0,573.750,0.000,202.500,573.750,0.000,202.500,0.000,0.000
624,0,0,596.250,0.000,202.500,596.250,0.000,202.500,0.000,0.000
625,0,0,618.750,0.000,202.500,618.750,0.000,202.500,0.000,0.000
626,0,0,641.250,0.000,202.500,641.250,0.000,202.500,0.000,0.000
627,0,0,0.000,0.000,210.000,0.000,0.000,210.000,0.000,0.000
628,0,0,22.500,0.000,210.000,22.500,0.000,210.000,0.000,0.000
629,0,0,45.000,0.000,210.000,45.000,0.000,210.000,0.000,0.000
630,0,0,146.250,0.000,210.000,146.250,0.000,210.000,0.000,0.000
631,0,0,157.500,0.000,210.000,157.500,0.000,210.000,0.000,0.000
632,0,0,258.750,0.000,210.000,258.750,0.000,210.000,0.000,0.000
633,0,0,270.000,0.000,210.000,270.000,0.000,210.000,0.000,0.000
634,0,0,371.250,0.000,210.000,371.250,0.000,210.000,0.000,0.000
635,0,0,382.500,0.000,210.000,382.500,0.000,210.000,0.000,0.000
636,0,0,483.750,0.000,210.000,483.750,0.000,210.000,0.000,0.000
637,0,0,495.000,0.000,210.000,495.000,0.000,210.000,0.000,0.000
638,0,0,596.250,0.000,210.000,596.250,0.000,210.000,0.000,0.000
639,0,0,607.500,0.000,210.000,607.500,0.000,210.000,0.000,0.000
640,0,0,630.000,0.000,210.000,630.000,0.000,210.000,0.000,0.000
641,0,0,56.250,0.000,210.000,56.250,0.000,210.000,0.000,0.000
642,0,0,168.750,0.000,210.000,168.750,0.000,210.000,0.000,0.000
643,0,0,281.250,0.000,210.000,281.250,0.000,210.000,0.000,0.000
644,0,0,393.750,0.000,210.000,393.750,0.000,210.000,0.000,0.000
645,0,0,506.250,0.000,210.000,506.250,0.000,210.000,0.000,0.000
646,0,0,0.000,0.000,217.500,0.000,0.000,217.500,0.000,0.000
647,0,0,11.250,0.000,217.500,11.250,0.000,217.500,0.000,0.000
648,0,0,33.750,0.000,217.500,33.750,0.000,217.500,0.000,0.000
649,0,0,146.250,0.000,217.500,146.250,0.000,217.500,0.000,0.000
650,0,0,258.750,0.000,217.500,258.750,0.000,217.500,0.000,0.000
651,0,0,371.250,0.000,217.500,371.250,0.000,217.500,0.000,0.000
652,0,0,483.750,0.000,217.500,483.750,0.000,217.500,0.000,0.000
653,0,0,596.250,0.000,217.500,596.250,0.000,217.500,0.000,0.000
654,0,0,618.750,0.000,217.500,618.750,0.000,217.500,0.000,0.000
655,0,0,641.250,0.000,217.500,641.250,0.000,217.500,0.000,0.000
656,0,0,0.000,0.000,225.000,0.000,0.000,225.000,0.000,0.000
657,0,0,22.500,0.000,225.000,22.500,0.000,225.000,0.000,0.000
658,0,0,45.000,0.000,225.000,45.000,0.000,225.000,0.000,0.000
659,0,0,67.500,0.000,225.000,67.500,0.000,225.000,0.000,0.000
660,0,0,90.000,0.000,225.000,90.000,0.000,225.000,0.000,0.000
661,0,0,112.500,0.000,225.000,112.500,0.000,225.000,0.000,0.000
662,0,0,135.000,0.000,225.000,135.000,0.000,225.000,0.000,0.000
663,0,0,157.500,0.000,225.000,157.500,0.000,225.000,0.000,0.000
664,0,0,180.000,0.000,225.000,180.000,0.000,225.000,0.000,0.000
665,0,0,202.500,0.000,225.000,202.500,0.000,225.000,0.000,0.000
666,0,0,225.000,0.000,225.000,225.000,0.000,225.000,0.000,0.000
667,0,0,247.500,0.000,225.000,247.500,0.000,225.000,0.000,0.000
668,0,0,270.000,0.000,225.000,270.000,0.000,225.000,0.000,0.000
669,0,0,292.500,0.000,225.000,292.500,0.000,225.000,0.000,0.000
670,0,0,315.000,0.000,225.000,315.000,0.000,225.000,0.000,0.000
671,0,0,337.500,0.000,225.000,337.500,0.000,225.000,0.000,0.000
672,0,0,360.000,0.000,225.000,360.000,0.000,225.000,0.000,0.000
673,0,0,382.500,0.000,225.000,382.500,0.000,225.000,0.000,0.000
674,0,0,405.000,0.000,225.000,405.000,0.000,225.000,0.000,0.000
675,0,0,427.500,0.000,225.000,427.500,0.000,225.000,0.000,0.000
676,0,0,450.000,0.000,225.000,450.000,0.000,225.000,0.000,0.000
677,0,0,472.500,0.000,225.000,472.500,0.000,225.000,0.000,0.000
678,0,0,495.000,0.000,225.000,495.000,0.000,225.000,0.000,0.000
679,0,0,517.500,0.000,225.000,517.500,0.000,225.000,0.000,0.000
680,0,0,540.000,0.000,225.000,540.000,0.000,225.000,0.000,0.000
681,0,0,562.500,0.000,225.000,562.500,0.000,225.000,0.000,0.000
682,0,0,585.000,0.000,225.000,585.000,0.000,225.000,0.000,0.000
683,0,0,607.500,0.000,225.000,607.500,0.000,225.000,0.000,0.000
684,0,0,630.000,0.000,225.000,630.000,0.000,225.000,0.000,0.000
685,0,0,0.000,0.000,232.500,0.000,0.000,232.500,0.000,0.000
686,0,0,11.250,0.000,232.500,11.250,0.000,232.500,0.000,0.000
687,0,0,33.750,0.000,232.500,33.750,0.000,232.500,0.000,0.000
688,0,0,56.250,0.000,232.500,56.250,0.000,232.500,0.000,0.000
689,0,0,78.750,0.000,232.500,78.750,0.000,232.500,0.000,0.000
690,0,0,101.250,0.000,232.500,101.250,0.000,232.500,0.000,0.000
691,0,0,123.750,0.000,232.500,123.750,0.000,232.500,0.000,0.000
692,0,0,146.250,0.000,232.500,146.250,0.000,232.500,0.000,0.000
693,0,0,168.750,0.000,232.500,168.750,0.000,232.500,0.000,0.000
694,0,0,191.250,0.000,232.500,191.250,0.000,232.500,0.000,0.000
695,0,0,213.750,0.000,232.500,213.750,0.000,232.500,0.000,0.000
696,0,0,236.250,0.000,232.500,236.250,0.000,232.500,0.000,0.000
697,0,0,258.750,0.000,232.500,258.750,0.000,232.500,0.000,0.000
698,0,0,281.250,0.000,232.500,281.250,0.000,232.500,0.000,0.000
699,0,0,303.750,0.000,232.500,303.750,0.000,232.500,0.000,0.000
700,0,0,326.250,0.000,232.500,326.250,0.000,232.500,0.000,0.000
701,0,0,348.750,0.000,232.500,348.750,0.000,232.500,0.000,0.000
702,0,0,371.250,0.000,232.500,371.250,0.000,232.500,0.000,0.000
703,0,0,393.750,0.000,232.500,393.750,0.000,232.500,0.000,0.000
704,0,0,416.250,0.000,232.500,416.250,0.000,232.500,0.000,0.000
705,0,0,438.750,0.000,232.500,438.750,0.000,232.500,0.000,0.000
706,0,0,461.250,0.000,232.500,461.250,0.000,232.500,0.000,0.000
707,0,0,483.750,0.000,232.500,483.750,0.000,232.500,0.000,0.000
708,0,0,506.250,0.000,232.500,506.250,0.000,232.500,0.000,0.000
709,0,0,528.750,0.000,232.500,528.750,0.000,232.500,0.000,0.000
710,0,0,551.250,0.000,232.500,551.250,0.000,232.500,0.000,0.000
711,0,0,573.750,0.000,232.500,573.750,0.000,232.500,0.000,0.000
712,0,0,596.250,0.000,232.500,596.250,0.000,232.500,0.000,0.000
713,0,0,618.750,0.000,232.500,618.750,0.000,232.500,0.000,0.000
714,0,0,641.250,0.000,232.500,641.250,0.000,232.500,0.000,0.000
715,0,0,0.000,0.000,240.000,0.000,0.000,240.000,0.000,0.000
716,0,0,22.500,0.000,240.000,22.500,0.000,240.000,0.000,0.000
717,0,0,45.000,0.000,240.000,45.000,0.000,240.000,0.000,0.000
718,0,0,67.500,0.000,240.000,67.500,0.000,240.000,0.000,0.000
719,0,0,90.000,0.000,240.000,90.000,0.000,240.000,0.000,0.000
720,0,0,112.500,0.000,240.000,112.500,0.000,240.000,0.000,0.000
721,0,0,135.000,0.000,240.000,135.000,0.000,240.000,0.000,0.000
722,0,0,157.500,0.000,240.000,157.500,0.000,240.000,0.000,0.000
723,0,0,180.000,0.000,240.000,180.000,0.000,240.000,0.000,0.000
724,0,0,202.500,0.000,240.000,202.500,0.000,240.000,0.000,0.000
725,0,0,225.000,0.000,240.000,225.000,0.000,240.000,0.000,0.000
726,0,0,247.500,0.000,240.000,247.500,0.000,240.000,0.000,0.000
727,0,0,270.000,0.000,240.000,270.000,0.000,240.000,0.000,0.000
728,0,0,292.500,0.000,240.000,292.500,0.000,240.000,0.000,0.000
729,0,0,315.000,0.000,240.000,315.000,0.000,240.000,0.000,0.000
730,0,0,337.500,0.000,240.000,337.500,0.000,240.000,0.000,0.000
731,0,0,360.000,0.000,240.000,360.000,0.000,240.000,0.000,0.000
732,0,0,382.500,0.000,240.000,382.500,0.000,240.000,0.000,0.000
733,0,0,405.000,0.000,240.000,405.000,0.000,240.000,0.000,0.000
734,0,0,427.500,0.000,240.000,427.500,0.000,240.000,0.000,0.000
735,0,0,450.000,0.000,240.000,450.000,0.000,240.000,0.000,0.000
736,0,0,472.500,0.000,240.000,472.500,0.000,240.000,0.000,0.000
737,0,0,495.000,0.000,240.000,495.000,0.000,240.000,0.000,0.000
738,0,0,517.500,0.000,240.000,517.500,0.000,240.000,0.000,0.000
739,0,0,540.000,0.000,240.000,540.000,0.000,240.000,0.000,0.000
740,0,0,562.500,0.000,240.000,562.500,0.000,240.000,0.000,0.000
741,0,0,585.000,0.000,240.000,585.000,0.000,240.000,0.000,0.000
742,0,0,607.500,0.000,240.000,607.500,0.000,240.000,0.000,0.000
743,0,0,630.000,0.000,240.000,630.000,0.000,240.000,0.000,0.000
744,0,0,0.000,0.000,247.500,0.000,0.000,247.500,0.000,0.000
745,0,0,11.250,0.000,247.500,11.250,0.000,247.500,0.000,0.000
746,0,0,56.250,0.000,247.500,56.250,0.000,247.500,0.000,0.000
747,0,0,101.250,0.000,247.500,101.250,0.000,247.500,0.000,0.000
748,0,0,146.250,0.000,247.500,146.250,0.000,247.500,0.000,0.000
749,0,0,191.250,0.000,247.500,191.250,0.000,247.500,0.000,0.000
750,0,0,236.250,0.000,247.500,236.250,0.000,247.500,0.000,0.000
751,0,0,281.250,0.000,247.500,281.250,0.000,247.500,0.000,0.000
752,0,0,326.250,0.000,247.500,326.250,0.000,247.500,0.000,0.000
753,0,0,371.250,0.000,247.500,371.250,0.000,247.500,0.000,0.000
754,0,0,416.250,0.000,247.500,416.250,0.000,247.500,0.000,0.000
755,0,0,461.250,0.000,247.500,461.250,0.000,247.500,0.000,0.000
756,0,0,506.250,0.000,247.500,506.250,0.000,247.500,0.000,0.000
757,0,0,551.250,0.000,247.500,551.250,0.000,247.500,0.000,0.000
758,0,0,596.250,0.000,247.500,596.250,0.000,247.500,0.000,0.000
759,0,0,641.250,0.000,247.500,641.250,0.000,247.500,0.000,0.000
760,0,0,0.000,0.000,255.000,0.000,0.000,255.000,0.000,0.000
761,0,0,22.500,0.000,255.000,22.500,0.000,255.000,0.000,0.000
762,0,0,45.000,0.000,255.000,45.000,0.000,255.000,0.000,0.000
763,0,0,67.500,0.000,255.000,67.500,0.000,255.000,0.000,0.000
764,0,0,90.000,0.000,255.000,90.000,0.000,255.000,0.000,0.000
765,0,0,112.500,0.000,255.000,112.500,0.000,255.000,0.000,0.000
766,0,0,135.000,0.000,255.000,135.000,0.000,255.000,0.000,0.000
767,0,0,157.500,0.000,255.000,157.500,0.000,255.000,0.000,0.000
768,0,0,180.000,0.000,255.000,180.000,0.000,255.000,0.000,0.000
769,0,0,202.500,0.000,255.000,202.500,0.000,255.000,0.000,0.000
770,0,0,225.000,0.000,255.000,225.000,0.000,255.000,0.000,0.000
771,0,0,247.500,0.000,255.000,247.500,0.000,255.000,0.000,0.000
772,0,0,270.000,0.000,255.000,270.000,0.000,255.000,0.000,0.000
773,0,0,292.500,0.000,255.000,292.500,0.000,255.000,0.000,0.000
774,0,0,315.000,0.000,255.000,315.000,0.000,255.000,0.000,0.000
775,0,0,337.500,0.000,255.000,337.500,0.000,255.000,0.000,0.000
776,0,0,360.000,0.000,255.000,360.000,0.000,255.000,0.000,0.000
777,0,0,382.500,0.000,255.000,382.500,0.000,255.000,0.000,0.000
778,0,0,405.000,0.000,255.000,405.000,0.000,255.000,0.000,0.000
779,0,0,427.500,0.000,255.000,427.500,0.000,255.000,0.000,0.000
780,0,0,450.000,0.000,255.000,450.000,0.000,255.000,0.000,0.000
781,0,0,472.500,0.000,255.000,472.500,0.000,255.000,0.000,0.000
782,0,0,495.000,0.000,255.000,495.000,0.000,255.000,0.000,0.000
783,0,0,517.500,0.000,255.000,517.500,0.000,255.000,0.000,0.000
784,0,0,540.000,0.000,255.000,540.000,0.000,255.000,0.000,0.000
785,0,0,562.500,0.000,255.000,562.500,0.000,255.000,0.000,0.000
786,0,0,585.000,0.000,255.000,585.000,0.000,255.000,0.000,0.000
787,0,0,607.500,0.000,255.000,607.500,0.000,255.000,0.000,0.000
788,0,0,630.000,0.000,255.000,630.000,0.000,255.000,0.000,0.000
789,0,0,0.000,0.000,262.500,0.000,0.000,262.500,0.000,0.000
790,0,0,11.250,0.000,262.500,11.250,0.000,262.500,0.000,0.000
791,0,0,33.750,0.000,262.500,33.750,0.000,262.500,0.000,0.000
792,0,0,56.250,0.000,262.500,56.250,0.000,262.500,0.000,0.000
793,0,0,78.750,0.000,262.500,78.750,0.000,262.500,0.000,0.000
794,0,0,101.250,0.000,262.500,101.250,0.000,262.500,0.000,0.000
795,0,0,123.750,0.000,262.500,123.750,0.000,262.500,0.000,0.000
796,0,0,146.250,0.000,262.500,146.250,0.000,262.500,0.000,0.000
797,0,0,168.750,0.000,262.500,168.750,0.000,262.500,0.000,0.000
798,0,0,191.250,0.000,262.500,191.250,0.000,262.500,0.000,0.000
799,0,0,213.750,0.000,262.500,213.750,0.000,262.500,0.000,0.000
800,0,0,236.250,0.000,262.500,236.250,0.000,262.500,0.000,0.000
801,0,0,258.750,0.000,262.500,258.750,0.000,262.500,0.000,0.000
802,0,0,281.250,0.000,262.500,281.250,0.000,262.500,0.000,0.000
803,0,0,303.750,0.000,262.500,303.750,0.000,262.500,0.000,0.000
804,0,0,326.250,0.000,262.500,326.250,0.000,262.500,0.000,0.000
805,0,0,348.750,0.000,262.500,348.750,0.000,262.500,0.000,0.000
806,0,0,371.250,0.000,262.500,371.250,0.000,262.500,0.000,0.000
807,0,0,393.750,0.000,262.500,393.750,0.000,262.500,0.000,0.000
808,0,0,416.250,0.000,262.500,416.250,0.000,262.500,0.000,0.000
809,0,0,438.750,0.000,262.500,438.750,0.000,262.500,0.000,0.000
810,0,0,461.250,0.000,262.500,461.250,0.000,262.500,0.000,0.000
811,0,0,483.750,0.000,262.500,483.750,0.000,262.500,0.000,0.000
812,0,0,506.250,0.000,262.500,506.250,0.000,262.500,0.000,0.000
813,0,0,528.750,0.000,262.500,528.750,0.000,262.500,0.000,0.000
814,0,0,551.250,0.000,262.500,551.250,0.000,262.500,0.000,0.000
815,0,0,573.750,0.000,262.500,573.750,0.000,262.500,0.000,0.000
816,0,0,596.250,0.000,262.500,596.250,0.000,262.500,0.000,0.000
817,0,0,618.750,0.000,262.500,618.750,0.000,262.500,0.000,0.000
818,0,0,641.250,0.000,262.500,641.250,0.000,262.500,0.000,0.000
819,0,0,0.000,0.000,270.000,0.000,0.000,270.000,0.000,0.000
820,0,0,22.500,0.000,270.000,22.500,0.000,270.000,0.000,0.000
821,0,0,45.000,0.000,270.000,45.000,0.000,270.000,0.000,0.000
822,0,0,67.500,0.000,270.000,67.500,0.000,270.000,0.000,0.000
823,0,0,90.000,0.000,270.000,90.000,0.000,270.000,0.000,0.000
824,0,0,112.500,0.000,270.000,112.500,0.000,270.000,0.000,0.000
825,0,0,135.000,0.000,270.000,135.000,0.000,270.000,0.000,0.000
826,0,0,157.500,0.000,270.000,157.500,0.000,270.000,0.000,0.000
827,0,0,180.000,0.000,270.000,180.000,0.000,270.000,0.000,0.000
828,0,0,202.500,0.000,270.000,202.500,0.000,270.000,0.000,0.000
829,0,0,225.000,0.000,270.000,225.000,0.000,270.000,0.000,0.000
830,0,0,247.500,0.000,270.000,247.500,0.000,270.000,0.000,0.000
831,0,0,270.000,0.000,270.000,270.000,0.000,270.000,0.000,0.000
832,0,0,292.500,0.000,270.000,292.500,0.000,270.000,0.000,0.000
833,0,0,315.000,0.000,270.000,315.000,0.000,270.000,0.000,0.000
834,0,0,337.500,0.000,270.000,337.500,0.000,270.000,0.000,0.000
835,0,0,360.000,0.000,270.000,360.000,0.000,270.000,0.000,0.000
836,0,0,382.500,0.000,270.000,382.500,0.000,270.000,0.000,0.000
837,0,0,405.000,0.000,270.000,405.000,0.000,270.000,0.000,0.000
838,0,0,427.500,0.000,270.000,427.500,0.000,270.000,0.000,0.000
839,0,0,450.000,0.000,270.000,450.000,0.000,270.000,0.000,0.000
840,0,0,472.500,0.000,270.000,472.500,0.000,270.000,0.000,0.000
841,0,0,495.000,0.000,270.000,495.000,0.000,270.000,0.000,0.000
842,0,0,517.500,0.000,270.000,517.500,0.000,270.000,0.000,0.000
843,0,0,540.000,0.000,270.000,540.000,0.000,270.000,0.000,0.000
844,0,0,562.500,0.000,270.000,562.500,0.000,270.000,0.000,0.000
845,0,0,585.000,0.000,270.000,585.000,0.000,270.000,0.000,0.000
846,0,0,607.500,0.000,270.000,607.500,0.000,270.000,0.000,0.000
847,0,0,630.000,0.000,270.000,630.000,0.000,270.000,0.000,0.000
848,0,0,0.000,0.000,277.500,0.000,0.000,277.500,0.000,0.000
849,0,0,11.250,0.000,277.500,11.250,0.000,277.500,0.000,0.000
850,0,0,33.750,0.000,277.500,33.750,0.000,277.500,0.000,0.000
851,0,0,56.250,0.000,277.500,56.250,0.000,277.500,0.000,0.000
852,0,0,135.000,0.000,277.500,135.000,0.000,277.500,0.000,0.000
853,0,0,146.250,0.000,277.500,146.250,0.000,277.500,0.000,0.000
854,0,0,168.750,0.000,277.500,168.750,0.000,277.500,0.000,0.000
855,0,0,247.500,0.000,277.500,247.500,0.000,277.500,0.000,0.000
856,0,0,258.750,0.000,277.500,258.750,0.000,277.500,0.000,0.000
857,0,0,281.250,0.000,277.500,281.250,0.000,277.500,0.000,0.000
858,0,0,360.000,0.000,277.500,360.000,0.000,277.500,0.000,0.000
859,0,0,371.250,0.000,277.500,371.250,0.000,277.500,0.000,0.000
860,0,0,393.750,0.000,277.500,393.750,0.000,277.500,0.000,0.000
861,0,0,472.500,0.000,277.500,472.500,0.000,277.500,0.000,0.000
862,0,0,483.750,0.000,277.500,483.750,0.000,277.500,0.000,0.000
863,0,0,506.250,0.000,277.500,506.250,0.000,277.500,0.000,0.000
864,0,0,585.000,0.000,277.500,585.000,0.000,277.500,0.000,0.000
865,0,0,596.250,0.000,277.500,596.250,0.000,277.500,0.000,0.000
866,0,0,618.750,0.000,277.500,618.750,0.000,277.500,0.000,0.000
867,0,0,641.250,0.000,277.500,641.250,0.000,277.500,0.000,0.000
868,0,0,67.500,0.000,277.500,67.500,0.000,277.500,0.000,0.000
869,0,0,180.000,0.000,277.500,180.000,0.000,277.500,0.000,0.000
870,0,0,292.500,0.000,277.500,292.500,0.000,277.500,0.000,0.000
871,0,0,405.000,0.000,277.500,405.000,0.000,277.500,0.000,0.000
872,0,0,517.500,0.000,277.500,517.500,0.000,277.500,0.000,0.000
873,0,0,0.000,0.000,285.000,0.000,0.000,285.000,0.000,0.000
874,0,0,22.500,0.000,285.000,22.500,0.000,285.000,0.000,0.000
875,0,0,45.000,0.000,285.000,45.000,0.000,285.000,0.000,0.000
876,0,0,67.500,0.000,285.000,67.500,0.000,285.000,0.000,0.000
877,0,0,123.750,0.000,285.000,123.750,0.000,285.000,0.000,0.000
878,0,0,135.000,0.000,285.000,135.000,0.000,285.000,0.000,0.000
879,0,0,157.500,0.000,285.000,157.500,0.000,285.000,0.000,0.000
880,0,0,180.000,0.000,285.000,180.000,0.000,285.000,0.000,0.000
881,0,0,236.250,0.000,285.000,236.250,0.000,285.000,0.000,0.000
882,0,0,247.500,0.000,285.000,247.500,0.000,285.000,0.000,0.000
883,0,0,270.000,0.000,285.000,270.000,0.000,285.000,0.000,0.000
884,0,0,292.500,0.000,285.000,292.500,0.000,285.000,0.000,0.000
885,0,0,348.750,0.000,285.000,348.750,0.000,285.000,0.000,0.000
886,0,0,360.000,0.000,285.000,360.000,0.000,285.000,0.000,0.000
887,0,0,382.500,0.000,285.000,382.500,0.000,285.000,0.000,0.000
888,0,0,405.000,0.000,285.000,405.000,0.000,285.000,0.000,0.000
889,0,0,461.250,0.000,285.000,461.250,0.000,285.000,0.000,0.000
890,0,0,472.500,0.000,285.000,472.500,0.000,285.000,0.000,0.000
891,0,0,495.000,0.000,285.000,495.000,0.000,285.000,0.000,0.000
892,0,0,517.500,0.000,285.000,517.500,0.000,285.000,0.000,0.000
893,0,0,573.750,0.000,285.000,573.750,0.000,285.000,0.000,0.000
894,0,0,585.000,0.000,285.000,585.000,0.000,285.000,0.000,0.000
895,0,0,607.500,0.000,285.000,607.500,0.000,285.000,0.000,0.000
896,0,0,630.000,0.000,285.000,630.000,0.000,285.000,0.000,0.000
897,0,0,0.000,0.000,292.500,0.000,0.000,292.500,0.000,0.000
898,0,0,11.250,0.000,292.500,11.250,0.000,292.500,0.000,0.000
899,0,0,33.750,0.000,292.500,33.750,0.000,292.500,0.000,0.000
900,0,0,56.250,0.000,292.500,56.250,0.000,292.500,0.000,0.000
901,0,0,123.750,0.000,292.500,123.750,0.000,292.500,0.000,0.000
902,0,0,146.250,0.000,292.500,146.250,0.000,292.500,0.000,0.000
903,0,0,168.750,0.000,292.500,168.750,0.000,292.500,0.000,0.000
904,0,0,236.250,0.000,292.500,236.250,0.000,292.500,0.000,0.000
905,0,0,258.750,0.000,292.500,258.750,0.000,292.500,0.000,0.000
906,0,0,281.250,0.000,292.500,281.250,0.000,292.500,0.000,0.000
907,0,0,348.750,0.000,292.500,348.750,0.000,292.500,0.000,0.000
908,0,0,371.250,0.000,292.500,371.250,0.000,292.500,0.000,0.000
909,0,0,393.750,0.000,292.500,393.750,0.000,292.500,0.000,0.000
910,0,0,461.250,0.000,292.500,461.250,0.000,292.500,0.000,0.000
911,0,0,483.750,0.000,292.500,483.750,0.000,292.500,0.000,0.000
912,0,0,506.250,0.000,292.500,506.250,0.000,292.500,0.000,0.000
913,0,0,573.750,0.000,292.500,573.750,0.000,292.500,0.000,0.000
914,0,0,596.250,0.000,292.500,596.250,0.000,292.500,0.000,0.000
915,0,0,618.750,0.000,292.500,618.750,0.000,292.500,0.000,0.000
916,0,0,641.250,0.000,292.500,641.250,0.000,292.500,0.000,0.000
917,0,0,0.000,0.000,300.000,0.000,0.000,300.000,0.000,0.000
918,0,0,22.500,0.000,300.000,22.500,0.000,300.000,0.000,0.000
919,0,0,45.000,0.000,300.000,45.000,0.000,300.000,0.000,0.000
920,0,0,67.500,0.000,300.000,67.500,0.000,300.000,0.000,0.000
921,0,0,123.750,0.000,300.000,123.750,0.000,300.000,0.000,0.000
922,0,0,135.000,0.000,300.000,135.000,0.000,300.000,0.000,0.000
923,0,0,157.500,0.000,300.000,157.500,0.000,300.000,0.000,0.000
924,0,0,180.000,0.000,300.000,180.000,0.000,300.000,0.000,0.000
925,0,0,236.250,0.000,300.000,236.250,0.000,300.000,0.000,0.000
926,0,0,247.500,0.000,300.000,247.500,0.000,300.000,0.000,0.000
927,0,0,270.000,0.000,300.000,270.000,0.000,300.000,0.000,0.000
928,0,0,292.500,0.000,300.000,292.500,0.000,300.000,0.000,0.000
929,0,0,348.750,0.000,300.000,348.750,0.000,300.000,0.000,0.000
930,0,0,360.000,0.000,300.000,360.000,0.000,300.000,0.000,0.000
931,0,0,382.500,0.000,300.000,382.500,0.000,300.000,0.000,0.000
932,0,0,405.000,0.000,300.000,405.000,0.000,300.000,0.000,0.000
933,0,0,461.250,0.000,300.000,461.250,0.000,300.000,0.000,0.000
934,0,0,472.500,0.000,300.000,472.500,0.000,300.000,0.000,0.000
935,0,0,495.000,0.000,300.000,495.000,0.000,300.000,0.000,0.000
936,0,0,517.500,0.000,300.000,517.500,0.000,300.000,0.000,0.000
937,0,0,573.750,0.000,300.000,573.750,0.000,300.000,0.000,0.000
938,0,0,585.000,0.000,300.000,585.000,0.000,300.000,0.000,0.000
939,0,0,607.500,0.000,300.000,607.500,0.000,300.000,0.000,0.000
940,0,0,630.000,0.000,300.000,630.000,0.000,300.000,0.000,0.000
941,0,0,0.000,0.000,307.500,0.000,0.000,307.500,0.000,0.000
942,0,0,11.250,0.000,307.500,11.250,0.000,307.500,0.000,0.000
943,0,0,33.750,0.000,307.500,33.750,0.000,307.500,0.000,0.000
944,0,0,56.250,0.000,307.500,56.250,0.000,307.500,0.000,0.000
945,0,0,123.750,0.000,307.500,123.750,0.000,307.500,0.000,0.000
946,0,0,146.250,0.000,307.500,146.250,0.000,307.500,0.000,0.000
947,0,0,168.750,0.000,307.500,168.750,0.000,307.500,0.000,0.000
948,0,0,236.250,0.000,307.500,236.250,0.000,307.500,0.000,0.000
949,0,0,258.750,0.000,307.500,258.750,0.000,307.500,0.000,0.000
950,0,0,281.250,0.000,307.500,281.250,0.000,307.500,0.000,0.000
951,0,0,348.750,0.000,307.500,348.750,0.000,307.500,0.000,0.000
952,0,0,371.250,0.000,307.500,371.250,0.000,307.500,0.000,0.000
953,0,0,393.750,0.000,307.500,393.750,0.000,307.500,0.000,0.000
954,0,0,461.250,0.000,307.500,461.250,0.000,307.500,0.000,0.000
955,0,0,483.750,0.000,307.500,483.750,0.000,307.500,0.000,0.000
956,0,0,506.250,0.000,307.500,506.250,0.000,307.500,0.000,0.000
957,0,0,573.750,0.000,307.500,573.750,0.000,307.500,0.000,0.000
958,0,0,596.250,0.000,307.500,596.250,0.000,307.500,0.000,0.000
959,0,0,618.750,0.000,307.500,618.750,0.000,307.500,0.000,0.000
960,0,0,641.250,0.000,307.500,641.250,0.000,307.500,0.000,0.000
961,0,0,0.000,0.000,315.000,0.000,0.000,315.000,0.000,0.000
962,0,0,22.500,0.000,315.000,22.500,0.000,315.000,0.000,0.000
963,0,0,45.000,0.000,315.000,45.000,0.000,315.000,0.000,0.000
964,0,0,67.500,0.000,315.000,67.500,0.000,315.000,0.000,0.000
965,0,0,123.750,0.000,315.000,123.750,0.000,315.000,0.000,0.000
966,0,0,135.000,0.000,315.000,135.000,0.000,315.000,0.000,0.000
967,0,0,157.500,0.000,315.000,157.500,0.000,315.000,0.000,0.000
968,0,0,180.000,0.000,315.000,180.000,0.000,315.000,0.000,0.000
969,0,0,236.250,0.000,315.000,236.250,0.000,315.000,0.000,0.000
970,0,0,247.500,0.000,315.000,247.500,0.000,315.000,0.000,0.000
971,0,0,270.000,0.000,315.000,270.000,0.000,315.000,0.000,0.000
972,0,0,292.500,0.000,315.000,292.500,0.000,315.000,0.000,0.000
973,0,0,348.750,0.000,315.000,348.750,0.000,315.000,0.000,0.000
974,0,0,360.000,0.000,315.000,360.000,0.000,315.000,0.000,0.000
975,0,0,382.500,0.000,315.000,382.500,0.000,315.000,0.000,0.000
976,0,0,405.000,0.000,315.000,405.000,0.000,315.000,0.000,0.000
977,0,0,461.250,0.000,315.000,461.250,0.000,315.000,0.000,0.000
978,0,0,472.500,0.000,315.000,472.500,0.000,315.000,0.000,0.000
979,0,0,495.000,0.000,315.000,495.000,0.000,315.000,0.000,0.000
980,0,0,517.500,0.000,315.000,517.500,0.000,315.000,0.000,0.000
981,0,0,573.750,0.000,315.000,573.750,0.000,315.000,0.000,0.000
982,0,0,585.000,0.000,315.000,585.000,0.000,315.000,0.000,0.000
983,0,0,607.500,0.000,315.000,607.500,0.000,315.000,0.000,0.000
984,0,0,630.000,0.000,315.000,630.000,0.000,315.000,0.000,0.000
985,0,0,0.000,0.000,322.500,0.000,0.000,322.500,0.000,0.000
986,0,0,11.250,0.000,322.500,11.250,0.000,322.500,0.000,0.000
987,0,0,33.750,0.000,322.500,33.750,0.000,322.500,0.000,0.000
988,0,0,56.250,0.000,322.500,56.250,0.000,322.500,0.000,0.000
989,0,0,123.750,0.000,322.500,123.750,0.000,322.500,0.000,0.000
990,0,0,146.250,0.000,322.500,146.250,0.000,322.500,0.000,0.000
991,0,0,168.750,0.000,322.500,168.750,0.000,322.500,0.000,0.000
992,0,0,236.250,0.000,322.500,236.250,0.000,322.500,0.000,0.000
993,0,0,258.750,0.000,322.500,258.750,0.000,322.500,0.000,0.000
994,0,0,281.250,0.000,322.500,281.250,0.000,322.500,0.000,0.000
995,0,0,348.750,0.000,322.500,348.750,0.000,322.500,0.000,0.000
996,0,0,371.250,0.000,322.500,371.250,0.000,322.500,0.000,0.000
997,0,0,393.750,0.000,322.500,393.750,0.000,322.500,0.000,0.000
998,0,0,461.250,0.000,322.500,461.250,0.000,322.500,0.000,0.000
999,0,0,483.750,0.000,322.500,483.750,0.000,322.500,0.000,0.000
1000,0,0,506.250,0.000,322.500,506.250,0.000,322.500,0.000,0.000
1001,0,0,573.750,0.000,322.500,573.750,0.000,322.500,0.000,0.000
1002,0,0,596.250,0.000,322.500,596.250,0.000,322.500,0.000,0.000
1003,0,0,618.750,0.000,322.500,618.750,0.000,322.500,0.000,0.000
1004,0,0,641.250,0.000,322.500,641.250,0.000,322.500,0.000,0.000
1005,0,0,0.000,0.000,330.000,0.000,0.000,330.000,0.000,0.000
1006,0,0,22.500,0.000,330.000,22.500,0.000,330.000,0.000,0.000
1007,0,0,45.000,0.000,330.000,45.000,0.000,330.000,0.000,0.000
1008,0,0,67.500,0.000,330.000,67.500,0.000,330.000,0.000,0.000
1009,0,0,123.750,0.000,330.000,123.750,0.000,330.000,0.000,0.000
1010,0,0,135.000,0.000,330.000,135.000,0.000,330.000,0.000,0.000
1011,0,0,157.500,0.000,330.000,157.500,0.000,330.000,0.000,0.000
1012,0,0,180.000,0.000,330.000,180.000,0.000,330.000,0.000,0.000
1013,0,0,236.250,0.000,330.000,236.250,0.000,330.000,0.000,0.000
1014,0,0,247.500,0.000,330.000,247.500,0.000,330.000,0.000,0.000
1015,0,0,270.000,0.000,330.000,270.000,0.000,330.000,0.000,0.000
1016,0,0,292.500,0.000,330.000,292.500,0.000,330.000,0.000,0.000
1017,0,0,348.750,0.000,330.000,348.750,0.000,330.000,0.000,0.000
1018,0,0,360.000,0.000,330.000,360.000,0.000,330.000,0.000,0.000
1019,0,0,382.500,0.000,330.000,382.500,0.000,330.000,0.000,0.000
1020,0,0,405.000,0.000,330.000,405.000,0.000,330.000,0.000,0.000
1021,0,0,461.250,0.000,330.000,461.250,0.000,330.000,0.000,0.000
1022,0,0,472.500,0.000,330.000,472.500,0.000,330.000,0.000,0.000
1023,0,0,495.000,0.000,330.000,495.000,0.000,330.000,0.000,0.000
1024,0,0,517.500,0.000,330.000,517.500,0.000,330.000,0.000,0.000
1025,0,0,573.750,0.000,330.000,573.750,0.000,330.000,0.000,0.000
1026,0,0,585.000,0.000,330.000,585.000,0.000,330.000,0.000,0.000
1027,0,0,607.500,0.000,330.000,607.500,0.000,330.000,0.000,0.000
1028,0,0,630.000,0.000,330.000,630.000,0.000,330.000,0.000,0.000
1029,0,0,0.000,0.000,337.500,0.000,0.000,337.500,0.000,0.000
1030,0,0,11.250,0.000,337.500,11.250,0.000,337.500,0.000,0.000
1031,0,0,33.750,0.000,337.500,33.750,0.000,337.500,0.000,0.000
1032,0,0,56.250,0.000,337.500,56.250,0.000,337.500,0.000,0.000
1033,0,0,123.750,0.000,337.500,123.750,0.000,337.500,0.000,0.000
1034,0,0,146.250,0.000,337.500,146.250,0.000,337.500,0.000,0.000
1035,0,0,168.750,0.000,337.500,168.750,0.000,337.500,0.000,0.000
1036,0,0,236.250,0.000,337.500,236.250,0.000,337.500,0.000,0.000
1037,0,0,258.750,0.000,337.500,258.750,0.000,337.500,0.000,0.000
1038,0,0,281.250,0.000,337.500,281.250,0.000,337.500,0.000,0.000
1039,0,0,348.750,0.000,337.500,348.750,0.000,337.500,0.000,0.000
1040,0,0,371.250,0.000,337.500,371.250,0.000,337.500,0.000,0.000
1041,0,0,393.750,0.000,337.500,393.750,0.000,337.500,0.000,0.000
1042,0,0,461.250,0.000,337.500,461.250,0.000,337.500,0.000,0.000
1043,0,0,483.750,0.000,337.500,483.750,0.000,337.500,0.000,0.000
1044,0,0,506.250,0.000,337.500,506.250,0.000,337.500,0.000,0.000
1045,0,0,573.750,0.000,337.500,573.750,0.000,337.500,0.000,0.000
1046,0,0,596.250,0.000,337.500,596.250,0.000,337.500,0.000,0.000
1047,0,0,618.750,0.000,337.500,618.750,0.000,337.500,0.000,0.000
1048,0,0,641.250,0.000,337.500,641.250,0.000,337.500,0.000,0.000
1049,0,0,0.000,0.000,345.000,0.000,0.000,345.000,0.000,0.000
1050,0,0,22.500,0.000,345.000,22.500,0.000,345.000,0.000,0.000
1051,0,0,45.000,0.000,345.000,45.000,0.000,345.000,0.000,0.000
1052,0,0,67.500,0.000,345.000,67.500,0.000,345.000,0.000,0.000
1053,0,0,123.750,0.000,345.000,123.750,0.000,345.000,0.000,0.000
1054,0,0,135.000,0.000,345.000,135.000,0.000,345.000,0.000,0.000
1055,0,0,157.500,0.000,345.000,157.500,0.000,345.000,0.000,0.000
1056,0,0,180.000,0.000,345.000,180.000,0.000,345.000,0.000,0.000
1057,0,0,236.250,0.000,345.000,236.250,0.000,345.000,0.000,0.000
1058,0,0,247.500,0.000,345.000,247.500,0.000,345.000,0.000,0.000
1059,0,0,270.000,0.000,345.000,270.000,0.000,345.000,0.000,0.000
1060,0,0,292.500,0.000,345.000,292.500,0.000,345.000,0.000,0.000
1061,0,0,348.750,0.000,345.000,348.750,0.000,345.000,0.000,0.000
1062,0,0,360.000,0.000,345.000,360.000,0.000,345.000,0.000,0.000
1063,0,0,382.500,0.000,345.000,382.500,0.000,345.000,0.000,0.000
1064,0,0,405.000,0.000,345.000,405.000,0.000,345.000,0.000,0.000
1065,0,0,461.250,0.000,345.000,461.250,0.000,345.000,0.000,0.000
1066,0,0,472.500,0.000,345.000,472.500,0.000,345.000,0.000,0.000
1067,0,0,495.000,0.000,345.000,495.000,0.000,345.000,0.000,0.000
1068,0,0,517.500,0.000,345.000,517.500,0.000,345.000,0.000,0.000
1069,0,0,573.750,0.000,345.000,573.750,0.000,345.000,0.000,0.000
1070,0,0,585.000,0.000,345.000,585.000,0.000,345.000,0.000,0.000
1071,0,0,607.500,0.000,345.000,607.500,0.000,345.000,0.000,0.000
1072,0,0,630.000,0.000,345.000,630.000,0.000,345.000,0.000,0.000
1073,0,0,0.000,0.000,352.500,0.000,0.000,352.500,0.000,0.000
1074,0,0,11.250,0.000,352.500,11.250,0.000,352.500,0.000,0.000
1075,0,0,33.750,0.000,352.500,33.750,0.000,352.500,0.000,0.000
1076,0,0,56.250,0.000,352.500,56.250,0.000,352.500,0.000,0.000
1077,0,0,123.750,0.000,352.500,123.750,0.000,352.500,0.000,0.000
1078,0,0,146.250,0.000,352.500,146.250,0.000,352.500,0.000,0.000
1079,0,0,168.750,0.000,352.500,168.750,0.000,352.500,0.000,0.000
1080,0,0,236.250,0.000,352.500,236.250,0.000,352.500,0.000,0.000
1081,0,0,258.750,0.000,352.500,258.750,0.000,352.500,0.000,0.000
1082,0,0,281.250,0.000,352.500,281.250,0.000,352.500,0.000,0.000
1083,0,0,348.750,0.000,352.500,348.750,0.000,352.500,0.000,0.000
1084,0,0,371.250,0.000,352.500,371.250,0.000,352.500,0.000,0.000
1085,0,0,393.750,0.000,352.500,393.750,0.000,352.500,0.000,0.000
1086,0,0,461.250,0.000,352.500,461.250,0.000,352.500,0.000,0.000
1087,0,0,483.750,0.000,352.500,483.750,0.000,352.500,0.000,0.000
1088,0,0,506.250,0.000,352.500,506.250,0.000,352.500,0.000,0.000
1089,0,0,573.750,0.000,352.500,573.750,0.000,352.500,0.000,0.000
1090,0,0,596.250,0.000,352.500,596.250,0.000,352.500,0.000,0.000
1091,0,0,618.750,0.000,352.500,618.750,0.000,352.500,0.000,0.000
1092,0,0,641.250,0.000,352.500,641.250,0.000,352.500,0.000,0.000
1093,0,0,0.000,0.000,360.000,0.000,0.000,360.000,0.000,0.000
1094,0,0,22.500,0.000,360.000,22.500,0.000,360.000,0.000,0.000
1095,0,0,45.000,0.000,360.000,45.000,0.000,360.000,0.000,0.000
1096,0,0,67.500,0.000,360.000,67.500,0.000,360.000,0.000,0.000
1097,0,0,123.750,0.000,360.000,123.750,0.000,360.000,0.000,0.000
1098,0,0,135.000,0.000,360.000,135.000,0.000,360.000,0.000,0.000
1099,0,0,157.500,0.000,360.000,157.500,0.000,360.000,0.000,0.000
1100,0,0,180.000,0.000,360.000,180.000,0.000,360.000,0.000,0.000
1101,0,0,236.250,0.000,360.000,236.250,0.000,360.000,0.000,0.000
1102,0,0,247.500,0.000,360.000,247.500,0.000,360.000,0.000,0.000
1103,0,0,270.000,0.000,360.000,270.000,0.000,360.000,0.000,0.000
1104,0,0,292.500,0.000,360.000,292.500,0.000,360.000,0.000,0.000
1105,0,0,348.750,0.000,360.000,348.750,0.000,360.000,0.000,0.000
1106,0,0,360.000,0.000,360.000,360.000,0.000,360.000,0.000,0.000
1107,0,0,382.500,0.000,360.000,382.500,0.000,360.000,0.000,0.000
1108,0,0,405.000,0.000,360.000,405.000,0.000,360.000,0.000,0.000
1109,0,0,461.250,0.000,360.000,461.250,0.000,360.000,0.000,0.000
1110,0,0,472.500,0.000,360.000,472.500,0.000,360.000,0.000,0.000
1111,0,0,495.000,0.000,360.000,495.000,0.000,360.000,0.000,0.000
1112,0,0,517.500,0.000,360.000,517.500,0.000,360.000,0.000,0.000
1113,0,0,573.750,0.000,360.000,573.750,0.000,360.000,0.000,0.000
1114,0,0,585.000,0.000,360.000,585.000,0.000,360.000,0.000,0.000
1115,0,0,607.500,0.000,360.000,607.500,0.000,360.000,0.000,0.000
1116,0,0,630.000,0.000,360.000,630.000,0.000,360.000,0.000,0.000
1117,0,0,0.000,0.000,367.500,0.000,0.000,367.500,0.000,0.000
1118,0,0,11.250,0.000,367.500,11.250,0.000,367.500,0.000,0.000
1119,0,0,33.750,0.000,367.500,33.750,0.000,367.500,0.000,0.000
1120,0,0,56.250,0.000,367.500,56.250,0.000,367.500,0.000,0.000
1121,0,0,123.750,0.000,367.500,123.750,0.000,367.500,0.000,0.000
1122,0,0,146.250,0.000,367.500,146.250,0.000,367.500,0.000,0.000
1123,0,0,168.750,0.000,367.500,168.750,0.000,367.500,0.000,0.000
1124,0,0,236.250,0.000,367.500,236.250,0.000,367.500,0.000,0.000
1125,0,0,258.750,0.000,367.500,258.750,0.000,367.500,0.000,0.000
1126,0,0,281.250,0.000,367.500,281.250,0.000,367.500,0.000,0.000
1127,0,0,348.750,0.000,367.500,348.750,0.000,367.500,0.000,0.000
1128,0,0,371.250,0.000,367.500,371.250,0.000,367.500,0.000,0.000
1129,0,0,393.750,0.000,367.500,393.750,0.000,367.500,0.000,0.000
1130,0,0,461.250,0.000,367.500,461.250,0.000,367.500,0.000,0.000
1131,0,0,483.750,0.000,367.500,483.750,0.000,367.500,0.000,0.000
1132,0,0,506.250,0.000,367.500,506.250,0.000,367.500,0.000,0.000
1133,0,0,573.750,0.000,367.500,573.750,0.000,367.500,0.000,0.000
1134,0,0,596.250,0.000,367.500,596.250,0.000,367.500,0.000,0.000
1135,0,0,618.750,0.000,367.500,618.750,0.000,367.500,0.000,0.000
1136,0,0,641.250,0.000,367.500,641.250,0.000,367.500,0.000,0.000
1137,0,0,0.000,0.000,375.000,0.000,0.000,375.000,0.000,0.000
1138,0,0,22.500,0.000,375.000,22.500,0.000,375.000,0.000,0.000
1139,0,0,45.000,0.000,375.000,45.000,0.000,375.000,0.000,0.000
1140,0,0,67.500,0.000,375.000,67.500,0.000,375.000,0.000,0.000
1141,0,0,123.750,0.000,375.000,123.750,0.000,375.000,0.000,0.000
1142,0,0,135.000,0.000,375.000,135.000,0.000,375.000,0.000,0.000
1143,0,0,157.500,0.000,375.000,157.500,0.000,375.000,0.000,0.000
1144,0,0,180.000,0.000,375.000,180.000,0.000,375.000,0.000,0.000
1145,0,0,236.250,0.000,375.000,236.250,0.000,375.000,0.000,0.000
1146,0,0,247.500,0.000,375.000,247.500,0.000,375.000,0.000,0.000
1147,0,0,270.000,0.000,375.000,270.000,0.000,375.000,0.000,0.000
1148,0,0,292.500,0.000,375.000,292.500,0.000,375.000,0.000,0.000
1149,0,0,348.750,0.000,375.000,348.750,0.000,375.000,0.000,0.000
1150,0,0,360.000,0.000,375.000,360.000,0.000,375.000,0.000,0.000
1151,0,0,382.500,0.000,375.000,382.500,0.000,375.000,0.000,0.000
1152,0,0,405.000,0.000,375.000,405.000,0.000,375.000,0.000,0.000
1153,0,0,461.250,0.000,375.000,461.250,0.000,375.000,0.000,0.000
1154,0,0,472.500,0.000,375.000,472.500,0.000,375.000,0.000,0.000
1155,0,0,495.000,0.000,375.000,495.000,0.000,375.000,0.000,0.000
1156,0,0,517.500,0.000,375.000,517.500,0.000,375.000,0.000,0.000
1157,0,0,573.750,0.000,375.000,573.750,0.000,375.000,0.000,0.000
1158,0,0,585.000,0.000,375.000,585.000,0.000,375.000,0.000,0.000
1159,0,0,607.500,0.000,375.000,607.500,0.000,375.000,0.000,0.000
1160,0,0,630.000,0.000,375.000,630.000,0.000,375.000,0.000,0.000
1161,0,0,0.000,0.000,382.500,0.000,0.000,382.500,0.000,0.000
1162,0,0,11.250,0.000,382.500,11.250,0.000,382.500,0.000,0.000
1163,0,0,33.750,0.000,382.500,33.750,0.000,382.500,0.000,0.000
1164,0,0,56.250,0.000,382.500,56.250,0.000,382.500,0.000,0.000
1165,0,0,123.750,0.000,382.500,123.750,0.000,382.500,0.000,0.000
1166,0,0,146.250,0.000,382.500,146.250,0.000,382.500,0.000,0.000
1167,0,0,168.750,0.000,382.500,168.750,0.000,382.500,0.000,0.000
1168,0,0,236.250,0.000,382.500,236.250,0.000,382.500,0.000,0.000
1169,0,0,258.750,0.000,382.500,258.750,0.000,382.500,0.000,0.000
1170,0,0,281.250,0.000,382.500,281.250,0.000,382.500,0.000,0.000
1171,0,0,348.750,0.000,382.500,348.750,0.000,382.500,0.000,0.000
1172,0,0,371.250,0.000,382.500,371.250,0.000,382.500,0.000,0.000
1173,0,0,393.750,0.000,382.500,393.750,0.000,382.500,0.000,0.000
1174,0,0,461.250,0.000,382.500,461.250,0.000,382.500,0.000,0.000
1175,0,0,483.750,0.000,382.500,483.750,0.000,382.500,0.000,0.000
1176,0,0,506.250,0.000,382.500,506.250,0.000,382.500,0.000,0.000
1177,0,0,573.750,0.000,382.500,573.750,0.000,382.500,0.000,0.000
1178,0,0,596.250,0.000,382.500,596.250,0.000,382.500,0.000,0.000
1179,0,0,618.750,0.000,382.500,618.750,0.000,382.500,0.000,0.000
1180,0,0,641.250,0.000,382.500,641.250,0.000,382.500,0.000,0.000
1181,0,0,0.000,0.000,390.000,0.000,0.000,390.000,0.000,0.000
1182,0,0,22.500,0.000,390.000,22.500,0.000,390.000,0.000,0.000
1183,0,0,45.000,0.000,390.000,45.000,0.000,390.000,0.000,0.000
1184,0,0,67.500,0.000,390.000,67.500,0.000,390.000,0.000,0.000
1185,0,0,123.750,0.000,390.000,123.750,0.000,390.000,0.000,0.000
1186,0,0,135.000,0.000,390.000,135.000,0.000,390.000,0.000,0.000
1187,0,0,157.500,0.000,390.000,157.500,0.000,390.000,0.000,0.000
1188,0,0,180.000,0.000,390.000,180.000,0.000,390.000,0.000,0.000
1189,0,0,236.250,0.000,390.000,236.250,0.000,390.000,0.000,0.000
1190,0,0,247.500,0.000,390.000,247.500,0.000,390.000,0.000,0.000
1191,0,0,270.000,0.000,390.000,270.000,0.000,390.000,0.000,0.000
1192,0,0,292.500,0.000,390.000,292.500,0.000,390.000,0.000,0.000
1193,0,0,348.750,0.000,390.000,348.750,0.000,390.000,0.000,0.000
1194,0,0,360.000,0.000,390.000,360.000,0.000,390.000,0.000,0.000
1195,0,0,382.500,0.000,390.000,382.500,0.000,390.000,0.000,0.000
1196,0,0,405.000,0.000,390.000,405.000,0.000,390.000,0.000,0.000
1197,0,0,461.250,0.000,390.000,461.250,0.000,390.000,0.000,0.000
1198,0,0,472.500,0.000,390.000,472.500,0.000,390.000,0.000,0.000
1199,0,0,495.000,0.000,390.000,495.000,0.000,390.000,0.000,0.000
1200,0,0,517.500,0.000,390.000,517.500,0.000,390.000,0.000,0.000
1201,0,0,573.750,0.000,390.000,573.750,0.000,390.000,0.000,0.000
1202,0,0,585.000,0.000,390.000,585.000,0.000,390.000,0.000,0.000
1203,0,0,607.500,0.000,390.000,607.500,0.000,390.000,0.000,0.000
1204,0,0,630.000,0.000,390.000,630.000,0.000,390.000,0.000,0.000
1205,0,0,0.000,0.000,397.500,0.000,0.000,397.500,0.000,0.000
1206,0,0,11.250,0.000,397.500,11.250,0.000,397.500,0.000,0.000
1207,0,0,33.750,0.000,397.500,33.750,0.000,397.500,0.000,0.000
1208,0,0,56.250,0.000,397.500,56.250,0.000,397.500,0.000,0.000
1209,0,0,123.750,0.000,397.500,123.750,0.000,397.500,0.000,0.000
1210,0,0,146.250,0.000,397.500,146.250,0.000,397.500,0.000,0.000
1211,0,0,168.750,0.000,397.500,168.750,0.000,397.500,0.000,0.000
1212,0,0,236.250,0.000,397.500,236.250,0.000,397.500,0.000,0.000
1213,0,0,258.750,0.000,397.500,258.750,0.000,397.500,0.000,0.000
1214,0,0,281.250,0.000,397.500,281.250,0.000,397.500,0.000,0.000
1215,0,0,348.750,0.000,397.500,348.750,0.000,397.500,0.000,0.000
1216,0,0,371.250,0.000,397.500,371.250,0.000,397.500,0.000,0.000
1217,0,0,393.750,0.000,397.500,393.750,0.000,397.500,0.000,0.000
1218,0,0,461.250,0.000,397.500,461.250,0.000,397.500,0.000,0.000
1219,0,0,483.750,0.000,397.500,483.750,0.000,397.500,0.000,0.000
1220,0,0,506.250,0.000,397.500,506.250,0.000,397.500,0.000,0.000
1221,0,0,573.750,0.000,397.500,573.750,0.000,397.500,0.000,0.000
1222,0,0,596.250,0.000,397.500,596.250,0.000,397.500,0.000,0.000
1223,0,0,618.750,0.000,397.500,618.750,0.000,397.500,0.000,0.000
1224,0,0,641.250,0.000,397.500,641.250,0.000,397.500,0.000,0.000
1225,0,0,0.000,0.000,405.000,0.000,0.000,405.000,0.000,0.000
1226,0,0,22.500,0.000,405.000,22.500,0.000,405.000,0.000,0.000
1227,0,0,45.000,0.000,405.000,45.000,0.000,405.000,0.000,0.000
1228,0,0,146.250,0.000,405.000,146.250,0.000,405.000,0.000,0.000
1229,0,0,157.500,0.000,405.000,157.500,0.000,405.000,0.000,0.000
1230,0,0,258.750,0.000,405.000,258.750,0.000,405.000,0.000,0.000
1231,0,0,270.000,0.000,405.000,270.000,0.000,405.000,0.000,0.000
1232,0,0,371.250,0.000,405.000,371.250,0.000,405.000,0.000,0.000
1233,0,0,382.500,0.000,405.000,382.500,0.000,405.000,0.000,0.000
1234,0,0,483.750,0.000,405.000,483.750,0.000,405.000,0.000,0.000
1235,0,0,495.000,0.000,405.000,495.000,0.000,405.000,0.000,0.000
1236,0,0,596.250,0.000,405.000,596.250,0.000,405.000,0.000,0.000
1237,0,0,607.500,0.000,405.000,607.500,0.000,405.000,0.000,0.000
1238,0,0,630.000,0.000,405.000,630.000,0.000,405.000,0.000,0.000
1239,0,0,56.250,0.000,405.000,56.250,0.000,405.000,0.000,0.000
1240,0,0,168.750,0.000,405.000,168.750,0.000,405.000,0.000,0.000
1241,0,0,281.250,0.000,405.000,281.250,0.000,405.000,0.000,0.000
1242,0,0,393.750,0.000,405.000,393.750,0.000,405.000,0.000,0.000
1243,0,0,506.250,0.000,405.000,506.250,0.000,405.000,0.000,0.000
1244,0,0,0.000,0.000,412.500,0.000,0.000,412.500,0.000,0.000
1245,0,0,11.250,0.000,412.500,11.250,0.000,412.500,0.000,0.000
1246,0,0,33.750,0.000,412.500,33.750,0.000,412.500,0.000,0.000
1247,0,0,146.250,0.000,412.500,146.250,0.000,412.500,0.000,0.000
1248,0,0,258.750,0.000,412.500,258.750,0.000,412.500,0.000,0.000
1249,0,0,371.250,0.000,412.500,371.250,0.000,412.500,0.000,0.000
1250,0,0,483.750,0.000,412.500,483.750,0.000,412.500,0.000,0.000
1251,0,0,596.250,0.000,412.500,596.250,0.000,412.500,0.000,0.000
1252,0,0,618.750,0.000,412.500,618.750,0.000,412.500,0.000,0.000
1253,0,0,641.250,0.000,412.500,641.250,0.000,412.500,0.000,0.000
1254,0,0,0.000,0.000,420.000,0.000,0.000,420.000,0.000,0.000
1255,0,0,22.500,0.000,420.000,22.500,0.000,420.000,0.000,0.000
1256,0,0,45.000,0.000,420.000,45.000,0.000,420.000,0.000,0.000
1257,0,0,67.500,0.000,420.000,67.500,0.000,420.000,0.000,0.000
1258,0,0,90.000,0.000,420.000,90.000,0.000,420.000,0.000,0.000
1259,0,0,112.500,0.000,420.000,112.500,0.000,420.000,0.000,0.000
1260,0,0,135.000,0.000,420.000,135.000,0.000,420.000,0.000,0.000
1261,0,0,157.500,0.000,420.000,157.500,0.000,420.000,0.000,0.000
1262,0,0,180.000,0.000,420.000,180.000,0.000,420.000,0.000,0.000
1263,0,0,202.500,0.000,420.000,202.500,0.000,420.000,0.000,0.000
1264,0,0,225.000,0.000,420.000,225.000,0.000,420.000,0.000,0.000
1265,0,0,247.500,0.000,420.000,247.500,0.000,420.000,0.000,0.000
1266,0,0,270.000,0.000,420.000,270.000,0.000,420.000,0.000,0.000
1267,0,0,292.500,0.000,420.000,292.500,0.000,420.000,0.000,0.000
1268,0,0,315.000,0.000,420.000,315.000,0.000,420.000,0.000,0.000
1269,0,0,337.500,0.000,420.000,337.500,0.000,420.000,0.000,0.000
1270,0,0,360.000,0.000,420.000,360.000,0.000,420.000,0.000,0.000
1271,0,0,382.500,0.000,420.000,382.500,0.000,420.000,0.000,0.000
1272,0,0,405.000,0.000,420.000,405.000,0.000,420.000,0.000,0.000
1273,0,0,427.500,0.000,420.000,427.500,0.000,420.000,0.000,0.000
1274,0,0,450.000,0.000,420.000,450.000,0.000,420.000,0.000,0.000
1275,0,0,472.500,0.000,420.000,472.500,0.000,420.000,0.000,0.000
1276,0,0,495.000,0.000,420.000,495.000,0.000,420.000,0.000,0.000
1277,0,0,517.500,0.000,420.000,517.500,0.000,420.000,0.000,0.000
1278,0,0,540.000,0.000,420.000,540.000,0.000,420.000,0.000,0.000
1279,0,0,562.500,0.000,420.000,562.500,0.000,420.000,0.000,0.000
1280,0,0,585.000,0.000,420.000,585.000,0.000,420.000,0.000,0.000
1281,0,0,607.500,0.000,420.000,607.500,0.000,420.000,0.000,0.000
1282,0,0,630.000,0.000,420.000,630.000,0.000,420.000,0.000,0.000
1283,0,0,0.000,0.000,427.500,0.000,0.000,427.500,0.000,0.000
1284,0,0,11.250,0.000,427.500,11.250,0.000,427.500,0.000,0.000
1285,0,0,33.750,0.000,427.500,33.750,0.000,427.500,0.000,0.000
1286,0,0,56.250,0.000,427.500,56.250,0.000,427.500,0.000,0.000
1287,0,0,78.750,0.000,427.500,78.750,0.000,427.500,0.000,0.000
1288,0,0,101.250,0.000,427.500,101.250,0.000,427.500,0.000,0.000
1289,0,0,123.750,0.000,427.500,123.750,0.000,427.500,0.000,0.000
1290,0,0,146.250,0.000,427.500,146.250,0.000,427.500,0.000,0.000
1291,0,0,168.750,0.000,427.500,168.750,0.000,427.500,0.000,0.000
1292,0,0,191.250,0.000,427.500,191.250,0.000,427.500,0.000,0.000
1293,0,0,213.750,0.000,427.500,213.750,0.000,427.500,0.000,0.000
1294,0,0,236.250,0.000,427.500,236.250,0.000,427.500,0.000,0.000
1295,0,0,258.750,0.000,427.500,258.750,0.000,427.500,0.000,0.000
1296,0,0,281.250,0.000,427.500,281.250,0.000,427.500,0.000,0.000
1297,0,0,303.750,0.000,427.500,303.750,0.000,427.500,0.000,0.000
1298,0,0,326.250,0.000,427.500,326.250,0.000,427.500,0.000,0.000
1299,0,0,348.750,0.000,427.500,348.750,0.000,427.500,0.000,0.000
1300,0,0,371.250,0.000,427.500,371.250,0.000,427.500,0.000,0.000
1301,0,0,393.750,0.000,427.500,393.750,0.000,427.500,0.000,0.000
1302,0,0,416.250,0.000,427.500,416.250,0.000,427.500,0.000,0.000
1303,0,0,438.750,0.000,427.500,438.750,0.000,427.500,0.000,0.000
1304,0,0,461.250,0.000,427.500,461.250,0.000,427.500,0.000,0.000
1305,0,0,483.750,0.000,427.500,483.750,0.000,427.500,0.000,0.000
1306,0,0,506.250,0.000,427.500,506.250,0.000,427.500,0.000,0.000
1307,0,0,528.750,0.000,427.500,528.750,0.000,427.500,0.000,0.000
1308,0,0,551.250,0.000,427.500,551.250,0.000,427.500,0.000,0.000
1309,0,0,573.750,0.000,427.500,573.750,0.000,427.500,0.000,0.000
1310,0,0,596.250,0.000,427.500,596.250,0.000,427.500,0.000,0.000
1311,0,0,618.750,0.000,427.500,618.750,0.000,427.500,0.000,0.000
1312,0,0,641.250,0.000,427.500,641.250,0.000,427.500,0.000,0.000
1313,0,0,0.000,0.000,435.000,0.000,0.000,435.000,0.000,0.000
1314,0,0,22.500,0.000,435.000,22.500,0.000,435.000,0.000,0.000
1315,0,0,45.000,0.000,435.000,45.000,0.000,435.000,0.000,0.000
1316,0,0,67.500,0.000,435.000,67.500,0.000,435.000,0.000,0.000
1317,0,0,90.000,0.000,435.000,90.000,0.000,435.000,0.000,0.000
1318,0,0,112.500,0.000,435.000,112.500,0.000,435.000,0.000,0.000
1319,0,0,135.000,0.000,435.000,135.000,0.000,435.000,0.000,0.000
1320,0,0,157.500,0.000,435.000,157.500,0.000,435.000,0.000,0.000
1321,0,0,180.000,0.000,435.000,180.000,0.000,435.000,0.000,0.000
1322,0,0,202.500,0.000,435.000,202.500,0.000,435.000,0.000,0.000
1323,0,0,225.000,0.000,435.000,225.000,0.000,435.000,0.000,0.000
1324,0,0,247.500,0.000,435.000,247.500,0.000,435.000,0.000,0.000
1325,0,0,270.000,0.000,435.000,270.000,0.000,435.000,0.000,0.000
1326,0,0,292.500,0.000,435.000,292.500,0.000,435.000,0.000,0.000
1327,0,0,315.000,0.000,435.000,315.000,0.000,435.000,0.000,0.000
1328,0,0,337.500,0.000,435.000,337.500,0.000,435.000,0.000,0.000
1329,0,0,360.000,0.000,435.000,360.000,0.000,435.000,0.000,0.000
1330,0,0,382.500,0.000,435.000,382.500,0.000,435.000,0.000,0.000
1331,0,0,405.000,0.000,435.000,405.000,0.000,435.000,0.000,0.000
1332,0,0,427.500,0.000,435.000,427.500,0.000,435.000,0.000,0.000
1333,0,0,450.000,0.000,435.000,450.000,0.000,435.000,0.000,0.000
1334,0,0,472.500,0.000,435.000,472.500,0.000,435.000,0.000,0.000
1335,0,0,495.000,0.000,435.000,495.000,0.000,435.000,0.000,0.000
1336,0,0,517.500,0.000,435.000,517.500,0.000,435.000,0.000,0.000
1337,0,0,540.000,0.000,435.000,540.000,0.000,435.000,0.000,0.000
1338,0,0,562.500,0.000,435.000,562.500,0.000,435.000,0.000,0.000
1339,0,0,585.000,0.000,435.000,585.000,0.000,435.000,0.000,0.000
1340,0,0,607.500,0.000,435.000,607.500,0.000,435.000,0.000,0.000
1341,0,0,630.000,0.000,435.000,630.000,0.000,435.000,0.000,0.000
1342,0,0,0.000,0.000,442.500,0.000,0.000,442.500,0.000,0.000
1343,0,0,11.250,0.000,442.500,11.250,0.000,442.500,0.000,0.000
1344,0,0,33.750,0.000,442.500,33.750,0.000,442.500,0.000,0.000
1345,0,0,56.250,0.000,442.500,56.250,0.000,442.500,0.000,0.000
1346,0,0,78.750,0.000,442.500,78.750,0.000,442.500,0.000,0.000
1347,0,0,101.250,0.000,442.500,101.250,0.000,442.500,0.000,0.000
1348,0,0,123.750,0.000,442.500,123.750,0.000,442.500,0.000,0.000
1349,0,0,146.250,0.000,442.500,146.250,0.000,442.500,0.000,0.000
1350,0,0,168.750,0.000,442.500,168.750,0.000,442.500,0.000,0.000
1351,0,0,191.250,0.000,442.500,191.250,0.000,442.500,0.000,0.000
1352,0,0,213.750,0.000,442.500,213.750,0.000,442.500,0.000,0.000
1353,0,0,236.250,0.000,442.500,236.250,0.000,442.500,0.000,0.000
1354,0,0,258.750,0.000,442.500,258.750,0.000,442.500,0.000,0.000
1355,0,0,281.250,0.000,442.500,281.250,0.000,442.500,0.000,0.000
1356,0,0,303.750,0.000,442.500,303.750,0.000,442.500,0.000,0.000
1357,0,0,326.250,0.000,442.500,326.250,0.000,442.500,0.000,0.000
1358,0,0,348.750,0.000,442.500,348.750,0.000,442.500,0.000,0.000
1359,0,0,371.250,0.000,442.500,371.250,0.000,442.500,0.000,0.000
1360,0,0,393.750,0.000,442.500,393.750,0.000,442.500,0.000,0.000
1361,0,0,416.250,0.000,442.500,416.250,0.000,442.500,0.000,0.000
1362,0,0,438.750,0.000,442.500,438.750,0.000,442.500,0.000,0.000
1363,0,0,461.250,0.000,442.500,461.250,0.000,442.500,0.000,0.000
1364,0,0,483.750,0.000,442.500,483.750,0.000,442.500,0.000,0.000
1365,0,0,506.250,0.000,442.500,506.250,0.000,442.500,0.000,0.000
1366,0,0,528.750,0.000,442.500,528.750,0.000,442.500,0.000,0.000
1367,0,0,551.250,0.000,442.500,551.250,0.000,442.500,0.000,0.000
1368,0,0,573.750,0.000,442.500,573.750,0.000,442.500,0.000,0.000
1369,0,0,596.250,0.000,442.500,596.250,0.000,442.500,0.000,0.000
1370,0,0,618.750,0.000,442.500,618.750,0.000,442.500,0.000,0.000
1371,0,0,641.250,0.000,442.500,641.250,0.000,442.500,0.000,0.000
1372,0,0,0.000,0.000,450.000,0.000,0.000,450.000,0.000,0.000
1373,0,0,22.500,0.000,450.000,22.500,0.000,450.000,0.000,0.000
1374,0,0,45.000,0.000,450.000,45.000,0.000,450.000,0.000,0.000
1375,0,0,67.500,0.000,450.000,67.500,0.000,450.000,0.000,0.000
1376,0,0,90.000,0.000,450.000,90.000,0.000,450.000,0.000,0.000
1377,0,0,112.500,0.000,450.000,112.500,0.000,450.000,0.000,0.000
1378,0,0,135.000,0.000,450.000,135.000,0.000,450.000,0.000,0.000
1379,0,0,157.500,0.000,450.000,157.500,0.000,450.000,0.000,0.000
1380,0,0,180.000,0.000,450.000,180.000,0.000,450.000,0.000,0.000
1381,0,0,202.500,0.000,450.000,202.500,0.000,450.000,0.000,0.000
1382,0,0,225.000,0.000,450.000,225.000,0.000,450.000,0.000,0.000
1383,0,0,247.500,0.000,450.000,247.500,0.000,450.000,0.000,0.000
1384,0,0,270.000,0.000,450.000,270.000,0.000,450.000,0.000,0.000
1385,0,0,292.500,0.000,450.000,292.500,0.000,450.000,0.000,0.000
1386,0,0,315.000,0.000,450.000,315.000,0.000,450.000,0.000,0.000
1387,0,0,337.500,0.000,450.000,337.500,0.000,450.000,0.000,0.000
1388,0,0,360.000,0.000,450.000,360.000,0.000,450.000,0.000,0.000
1389,0,0,382.500,0.000,450.000,382.500,0.000,450.000,0.000,0.000
1390,0,0,405.000,0.000,450.000,405.000,0.000,450.000,0.000,0.000
1391,0,0,427.500,0.000,450.000,427.500,0.000,450.000,0.000,0.000
1392,0,0,450.000,0.000,450.000,450.000,0.000,450.000,0.000,0.000
1393,0,0,472.500,0.000,450.000,472.500,0.000,450.000,0.000,0.000
1394,0,0,495.000,0.000,450.000,495.000,0.000,450.000,0.000,0.000
1395,0,0,517.500,0.000,450.000,517.500,0.000,450.000,0.000,0.000
1396,0,0,540.000,0.000,450.000,540.000,0.000,450.000,0.000,0.000
1397,0,0,562.500,0.000,450.000,562.500,0.000,450.000,0.000,0.000
1398,0,0,585.000,0.000,450.000,585.000,0.000,450.000,0.000,0.000
1399,0,0,607.500,0.000,450.000,607.500,0.000,450.000,0.000,0.000
1400,0,0,630.000,0.000,450.000,630.000,0.000,450.000,0.000,0.000
1401,0,0,0.000,0.000,457.500,0.000,0.000,457.500,0.000,0.000
1402,0,0,11.250,0.000,457.500,11.250,0.000,457.500,0.000,0.000
1403,0,0,33.750,0.000,457.500,33.750,0.000,457.500,0.000,0.000
1404,0,0,56.250,0.000,457.500,56.250,0.000,457.500,0.000,0.000
1405,0,0,78.750,0.000,457.500,78.750,0.000,457.500,0.000,0.000
1406,0,0,101.250,0.000,457.500,101.250,0.000,457.500,0.000,0.000
1407,0,0,123.750,0.000,457.500,123.750,0.000,457.500,0.000,0.000
1408,0,0,146.250,0.000,457.500,146.250,0.000,457.500,0.000,0.000
1409,0,0,168.750,0.000,457.500,168.750,0.000,457.500,0.000,0.000
1410,0,0,191.250,0.000,457.500,191.250,0.000,457.500,0.000,0.000
1411,0,0,213.750,0.000,457.500,213.750,0.000,457.500,0.000,0.000
1412,0,0,236.250,0.000,457.500,236.250,0.000,457.500,0.000,0.000
1413,0,0,258.750,0.000,457.500,258.750,0.000,457.500,0.000,0.000
1414,0,0,281.250,0.000,457.500,281.250,0.000,457.500,0.000,0.000
1415,0,0,303.750,0.000,457.500,303.750,0.000,457.500,0.000,0.000
1416,0,0,326.250,0.000,457.500,326.250,0.000,457.500,0.000,0.000
1417,0,0,348.750,0.000,457.500,348.750,0.000,457.500,0.000,0.000
1418,0,0,371.250,0.000,457.500,371.250,0.000,457.500,0.000,0.000
1419,0,0,393.750,0.000,457.500,393.750,0.000,457.500,0.000,0.000
1420,0,0,416.250,0.000,457.500,416.250,0.000,457.500,0.000,0.000
1421,0,0,438.750,0.000,457.500,438.750,0.000,457.500,0.000,0.000
1422,0,0,461.250,0.000,457.500,461.250,0.000,457.500,0.000,0.000
1423,0,0,483.750,0.000,457.500,483.750,0.000,457.500,0.000,0.000
1424,0,0,506.250,0.000,457.500,506.250,0.000,457.500,0.000,0.000
1425,0,0,528.750,0.000,457.500,528.750,0.000,457.500,0.000,0.000
1426,0,0,551.250,0.000,457.500,551.250,0.000,457.500,0.000,0.000
1427,0,0,573.750,0.000,457.500,573.750,0.000,457.500,0.000,0.000
1428,0,0,596.250,0.000,457.500,596.250,0.000,457.500,0.000,0.000
1429,0,0,618.750,0.000,457.500,618.750,0.000,457.500,0.000,0.000
1430,0,0,641.250,0.000,457.500,641.250,0.000,457.500,0.000,0.000
1431,0,0,0.000,-5.000,465.000,0.000,-5.000,465.000,0.000,0.000
1432,0,0,45.000,-5.000,465.000,45.000,-5.000,465.000,0.000,0.000
1433,0,0,90.000,-5.000,465.000,90.000,-5.000,465.000,0.000,0.000
1434,0,0,135.000,-5.000,465.000,135.000,-5.000,465.000,0.000,0.000
1435,0,0,180.000,-5.000,465.000,180.000,-5.000,465.000,0.000,0.000
1436,0,0,225.000,-5.000,465.000,225.000,-5.000,465.000,0.000,0.000
1437,0,0,270.000,-5.000,465.000,270.000,-5.000,465.000,0.000,0.000
1438,0,0,315.000,-5.000,465.000,315.000,-5.000,465.000,0.000,0.000
1439,0,0,360.000,-5.000,465.000,360.000,-5.000,465.000,0.000,0.000
1440,0,0,405.000,-5.000,465.000,405.000,-5.000,465.000,0.000,0.000
1441,0,0,450.000,-5.000,465.000,450.000,-5.000,465.000,0.000,0.000
1442,0,0,495.000,-5.000,465.000,495.000,-5.000,465.000,0.000,0.000
1443,0,0,540.000,-5.000,465.000,540.000,-5.000,465.000,0.000,0.000
1444,0,0,585.000,-5.000,465.000,585.000,-5.000,465.000,0.000,0.000
1445,0,0,630.000,-5.000,465.000,630.000,-5.000,465.000,0.000,0.000
1446,0,0,0.000,326.250,-0.000,0.000,326.250,-0.000,0.000,0.000
1447,0,0,45.000,326.250,-0.000,45.000,326.250,-0.000,0.000,0.000
1448,0,0,90.000,326.250,-0.000,90.000,326.250,-0.000,0.000,0.000
1449,0,0,135.000,326.250,-0.000,135.000,326.250,-0.000,0.000,0.000
1450,0,0,180.000,326.250,-0.000,180.000,326.250,-0.000,0.000,0.000
1451,0,0,225.000,326.250,-0.000,225.000,326.250,-0.000,0.000,0.000
1452,0,0,270.000,326.250,-0.000,270.000,326.250,-0.000,0.000,0.000
1453,0,0,315.000,326.250,-0.000,315.000,326.250,-0.000,0.000,0.000
1454,0,0,360.000,326.250,-0.000,360.000,326.250,-0.000,0.000,0.000
1455,0,0,405.000,326.250,-0.000,405.000,326.250,-0.000,0.000,0.000
1456,0,0,450.000,326.250,-0.000,450.000,326.250,-0.000,0.000,0.000
1457,0,0,495.000,326.250,-0.000,495.000,326.250,-0.000,0.000,0.000
1458,0,0,540.000,326.250,-0.000,540.000,326.250,-0.000,0.000,0.000
1459,0,0,585.000,326.250,-0.000,585.000,326.250,-0.000,0.000,0.000
1460,0,0,630.000,326.250,-0.000,630.000,326.250,-0.000,0.000,0.000
1461,0,0,0.000,326.250,15.000,0.000,326.250,15.000,0.000,0.000
1462,0,0,22.500,326.250,15.000,22.500,326.250,15.000,0.000,0.000
1463,0,0,45.000,326.250,15.000,45.000,326.250,15.000,0.000,0.000
1464,0,0,67.500,326.250,15.000,67.500,326.250,15.000,0.000,0.000
1465,0,0,90.000,326.250,15.000,90.000,326.250,15.000,0.000,0.000
1466,0,0,112.500,326.250,15.000,112.500,326.250,15.000,0.000,0.000
1467,0,0,135.000,326.250,15.000,135.000,326.250,15.000,0.000,0.000
1468,0,0,157.500,326.250,15.000,157.500,326.250,15.000,0.000,0.000
1469,0,0,180.000,326.250,15.000,180.000,326.250,15.000,0.000,0.000
1470,0,0,202.500,326.250,15.000,202.500,326.250,15.000,0.000,0.000
1471,0,0,225.000,326.250,15.000,225.000,326.250,15.000,0.000,0.000
1472,0,0,247.500,326.250,15.000,247.500,326.250,15.000,0.000,0.000
1473,0,0,270.000,326.250,15.000,270.000,326.250,15.000,0.000,0.000
1474,0,0,292.500,326.250,15.000,292.500,326.250,15.000,0.000,0.000
1475,0,0,315.000,326.250,15.000,315.000,326.250,15.000,0.000,0.000
1476,0,0,337.500,326.250,15.000,337.500,326.250,15.000,0.000,0.000
1477,0,0,360.000,326.250,15.000,360.000,326.250,15.000,0.000,0.000
1478,0,0,382.500,326.250,15.000,382.500,326.250,15.000,0.000,0.000
1479,0,0,405.000,326.250,15.000,405.000,326.250,15.000,0.000,0.000
1480,0,0,427.500,326.250,15.000,427.500,326.250,15.000,0.000,0.000
1481,0,0,450.000,326.250,15.000,450.000,326.250,15.000,0.000,0.000
1482,0,0,472.500,326.250,15.000,472.500,326.250,15.000,0.000,0.000
1483,0,0,495.000,326.250,15.000,495.000,326.250,15.000,0.000,0.000
1484,0,0,517.500,326.250,15.000,517.500,326.250,15.000,0.000,0.000
1485,0,0,540.000,326.250,15.000,540.000,326.250,15.000,0.000,0.000
1486,0,0,562.500,326.250,15.000,562.500,326.250,15.000,0.000,0.000
1487,0,0,585.000,326.250,15.000,585.000,326.250,15.000,0.000,0.000
1488,0,0,607.500,326.250,15.000,607.500,326.250,15.000,0.000,0.000
1489,0,0,630.000,326.250,15.000,630.000,326.250,15.000,0.000,0.000
1490,0,0,0.000,326.250,22.500,0.000,326.250,22.500,0.000,0.000
1491,0,0,11.250,326.250,22.500,11.250,326.250,22.500,0.000,0.000
1492,0,0,33.750,326.250,22.500,33.750,326.250,22.500,0.000,0.000
1493,0,0,56.250,326.250,22.500,56.250,326.250,22.500,0.000,0.000
1494,0,0,78.750,326.250,22.500,78.750,326.250,22.500,0.000,0.000
1495,0,0,101.250,326.250,22.500,101.250,326.250,22.500,0.000,0.000
1496,0,0,123.750,326.250,22.500,123.750,326.250,22.500,0.000,0.000
1497,0,0,146.250,326.250,22.500,146.250,326.250,22.500,0.000,0.000
1498,0,0,168.750,326.250,22.500,168.750,326.250,22.500,0.000,0.000
1499,0,0,191.250,326.250,22.500,191.250,326.250,22.500,0.000,0.000
1500,0,0,213.750,326.250,22.500,213.750,326.250,22.500,0.000,0.000
1501,0,0,236.250,326.250,22.500,236.250,326.250,22.500,0.000,0.000
1502,0,0,258.750,326.250,22.500,258.750,326.250,22.500,0.000,0.000
1503,0,0,281.250,326.250,22.500,281.250,326.250,22.500,0.000,0.000
1504,0,0,303.750,326.250,22.500,303.750,326.250,22.500,0.000,0.000
1505,0,0,326.250,326.250,22.500,326.250,326.250,22.500,0.000,0.000
1506,0,0,348.750,326.250,22.500,348.750,326.250,22.500,0.000,0.000
1507,0,0,371.250,326.250,22.500,371.250,326.250,22.500,0.000,0.000
1508,0,0,393.750,326.250,22.500,393.750,326.250,22.500,0.000,0.000
1509,0,0,416.250,326.250,22.500,416.250,326.250,22.500,0.000,0.000
1510,0,0,438.750,326.250,22.500,438.750,326.250,22.500,0.000,0.000
1511,0,0,461.250,326.250,22.500,461.250,326.250,22.500,0.000,0.000
1512,0,0,483.750,326.250,22.500,483.750,326.250,22.500,0.000,0.000
1513,0,0,506.250,326.250,22.500,506.250,326.250,22.500,0.000,0.000
1514,0,0,528.750,326.250,22.500,528.750,326.250,22.500,0.000,0.000
1515,0,0,551.250,326.250,22.500,551.250,326.250,22.500,0.000,0.000
1516,0,0,573.750,326.250,22.500,573.750,326.250,22.500,0.000,0.000
1517,0,0,596.250,326.250,22.500,596.250,326.250,22.500,0.000,0.000
1518,0,0,618.750,326.250,22.500,618.750,326.250,22.500,0.000,0.000
1519,0,0,641.250,326.250,22.500,641.250,326.250,22.500,0.000,0.000
1520,0,0,0.000,326.250,30.000,0.000,326.250,30.000,0.000,0.000
1521,0,0,22.500,326.250,30.000,22.500,326.250,30.000,0.000,0.000
1522,0,0,45.000,326.250,30.000,45.000,326.250,30.000,0.000,0.000
1523,0,0,67.500,326.250,30.000,67.500,326.250,30.000,0.000,0.000
1524,0,0,90.000,326.250,30.000,90.000,326.250,30.000,0.000,0.000
1525,0,0,112.500,326.250,30.000,112.500,326.250,30.000,0.000,0.000
1526,0,0,135.000,326.250,30.000,135.000,326.250,30.000,0.000,0.000
1527,0,0,157.500,326.250,30.000,157.500,326.250,30.000,0.000,0.000
1528,0,0,180.000,326.250,30.000,180.000,326.250,30.000,0.000,0.000
1529,0,0,202.500,326.250,30.000,202.500,326.250,30.000,0.000,0.000
1530,0,0,225.000,326.250,30.000,225.000,326.250,30.000,0.000,0.000
1531,0,0,247.500,326.250,30.000,247.500,326.250,30.000,0.000,0.000
1532,0,0,270.000,326.250,30.000,270.000,326.250,30.000,0.000,0.000
1533,0,0,292.500,326.250,30.000,292.500,326.250,30.000,0.000,0.000
1534,0,0,315.000,326.250,30.000,315.000,326.250,30.000,0.000,0.000
1535,0,0,337.500,326.250,30.000,337.500,326.250,30.000,0.000,0.000
1536,0,0,360.000,326.250,30.000,360.000,326.250,30.000,0.000,0.000
1537,0,0,382.500,326.250,30.000,382.500,326.250,30.000,0.000,0.000
1538,0,0,405.000,326.250,30.000,405.000,326.250,30.000,0.000,0.000
1539,0,0,427.500,326.250,30.000,427.500,326.250,30.000,0.000,0.000
1540,0,0,450.000,326.250,30.000,450.000,326.250,30.000,0.000,0.000
1541,0,0,472.500,326.250,30.000,472.500,326.250,30.000,0.000,0.000
1542,0,0,495.000,326.250,30.000,495.000,326.250,30.000,0.000,0.000
1543,0,0,517.500,326.250,30.000,517.500,326.250,30.000,0.000,0.000
1544,0,0,540.000,326.250,30.000,540.000,326.250,30.000,0.000,0.000
1545,0,0,562.500,326.250,30.000,562.500,326.250,30.000,0.000,0.000
1546,0,0,585.000,326.250,30.000,585.000,326.250,30.000,0.000,0.000
1547,0,0,607.500,326.250,30.000,607.500,326.250,30.000,0.000,0.000
1548,0,0,630.000,326.250,30.000,630.000,326.250,30.000,0.000,0.000
1549,0,0,0.000,326.250,37.500,0.000,326.250,37.500,0.000,0.000
1550,0,0,11.250,326.250,37.500,11.250,326.250,37.500,0.000,0.000
1551,0,0,33.750,326.250,37.500,33.750,326.250,37.500,0.000,0.000
1552,0,0,56.250,326.250,37.500,56.250,326.250,37.500,0.000,0.000
1553,0,0,78.750,326.250,37.500,78.750,326.250,37.500,0.000,0.000
1554,0,0,101.250,326.250,37.500,101.250,326.250,37.500,0.000,0.000
1555,0,0,123.750,326.250,37.500,123.750,326.250,37.500,0.000,0.000
1556,0,0,146.250,326.250,37.500,146.250,326.250,37.500,0.000,0.000
1557,0,0,168.750,326.250,37.500,168.750,326.250,37.500,0.000,0.000
1558,0,0,191.250,326.250,37.500,191.250,326.250,37.500,0.000,0.000
1559,0,0,213.750,326.250,37.500,213.750,326.250,37.500,0.000,0.000
1560,0,0,236.250,326.250,37.500,236.250,326.250,37.500,0.000,0.000
1561,0,0,258.750,326.250,37.500,258.750,326.250,37.500,0.000,0.000
1562,0,0,281.250,326.250,37.500,281.250,326.250,37.500,0.000,0.000
1563,0,0,303.750,326.250,37.500,303.750,326.250,37.500,0.000,0.000
1564,0,0,326.250,326.250,37.500,326.250,326.250,37.500,0.000,0.000
1565,0,0,348.750,326.250,37.500,348.750,326.250,37.500,0.000,0.000
1566,0,0,371.250,326.250,37.500,371.250,326.250,37.500,0.000,0.000
1567,0,0,393.750,326.250,37.500,393.750,326.250,37.500,0.000,0.000
1568,0,0,416.250,326.250,37.500,416.250,326.250,37.500,0.000,0.000
1569,0,0,438.750,326.250,37.500,438.750,326.250,37.500,0.000,0.000
1570,0,0,461.250,326.250,37.500,461.250,326.250,37.500,0.000,0.000
1571,0,0,483.750,326.250,37.500,483.750,326.250,37.500,0.000,0.000
1572,0,0,506.250,326.250,37.500,506.250,326.250,37.500,0.000,0.000
1573,0,0,528.750,326.250,37.500,528.750,326.250,37.500,0.000,0.000
1574,0,0,551.250,326.250,37.500,551.250,326.250,37.500,0.000,0.000
1575,0,0,573.750,326.250,37.500,573.750,326.250,37.500,0.000,0.000
1576,0,0,596.250,326.250,37.500,596.250,326.250,37.500,0.000,0.000
1577,0,0,618.750,326.250,37.500,618.750,326.250,37.500,0.000,0.000
1578,0,0,641.250,326.250,37.500,641.250,326.250,37.500,0.000,0.000
1579,0,0,0.000,326.250,45.000,0.000,326.250,45.000,0.000,0.000
1580,0,0,22.500,326.250,45.000,22.500,326.250,45.000,0.000,0.000
1581,0,0,45.000,326.250,45.000,45.000,326.250,45.000,0.000,0.000
1582,0,0,67.500,326.250,45.000,67.500,326.250,45.000,0.000,0.000
1583,0,0,90.000,326.250,45.000,90.000,326.250,45.000,0.000,0.000
1584,0,0,112.500,326.250,45.000,112.500,326.250,45.000,0.000,0.000
1585,0,0,135.000,326.250,45.000,135.000,326.250,45.000,0.000,0.000
1586,0,0,157.500,326.250,45.000,157.500,326.250,45.000,0.000,0.000
1587,0,0,180.000,326.250,45.000,180.000,326.250,45.000,0.000,0.000
1588,0,0,202.500,326.250,45.000,202.500,326.250,45.000,0.000,0.000
1589,0,0,225.000,326.250,45.000,225.000,326.250,45.000,0.000,0.000
1590,0,0,247.500,326.250,45.000,247.500,326.250,45.000,0.000,0.000
1591,0,0,270.000,326.250,45.000,270.000,326.250,45.000,0.000,0.000
1592,0,0,292.500,326.250,45.000,292.500,326.250,45.000,0.000,0.000
1593,0,0,315.000,326.250,45.000,315.000,326.250,45.000,0.000,0.000
1594,0,0,337.500,326.250,45.000,337.500,326.250,45.000,0.000,0.000
1595,0,0,360.000,326.250,45.000,360.000,326.250,45.000,0.000,0.000
1596,0,0,382.500,326.250,45.000,382.500,326.250,45.000,0.000,0.000
1597,0,0,405.000,326.250,45.000,405.000,326.250,45.000,0.000,0.000
1598,0,0,427.500,326.250,45.000,427.500,326.250,45.000,0.000,0.000
1599,0,0,450.000,326.250,45.000,450.000,326.250,45.000,0.000,0.000
1600,0,0,472.500,326.250,45.000,472.500,326.250,45.000,0.000,0.000
1601,0,0,495.000,326.250,45.000,495.000,326.250,45.000,0.000,0.000
1602,0,0,517.500,326.250,45.000,517.500,326.250,45.000,0.000,0.000
1603,0,0,540.000,326.250,45.000,540.000,326.250,45.000,0.000,0.000
1604,0,0,562.500,326.250,45.000,562.500,326.250,45.000,0.000,0.000
1605,0,0,585.000,326.250,45.000,585.000,326.250,45.000,0.000,0.000
1606,0,0,607.500,326.250,45.000,607.500,326.250,45.000,0.000,0.000
1607,0,0,630.000,326.250,45.000,630.000,326.250,45.000,0.000,0.000
1608,0,0,0.000,326.250,52.500,0.000,326.250,52.500,0.000,0.000
1609,0,0,11.250,326.250,52.500,11.250,326.250,52.500,0.000,0.000
1610,0,0,33.750,326.250,52.500,33.750,326.250,52.500,0.000,0.000
1611,0,0,56.250,326.250,52.500,56.250,326.250,52.500,0.000,0.000
1612,0,0,135.000,326.250,52.500,135.000,326.250,52.500,0.000,0.000
1613,0,0,146.250,326.250,52.500,146.250,326.250,52.500,0.000,0.000
1614,0,0,168.750,326.250,52.500,168.750,326.250,52.500,0.000,0.000
1615,0,0,247.500,326.250,52.500,247.500,326.250,52.500,0.000,0.000
1616,0,0,258.750,326.250,52.500,258.750,326.250,52.500,0.000,0.000
1617,0,0,281.250,326.250,52.500,281.250,326.250,52.500,0.000,0.000
1618,0,0,360.000,326.250,52.500,360.000,326.250,52.500,0.000,0.000
1619,0,0,371.250,326.250,52.500,371.250,326.250,52.500,0.000,0.000
1620,0,0,393.750,326.250,52.500,393.750,326.250,52.500,0.000,0.000
1621,0,0,472.500,326.250,52.500,472.500,326.250,52.500,0.000,0.000
1622,0,0,483.750,326.250,52.500,483.750,326.250,52.500,0.000,0.000
1623,0,0,506.250,326.250,52.500,506.250,326.250,52.500,0.000,0.000
1624,0,0,585.000,326.250,52.500,585.000,326.250,52.500,0.000,0.000
1625,0,0,596.250,326.250,52.500,596.250,326.250,52.500,0.000,0.000
1626,0,0,618.750,326.250,52.500,618.750,326.250,52.500,0.000,0.000
1627,0,0,641.250,326.250,52.500,641.250,326.250,52.500,0.000,0.000
1628,0,0,67.500,326.250,52.500,67.500,326.250,52.500,0.000,0.000
1629,0,0,180.000,326.250,52.500,180.000,326.250,52.500,0.000,0.000
1630,0,0,292.500,326.250,52.500,292.500,326.250,52.500,0.000,0.000
1631,0,0,405.000,326.250,52.500,405.000,326.250,52.500,0.000,0.000
1632,0,0,517.500,326.250,52.500,517.500,326.250,52.500,0.000,0.000
1633,0,0,0.000,326.250,60.000,0.000,326.250,60.000,0.000,0.000
1634,0,0,22.500,326.250,60.000,22.500,326.250,60.000,0.000,0.000
1635,0,0,45.000,326.250,60.000,45.000,326.250,60.000,0.000,0.000
1636,0,0,67.500,326.250,60.000,67.500,326.250,60.000,0.000,0.000
1637,0,0,123.750,326.250,60.000,123.750,326.250,60.000,0.000,0.000
1638,0,0,135.000,326.250,60.000,135.000,326.250,60.000,0.000,0.000
1639,0,0,157.500,326.250,60.000,157.500,326.250,60.000,0.000,0.000
1640,0,0,180.000,326.250,60.000,180.000,326.250,60.000,0.000,0.000
1641,0,0,236.250,326.250,60.000,236.250,326.250,60.000,0.000,0.000
1642,0,0,247.500,326.250,60.000,247.500,326.250,60.000,0.000,0.000
1643,0,0,270.000,326.250,60.000,270.000,326.250,60.000,0.000,0.000
1644,0,0,292.500,326.250,60.000,292.500,326.250,60.000,0.000,0.000
1645,0,0,348.750,326.250,60.000,348.750,326.250,60.000,0.000,0.000
1646,0,0,360.000,326.250,60.000,360.000,326.250,60.000,0.000,0.000
1647,0,0,382.500,326.250,60.000,382.500,326.250,60.000,0.000,0.000
1648,0,0,405.000,326.250,60.000,405.000,326.250,60.000,0.000,0.000
1649,0,0,461.250,326.250,60.000,461.250,326.250,60.000,0.000,0.000
1650,0,0,472.500,326.250,60.000,472.500,326.250,60.000,0.000,0.000
1651,0,0,495.000,326.250,60.000,495.000,326.250,60.000,0.000,0.000
1652,0,0,517.500,326.250,60.000,517.500,326.250,60.000,0.000,0.000
1653,0,0,573.750,326.250,60.000,573.750,326.250,60.000,0.000,0.000
1654,0,0,585.000,326.250,60.000,585.000,326.250,60.000,0.000,0.000
1655,0,0,607.500,326.250,60.000,607.500,326.250,60.000,0.000,0.000
1656,0,0,630.000,326.250,60.000,630.000,326.250,60.000,0.000,0.000
1657,0,0,0.000,326.250,67.500,0.000,326.250,67.500,0.000,0.000
1658,0,0,11.250,326.250,67.500,11.250,326.250,67.500,0.000,0.000
1659,0,0,33.750,326.250,67.500,33.750,326.250,67.500,0.000,0.000
1660,0,0,56.250,326.250,67.500,56.250,326.250,67.500,0.000,0.000
1661,0,0,123.750,326.250,67.500,123.750,326.250,67.500,0.000,0.000
1662,0,0,146.250,326.250,67.500,146.250,326.250,67.500,0.000,0.000
1663,0,0,168.750,326.250,67.500,168.750,326.250,67.500,0.000,0.000
1664,0,0,236.250,326.250,67.500,236.250,326.250,67.500,0.000,0.000
1665,0,0,258.750,326.250,67.500,258.750,326.250,67.500,0.000,0.000
1666,0,0,281.250,326.250,67.500,281.250,326.250,67.500,0.000,0.000
1667,0,0,348.750,326.250,67.500,348.750,326.250,67.500,0.000,0.000
1668,0,0,371.250,326.250,67.500,371.250,326.250,67.500,0.000,0.000
1669,0,0,393.750,326.250,67.500,393.750,326.250,67.500,0.000,0.000
1670,0,0,461.250,326.250,67.500,461.250,326.250,67.500,0.000,0.000
1671,0,0,483.750,326.250,67.500,483.750,326.250,67.500,0.000,0.000
1672,0,0,506.250,326.250,67.500,506.250,326.250,67.500,0.000,0.000
1673,0,0,573.750,326.250,67.500,573.750,326.250,67.500,0.000,0.000
1674,0,0,596.250,326.250,67.500,596.250,326.250,67.500,0.000,0.000
1675,0,0,618.750,326.250,67.500,618.750,326.250,67.500,0.000,0.000
1676,0,0,641.250,326.250,67.500,641.250,326.250,67.500,0.000,0.000
1677,0,0,0.000,326.250,75.000,0.000,326.250,75.000,0.000,0.000
1678,0,0,22.500,326.250,75.000,22.500,326.250,75.000,0.000,0.000
1679,0,0,45.000,326.250,75.000,45.000,326.250,75.000,0.000,0.000
1680,0,0,67.500,326.250,75.000,67.500,326.250,75.000,0.000,0.000
1681,0,0,123.750,326.250,75.000,123.750,326.250,75.000,0.000,0.000
1682,0,0,135.000,326.250,75.000,135.000,326.250,75.000,0.000,0.000
1683,0,0,157.500,326.250,75.000,157.500,326.250,75.000,0.000,0.000
1684,0,0,180.000,326.250,75.000,180.000,326.250,75.000,0.000,0.000
1685,0,0,236.250,326.250,75.000,236.250,326.250,75.000,0.000,0.000
1686,0,0,247.500,326.250,75.000,247.500,326.250,75.000,0.000,0.000
1687,0,0,270.000,326.250,75.000,270.000,326.250,75.000,0.000,0.000
1688,0,0,292.500,326.250,75.000,292.500,326.250,75.000,0.000,0.000
1689,0,0,348.750,326.250,75.000,348.750,326.250,75.000,0.000,0.000
1690,0,0,360.000,326.250,75.000,360.000,326.250,75.000,0.000,0.000
1691,0,0,382.500,326.250,75.000,382.500,326.250,75.000,0.000,0.000
1692,0,0,405.000,326.250,75.000,405.000,326.250,75.000,0.000,0.000
1693,0,0,461.250,326.250,75.000,461.250,326.250,75.000,0.000,0.000
1694,0,0,472.500,326.250,75.000,472.500,326.250,75.000,0.000,0.000
1695,0,0,495.000,326.250,75.000,495.000,326.250,75.000,0.000,0.000
1696,0,0,517.500,326.250,75.000,517.500,326.250,75.000,0.000,0.000
1697,0,0,573.750,326.250,75.000,573.750,326.250,75.000,0.000,0.000
1698,0,0,585.000,326.250,75.000,585.000,326.250,75.000,0.000,0.000
1699,0,0,607.500,326.250,75.000,607.500,326.250,75.000,0.000,0.000
1700,0,0,630.000,326.250,75.000,630.000,326.250,75.000,0.000,0.000
1701,0,0,0.000,326.250,82.500,0.000,326.250,82.500,0.000,0.000
1702,0,0,11.250,326.250,82.500,11.250,326.250,82.500,0.000,0.000
1703,0,0,33.750,326.250,82.500,33.750,326.250,82.500,0.000,0.000
1704,0,0,56.250,326.250,82.500,56.250,326.250,82.500,0.000,0.000
1705,0,0,123.750,326.250,82.500,123.750,326.250,82.500,0.000,0.000
1706,0,0,146.250,326.250,82.500,146.250,326.250,82.500,0.000,0.000
1707,0,0,168.750,326.250,82.500,168.750,326.250,82.500,0.000,0.000
1708,0,0,236.250,326.250,82.500,236.250,326.250,82.500,0.000,0.000
1709,0,0,258.750,326.250,82.500,258.750,326.250,82.500,0.000,0.000
1710,0,0,281.250,326.250,82.500,281.250,326.250,82.500,0.000,0.000
1711,0,0,348.750,326.250,82.500,348.750,326.250,82.500,0.000,0.000
1712,0,0,371.250,326.250,82.500,371.250,326.250,82.500,0.000,0.000
1713,0,0,393.750,326.250,82.500,393.750,326.250,82.500,0.000,0.000
1714,0,0,461.250,326.250,82.500,461.250,326.250,82.500,0.000,0.000
1715,0,0,483.750,326.250,82.500,483.750,326.250,82.500,0.000,0.000
1716,0,0,506.250,326.250,82.500,506.250,326.250,82.500,0.000,0.000
1717,0,0,573.750,326.250,82.500,573.750,326.250,82.500,0.000,0.000
1718,0,0,596.250,326.250,82.500,596.250,326.250,82.500,0.000,0.000
1719,0,0,618.750,326.250,82.500,618.750,326.250,82.500,0.000,0.000
1720,0,0,641.250,326.250,82.500,641.250,326.250,82.500,0.000,0.000
1721,0,0,0.000,326.250,90.000,0.000,326.250,90.000,0.000,0.000
1722,0,0,22.500,326.250,90.000,22.500,326.250,90.000,0.000,0.000
1723,0,0,45.000,326.250,90.000,45.000,326.250,90.000,0.000,0.000
1724,0,0,67.500,326.250,90.000,67.500,326.250,90.000,0.000,0.000
1725,0,0,123.750,326.250,90.000,123.750,326.250,90.000,0.000,0.000
1726,0,0,135.000,326.250,90.000,135.000,326.250,90.000,0.000,0.000
1727,0,0,157.500,326.250,90.000,157.500,326.250,90.000,0.000,0.000
1728,0,0,180.000,326.250,90.000,180.000,326.250,90.000,0.000,0.000
1729,0,0,236.250,326.250,90.000,236.250,326.250,90.000,0.000,0.000
1730,0,0,247.500,326.250,90.000,247.500,326.250,90.000,0.000,0.000
1731,0,0,270.000,326.250,90.000,270.000,326.250,90.000,0.000,0.000
1732,0,0,292.500,326.250,90.000,292.500,326.250,90.000,0.000,0.000
1733,0,0,348.750,326.250,90.000,348.750,326.250,90.000,0.000,0.000
1734,0,0,360.000,326.250,90.000,360.000,326.250,90.000,0.000,0.000
1735,0,0,382.500,326.250,90.000,382.500,326.250,90.000,0.000,0.000
1736,0,0,405.000,326.250,90.000,405.000,326.250,90.000,0.000,0.000
1737,0,0,461.250,326.250,90.000,461.250,326.250,90.000,0.000,0.000
1738,0,0,472.500,326.250,90.000,472.500,326.250,90.000,0.000,0.000
1739,0,0,495.000,326.250,90.000,495.000,326.250,90.000,0.000,0.000
1740,0,0,517.500,326.250,90.000,517.500,326.250,90.000,0.000,0.000
1741,0,0,573.750,326.250,90.000,573.750,326.250,90.000,0.000,0.000
1742,0,0,585.000,326.250,90.000,585.000,326.250,90.000,0.000,0.000
1743,0,0,607.500,326.250,90.000,607.500,326.250,90.000,0.000,0.000
1744,0,0,630.000,326.250,90.000,630.000,326.250,90.000,0.000,0.000
1745,0,0,0.000,326.250,97.500,0.000,326.250,97.500,0.000,0.000
1746,0,0,11.250,326.250,97.500,11.250,326.250,97.500,0.000,0.000
1747,0,0,33.750,326.250,97.500,33.750,326.250,97.500,0.000,0.000
1748,0,0,56.250,326.250,97.500,56.250,326.250,97.500,0.000,0.000
1749,0,0,123.750,326.250,97.500,123.750,326.250,97.500,0.000,0.000
1750,0,0,146.250,326.250,97.500,146.250,326.250,97.500,0.000,0.000
1751,0,0,168.750,326.250,97.500,168.750,326.250,97.500,0.000,0.000
1752,0,0,236.250,326.250,97.500,236.250,326.250,97.500,0.000,0.000
1753,0,0,258.750,326.250,97.500,258.750,326.250,97.500,0.000,0.000
1754,0,0,281.250,326.250,97.500,281.250,326.250,97.500,0.000,0.000
1755,0,0,348.750,326.250,97.500,348.750,326.250,97.500,0.000,0.000
1756,0,0,371.250,326.250,97.500,371.250,326.250,97.500,0.000,0.000
1757,0,0,393.750,326.250,97.500,393.750,326.250,97.500,0.000,0.000
1758,0,0,461.250,326.250,97.500,461.250,326.250,97.500,0.000,0.000
1759,0,0,483.750,326.250,97.500,483.750,326.250,97.500,0.000,0.000
1760,0,0,506.250,326.250,97.500,506.250,326.250,97.500,0.000,0.000
1761,0,0,573.750,326.250,97.500,573.750,326.250,97.500,0.000,0.000
1762,0,0,596.250,326.250,97.500,596.250,326.250,97.500,0.000,0.000
1763,0,0,618.750,326.250,97.500,618.750,326.250,97.500,0.000,0.000
1764,0,0,641.250,326.250,97.500,641.250,326.250,97.500,0.000,0.000
1765,0,0,0.000,326.250,105.000,0.000,326.250,105.000,0.000,0.000
1766,0,0,22.500,326.250,105.000,22.500,326.250,105.000,0.000,0.000
1767,0,0,45.000,326.250,105.000,45.000,326.250,105.000,0.000,0.000
1768,0,0,67.500,326.250,105.000,67.500,326.250,105.000,0.000,0.000
1769,0,0,123.750,326.250,105.000,123.750,326.250,105.000,0.000,0.000
1770,0,0,135.000,326.250,105.000,135.000,326.250,105.000,0.000,0.000
1771,0,0,157.500,326.250,105.000,157.500,326.250,105.000,0.000,0.000
1772,0,0,180.000,326.250,105.000,180.000,326.250,105.000,0.000,0.000
1773,0,0,236.250,326.250,105.000,236.250,326.250,105.000,0.000,0.000
1774,0,0,247.500,326.250,105.000,247.500,326.250,105.000,0.000,0.000
1775,0,0,270.000,326.250,105.000,270.000,326.250,105.000,0.000,0.000
1776,0,0,292.500,326.250,105.000,292.500,326.250,105.000,0.000,0.000
1777,0,0,348.750,326.250,105.000,348.750,326.250,105.000,0.000,0.000
1778,0,0,360.000,326.250,105.000,360.000,326.250,105.000,0.000,0.000
1779,0,0,382.500,326.250,105.000,382.500,326.250,105.000,0.000,0.000
1780,0,0,405.000,326.250,105.000,405.000,326.250,105.000,0.000,0.000
1781,0,0,461.250,326.250,105.000,461.250,326.250,105.000,0.000,0.000
1782,0,0,472.500,326.250,105.000,472.500,326.250,105.000,0.000,0.000
1783,0,0,495.000,326.250,105.000,495.000,326.250,105.000,0.000,0.000
1784,0,0,517.500,326.250,105.000,517.500,326.250,105.000,0.000,0.000
1785,0,0,573.750,326.250,105.000,573.750,326.250,105.000,0.000,0.000
1786,0,0,585.000,326.250,105.000,585.000,326.250,105.000,0.000,0.000
1787,0,0,607.500,326.250,105.000,607.500,326.250,105.000,0.000,0.000
1788,0,0,630.000,326.250,105.000,630.000,326.250,105.000,0.000,0.000
1789,0,0,0.000,326.250,112.500,0.000,326.250,112.500,0.000,0.000
1790,0,0,11.250,326.250,112.500,11.250,326.250,112.500,0.000,0.000
1791,0,0,33.750,326.250,112.500,33.750,326.250,112.500,0.000,0.000
1792,0,0,56.250,326.250,112.500,56.250,326.250,112.500,0.000,0.000
1793,0,0,123.750,326.250,112.500,123.750,326.250,112.500,0.000,0.000
1794,0,0,146.250,326.250,112.500,146.250,326.250,112.500,0.000,0.000
1795,0,0,168.750,326.250,112.500,168.750,326.250,112.500,0.000,0.000
1796,0,0,236.250,326.250,112.500,236.250,326.250,112.500,0.000,0.000
1797,0,0,258.750,326.250,112.500,258.750,326.250,112.500,0.000,0.000
1798,0,0,281.250,326.250,112.500,281.250,326.250,112.500,0.000,0.000
1799,0,0,348.750,326.250,112.500,348.750,326.250,112.500,0.000,0.000
1800,0,0,371.250,326.250,112.500,371.250,326.250,112.500,0.000,0.000
1801,0,0,393.750,326.250,112.500,393.750,326.250,112.500,0.000,0.000
1802,0,0,461.250,326.250,112.500,461.250,326.250,112.500,0.000,0.000
1803,0,0,483.750,326.250,112.500,483.750,326.250,112.500,0.000,0.000
1804,0,0,506.250,326.250,112.500,506.250,326.250,112.500,0.000,0.000
1805,0,0,573.750,326.250,112.500,573.750,326.250,112.500,0.000,0.000
1806,0,0,596.250,326.250,112.500,596.250,326.250,112.500,0.000,0.000
1807,0,0,618.750,326.250,112.500,618.750,326.250,112.500,0.000,0.000
1808,0,0,641.250,326.250,112.500,641.250,326.250,112.500,0.000,0.000
1809,0,0,0.000,326.250,120.000,0.000,326.250,120.000,0.000,0.000
1810,0,0,22.500,326.250,120.000,22.500,326.250,120.000,0.000,0.000
1811,0,0,45.000,326.250,120.000,45.000,326.250,120.000,0.000,0.000
1812,0,0,67.500,326.250,120.000,67.500,326.250,120.000,0.000,0.000
1813,0,0,123.750,326.250,120.000,123.750,326.250,120.000,0.000,0.000
1814,0,0,135.000,326.250,120.000,135.000,326.250,120.000,0.000,0.000
1815,0,0,157.500,326.250,120.000,157.500,326.250,120.000,0.000,0.000
1816,0,0,180.000,326.250,120.000,180.000,326.250,120.000,0.000,0.000
1817,0,0,236.250,326.250,120.000,236.250,326.250,120.000,0.000,0.000
1818,0,0,247.500,326.250,120.000,247.500,326.250,120.000,0.000,0.000
1819,0,0,270.000,326.250,120.000,270.000,326.250,120.000,0.000,0.000
1820,0,0,292.500,326.250,120.000,292.500,326.250,120.000,0.000,0.000
1821,0,0,348.750,326.250,120.000,348.750,326.250,120.000,0.000,0.000
1822,0,0,360.000,326.250,120.000,360.000,326.250,120.000,0.000,0.000
1823,0,0,382.500,326.250,120.000,382.500,326.250,120.000,0.000,0.000
1824,0,0,405.000,326.250,120.000,405.000,326.250,120.000,0.000,0.000
1825,0,0,461.250,326.250,120.000,461.250,326.250,120.000,0.000,0.000
1826,0,0,472.500,326.250,120.000,472.500,326.250,120.000,0.000,0.000
1827,0,0,495.000,326.250,120.000,495.000,326.250,120.000,0.000,0.000
1828,0,0,517.500,326.250,120.000,517.500,326.250,120.000,0.000,0.000
1829,0,0,573.750,326.250,120.000,573.750,326.250,120.000,0.000,0.000
1830,0,0,585.000,326.250,120.000,585.000,326.250,120.000,0.000,0.000
1831,0,0,607.500,326.250,120.000,607.500,326.250,120.000,0.000,0.000
1832,0,0,630.000,326.250,120.000,630.000,326.250,120.000,0.000,0.000
1833,0,0,0.000,326.250,127.500,0.000,326.250,127.500,0.000,0.000
1834,0,0,11.250,326.250,127.500,11.250,326.250,127.500,0.000,0.000
1835,0,0,33.750,326.250,127.500,33.750,326.250,127.500,0.000,0.000
1836,0,0,56.250,326.250,127.500,56.250,326.250,127.500,0.000,0.000
1837,0,0,123.750,326.250,127.500,123.750,326.250,127.500,0.000,0.000
1838,0,0,146.250,326.250,127.500,146.250,326.250,127.500,0.000,0.000
1839,0,0,168.750,326.250,127.500,168.750,326.250,127.500,0.000,0.000
1840,0,0,236.250,326.250,127.500,236.250,326.250,127.500,0.000,0.000
1841,0,0,258.750,326.250,127.500,258.750,326.250,127.500,0.000,0.000
1842,0,0,281.250,326.250,127.500,281.250,326.250,127.500,0.000,0.000
1843,0,0,348.750,326.250,127.500,348.750,326.250,127.500,0.000,0.000
1844,0,0,371.250,326.250,127.500,371.250,326.250,127.500,0.000,0.000
1845,0,0,393.750,326.250,127.500,393.750,326.250,127.500,0.000,0.000
1846,0,0,461.250,326.250,127.500,461.250,326.250,127.500,0.000,0.000
1847,0,0,483.750,326.250,127.500,483.750,326.250,127.500,0.000,0.000
1848,0,0,506.250,326.250,127.500,506.250,326.250,127.500,0.000,0.000
1849,0,0,573.750,326.250,127.500,573.750,326.250,127.500,0.000,0.000
1850,0,0,596.250,326.250,127.500,596.250,326.250,127.500,0.000,0.000
1851,0,0,618.750,326.250,127.500,618.750,326.250,127.500,0.000,0.000
1852,0,0,641.250,326.250,127.500,641.250,326.250,127.500,0.000,0.000
1853,0,0,0.000,326.250,135.000,0.000,326.250,135.000,0.000,0.000
1854,0,0,22.500,326.250,135.000,22.500,326.250,135.000,0.000,0.000
1855,0,0,45.000,326.250,135.000,45.000,326.250,135.000,0.000,0.000
1856,0,0,67.500,326.250,135.000,67.500,326.250,135.000,0.000,0.000
1857,0,0,123.750,326.250,135.000,123.750,326.250,135.000,0.000,0.000
1858,0,0,135.000,326.250,135.000,135.000,326.250,135.000,0.000,0.000
1859,0,0,157.500,326.250,135.000,157.500,326.250,135.000,0.000,0.000
1860,0,0,180.000,326.250,135.000,180.000,326.250,135.000,0.000,0.000
1861,0,0,236.250,326.250,135.000,236.250,326.250,135.000,0.000,0.000
1862,0,0,247.500,326.250,135.000,247.500,326.250,135.000,0.000,0.000
1863,0,0,270.000,326.250,135.000,270.000,326.250,135.000,0.000,0.000
1864,0,0,292.500,326.250,135.000,292.500,326.250,135.000,0.000,0.000
1865,0,0,348.750,326.250,135.000,348.750,326.250,135.000,0.000,0.000
1866,0,0,360.000,326.250,135.000,360.000,326.250,135.000,0.000,0.000
1867,0,0,382.500,326.250,135.000,382.500,326.250,135.000,0.000,0.000
1868,0,0,405.000,326.250,135.000,405.000,326.250,135.000,0.000,0.000
1869,0,0,461.250,326.250,135.000,461.250,326.250,135.000,0.000,0.000
1870,0,0,472.500,326.250,135.000,472.500,326.250,135.000,0.000,0.000
1871,0,0,495.000,326.250,135.000,495.000,326.250,135.000,0.000,0.000
1872,0,0,517.500,326.250,135.000,517.500,326.250,135.000,0.000,0.000
1873,0,0,573.750,326.250,135.000,573.750,326.250,135.000,0.000,0.000
1874,0,0,585.000,326.250,135.000,585.000,326.250,135.000,0.000,0.000
1875,0,0,607.500,326.250,135.000,607.500,326.250,135.000,0.000,0.000
1876,0,0,630.000,326.250,135.000,630.000,326.250,135.000,0.000,0.000
1877,0,0,0.000,326.250,142.500,0.000,326.250,142.500,0.000,0.000
1878,0,0,11.250,326.250,142.500,11.250,326.250,142.500,0.000,0.000
1879,0,0,33.750,326.250,142.500,33.750,326.250,142.500,0.000,0.000
1880,0,0,56.250,326.250,142.500,56.250,326.250,142.500,0.000,0.000
1881,0,0,123.750,326.250,142.500,123.750,326.250,142.500,0.000,0.000
1882,0,0,146.250,326.250,142.500,146.250,326.250,142.500,0.000,0.000
1883,0,0,168.750,326.250,142.500,168.750,326.250,142.500,0.000,0.000
1884,0,0,236.250,326.250,142.500,236.250,326.250,142.500,0.000,0.000
1885,0,0,258.750,326.250,142.500,258.750,326.250,142.500,0.000,0.000
1886,0,0,281.250,326.250,142.500,281.250,326.250,142.500,0.000,0.000
1887,0,0,348.750,326.250,142.500,348.750,326.250,142.500,0.000,0.000
1888,0,0,371.250,326.250,142.500,371.250,326.250,142.500,0.000,0.000
1889,0,0,393.750,326.250,142.500,393.750,326.250,142.500,0.000,0.000
1890,0,0,461.250,326.250,142.500,461.250,326.250,142.500,0.000,0.000
1891,0,0,483.750,326.250,142.500,483.750,326.250,142.500,0.000,0.000
1892,0,0,506.250,326.250,142.500,506.250,326.250,142.500,0.000,0.000
1893,0,0,573.750,326.250,142.500,573.750,326.250,142.500,0.000,0.000
1894,0,0,596.250,326.250,142.500,596.250,326.250,142.500,0.000,0.000
1895,0,0,618.750,326.250,142.500,618.750,326.250,142.500,0.000,0.000
1896,0,0,641.250,326.250,142.500,641.250,326.250,142.500,0.000,0.000
1897,0,0,0.000,326.250,150.000,0.000,326.250,150.000,0.000,0.000
1898,0,0,22.500,326.250,150.000,22.500,326.250,150.000,0.000,0.000
1899,0,0,45.000,326.250,150.000,45.000,326.250,150.000,0.000,0.000
1900,0,0,67.500,326.250,150.000,67.500,326.250,150.000,0.000,0.000
1901,0,0,123.750,326.250,150.000,123.750,326.250,150.000,0.000,0.000
1902,0,0,135.000,326.250,150.000,135.000,326.250,150.000,0.000,0.000
1903,0,0,157.500,326.250,150.000,157.500,326.250,150.000,0.000,0.000
1904,0,0,180.000,326.250,150.000,180.000,326.250,150.000,0.000,0.000
1905,0,0,236.250,326.250,150.000,236.250,326.250,150.000,0.000,0.000
1906,0,0,247.500,326.250,150.000,247.500,326.250,150.000,0.000,0.000
1907,0,0,270.000,326.250,150.000,270.000,326.250,150.000,0.000,0.000
1908,0,0,292.500,326.250,150.000,292.500,326.250,150.000,0.000,0.000
1909,0,0,348.750,326.250,150.000,348.750,326.250,150.000,0.000,0.000
1910,0,0,360.000,326.250,150.000,360.000,326.250,150.000,0.000,0.000
1911,0,0,382.500,326.250,150.000,382.500,326.250,150.000,0.000,0.000
1912,0,0,405.000,326.250,150.000,405.000,326.250,150.000,0.000,0.000
1913,0,0,461.250,326.250,150.000,461.250,326.250,150.000,0.000,0.000
1914,0,0,472.500,326.250,150.000,472.500,326.250,150.000,0.000,0.000
1915,0,0,495.000,326.250,150.000,495.000,326.250,150.000,0.000,0.000
1916,0,0,517.500,326.250,150.000,517.500,326.250,150.000,0.000,0.000
1917,0,0,573.750,326.250,150.000,573.750,326.250,150.000,0.000,0.000
1918,0,0,585.000,326.250,150.000,585.000,326.250,150.000,0.000,0.000
1919,0,0,607.500,326.250,150.000,607.500,326.250,150.000,0.000,0.000
1920,0,0,630.000,326.250,150.000,630.000,326.250,150.000,0.000,0.000
1921,0,0,0.000,326.250,157.500,0.000,326.250,157.500,0.000,0.000
1922,0,0,11.250,326.250,157.500,11.250,326.250,157.500,0.000,0.000
1923,0,0,33.750,326.250,157.500,33.750,326.250,157.500,0.000,0.000
1924,0,0,56.250,326.250,157.500,56.250,326.250,157.500,0.000,0.000
1925,0,0,123.750,326.250,157.500,123.750,326.250,157.500,0.000,0.000
1926,0,0,146.250,326.250,157.500,146.250,326.250,157.500,0.000,0.000
1927,0,0,168.750,326.250,157.500,168.750,326.250,157.500,0.000,0.000
1928,0,0,236.250,326.250,157.500,236.250,326.250,157.500,0.000,0.000
1929,0,0,258.750,326.250,157.500,258.750,326.250,157.500,0.000,0.000
1930,0,0,281.250,326.250,157.500,281.250,326.250,157.500,0.000,0.000
1931,0,0,348.750,326.250,157.500,348.750,326.250,157.500,0.000,0.000
1932,0,0,371.250,326.250,157.500,371.250,326.250,157.500,0.000,0.000
1933,0,0,393.750,326.250,157.500,393.750,326.250,157.500,0.000,0.000
1934,0,0,461.250,326.250,157.500,461.250,326.250,157.500,0.000,0.000
1935,0,0,483.750,326.250,157.500,483.750,326.250,157.500,0.000,0.000
1936,0,0,506.250,326.250,157.500,506.250,326.250,157.500,0.000,0.000
1937,0,0,573.750,326.250,157.500,573.750,326.250,157.500,0.000,0.000
1938,0,0,596.250,326.250,157.500,596.250,326.250,157.500,0.000,0.000
1939,0,0,618.750,326.250,157.500,618.750,326.250,157.500,0.000,0.000
1940,0,0,641.250,326.250,157.500,641.250,326.250,157.500,0.000,0.000
1941,0,0,0.000,326.250,165.000,0.000,326.250,165.000,0.000,0.000
1942,0,0,22.500,326.250,165.000,22.500,326.250,165.000,0.000,0.000
1943,0,0,45.000,326.250,165.000,45.000,326.250,165.000,0.000,0.000
1944,0,0,67.500,326.250,165.000,67.500,326.250,165.000,0.000,0.000
1945,0,0,123.750,326.250,165.000,123.750,326.250,165.000,0.000,0.000
1946,0,0,135.000,326.250,165.000,135.000,326.250,165.000,0.000,0.000
1947,0,0,157.500,326.250,165.000,157.500,326.250,165.000,0.000,0.000
1948,0,0,180.000,326.250,165.000,180.000,326.250,165.000,0.000,0.000
1949,0,0,236.250,326.250,165.000,236.250,326.250,165.000,0.000,0.000
1950,0,0,247.500,326.250,165.000,247.500,326.250,165.000,0.000,0.000
1951,0,0,270.000,326.250,165.000,270.000,326.250,165.000,0.000,0.000
1952,0,0,292.500,326.250,165.000,292.500,326.250,165.000,0.000,0.000
1953,0,0,348.750,326.250,165.000,348.750,326.250,165.000,0.000,0.000
1954,0,0,360.000,326.250,165.000,360.000,326.250,165.000,0.000,0.000
1955,0,0,382.500,326.250,165.000,382.500,326.250,165.000,0.000,0.000
1956,0,0,405.000,326.250,165.000,405.000,326.250,165.000,0.000,0.000
1957,0,0,461.250,326.250,165.000,461.250,326.250,165.000,0.000,0.000
1958,0,0,472.500,326.250,165.000,472.500,326.250,165.000,0.000,0.000
1959,0,0,495.000,326.250,165.000,495.000,326.250,165.000,0.000,0.000
1960,0,0,517.500,326.250,165.000,517.500,326.250,165.000,0.000,0.000
1961,0,0,573.750,326.250,165.000,573.750,326.250,165.000,0.000,0.000
1962,0,0,585.000,326.250,165.000,585.000,326.250,165.000,0.000,0.000
1963,0,0,607.500,326.250,165.000,607.500,326.250,165.000,0.000,0.000
1964,0,0,630.000,326.250,165.000,630.000,326.250,165.000,0.000,0.000
1965,0,0,0.000,326.250,172.500,0.000,326.250,172.500,0.000,0.000
1966,0,0,11.250,326.250,172.500,11.250,326.250,172.500,0.000,0.000
1967,0,0,33.750,326.250,172.500,33.750,326.250,172.500,0.000,0.000
1968,0,0,56.250,326.250,172.500,56.250,326.250,172.500,0.000,0.000
1969,0,0,123.750,326.250,172.500,123.750,326.250,172.500,0.000,0.000
1970,0,0,146.250,326.250,172.500,146.250,326.250,172.500,0.000,0.000
1971,0,0,168.750,326.250,172.500,168.750,326.250,172.500,0.000,0.000
1972,0,0,236.250,326.250,172.500,236.250,326.250,172.500,0.000,0.000
1973,0,0,258.750,326.250,172.500,258.750,326.250,172.500,0.000,0.000
1974,0,0,281.250,326.250,172.500,281.250,326.250,172.500,0.000,0.000
1975,0,0,348.750,326.250,172.500,348.750,326.250,172.500,0.000,0.000
1976,0,0,371.250,326.250,172.500,371.250,326.250,172.500,0.000,0.000
1977,0,0,393.750,326.250,172.500,393.750,326.250,172.500,0.000,0.000
1978,0,0,461.250,326.250,172.500,461.250,326.250,172.500,0.000,0.000
1979,0,0,483.750,326.250,172.500,483.750,326.250,172.500,0.000,0.000
1980,0,0,506.250,326.250,172.500,506.250,326.250,172.500,0.000,0.000
1981,0,0,573.750,326.250,172.500,573.750,326.250,172.500,0.000,0.000
1982,0,0,596.250,326.250,172.500,596.250,326.250,172.500,0.000,0.000
1983,0,0,618.750,326.250,172.500,618.750,326.250,172.500,0.000,0.000
1984,0,0,641.250,326.250,172.500,641.250,326.250,172.500,0.000,0.000
1985,0,0,0.000,326.250,180.000,0.000,326.250,180.000,0.000,0.000
1986,0,0,22.500,326.250,180.000,22.500,326.250,180.000,0.000,0.000
1987,0,0,45.000,326.250,180.000,45.000,326.250,180.000,0.000,0.000
1988,0,0,67.500,326.250,180.000,67.500,326.250,180.000,0.000,0.000
1989,0,0,123.750,326.250,180.000,123.750,326.250,180.000,0.000,0.000
1990,0,0,135.000,326.250,180.000,135.000,326.250,180.000,0.000,0.000
1991,0,0,157.500,326.250,180.000,157.500,326.250,180.000,0.000,0.000
1992,0,0,180.000,326.250,180.000,180.000,326.250,180.000,0.000,0.000
1993,0,0,236.250,326.250,180.000,236.250,326.250,180.000,0.000,0.000
1994,0,0,247.500,326.250,180.000,247.500,326.250,180.000,0.000,0.000
1995,0,0,270.000,326.250,180.000,270.000,326.250,180.000,0.000,0.000
1996,0,0,292.500,326.250,180.000,292.500,326.250,180.000,0.000,0.000
1997,0,0,348.750,326.250,180.000,348.750,326.250,180.000,0.000,0.000
1998,0,0,360.000,326.250,180.000,360.000,326.250,180.000,0.000,0.000
1999,0,0,382.500,326.250,180.000,382.500,326.250,180.000,0.000,0.000
2000,0,0,405.000,326.250,180.000,405.000,326.250,180.000,0.000,0.000
2001,0,0,461.250,326.250,180.000,461.250,326.250,180.000,0.000,0.000
2002,0,0,472.500,326.250,180.000,472.500,326.250,180.000,0.000,0.000
2003,0,0,495.000,326.250,180.000,495.000,326.250,180.000,0.000,0.000
2004,0,0,517.500,326.250,180.000,517.500,326.250,180.000,0.000,0.000
2005,0,0,573.750,326.250,180.000,573.750,326.250,180.000,0.000,0.000
2006,0,0,585.000,326.250,180.000,585.000,326.250,180.000,0.000,0.000
2007,0,0,607.500,326.250,180.000,607.500,326.250,180.000,0.000,0.000
2008,0,0,630.000,326.250,180.000,630.000,326.250,180.000,0.000,0.000
2009,0,0,0.000,326.250,187.500,0.000,326.250,187.500,0.000,0.000
2010,0,0,11.250,326.250,187.500,11.250,326.250,187.500,0.000,0.000
2011,0,0,33.750,326.250,187.500,33.750,326.250,187.500,0.000,0.000
2012,0,0,56.250,326.250,187.500,56.250,326.250,187.500,0.000,0.000
2013,0,0,123.750,326.250,187.500,123.750,326.250,187.500,0.000,0.000
2014,0,0,146.250,326.250,187.500,146.250,326.250,187.500,0.000,0.000
2015,0,0,168.750,326.250,187.500,168.750,326.250,187.500,0.000,0.000
2016,0,0,236.250,326.250,187.500,236.250,326.250,187.500,0.000,0.000
2017,0,0,258.750,326.250,187.500,258.750,326.250,187.500,0.000,0.000
2018,0,0,281.250,326.250,187.500,281.250,326.250,187.500,0.000,0.000
2019,0,0,348.750,326.250,187.500,348.750,326.250,187.500,0.000,0.000
2020,0,0,371.250,326.250,187.500,371.250,326.250,187.500,0.000,0.000
2021,0,0,393.750,326.250,187.500,393.750,326.250,187.500,0.000,0.000
2022,0,0,461.250,326.250,187.500,461.250,326.250,187.500,0.000,0.000
2023,0,0,483.750,326.250,187.500,483.750,326.250,187.500,0.000,0.000
2024,0,0,506.250,326.250,187.500,506.250,326.250,187.500,0.000,0.000
2025,0,0,573.750,326.250,187.500,573.750,326.250,187.500,0.000,0.000
2026,0,0,596.250,326.250,187.500,596.250,326.250,187.500,0.000,0.000
2027,0,0,618.750,326.250,187.500,618.750,326.250,187.500,0.000,0.000
2028,0,0,641.250,326.250,187.500,641.250,326.250,187.500,0.000,0.000
2029,0,0,0.000,326.250,195.000,0.000,326.250,195.000,0.000,0.000
2030,0,0,22.500,326.250,195.000,22.500,326.250,195.000,0.000,0.000
2031,0,0,45.000,326.250,195.000,45.000,326.250,195.000,0.000,0.000
2032,0,0,67.500,326.250,195.000,67.500,326.250,195.000,0.000,0.000
2033,0,0,123.750,326.250,195.000,123.750,326.250,195.000,0.000,0.000
2034,0,0,135.000,326.250,195.000,135.000,326.250,195.000,0.000,0.000
2035,0,0,157.500,326.250,195.000,157.500,326.250,195.000,0.000,0.000
2036,0,0,180.000,326.250,195.000,180.000,326.250,195.000,0.000,0.000
2037,0,0,236.250,326.250,195.000,236.250,326.250,195.000,0.000,0.000
2038,0,0,247.500,326.250,195.000,247.500,326.250,195.000,0.000,0.000
2039,0,0,270.000,326.250,195.000,270.000,326.250,195.000,0.000,0.000
2040,0,0,292.500,326.250,195.000,292.500,326.250,195.000,0.000,0.000
2041,0,0,348.750,326.250,195.000,348.750,326.250,195.000,0.000,0.000
2042,0,0,360.000,326.250,195.000,360.000,326.250,195.000,0.000,0.000
2043,0,0,382.500,326.250,195.000,382.500,326.250,195.000,0.000,0.000
2044,0,0,405.000,326.250,195.000,405.000,326.250,195.000,0.000,0.000
2045,0,0,461.250,326.250,195.000,461.250,326.250,195.000,0.000,0.000
2046,0,0,472.500,326.250,195.000,472.500,326.250,195.000,0.000,0.000
2047,0,0,495.000,326.250,195.000,495.000,326.250,195.000,0.000,0.000
2048,0,0,517.500,326.250,195.000,517.500,326.250,195.000,0.000,0.000
2049,0,0,573.750,326.250,195.000,573.750,326.250,195.000,0.000,0.000
2050,0,0,585.000,326.250,195.000,585.000,326.250,195.000,0.000,0.000
2051,0,0,607.500,326.250,195.000,607.500,326.250,195.000,0.000,0.000
2052,0,0,630.000,326.250,195.000,630.000,326.250,195.000,0.000,0.000
2053,0,0,0.000,326.250,202.500,0.000,326.250,202.500,0.000,0.000
2054,0,0,11.250,326.250,202.500,11.250,326.250,202.500,0.000,0.000
2055,0,0,33.750,326.250,202.500,33.750,326.250,202.500,0.000,0.000
2056,0,0,56.250,326.250,202.500,56.250,326.250,202.500,0.000,0.000
2057,0,0,123.750,326.250,202.500,123.750,326.250,202.500,0.000,0.000
2058,0,0,146.250,326.250,202.500,146.250,326.250,202.500,0.000,0.000
2059,0,0,168.750,326.250,202.500,168.750,326.250,202.500,0.000,0.000
2060,0,0,236.250,326.250,202.500,236.250,326.250,202.500,0.000,0.000
2061,0,0,258.750,326.250,202.500,258.750,326.250,202.500,0.000,0.000
2062,0,0,281.250,326.250,202.500,281.250,326.250,202.500,0.000,0.000
2063,0,0,348.750,326.250,202.500,348.750,326.250,202.500,0.000,0.000
2064,0,0,371.250,326.250,202.500,371.250,326.250,202.500,0.000,0.000
2065,0,0,393.750,326.250,202.500,393.750,326.250,202.500,0.000,0.000
2066,0,0,461.250,326.250,202.500,461.250,326.250,202.500,0.000,0.000
2067,0,0,483.750,326.250,202.500,483.750,326.250,202.500,0.000,0.000
2068,0,0,506.250,326.250,202.500,506.250,326.250,202.500,0.000,0.000
2069,0,0,573.750,326.250,202.500,573.750,326.250,202.500,0.000,0.000
2070,0,0,596.250,326.250,202.500,596.250,326.250,202.500,0.000,0.000
2071,0,0,618.750,326.250,202.500,618.750,326.250,202.500,0.000,0.000
2072,0,0,641.250,326.250,202.500,641.250,326.250,202.500,0.000,0.000
2073,0,0,0.000,326.250,210.000,0.000,326.250,210.000,0.000,0.000
2074,0,0,22.500,326.250,210.000,22.500,326.250,210.000,0.000,0.000
2075,0,0,45.000,326.250,210.000,45.000,326.250,210.000,0.000,0.000
2076,0,0,146.250,326.250,210.000,146.250,326.250,210.000,0.000,0.000
2077,0,0,157.500,326.250,210.000,157.500,326.250,210.000,0.000,0.000
2078,0,0,258.750,326.250,210.000,258.750,326.250,210.000,0.000,0.000
2079,0,0,270.000,326.250,210.000,270.000,326.250,210.000,0.000,0.000
2080,0,0,371.250,326.250,210.000,371.250,326.250,210.000,0.000,0.000
2081,0,0,382.500,326.250,210.000,382.500,326.250,210.000,0.000,0.000
2082,0,0,483.750,326.250,210.000,483.750,326.250,210.000,0.000,0.000
2083,0,0,495.000,326.250,210.000,495.000,326.250,210.000,0.000,0.000
2084,0,0,596.250,326.250,210.000,596.250,326.250,210.000,0.000,0.000
2085,0,0,607.500,326.250,210.000,607.500,326.250,210.000,0.000,0.000
2086,0,0,630.000,326.250,210.000,630.000,326.250,210.000,0.000,0.000
2087,0,0,56.250,326.250,210.000,56.250,326.250,210.000,0.000,0.000
2088,0,0,168.750,326.250,210.000,168.750,326.250,210.000,0.000,0.000
2089,0,0,281.250,326.250,210.000,281.250,326.250,210.000,0.000,0.000
2090,0,0,393.750,326.250,210.000,393.750,326.250,210.000,0.000,0.000
2091,0,0,506.250,326.250,210.000,506.250,326.250,210.000,0.000,0.000
2092,0,0,0.000,326.250,217.500,0.000,326.250,217.500,0.000,0.000
2093,0,0,11.250,326.250,217.500,11.250,326.250,217.500,0.000,0.000
2094,0,0,33.750,326.250,217.500,33.750,326.250,217.500,0.000,0.000
2095,0,0,146.250,326.250,217.500,146.250,326.250,217.500,0.000,0.000
2096,0,0,258.750,326.250,217.500,258.750,326.250,217.500,0.000,0.000
2097,0,0,371.250,326.250,217.500,371.250,326.250,217.500,0.000,0.000
2098,0,0,483.750,326.250,217.500,483.750,326.250,217.500,0.000,0.000
2099,0,0,596.250,326.250,217.500,596.250,326.250,217.500,0.000,0.000
2100,0,0,618.750,326.250,217.500,618.750,326.250,217.500,0.000,0.000
2101,0,0,641.250,326.250,217.500,641.250,326.250,217.500,0.000,0.000
2102,0,0,0.000,326.250,225.000,0.000,326.250,225.000,0.000,0.000
2103,0,0,22.500,326.250,225.000,22.500,326.250,225.000,0.000,0.000
2104,0,0,45.000,326.250,225.000,45.000,326.250,225.000,0.000,0.000
2105,0,0,67.500,326.250,225.000,67.500,326.250,225.000,0.000,0.000
2106,0,0,90.000,326.250,225.000,90.000,326.250,225.000,0.000,0.000
2107,0,0,112.500,326.250,225.000,112.500,326.250,225.000,0.000,0.000
2108,0,0,135.000,326.250,225.000,135.000,326.250,225.000,0.000,0.000
2109,0,0,157.500,326.250,225.000,157.500,326.250,225.000,0.000,0.000
2110,0,0,180.000,326.250,225.000,180.000,326.250,225.000,0.000,0.000
2111,0,0,202.500,326.250,225.000,202.500,326.250,225.000,0.000,0.000
2112,0,0,225.000,326.250,225.000,225.000,326.250,225.000,0.000,0.000
2113,0,0,247.500,326.250,225.000,247.500,326.250,225.000,0.000,0.000
2114,0,0,270.000,326.250,225.000,270.000,326.250,225.000,0.000,0.000
2115,0,0,292.500,326.250,225.000,292.500,326.250,225.000,0.000,0.000
2116,0,0,315.000,326.250,225.000,315.000,326.250,225.000,0.000,0.000
2117,0,0,337.500,326.250,225.000,337.500,326.250,225.000,0.000,0.000
2118,0,0,360.000,326.250,225.000,360.000,326.250,225.000,0.000,0.000
2119,0,0,382.500,326.250,225.000,382.500,326.250,225.000,0.000,0.000
2120,0,0,405.000,326.250,225.000,405.000,326.250,225.000,0.000,0.000
2121,0,0,427.500,326.250,225.000,427.500,326.250,225.000,0.000,0.000
2122,0,0,450.000,326.250,225.000,450.000,326.250,225.000,0.000,0.000
2123,0,0,472.500,326.250,225.000,472.500,326.250,225.000,0.000,0.000
2124,0,0,495.000,326.250,225.000,495.000,326.250,225.000,0.000,0.000
2125,0,0,517.500,326.250,225.000,517.500,326.250,225.000,0.000,0.000
2126,0,0,540.000,326.250,225.000,540.000,326.250,225.000,0.000,0.000
2127,0,0,562.500,326.250,225.000,562.500,326.250,225.000,0.000,0.000
2128,0,0,585.000,326.250,225.000,585.000,326.250,225.000,0.000,0.000
2129,0,0,607.500,326.250,225.000,607.500,326.250,225.000,0.000,0.000
2130,0,0,630.000,326.250,225.000,630.000,326.250,225.000,0.000,0.000
2131,0,0,0.000,326.250,232.500,0.000,326.250,232.500,0.000,0.000
2132,0,0,11.250,326.250,232.500,11.250,326.250,232.500,0.000,0.000
2133,0,0,33.750,326.250,232.500,33.750,326.250,232.500,0.000,0.000
2134,0,0,56.250,326.250,232.500,56.250,326.250,232.500,0.000,0.000
2135,0,0,78.750,326.250,232.500,78.750,326.250,232.500,0.000,0.000
2136,0,0,101.250,326.250,232.500,101.250,326.250,232.500,0.000,0.000
2137,0,0,123.750,326.250,232.500,123.750,326.250,232.500,0.000,0.000
2138,0,0,146.250,326.250,232.500,146.250,326.250,232.500,0.000,0.000
2139,0,0,168.750,326.250,232.500,168.750,326.250,232.500,0.000,0.000
2140,0,0,191.250,326.250,232.500,191.250,326.250,232.500,0.000,0.000
2141,0,0,213.750,326.250,232.500,213.750,326.250,232.500,0.000,0.000
2142,0,0,236.250,326.250,232.500,236.250,326.250,232.500,0.000,0.000
2143,0,0,258.750,326.250,232.500,258.750,326.250,232.500,0.000,0.000
2144,0,0,281.250,326.250,232.500,281.250,326.250,232.500,0.000,0.000
2145,0,0,303.750,326.250,232.500,303.750,326.250,232.500,0.000,0.000
2146,0,0,326.250,326.250,232.500,326.250,326.250,232.500,0.000,0.000
2147,0,0,348.750,326.250,232.500,348.750,326.250,232.500,0.000,0.000
2148,0,0,371.250,326.250,232.500,371.250,326.250,232.500,0.000,0.000
2149,0,0,393.750,326.250,232.500,393.750,326.250,232.500,0.000,0.000
2150,0,0,416.250,326.250,232.500,416.250,326.250,232.500,0.000,0.000
2151,0,0,438.750,326.250,232.500,438.750,326.250,232.500,0.000,0.000
2152,0,0,461.250,326.250,232.500,461.250,326.250,232.500,0.000,0.000
2153,0,0,483.750,326.250,232.500,483.750,326.250,232.500,0.000,0.000
2154,0,0,506.250,326.250,232.500,506.250,326.250,232.500,0.000,0.000
2155,0,0,528.750,326.250,232.500,528.750,326.250,232.500,0.000,0.000
2156,0,0,551.250,326.250,232.500,551.250,326.250,232.500,0.000,0.000
2157,0,0,573.750,326.250,232.500,573.750,326.250,232.500,0.000,0.000
2158,0,0,596.250,326.250,232.500,596.250,326.250,232.500,0.000,0.000
2159,0,0,618.750,326.250,232.500,618.750,326.250,232.500,0.000,0.000
2160,0,0,641.250,326.250,232.500,641.250,326.250,232.500,0.000,0.000
2161,0,0,0.000,326.250,240.000,0.000,326.250,240.000,0.000,0.000
2162,0,0,22.500,326.250,240.000,22.500,326.250,240.000,0.000,0.000
2163,0,0,45.000,326.250,240.000,45.000,326.250,240.000,0.000,0.000
2164,0,0,67.500,326.250,240.000,67.500,326.250,240.000,0.000,0.000
2165,0,0,90.000,326.250,240.000,90.000,326.250,240.000,0.000,0.000
2166,0,0,112.500,326.250,240.000,112.500,326.250,240.000,0.000,0.000
2167,0,0,135.000,326.250,240.000,135.000,326.250,240.000,0.000,0.000
2168,0,0,157.500,326.250,240.000,157.500,326.250,240.000,0.000,0.000
2169,0,0,180.000,326.250,240.000,180.000,326.250,240.000,0.000,0.000
2170,0,0,202.500,326.250,240.000,202.500,326.250,240.000,0.000,0.000
2171,0,0,225.000,326.250,240.000,225.000,326.250,240.000,0.000,0.000
2172,0,0,247.500,326.250,240.000,247.500,326.250,240.000,0.000,0.000
2173,0,0,270.000,326.250,240.000,270.000,326.250,240.000,0.000,0.000
2174,0,0,292.500,326.250,240.000,292.500,326.250,240.000,0.000,0.000
2175,0,0,315.000,326.250,240.000,315.000,326.250,240.000,0.000,0.000
2176,0,0,337.500,326.250,240.000,337.500,326.250,240.000,0.000,0.000
2177,0,0,360.000,326.250,240.000,360.000,326.250,240.000,0.000,0.000
2178,0,0,382.500,326.250,240.000,382.500,326.250,240.000,0.000,0.000
2179,0,0,405.000,326.250,240.000,405.000,326.250,240.000,0.000,0.000
2180,0,0,427.500,326.250,240.000,427.500,326.250,240.000,0.000,0.000
2181,0,0,450.000,326.250,240.000,450.000,326.250,240.000,0.000,0.000
2182,0,0,472.500,326.250,240.000,472.500,326.250,240.000,0.000,0.000
2183,0,0,495.000,326.250,240.000,495.000,326.250,240.000,0.000,0.000
2184,0,0,517.500,326.250,240.000,517.500,326.250,240.000,0.000,0.000
2185,0,0,540.000,326.250,240.000,540.000,326.250,240.000,0.000,0.000
2186,0,0,562.500,326.250,240.000,562.500,326.250,240.000,0.000,0.000
2187,0,0,585.000,326.250,240.000,585.000,326.250,240.000,0.000,0.000
2188,0,0,607.500,326.250,240.000,607.500,326.250,240.000,0.000,0.000
2189,0,0,630.000,326.250,240.000,630.000,326.250,240.000,0.000,0.000
2190,0,0,0.000,326.250,247.500,0.000,326.250,247.500,0.000,0.000
2191,0,0,11.250,326.250,247.500,11.250,326.250,247.500,0.000,0.000
2192,0,0,56.250,326.250,247.500,56.250,326.250,247.500,0.000,0.000
2193,0,0,101.250,326.250,247.500,101.250,326.250,247.500,0.000,0.000
2194,0,0,146.250,326.250,247.500,146.250,326.250,247.500,0.000,0.000
2195,0,0,191.250,326.250,247.500,191.250,326.250,247.500,0.000,0.000
2196,0,0,236.250,326.250,247.500,236.250,326.250,247.500,0.000,0.000
2197,0,0,281.250,326.250,247.500,281.250,326.250,247.500,0.000,0.000
2198,0,0,326.250,326.250,247.500,326.250,326.250,247.500,0.000,0.000
2199,0,0,371.250,326.250,247.500,371.250,326.250,247.500,0.000,0.000
2200,0,0,416.250,326.250,247.500,416.250,326.250,247.500,0.000,0.000
2201,0,0,461.250,326.250,247.500,461.250,326.250,247.500,0.000,0.000
2202,0,0,506.250,326.250,247.500,506.250,326.250,247.500,0.000,0.000
2203,0,0,551.250,326.250,247.500,551.250,326.250,247.500,0.000,0.000
2204,0,0,596.250,326.250,247.500,596.250,326.250,247.500,0.000,0.000
2205,0,0,641.250,326.250,247.500,641.250,326.250,247.500,0.000,0.000
2206,0,0,0.000,326.250,255.000,0.000,326.250,255.000,0.000,0.000
2207,0,0,22.500,326.250,255.000,22.500,326.250,255.000,0.000,0.000
2208,0,0,45.000,326.250,255.000,45.000,326.250,255.000,0.000,0.000
2209,0,0,67.500,326.250,255.000,67.500,326.250,255.000,0.000,0.000
2210,0,0,90.000,326.250,255.000,90.000,326.250,255.000,0.000,0.000
2211,0,0,112.500,326.250,255.000,112.500,326.250,255.000,0.000,0.000
2212,0,0,135.000,326.250,255.000,135.000,326.250,255.000,0.000,0.000
2213,0,0,157.500,326.250,255.000,157.500,326.250,255.000,0.000,0.000
2214,0,0,180.000,326.250,255.000,180.000,326.250,255.000,0.000,0.000
2215,0,0,202.500,326.250,255.000,202.500,326.250,255.000,0.000,0.000
2216,0,0,225.000,326.250,255.000,225.000,326.250,255.000,0.000,0.000
2217,0,0,247.500,326.250,255.000,247.500,326.250,255.000,0.000,0.000
2218,0,0,270.000,326.250,255.000,270.000,326.250,255.000,0.000,0.000
2219,0,0,292.500,326.250,255.000,292.500,326.250,255.000,0.000,0.000
2220,0,0,315.000,326.250,255.000,315.000,326.250,255.000,0.000,0.000
2221,0,0,337.500,326.250,255.000,337.500,326.250,255.000,0.000,0.000
2222,0,0,360.000,326.250,255.000,360.000,326.250,255.000,0.000,0.000
2223,0,0,382.500,326.250,255.000,382.500,326.250,255.000,0.000,0.000
2224,0,0,405.000,326.250,255.000,405.000,326.250,255.000,0.000,0.000
2225,0,0,427.500,326.250,255.000,427.500,326.250,255.000,0.000,0.000
2226,0,0,450.000,326.250,255.000,450.000,326.250,255.000,0.000,0.000
2227,0,0,472.500,326.250,255.000,472.500,326.250,255.000,0.000,0.000
2228,0,0,495.000,326.250,255.000,495.000,326.250,255.000,0.000,0.000
2229,0,0,517.500,326.250,255.000,517.500,326.250,255.000,0.000,0.000
2230,0,0,540.000,326.250,255.000,540.000,326.250,255.000,0.000,0.000
2231,0,0,562.500,326.250,255.000,562.500,326.250,255.000,0.000,0.000
2232,0,0,585.000,326.250,255.000,585.000,326.250,255.000,0.000,0.000
2233,0,0,607.500,326.250,255.000,607.500,326.250,255.000,0.000,0.000
2234,0,0,630.000,326.250,255.000,630.000,326.250,255.000,0.000,0.000
2235,0,0,0.000,326.250,262.500,0.000,326.250,262.500,0.000,0.000
2236,0,0,11.250,326.250,262.500,11.250,326.250,262.500,0.000,0.000
2237,0,0,33.750,326.250,262.500,33.750,326.250,262.500,0.000,0.000
2238,0,0,56.250,326.250,262.500,56.250,326.250,262.500,0.000,0.000
2239,0,0,78.750,326.250,262.500,78.750,326.250,262.500,0.000,0.000
2240,0,0,101.250,326.250,262.500,101.250,326.250,262.500,0.000,0.000
2241,0,0,123.750,326.250,262.500,123.750,326.250,262.500,0.000,0.000
2242,0,0,146.250,326.250,262.500,146.250,326.250,262.500,0.000,0.000
2243,0,0,168.750,326.250,262.500,168.750,326.250,262.500,0.000,0.000
2244,0,0,191.250,326.250,262.500,191.250,326.250,262.500,0.000,0.000
2245,0,0,213.750,326.250,262.500,213.750,326.250,262.500,0.000,0.000
2246,0,0,236.250,326.250,262.500,236.250,326.250,262.500,0.000,0.000
2247,0,0,258.750,326.250,262.500,258.750,326.250,262.500,0.000,0.000
2248,0,0,281.250,326.250,262.500,281.250,326.250,262.500,0.000,0.000
2249,0,0,303.750,326.250,262.500,303.750,326.250,262.500,0.000,0.000
2250,0,0,326.250,326.250,262.500,326.250,326.250,262.500,0.000,0.000
2251,0,0,348.750,326.250,262.500,348.750,326.250,262.500,0.000,0.000
2252,0,0,371.250,326.250,262.500,371.250,326.250,262.500,0.000,0.000
2253,0,0,393.750,326.250,262.500,393.750,326.250,262.500,0.000,0.000
2254,0,0,416.250,326.250,262.500,416.250,326.250,262.500,0.000,0.000
2255,0,0,438.750,326.250,262.500,438.750,326.250,262.500,0.000,0.000
2256,0,0,461.250,326.250,262.500,461.250,326.250,262.500,0.000,0.000
2257,0,0,483.750,326.250,262.500,483.750,326.250,262.500,0.000,0.000
2258,0,0,506.250,326.250,262.500,506.250,326.250,262.500,0.000,0.000
2259,0,0,528.750,326.250,262.500,528.750,326.250,262.500,0.000,0.000
2260,0,0,551.250,326.250,262.500,551.250,326.250,262.500,0.000,0.000
2261,0,0,573.750,326.250,262.500,573.750,326.250,262.500,0.000,0.000
2262,0,0,596.250,326.250,262.500,596.250,326.250,262.500,0.000,0.000
2263,0,0,618.750,326.250,262.500,618.750,326.250,262.500,0.000,0.000
2264,0,0,641.250,326.250,262.500,641.250,326.250,262.500,0.000,0.000
2265,0,0,0.000,326.250,270.000,0.000,326.250,270.000,0.000,0.000
2266,0,0,22.500,326.250,270.000,22.500,326.250,270.000,0.000,0.000
2267,0,0,45.000,326.250,270.000,45.000,326.250,270.000,0.000,0.000
2268,0,0,67.500,326.250,270.000,67.500,326.250,270.000,0.000,0.000
2269,0,0,90.000,326.250,270.000,90.000,326.250,270.000,0.000,0.000
2270,0,0,112.500,326.250,270.000,112.500,326.250,270.000,0.000,0.000
2271,0,0,135.000,326.250,270.000,135.000,326.250,270.000,0.000,0.000
2272,0,0,157.500,326.250,270.000,157.500,326.250,270.000,0.000,0.000
2273,0,0,180.000,326.250,270.000,180.000,326.250,270.000,0.000,0.000
2274,0,0,202.500,326.250,270.000,202.500,326.250,270.000,0.000,0.000
2275,0,0,225.000,326.250,270.000,225.000,326.250,270.000,0.000,0.000
2276,0,0,247.500,326.250,270.000,247.500,326.250,270.000,0.000,0.000
2277,0,0,270.000,326.250,270.000,270.000,326.250,270.000,0.000,0.000
2278,0,0,292.500,326.250,270.000,292.500,326.250,270.000,0.000,0.000
2279,0,0,315.000,326.250,270.000,315.000,326.250,270.000,0.000,0.000
2280,0,0,337.500,326.250,270.000,337.500,326.250,270.000,0.000,0.000
2281,0,0,360.000,326.250,270.000,360.000,326.250,270.000,0.000,0.000
2282,0,0,382.500,326.250,270.000,382.500,326.250,270.000,0.000,0.000
2283,0,0,405.000,326.250,270.000,405.000,326.250,270.000,0.000,0.000
2284,0,0,427.500,326.250,270.000,427.500,326.250,270.000,0.000,0.000
2285,0,0,450.000,326.250,270.000,450.000,326.250,270.000,0.000,0.000
2286,0,0,472.500,326.250,270.000,472.500,326.250,270.000,0.000,0.000
2287,0,0,495.000,326.250,270.000,495.000,326.250,270.000,0.000,0.000
2288,0,0,517.500,326.250,270.000,517.500,326.250,270.000,0.000,0.000
2289,0,0,540.000,326.250,270.000,540.000,326.250,270.000,0.000,0.000
2290,0,0,562.500,326.250,270.000,562.500,326.250,270.000,0.000,0.000
2291,0,0,585.000,326.250,270.000,585.000,326.250,270.000,0.000,0.000
2292,0,0,607.500,326.250,270.000,607.500,326.250,270.000,0.000,0.000
2293,0,0,630.000,326.250,270.000,630.000,326.250,270.000,0.000,0.000
2294,0,1,,,,,,,,
2295,0,1,,,,,,,,
2296,0,1,,,,,,,,
2297,0,1,,,,,,,,
2298,0,1,,,,,,,,
2299,0,1,,,,,,,,
2300,0,1,,,,,,,,
2301,0,1,,,,,,,,
2302,0,1,,,,,,,,
2303,0,1,,,,,,,,
2304,0,1,,,,,,,,
2305,0,1,,,,,,,,
2306,0,1,,,,,,,,
2307,0,1,,,,,,,,
2308,0,1,,,,,,,,
2309,0,1,,,,,,,,
2310,0,1,,,,,,,,
2311,0,1,,,,,,,,
2312,0,1,,,,,,,,
2313,0,1,,,,,,,,
2314,0,1,,,,,,,,
2315,0,1,,,,,,,,
2316,0,1,,,,,,,,
2317,0,1,,,,,,,,
2318,0,1,,,,,,,,
2319,1,0,0.000,326.250,285.000,63.200,381.342,4.196,293.054,280.804
2320,1,0,22.500,326.250,285.000,22.703,327.094,276.508,8.537,8.492
2321,1,0,45.000,326.250,285.000,45.046,326.481,276.516,8.487,8.484
2322,1,0,67.500,326.250,285.000,68.993,328.276,276.518,8.848,8.482
2323,1,0,123.750,326.250,285.000,122.981,322.506,276.511,9.310,8.489
2324,1,0,135.000,326.250,285.000,134.939,326.261,276.514,8.486,8.486
2325,1,0,157.500,326.250,285.000,157.402,326.145,276.502,8.499,8.498
2326,1,0,180.000,326.250,285.000,179.845,328.191,276.562,8.660,8.438
2327,1,0,236.250,326.250,285.000,236.521,327.712,276.521,8.608,8.479
2328,1,0,247.500,326.250,285.000,247.301,326.070,276.510,8.495,8.490
2329,1,0,270.000,326.250,285.000,270.178,325.734,276.512,8.506,8.488
2330,1,0,292.500,326.250,285.000,292.634,326.318,276.519,8.483,8.481
2331,1,0,348.750,326.250,285.000,348.581,327.220,276.514,8.543,8.486
2332,1,0,360.000,326.250,285.000,360.043,326.127,276.517,8.484,8.483
2333,1,0,382.500,326.250,285.000,382.371,326.122,276.519,8.483,8.481
2334,1,0,405.000,326.250,285.000,405.207,326.081,276.516,8.488,8.484
2335,1,0,461.250,326.250,285.000,461.914,325.970,276.543,8.488,8.457
2336,1,0,472.500,326.250,285.000,472.529,326.141,276.511,8.490,8.489
2337,1,0,495.000,326.250,285.000,494.997,326.041,276.513,8.490,8.487
2338,1,0,517.500,326.250,285.000,517.507,326.170,276.516,8.484,8.484
2339,1,0,573.750,326.250,285.000,591.701,291.448,-0.490,288.163,285.490
2340,1,0,585.000,326.250,285.000,576.615,273.475,18.283,272.017,266.717
2341,1,0,607.500,326.250,285.000,607.795,327.005,276.511,8.528,8.489
2342,1,0,630.000,326.250,285.000,630.008,326.367,276.521,8.480,8.479
2343,1,0,0.000,326.250,292.500,94.835,379.609,-0.507,312.560,293.007
2344,1,0,11.250,326.250,292.500,46.680,372.809,9.763,288.727,282.737
2345,1,0,33.750,326.250,292.500,27.691,315.618,6.620,286.142,285.880
2346,1,0,56.250,326.250,292.500,43.335,299.602,6.032,287.995,286.468
2347,1,0,123.750,326.250,292.500,123.598,316.884,283.022,13.326,9.478
2348,1,0,146.250,326.250,292.500,147.479,325.920,283.023,9.562,9.477
2349,1,0,168.750,326.250,292.500,189.059,359.873,-0.494,295.615,292.994
2350,1,0,236.250,326.250,292.500,237.733,332.621,283.040,11.501,9.460
2351,1,0,258.750,326.250,292.500,255.841,284.475,-0.486,295.963,292.986
2352,1,0,281.250,326.250,292.500,285.172,322.806,283.038,10.806,9.462
2353,1,0,348.750,326.250,292.500,348.378,329.374,283.031,9.978,9.469
2354,1,0,371.250,326.250,292.500,353.691,280.304,-0.473,297.073,292.973
2355,1,0,393.750,326.250,292.500,395.701,296.066,16.265,277.886,276.235
2356,1,0,461.250,326.250,292.500,456.121,400.015,6.004,295.885,286.496
2357,1,0,483.750,326.250,292.500,481.683,326.174,282.955,9.767,9.545
2358,1,0,506.250,326.250,292.500,507.884,323.975,282.988,9.916,9.512
2359,1,0,573.750,326.250,292.500,579.594,308.610,-0.566,293.654,293.066
2360,1,0,596.250,326.250,292.500,603.427,276.551,6.025,290.843,286.475
2361,1,0,618.750,326.250,292.500,618.050,323.583,283.035,9.858,9.465
2362,1,0,641.250,326.250,292.500,639.645,330.460,283.041,10.478,9.459
2363,1,0,0.000,326.250,300.000,-8.057,353.893,6.008,295.399,293.992
2364,1,0,22.500,326.250,300.000,15.075,317.726,-0.503,300.716,300.503
2365,1,0,45.000,326.250,300.000,47.900,229.030,-0.485,315.834,300.485
2366,1,0,67.500,326.250,300.000,133.006,305.688,-0.493,308.237,300.493
2367,1,0,123.750,326.250,300.000,143.232,305.507,9.762,291.630,290.238
2368,1,0,135.000,326.250,300.000,146.222,254.254,6.008,302.887,293.992
2369,1,0,157.500,326.250,300.000,201.187,269.923,-0.490,308.829,300.490
2370,1,0,180.000,326.250,300.000,217.817,354.712,-0.489,304.193,300.489
2371,1,0,236.250,326.250,300.000,251.231,278.105,6.008,298.284,293.992
2372,1,0,247.500,326.250,300.000,237.585,322.446,6.024,294.168,293.976
2373,1,0,270.000,326.250,300.000,265.963,293.161,9.762,292.146,290.238
2374,1,0,292.500,326.250,300.000,278.501,289.371,7.743,294.907,292.257
2375,1,0,348.750,326.250,300.000,337.009,345.383,9.760,291.107,290.240
2376,1,0,360.000,326.250,300.000,340.294,323.808,-0.488,301.144,300.488
2377,1,0,382.500,326.250,300.000,385.802,291.979,-0.504,302.470,300.504
2378,1,0,405.000,326.250,300.000,503.621,282.511,9.760,309.642,290.240
2379,1,0,461.250,326.250,300.000,489.725,409.191,9.760,303.198,290.240
2380,1,0,472.500,326.250,300.000,467.220,331.630,283.057,18.544,16.943
2381,1,0,495.000,326.250,300.000,492.050,323.120,289.529,11.320,10.471
2382,1,0,517.500,326.250,300.000,564.264,385.969,-0.507,309.931,300.507
2383,1,0,573.750,326.250,300.000,577.003,204.876,16.264,308.623,283.736
2384,1,0,585.000,326.250,300.000,561.905,214.718,-0.487,321.349,300.487
2385,1,0,607.500,326.250,300.000,635.509,249.599,6.018,305.099,293.982
2386,1,0,630.000,326.250,300.000,629.105,325.153,289.569,10.527,10.431
2387,1,0,0.000,326.250,307.500,-126.998,213.008,-0.494,351.870,307.994
2388,1,0,11.250,326.250,307.500,5.271,339.982,276.332,34.579,31.168
2389,1,0,33.750,326.250,307.500,32.709,211.359,9.763,319.137,297.737
2390,1,0,56.250,326.250,307.500,104.905,192.192,-0.525,339.438,308.025
2391,1,0,123.750,326.250,307.500,118.350,175.433,-0.494,342.980,307.994
2392,1,0,146.250,326.250,307.500,136.433,199.736,9.763,323.650,297.737
2393,1,0,168.750,326.250,307.500,186.885,242.597,-0.417,319.593,307.917
2394,1,0,236.250,326.250,307.500,203.328,173.461,6.008,339.596,301.492
2395,1,0,258.750,326.250,307.500,331.935,83.758,6.008,393.772,301.492
2396,1,0,281.250,326.250,307.500,306.975,213.167,6.029,323.008,301.471
2397,1,0,348.750,326.250,307.500,336.575,269.864,6.008,306.961,301.492
2398,1,0,371.250,326.250,307.500,364.324,266.984,18.099,295.488,289.401
2399,1,0,393.750,326.250,307.500,406.320,366.766,9.763,300.744,297.737
2400,1,0,461.250,326.250,307.500,472.507,319.367,9.763,298.029,297.737
2401,1,0,483.750,326.250,307.500,492.317,237.355,5.940,314.507,301.560
2402,1,0,506.250,326.250,307.500,522.468,284.041,-0.477,311.278,307.977
2403,1,0,573.750,326.250,307.500,566.728,194.160,6.021,329.222,301.479
2404,1,0,596.250,326.250,307.500,597.526,183.742,9.755,330.094,297.745
2405,1,0,618.750,326.250,307.500,624.282,310.676,3.989,303.961,303.511
2406,1,0,641.250,326.250,307.500,744.404,283.400,6.008,321.518,301.492
2407,1,0,0.000,326.250,315.000,-6.446,338.367,276.579,40.799,38.421
2408,1,0,22.500,326.250,315.000,34.629,280.462,14.874,303.841,300.126
2409,1,0,45.000,326.250,315.000,71.505,176.541,-0.493,350.216,315.493
2410,1,0,67.500,326.250,315.000,76.284,172.380,6.008,345.296,308.992
2411,1,0,123.750,326.250,315.000,75.328,157.254,-0.494,361.166,315.494
2412,1,0,135.000,326.250,315.000,130.132,155.145,9.763,349.958,305.237
2413,1,0,157.500,326.250,315.000,171.255,46.029,9.763,414.588,305.237
2414,1,0,180.000,326.250,315.000,202.229,233.601,16.769,313.081,298.231
2415,1,0,236.250,326.250,315.000,249.041,86.130,6.008,391.532,308.992
2416,1,0,247.500,326.250,315.000,255.346,140.001,6.008,360.869,308.992
2417,1,0,270.000,326.250,315.000,291.778,144.491,9.762,355.922,305.238
2418,1,0,292.500,326.250,315.000,296.336,57.808,-0.493,414.261,315.493
2419,1,0,348.750,326.250,315.000,243.094,252.377,9.774,331.336,305.226
2420,1,0,360.000,326.250,315.000,349.250,269.982,-0.499,320.658,315.499
2421,1,0,382.500,326.250,315.000,396.445,302.612,9.594,306.637,305.406
2422,1,0,405.000,326.250,315.000,454.692,174.554,-0.493,353.577,315.493
2423,1,0,461.250,326.250,315.000,418.957,108.455,6.008,380.394,308.992
2424,1,0,472.500,326.250,315.000,451.334,200.901,6.016,334.113,308.984
2425,1,0,495.000,326.250,315.000,541.467,187.393,6.008,341.930,308.992
2426,1,0,517.500,326.250,315.000,571.630,196.240,16.268,330.263,298.732
2427,1,0,573.750,326.250,315.000,542.347,182.746,-0.493,348.017,315.493
2428,1,0,585.000,326.250,315.000,623.632,54.962,6.008,412.996,308.992
2429,1,0,607.500,326.250,315.000,632.945,223.886,-0.519,332.683,315.519
2430,1,0,630.000,326.250,315.000,618.807,387.404,15.659,305.728,299.341
2431,1,0,0.000,326.250,322.500,-101.043,521.210,6.008,385.209,316.492
2432,1,0,11.250,326.250,322.500,48.780,295.599,-0.478,326.593,322.978
2433,1,0,33.750,326.250,322.500,31.858,151.062,6.005,361.751,316.495
2434,1,0,56.250,326.250,322.500,23.886,39.093,-0.493,433.395,322.993
2435,1,0,123.750,326.250,322.500,103.949,54.367,6.008,417.707,316.492
2436,1,0,146.250,326.250,322.500,143.956,81.508,-0.488,405.247,322.988
2437,1,0,168.750,326.250,322.500,295.627,129.181,-0.490,399.069,322.990
2438,1,0,236.250,326.250,322.500,179.194,23.592,-0.494,446.298,322.994
2439,1,0,258.750,326.250,322.500,295.524,42.344,6.008,426.758,316.492
2440,1,0,281.250,326.250,322.500,283.127,57.004,6.008,415.529,316.492
2441,1,0,348.750,326.250,322.500,325.114,182.646,6.008,348.350,316.492
2442,1,0,371.250,326.250,322.500,331.031,224.527,-0.488,341.008,322.988
2443,1,0,393.750,326.250,322.500,406.660,58.628,8.029,413.134,314.471
2444,1,0,461.250,326.250,322.500,381.350,71.570,-0.493,419.012,322.993
2445,1,0,483.750,326.250,322.500,512.843,105.767,-0.489,392.149,322.989
2446,1,0,506.250,326.250,322.500,612.519,69.193,6.008,421.354,316.492
2447,1,0,573.750,326.250,322.500,559.947,66.076,9.763,407.045,312.737
2448,1,0,596.250,326.250,322.500,586.668,177.693,6.008,349.754,316.492
2449,1,0,618.750,326.250,322.500,620.075,280.675,-0.488,326.191,322.988
2450,1,0,641.250,326.250,322.500,612.397,408.276,9.754,324.608,312.746
2451,1,0,0.000,326.250,330.000,26.486,317.853,12.573,318.641,317.427
2452,1,0,22.500,326.250,330.000,29.834,250.418,-0.491,339.159,330.491
2453,1,0,45.000,326.250,330.000,69.856,29.354,6.008,440.155,323.992
2454,1,0,67.500,326.250,330.000,47.204,12.005,5.731,452.009,324.269
2455,1,0,123.750,326.250,330.000,145.742,144.346,9.760,368.953,320.240
2456,1,0,135.000,326.250,330.000,159.510,21.912,6.008,445.189,323.992
2457,1,0,157.500,326.250,330.000,168.471,23.771,-0.494,448.151,330.494
2458,1,0,180.000,326.250,330.000,315.033,47.520,-0.493,452.935,330.493
2459,1,0,236.250,326.250,330.000,261.982,49.258,6.008,427.033,323.992
2460,1,0,247.500,326.250,330.000,220.352,24.203,14.057,437.938,315.943
2461,1,0,270.000,326.250,330.000,307.010,17.932,-0.494,453.493,330.494
2462,1,0,292.500,326.250,330.000,371.658,135.793,9.763,380.909,320.237
2463,1,0,348.750,326.250,330.000,286.894,126.707,-0.493,390.985,330.493
2464,1,0,360.000,326.250,330.000,224.480,102.400,6.008,416.467,323.992
2465,1,0,382.500,326.250,330.000,351.176,103.103,-0.493,400.002,330.493
2466,1,0,405.000,326.250,330.000,506.320,43.977,9.760,438.745,320.240
2467,1,0,461.250,326.250,330.000,441.561,38.373,-0.488,438.729,330.488
2468,1,0,472.500,326.250,330.000,454.623,110.991,9.763,386.275,320.237
2469,1,0,495.000,326.250,330.000,506.648,32.898,-0.494,442.060,330.494
2470,1,0,517.500,326.250,330.000,552.815,17.730,-0.488,453.491,330.488
2471,1,0,573.750,326.250,330.000,513.456,21.878,9.790,445.884,320.210
2472,1,0,585.000,326.250,330.000,616.841,11.933,-0.489,457.200,330.489
2473,1,0,607.500,326.250,330.000,600.160,255.283,-0.528,338.140,330.528
2474,1,0,630.000,326.250,330.000,667.629,371.874,6.008,329.345,323.992
2475,1,0,0.000,326.250,337.500,-133.315,474.555,6.008,386.852,331.492
2476,1,0,11.250,326.250,337.500,42.533,260.507,9.770,335.720,327.730
2477,1,0,33.750,326.250,337.500,96.572,177.543,9.763,365.338,327.737
2478,1,0,56.250,326.250,337.500,21.091,25.227,-0.484,453.965,337.984
2479,1,0,123.750,326.250,337.500,111.405,21.429,-0.499,455.315,337.999
2480,1,0,146.250,326.250,337.500,259.559,-113.195,9.765,559.787,327.735
2481,1,0,168.750,326.250,337.500,309.876,71.554,-0.494,446.123,337.994
2482,1,0,236.250,326.250,337.500,232.055,205.974,9.763,349.135,327.737
2483,1,0,258.750,326.250,337.500,271.764,134.739,-0.488,388.693,337.988
2484,1,0,281.250,326.250,337.500,283.219,107.959,-0.493,402.361,337.993
2485,1,0,348.750,326.250,337.500,228.827,14.411,17.065,462.929,320.435
2486,1,0,371.250,326.250,337.500,352.411,35.086,-0.488,446.506,337.988
2487,1,0,393.750,326.250,337.500,440.646,32.158,5.984,445.637,331.516
2488,1,0,461.250,326.250,337.500,426.409,61.862,6.031,425.425,331.469
2489,1,0,483.750,326.250,337.500,457.348,73.951,-0.490,422.598,337.990
2490,1,0,506.250,326.250,337.500,517.170,22.109,10.394,446.788,327.106
2491,1,0,573.750,326.250,337.500,571.654,146.880,-0.479,382.633,337.979
2492,1,0,596.250,326.250,337.500,558.040,141.864,9.763,377.981,327.737
2493,1,0,618.750,326.250,337.500,637.127,306.971,6.008,332.560,331.492
2494,1,0,641.250,326.250,337.500,782.174,294.304,6.008,361.617,331.492
2495,1,0,0.000,326.250,345.000,67.925,288.607,-0.498,354.119,345.498
2496,1,0,22.500,326.250,345.000,36.164,237.416,12.517,344.417,332.483
2497,1,0,45.000,326.250,345.000,34.859,162.456,9.744,373.266,335.256
2498,1,0,67.500,326.250,345.000,55.652,313.441,6.008,339.441,338.992
2499,1,0,123.750,326.250,345.000,60.308,214.041,-0.494,368.757,345.494
2500,1,0,135.000,326.250,345.000,109.110,30.982,-0.489,455.209,345.489
2501,1,0,157.500,326.250,345.000,165.256,86.376,-0.493,420.673,345.493
2502,1,0,180.000,326.250,345.000,187.789,83.413,9.763,414.022,335.237
2503,1,0,236.250,326.250,345.000,204.796,203.637,-0.490,367.949,345.490
2504,1,0,247.500,326.250,345.000,235.863,218.485,9.763,352.325,335.237
2505,1,0,270.000,326.250,345.000,336.156,195.707,6.008,369.234,338.992
2506,1,0,292.500,326.250,345.000,363.585,185.485,9.762,370.475,335.238
2507,1,0,348.750,326.250,345.000,363.938,14.097,6.008,461.070,338.992
2508,1,0,360.000,326.250,345.000,342.456,17.111,-0.493,463.940,345.493
2509,1,0,382.500,326.250,345.000,458.828,23.425,5.842,461.039,339.158
2510,1,0,405.000,326.250,345.000,431.417,143.044,-0.488,391.950,345.488
2511,1,0,461.250,326.250,345.000,335.603,168.435,9.763,391.250,335.237
2512,1,0,472.500,326.250,345.000,427.518,15.999,-0.478,466.513,345.478
2513,1,0,495.000,326.250,345.000,501.346,108.408,9.763,399.849,335.237
2514,1,0,517.500,326.250,345.000,549.633,27.378,9.762,450.268,335.238
2515,1,0,573.750,326.250,345.000,568.989,229.478,-0.390,358.722,345.390
2516,1,0,585.000,326.250,345.000,590.334,243.085,5.997,349.096,339.003
2517,1,0,607.500,326.250,345.000,607.832,250.605,16.280,337.311,328.720
2518,1,0,630.000,326.250,345.000,687.375,307.220,9.763,340.643,335.237
2519,1,0,0.000,326.250,352.500,-118.417,331.392,6.008,366.204,346.492
2520,1,0,11.250,326.250,352.500,-159.026,492.355,-0.493,425.663,352.993
2521,1,0,33.750,326.250,352.500,38.715,257.746,-0.489,359.609,352.989
2522,1,0,56.250,326.250,352.500,63.367,48.625,6.008,444.053,346.492
2523,1,0,123.750,326.250,352.500,176.547,216.045,-0.446,373.502,352.946
2524,1,0,146.250,326.250,352.500,150.897,160.739,-0.494,389.897,352.994
2525,1,0,168.750,326.250,352.500,156.880,134.229,-0.493,402.017,352.993
2526,1,0,236.250,326.250,352.500,252.330,326.029,6.008,346.865,346.492
2527,1,0,258.750,326.250,352.500,255.353,303.492,-0.451,353.700,352.951
2528,1,0,281.250,326.250,352.500,287.194,270.898,-0.494,357.356,352.994
2529,1,0,348.750,326.250,352.500,344.563,201.910,12.723,361.837,339.777
2530,1,0,371.250,326.250,352.500,440.256,58.169,6.008,443.493,346.492
2531,1,0,393.750,326.250,352.500,431.336,219.473,6.016,364.507,346.484
2532,1,0,461.250,326.250,352.500,420.846,93.941,-0.487,424.499,352.987
2533,1,0,483.750,326.250,352.500,527.511,64.108,6.006,436.683,346.494
2534,1,0,506.250,326.250,352.500,519.383,125.655,-0.488,406.216,352.988
2535,1,0,573.750,326.250,352.500,588.269,247.705,6.005,355.583,346.495
2536,1,0,596.250,326.250,352.500,611.164,298.846,-0.457,354.333,352.957
2537,1,0,618.750,326.250,352.500,583.299,376.531,21.022,337.139,331.478
2538,1,0,641.250,326.250,352.500,678.037,457.982,-0.503,378.573,353.003
2539,1,0,0.000,326.250,360.000,16.744,444.181,9.763,369.938,350.237
2540,1,0,22.500,326.250,360.000,0.085,465.712,-0.494,387.179,360.494
2541,1,0,45.000,326.250,360.000,42.865,274.109,-0.150,363.911,360.150
2542,1,0,67.500,326.250,360.000,89.116,349.253,9.763,351.657,350.237
2543,1,0,123.750,326.250,360.000,133.474,411.585,6.002,364.268,353.998
2544,1,0,135.000,326.250,360.000,116.816,349.183,6.007,355.201,353.993
2545,1,0,157.500,326.250,360.000,239.782,279.377,-0.502,372.732,360.502
2546,1,0,180.000,326.250,360.000,308.152,350.220,-0.490,383.341,360.490
2547,1,0,236.250,326.250,360.000,207.237,458.360,9.760,375.450,350.240
2548,1,0,247.500,326.250,360.000,236.449,371.781,9.763,353.357,350.237
2549,1,0,270.000,326.250,360.000,304.576,369.708,-0.491,364.743,360.491
2550,1,0,292.500,326.250,360.000,345.969,489.555,9.763,390.120,350.237
2551,1,0,348.750,326.250,360.000,348.347,261.631,9.760,356.151,350.240
2552,1,0,360.000,326.250,360.000,354.991,222.386,5.978,368.978,354.022
2553,1,0,382.500,326.250,360.000,358.051,296.301,-0.491,362.558,360.491
2554,1,0,405.000,326.250,360.000,424.766,395.484,9.691,357.632,350.309
2555,1,0,461.250,326.250,360.000,448.127,244.139,6.005,363.630,353.995
2556,1,0,472.500,326.250,360.000,427.788,188.975,-0.487,388.323,360.487
2557,1,0,495.000,326.250,360.000,563.011,105.257,6.008,422.816,353.992
2558,1,0,517.500,326.250,360.000,578.915,226.986,-0.716,379.132,360.716
2559,1,0,573.750,326.250,360.000,558.250,419.425,6.712,365.697,353.288
2560,1,0,585.000,326.250,360.000,545.774,398.444,5.959,363.449,354.041
2561,1,0,607.500,326.250,360.000,583.680,459.760,7.777,377.430,352.223
2562,1,0,630.000,326.250,360.000,660.532,503.680,-0.494,402.951,360.494
2563,1,0,0.000,326.250,367.500,-3.146,675.384,6.008,502.574,361.492
2564,1,0,11.250,326.250,367.500,0.635,515.588,-0.426,413.922,367.926
2565,1,0,33.750,326.250,367.500,85.034,430.817,-0.493,385.984,367.993
2566,1,0,56.250,326.250,367.500,59.783,452.397,-0.493,389.031,367.993
2567,1,0,123.750,326.250,367.500,151.110,555.006,-0.493,434.162,367.993
2568,1,0,146.250,326.250,367.500,147.107,377.923,-0.465,371.576,367.965
2569,1,0,168.750,326.250,367.500,180.435,498.733,6.047,400.668,361.453
2570,1,0,236.250,326.250,367.500,237.125,467.745,-0.508,394.274,368.008
2571,1,0,258.750,326.250,367.500,291.597,446.456,-0.494,388.520,367.994
2572,1,0,281.250,326.250,367.500,289.460,515.907,-0.494,414.073,367.994
2573,1,0,348.750,326.250,367.500,316.634,259.324,6.019,369.024,361.481
2574,1,0,371.250,326.250,367.500,393.790,280.040,-0.488,371.563,367.988
2575,1,0,393.750,326.250,367.500,415.149,389.800,-0.564,374.122,368.064
2576,1,0,461.250,326.250,367.500,457.373,349.538,6.017,362.253,361.483
2577,1,0,483.750,326.250,367.500,507.294,308.554,-0.487,369.164,367.987
2578,1,0,506.250,326.250,367.500,597.330,634.845,-0.496,488.822,367.996
2579,1,0,573.750,326.250,367.500,523.885,548.450,-0.493,432.757,367.993
2580,1,0,596.250,326.250,367.500,572.989,505.975,-0.494,410.197,367.994
2581,1,0,618.750,326.250,367.500,601.385,705.567,-0.488,528.771,367.988
2582,1,0,641.250,326.250,367.500,717.893,496.134,-0.493,412.497,367.993
2583,1,0,0.000,326.250,375.000,-3.496,613.588,-0.493,472.833,375.493
2584,1,0,22.500,326.250,375.000,128.864,576.439,6.008,458.326,368.992
2585,1,0,45.000,326.250,375.000,9.210,508.138,6.008,412.940,368.992
2586,1,0,67.500,326.250,375.000,71.097,481.825,6.008,400.464,368.992
2587,1,0,123.750,326.250,375.000,69.522,350.246,-0.493,380.146,375.493
2588,1,0,135.000,326.250,375.000,129.209,477.813,-0.494,404.970,375.494
2589,1,0,157.500,326.250,375.000,192.609,497.219,8.725,405.734,366.275
2590,1,0,180.000,326.250,375.000,242.287,543.913,9.763,429.715,365.237
2591,1,0,236.250,326.250,375.000,342.155,696.902,6.008,533.624,368.992
2592,1,0,247.500,326.250,375.000,302.070,543.404,9.763,428.406,365.237
2593,1,0,270.000,326.250,375.000,315.011,497.219,-0.489,415.028,375.489
2594,1,0,292.500,326.250,375.000,344.437,542.707,9.763,427.726,365.237
2595,1,0,348.750,326.250,375.000,350.385,357.106,6.018,370.274,368.982
2596,1,0,360.000,326.250,375.000,367.969,401.697,9.769,373.027,365.231
2597,1,0,382.500,326.250,375.000,419.664,428.954,-0.507,391.069,375.507
2598,1,0,405.000,326.250,375.000,400.560,509.061,-0.494,417.654,375.494
2599,1,0,461.250,326.250,375.000,443.879,485.764,-0.494,408.340,375.494
2600,1,0,472.500,326.250,375.000,399.995,472.246,-0.526,409.379,375.526
2601,1,0,495.000,326.250,375.000,532.291,232.561,6.008,382.522,368.992
2602,1,0,517.500,326.250,375.000,566.895,398.411,17.631,367.913,357.369
2603,1,0,573.750,326.250,375.000,587.083,592.172,6.008,455.024,368.992
2604,1,0,585.000,326.250,375.000,608.687,562.070,-0.494,444.035,375.494
2605,1,0,607.500,326.250,375.000,635.391,691.450,-0.493,524.542,375.493
2606,1,0,630.000,326.250,375.000,595.303,726.189,6.008,545.261,368.992
2607,1,0,0.000,326.250,382.500,-68.228,656.908,-0.493,510.562,382.993
2608,1,0,11.250,326.250,382.500,-14.220,508.918,-0.494,425.089,382.994
2609,1,0,33.750,326.250,382.500,72.318,580.415,-0.520,461.294,383.020
2610,1,0,56.250,326.250,382.500,72.803,593.638,6.007,462.079,376.493
2611,1,0,123.750,326.250,382.500,130.755,385.350,-0.502,387.599,383.002
2612,1,0,146.250,326.250,382.500,135.787,476.321,6.006,405.436,376.494
2613,1,0,168.750,326.250,382.500,209.625,546.290,9.767,434.762,372.733
2614,1,0,236.250,326.250,382.500,232.887,490.639,4.777,411.958,377.723
2615,1,0,258.750,326.250,382.500,297.859,509.917,9.764,417.368,372.736
2616,1,0,281.250,326.250,382.500,293.003,494.097,9.763,408.954,372.737
2617,1,0,348.750,326.250,382.500,337.630,468.485,5.998,402.627,376.502
2618,1,0,371.250,326.250,382.500,365.034,457.382,-0.472,404.848,382.972
2619,1,0,393.750,326.250,382.500,464.878,603.340,6.007,472.848,376.493
2620,1,0,461.250,326.250,382.500,409.707,519.330,-0.494,431.996,382.994
2621,1,0,483.750,326.250,382.500,524.301,573.812,6.008,452.413,376.492
2622,1,0,506.250,326.250,382.500,562.015,494.413,6.008,416.094,376.492
2623,1,0,573.750,326.250,382.500,578.456,581.204,-0.489,460.113,382.989
2624,1,0,596.250,326.250,382.500,567.317,503.438,-0.494,422.986,382.994
2625,1,0,618.750,326.250,382.500,634.090,514.212,-0.489,426.902,382.989
2626,1,0,641.250,326.250,382.500,654.516,521.831,-0.488,430.242,382.988
2627,1,0,0.000,326.250,390.000,-25.067,528.156,-0.493,440.318,390.493
2628,1,0,22.500,326.250,390.000,-3.917,553.821,6.008,447.142,383.992
2629,1,0,45.000,326.250,390.000,42.571,548.654,-0.494,449.393,390.494
2630,1,0,67.500,326.250,390.000,105.704,445.272,6.008,403.826,383.992
2631,1,0,123.750,326.250,390.000,83.492,468.927,6.008,411.616,383.992
2632,1,0,135.000,326.250,390.000,130.541,441.552,6.008,400.954,383.992
2633,1,0,157.500,326.250,390.000,193.508,525.306,-0.489,439.774,390.489
2634,1,0,180.000,326.250,390.000,198.164,402.718,6.008,391.953,383.992
2635,1,0,236.250,326.250,390.000,221.232,537.448,6.008,438.497,383.992
2636,1,0,247.500,326.250,390.000,270.635,497.802,-0.505,427.153,390.505
2637,1,0,270.000,326.250,390.000,284.353,418.685,-0.496,401.544,390.496
2638,1,0,292.500,326.250,390.000,305.726,403.009,6.002,391.818,383.998
2639,1,0,348.750,326.250,390.000,370.512,490.087,-0.393,423.937,390.393
2640,1,0,360.000,326.250,390.000,352.857,470.873,0.588,415.462,389.412
2641,1,0,382.500,326.250,390.000,398.165,478.744,2.917,416.332,387.083
2642,1,0,405.000,326.250,390.000,495.596,499.903,-0.490,436.858,390.490
2643,1,0,461.250,326.250,390.000,430.205,457.533,6.003,407.005,383.997
2644,1,0,472.500,326.250,390.000,486.856,455.668,6.008,405.469,383.992
2645,1,0,495.000,326.250,390.000,528.764,492.662,-0.488,425.810,390.488
2646,1,0,517.500,326.250,390.000,541.375,439.136,5.957,401.002,384.043
2647,1,0,573.750,326.250,390.000,547.664,444.708,5.805,402.888,384.195
2648,1,0,585.000,326.250,390.000,589.235,458.060,5.993,406.021,384.007
2649,1,0,607.500,326.250,390.000,612.322,461.276,5.996,407.081,384.004
2650,1,0,630.000,326.250,390.000,640.475,473.497,19.249,399.058,370.751
2651,1,0,0.000,326.250,397.500,-75.514,434.937,-0.493,419.421,397.993
2652,1,0,11.250,326.250,397.500,56.821,481.756,-0.493,429.718,397.993
2653,1,0,33.750,326.250,397.500,62.063,537.150,-0.474,451.291,397.974
2654,1,0,56.250,326.250,397.500,172.296,537.379,6.008,459.683,391.492
2655,1,0,123.750,326.250,397.500,99.730,402.729,-0.505,405.998,398.005
2656,1,0,146.250,326.250,397.500,157.578,407.672,6.008,400.030,391.492
2657,1,0,168.750,326.250,397.500,129.847,353.522,10.426,389.979,387.074
2658,1,0,236.250,326.250,397.500,220.348,415.459,9.753,398.195,387.747
2659,1,0,258.750,326.250,397.500,254.378,391.619,-0.488,403.345,397.988
2660,1,0,281.250,326.250,397.500,377.547,461.373,-0.470,431.174,397.970
2661,1,0,348.750,326.250,397.500,311.083,418.317,-0.488,410.231,397.988
2662,1,0,371.250,326.250,397.500,383.657,381.919,5.994,395.639,391.506
2663,1,0,393.750,326.250,397.500,443.914,397.260,6.026,401.012,391.474
2664,1,0,461.250,326.250,397.500,451.395,438.907,5.848,407.652,391.652
2665,1,0,483.750,326.250,397.500,480.713,422.286,-0.309,409.248,397.809
2666,1,0,506.250,326.250,397.500,508.574,473.840,14.657,410.314,382.843
2667,1,0,573.750,326.250,397.500,579.697,452.213,-0.488,417.489,397.988
2668,1,0,596.250,326.250,397.500,585.705,396.814,6.008,397.940,391.492
2669,1,0,618.750,326.250,397.500,610.080,448.422,12.534,403.980,384.966
2670,1,0,641.250,326.250,397.500,660.457,445.587,10.612,405.330,386.888
2671,1,0,0.000,326.250,405.000,0.918,454.403,-0.494,425.264,405.494
2672,1,0,22.500,326.250,405.000,-20.699,423.777,-0.494,419.288,405.494
2673,1,0,45.000,326.250,405.000,43.699,432.506,9.763,409.273,395.237
2674,1,0,146.250,326.250,405.000,153.534,479.580,9.760,424.002,395.240
2675,1,0,157.500,326.250,405.000,155.541,471.200,11.686,419.178,393.314
2676,1,0,258.750,326.250,405.000,300.538,317.983,9.760,397.529,395.240
2677,1,0,270.000,326.250,405.000,294.669,194.303,12.523,414.797,392.477
2678,1,0,371.250,326.250,405.000,318.196,455.452,6.008,422.732,398.992
2679,1,0,382.500,326.250,405.000,353.473,453.602,4.035,421.704,400.965
2680,1,0,483.750,326.250,405.000,447.656,616.881,9.763,491.916,395.237
2681,1,0,495.000,326.250,405.000,530.285,453.781,-0.494,426.538,405.494
2682,1,0,596.250,326.250,405.000,601.589,342.716,293.285,113.048,111.715
2683,1,0,607.500,326.250,405.000,663.090,414.075,6.008,412.308,398.992
2684,1,0,630.000,326.250,405.000,666.685,451.395,-0.488,425.944,405.488
2685,1,0,56.250,326.250,405.000,74.560,370.999,13.416,394.558,391.584
2686,1,0,168.750,326.250,405.000,199.137,389.406,-0.463,411.475,405.463
2687,1,0,281.250,326.250,405.000,280.966,380.201,9.741,398.924,395.259
2688,1,0,393.750,326.250,405.000,415.185,371.692,-0.514,408.615,405.514
2689,1,0,506.250,326.250,405.000,502.584,233.464,23.067,393.059,381.933
2690,1,0,0.000,326.250,412.500,-41.045,324.121,-0.493,415.034,412.993
2691,1,0,11.250,326.250,412.500,79.093,298.108,11.012,408.151,401.488
2692,1,0,33.750,326.250,412.500,97.096,289.109,11.070,408.091,401.430
2693,1,0,146.250,326.250,412.500,175.688,293.251,8.677,406.237,403.823
2694,1,0,258.750,326.250,412.500,248.948,276.451,20.591,395.182,391.909
2695,1,0,371.250,326.250,412.500,430.180,150.248,9.763,443.449,402.737
2696,1,0,483.750,326.250,412.500,481.173,261.443,9.581,408.106,402.919
2697,1,0,596.250,326.250,412.500,584.714,202.188,9.832,421.505,402.668
2698,1,0,618.750,326.250,412.500,615.040,429.839,9.763,415.863,402.737
2699,1,0,641.250,326.250,412.500,656.692,387.996,6.008,411.445,406.492
2700,1,0,0.000,326.250,420.000,146.170,232.649,1.344,453.211,418.656
2701,1,0,22.500,326.250,420.000,19.860,275.696,12.520,410.612,407.480
2702,1,0,45.000,326.250,420.000,66.561,252.547,9.763,417.363,410.237
2703,1,0,67.500,326.250,420.000,72.109,264.331,-0.494,425.054,420.494
2704,1,0,90.000,326.250,420.000,85.782,276.264,15.279,407.818,404.721
2705,1,0,112.500,326.250,420.000,121.200,286.267,23.200,398.904,396.800
2706,1,0,135.000,326.250,420.000,181.321,256.912,5.349,422.953,414.651
2707,1,0,157.500,326.250,420.000,173.519,316.066,8.824,411.614,411.176
2708,1,0,180.000,326.250,420.000,188.700,293.872,6.039,415.316,413.961
2709,1,0,202.500,326.250,420.000,231.840,276.524,-0.492,424.437,420.492
2710,1,0,225.000,326.250,420.000,225.231,235.925,-0.496,430.088,420.496
2711,1,0,247.500,326.250,420.000,266.734,222.701,4.101,429.027,415.899
2712,1,0,270.000,326.250,420.000,248.946,284.274,2.915,419.720,417.085
2713,1,0,292.500,326.250,420.000,313.587,245.185,9.156,419.296,410.844
2714,1,0,315.000,326.250,420.000,304.415,291.453,6.026,415.569,413.974
2715,1,0,337.500,326.250,420.000,346.283,282.945,-0.486,422.802,420.486
2716,1,0,360.000,326.250,420.000,363.141,272.798,1.921,421.494,418.079
2717,1,0,382.500,326.250,420.000,403.578,245.854,-0.536,428.671,420.536
2718,1,0,405.000,326.250,420.000,410.299,228.206,15.417,416.327,404.583
2719,1,0,427.500,326.250,420.000,415.730,305.947,6.017,414.648,413.983
2720,1,0,450.000,326.250,420.000,458.994,320.313,6.008,414.132,413.992
2721,1,0,472.500,326.250,420.000,471.322,227.941,18.465,413.396,401.535
2722,1,0,495.000,326.250,420.000,525.774,306.641,18.234,403.420,401.766
2723,1,0,517.500,326.250,420.000,532.973,291.981,-0.473,422.151,420.473
2724,1,0,540.000,326.250,420.000,584.579,319.298,6.028,416.423,413.972
2725,1,0,562.500,326.250,420.000,566.143,266.315,13.016,411.390,406.984
2726,1,0,585.000,326.250,420.000,590.545,224.531,0.415,431.775,419.585
2727,1,0,607.500,326.250,420.000,613.664,277.636,21.187,401.812,398.813
2728,1,0,630.000,326.250,420.000,660.387,448.253,-0.494,438.889,420.494
2729,1,0,0.000,326.250,427.500,109.275,404.737,6.067,442.388,421.433
2730,1,0,11.250,326.250,427.500,119.055,309.796,9.762,431.738,417.738
2731,1,0,33.750,326.250,427.500,36.622,255.227,10.629,422.887,416.871
2732,1,0,56.250,326.250,427.500,22.716,177.062,11.486,443.226,416.014
2733,1,0,78.750,326.250,427.500,89.469,258.106,6.010,427.097,421.490
2734,1,0,101.250,326.250,427.500,102.845,222.247,-0.499,440.456,427.999
2735,1,0,123.750,326.250,427.500,143.144,253.761,5.971,428.156,421.529
2736,1,0,146.250,326.250,427.500,160.340,214.362,-0.494,442.601,427.994
2737,1,0,168.750,326.250,427.500,199.719,302.846,6.013,423.271,421.487
2738,1,0,191.250,326.250,427.500,201.610,275.175,-0.482,431.143,427.982
2739,1,0,213.750,326.250,427.500,198.495,259.889,5.915,427.049,421.585
2740,1,0,236.250,326.250,427.500,254.350,215.525,6.008,436.169,421.492
2741,1,0,258.750,326.250,427.500,273.442,193.497,6.008,442.148,421.492
2742,1,0,281.250,326.250,427.500,272.241,252.034,6.018,428.061,421.482
2743,1,0,303.750,326.250,427.500,321.631,237.470,-0.478,437.455,427.978
2744,1,0,326.250,326.250,427.500,330.939,246.265,-0.462,435.398,427.962
2745,1,0,348.750,326.250,427.500,350.393,248.510,-0.489,434.995,427.989
2746,1,0,371.250,326.250,427.500,377.926,235.515,-0.500,437.563,428.000
2747,1,0,393.750,326.250,427.500,403.348,235.381,-0.013,437.169,427.513
2748,1,0,416.250,326.250,427.500,413.276,271.241,5.981,425.104,421.519
2749,1,0,438.750,326.250,427.500,442.558,253.383,-0.477,434.152,427.977
2750,1,0,461.250,326.250,427.500,421.037,202.862,-0.494,447.236,427.994
2751,1,0,483.750,326.250,427.500,519.571,220.736,-0.409,442.179,427.909
2752,1,0,506.250,326.250,427.500,512.839,287.361,5.977,423.365,421.523
2753,1,0,528.750,326.250,427.500,576.030,258.754,-0.467,435.829,427.967
2754,1,0,551.250,326.250,427.500,547.764,240.390,-0.467,436.508,427.967
2755,1,0,573.750,326.250,427.500,588.839,216.735,-0.479,442.027,427.979
2756,1,0,596.250,326.250,427.500,580.433,239.492,6.033,430.595,421.467
2757,1,0,618.750,326.250,427.500,618.727,391.707,-0.500,432.977,428.000
2758,1,0,641.250,326.250,427.500,697.776,460.527,-0.488,452.106,427.988
2759,1,0,0.000,326.250,435.000,57.125,231.985,16.276,432.989,418.724
2760,1,0,22.500,326.250,435.000,73.437,199.232,21.022,436.012,413.978
2761,1,0,45.000,326.250,435.000,42.989,208.989,9.763,441.113,425.237
2762,1,0,67.500,326.250,435.000,89.626,232.439,7.008,438.711,427.992
2763,1,0,90.000,326.250,435.000,105.484,233.667,15.006,430.356,419.994
2764,1,0,112.500,326.250,435.000,135.761,248.063,5.617,437.063,429.383
2765,1,0,135.000,326.250,435.000,137.317,221.075,6.044,441.668,428.956
2766,1,0,157.500,326.250,435.000,177.510,221.571,9.733,438.418,425.267
2767,1,0,180.000,326.250,435.000,180.834,233.053,9.779,435.315,425.221
2768,1,0,202.500,326.250,435.000,204.550,222.811,-0.489,447.610,435.489
2769,1,0,225.000,326.250,435.000,256.558,152.282,-0.493,470.016,435.493
2770,1,0,247.500,326.250,435.000,258.800,215.031,9.763,439.686,425.237
2771,1,0,270.000,326.250,435.000,295.228,173.376,6.009,456.114,428.991
2772,1,0,292.500,326.250,435.000,321.809,212.059,9.112,441.904,425.888
2773,1,0,315.000,326.250,435.000,344.506,217.386,6.622,442.979,428.378
2774,1,0,337.500,326.250,435.000,379.514,168.756,6.008,458.916,428.992
2775,1,0,360.000,326.250,435.000,367.494,220.303,-0.505,448.270,435.505
2776,1,0,382.500,326.250,435.000,396.634,211.343,-0.505,450.631,435.505
2777,1,0,405.000,326.250,435.000,420.861,248.037,-0.515,442.766,435.515
2778,1,0,427.500,326.250,435.000,433.257,221.553,2.680,444.854,432.320
2779,1,0,450.000,326.250,435.000,450.990,251.099,6.008,435.526,428.992
2780,1,0,472.500,326.250,435.000,460.688,227.489,-0.493,446.708,435.493
2781,1,0,495.000,326.250,435.000,517.538,256.975,-0.478,441.529,435.478
2782,1,0,517.500,326.250,435.000,529.235,276.274,-0.641,438.655,435.641
2783,1,0,540.000,326.250,435.000,543.206,249.838,6.039,435.725,428.961
2784,1,0,562.500,326.250,435.000,559.415,218.050,6.021,442.424,428.979
2785,1,0,585.000,326.250,435.000,582.072,233.936,-0.483,445.170,435.483
2786,1,0,607.500,326.250,435.000,615.747,257.504,-0.416,440.886,435.416
2787,1,0,630.000,326.250,435.000,689.100,387.458,6.008,437.348,428.992
2788,1,0,0.000,326.250,442.500,20.415,249.180,9.763,440.021,432.737
2789,1,0,11.250,326.250,442.500,33.345,280.738,12.540,432.927,429.960
2790,1,0,33.750,326.250,442.500,117.223,240.982,21.022,438.044,421.478
2791,1,0,56.250,326.250,442.500,86.330,237.363,-0.484,452.814,442.984
2792,1,0,78.750,326.250,442.500,97.628,165.230,-0.493,471.727,442.993
2793,1,0,101.250,326.250,442.500,122.871,274.435,-0.464,446.508,442.964
2794,1,0,123.750,326.250,442.500,140.816,251.730,12.478,436.764,430.022
2795,1,0,146.250,326.250,442.500,160.957,255.130,-0.540,448.953,443.040
2796,1,0,168.750,326.250,442.500,184.507,225.851,-0.516,454.523,443.016
2797,1,0,191.250,326.250,442.500,226.890,241.544,9.758,442.392,432.742
2798,1,0,213.750,326.250,442.500,222.317,277.122,16.297,429.111,426.203
2799,1,0,236.250,326.250,442.500,233.743,181.931,6.008,459.738,436.492
2800,1,0,258.750,326.250,442.500,259.760,232.788,11.624,440.897,430.876
2801,1,0,281.250,326.250,442.500,289.012,234.966,7.208,444.828,435.292
2802,1,0,303.750,326.250,442.500,311.750,249.489,-0.492,449.665,442.992
2803,1,0,326.250,326.250,442.500,338.472,257.835,6.006,441.992,436.494
2804,1,0,348.750,326.250,442.500,362.013,242.962,6.012,444.561,436.488
2805,1,0,371.250,326.250,442.500,384.891,239.971,8.974,442.239,433.526
2806,1,0,393.750,326.250,442.500,424.437,271.795,7.183,439.781,435.317
2807,1,0,416.250,326.250,442.500,451.716,292.862,-0.496,445.666,442.996
2808,1,0,438.750,326.250,442.500,419.042,325.719,6.023,436.922,436.477
2809,1,0,461.250,326.250,442.500,452.429,260.009,-0.479,447.991,442.979
2810,1,0,483.750,326.250,442.500,490.730,218.180,3.764,451.904,438.736
2811,1,0,506.250,326.250,442.500,532.834,274.539,5.910,440.444,436.590
2812,1,0,528.750,326.250,442.500,551.235,263.597,9.761,437.829,432.739
2813,1,0,551.250,326.250,442.500,551.786,306.120,9.763,433.205,432.737
2814,1,0,573.750,326.250,442.500,559.987,295.905,9.768,434.013,432.732
2815,1,0,596.250,326.250,442.500,606.741,223.012,1.502,453.043,440.998
2816,1,0,618.750,326.250,442.500,614.093,244.883,4.481,445.536,438.019
2817,1,0,641.250,326.250,442.500,719.067,391.977,-0.494,454.554,442.994
2818,1,0,0.000,326.250,450.000,5.689,329.774,291.474,158.668,158.526
2819,1,0,22.500,326.250,450.000,81.718,216.264,-0.492,467.490,450.492
2820,1,0,45.000,326.250,450.000,87.229,220.608,15.260,449.380,434.740
2821,1,0,67.500,326.250,450.000,80.398,270.290,9.153,444.571,440.847
2822,1,0,90.000,326.250,450.000,175.443,293.348,-0.486,459.696,450.486
2823,1,0,112.500,326.250,450.000,133.281,272.931,9.763,443.941,440.237
2824,1,0,135.000,326.250,450.000,150.662,222.045,6.002,456.332,443.998
2825,1,0,157.500,326.250,450.000,182.752,165.520,-0.490,478.971,450.490
2826,1,0,180.000,326.250,450.000,190.128,246.156,6.055,451.226,443.945
2827,1,0,202.500,326.250,450.000,236.687,252.829,20.300,437.266,429.700
2828,1,0,225.000,326.250,450.000,107.692,284.290,-0.450,467.362,450.450
2829,1,0,247.500,326.250,450.000,224.755,313.528,10.388,440.384,439.612
2830,1,0,270.000,326.250,450.000,311.279,262.093,-0.471,456.886,450.471
2831,1,0,292.500,326.250,450.000,301.021,290.063,-0.488,452.020,450.488
2832,1,0,315.000,326.250,450.000,312.011,298.838,6.007,444.849,443.993
2833,1,0,337.500,326.250,450.000,420.788,303.053,-0.493,458.715,450.493
2834,1,0,360.000,326.250,450.000,338.688,212.415,17.912,447.340,432.088
2835,1,0,382.500,326.250,450.000,431.775,244.819,21.606,438.840,428.394
2836,1,0,405.000,326.250,450.000,347.397,326.058,12.485,441.291,437.515
2837,1,0,427.500,326.250,450.000,423.453,307.057,6.008,444.425,443.992
2838,1,0,450.000,326.250,450.000,451.950,308.799,-0.493,450.836,450.493
2839,1,0,472.500,326.250,450.000,485.377,289.113,6.007,445.729,443.993
2840,1,0,495.000,326.250,450.000,534.888,305.801,14.274,438.026,435.726
2841,1,0,517.500,326.250,450.000,519.846,314.440,6.088,444.075,443.912
2842,1,0,540.000,326.250,450.000,587.988,308.251,11.603,441.383,438.397
2843,1,0,562.500,326.250,450.000,489.964,69.645,-0.494,523.500,450.494
2844,1,0,585.000,326.250,450.000,511.979,245.669,-0.263,463.208,450.263
2845,1,0,607.500,326.250,450.000,611.233,229.321,12.843,447.790,437.157
2846,1,0,630.000,326.250,450.000,733.718,379.093,-0.493,465.289,450.493
2847,1,0,0.000,326.250,457.500,-12.976,336.442,-0.496,458.293,457.996
2848,1,0,11.250,326.250,457.500,0.522,338.382,7.759,450.033,449.741
2849,1,0,33.750,326.250,457.500,71.090,406.743,21.265,445.168,436.235
2850,1,0,56.250,326.250,457.500,68.264,375.001,9.720,450.586,447.780
2851,1,0,78.750,326.250,457.500,80.787,311.792,-0.500,458.232,458.000
2852,1,0,101.250,326.250,457.500,51.064,273.879,16.858,446.573,440.642
2853,1,0,123.750,326.250,457.500,106.983,251.282,6.289,457.704,451.211
2854,1,0,146.250,326.250,457.500,185.160,279.235,25.687,436.104,431.813
2855,1,0,168.750,326.250,457.500,176.752,341.189,289.543,168.810,167.957
2856,1,0,191.250,326.250,457.500,216.188,419.851,6.008,461.766,451.492
2857,1,0,213.750,326.250,457.500,196.009,491.982,18.505,469.573,438.995
2858,1,0,236.250,326.250,457.500,249.118,392.028,9.355,453.129,448.145
2859,1,0,258.750,326.250,457.500,239.387,180.348,-0.488,481.057,457.988
2860,1,0,281.250,326.250,457.500,303.277,261.472,-0.484,463.067,457.984
2861,1,0,303.750,326.250,457.500,354.018,245.733,10.199,457.262,447.301
2862,1,0,326.250,326.250,457.500,295.660,272.020,-0.479,462.192,457.979
2863,1,0,348.750,326.250,457.500,370.250,379.206,18.058,443.143,439.442
2864,1,0,371.250,326.250,457.500,419.100,406.969,13.061,454.237,444.439
2865,1,0,393.750,326.250,457.500,427.488,336.516,14.009,444.891,443.491
2866,1,0,416.250,326.250,457.500,418.713,375.301,-0.494,460.619,457.994
2867,1,0,438.750,326.250,457.500,425.494,272.942,-0.500,461.283,458.000
2868,1,0,461.250,326.250,457.500,350.122,149.651,9.763,493.969,447.737
2869,1,0,483.750,326.250,457.500,460.123,190.803,-0.495,478.188,457.995
2870,1,0,506.250,326.250,457.500,551.937,260.604,2.008,462.461,455.492
2871,1,0,528.750,326.250,457.500,514.870,264.725,12.982,448.970,444.518
2872,1,0,551.250,326.250,457.500,586.404,259.547,19.152,444.785,438.348
2873,1,0,573.750,326.250,457.500,596.206,292.784,3.358,455.927,454.142
2874,1,0,596.250,326.250,457.500,587.625,320.381,276.515,181.285,180.985
2875,1,0,618.750,326.250,457.500,588.929,454.815,-0.514,476.650,458.014
2876,1,0,641.250,326.250,457.500,818.103,458.216,9.763,499.160,447.737
2877,1,0,0.000,326.250,465.000,16.379,465.794,13.516,472.841,451.484
2878,1,0,45.000,326.250,465.000,76.016,513.389,18.946,484.713,446.054
2879,1,0,90.000,326.250,465.000,70.000,448.001,-0.483,481.557,465.483
2880,1,0,135.000,326.250,465.000,156.036,441.448,-0.486,479.990,465.486
2881,1,0,180.000,326.250,465.000,180.952,429.157,14.791,461.821,450.209
2882,1,0,225.000,326.250,465.000,240.271,436.080,-0.468,478.494,465.468
2883,1,0,270.000,326.250,465.000,280.322,485.043,11.900,480.231,453.100
2884,1,0,315.000,326.250,465.000,329.600,421.849,-0.483,475.422,465.483
2885,1,0,360.000,326.250,465.000,397.578,389.916,-0.467,471.301,465.467
2886,1,0,405.000,326.250,465.000,468.100,452.665,5.225,480.994,459.775
2887,1,0,450.000,326.250,465.000,476.227,475.909,-0.460,489.632,465.460
2888,1,0,495.000,326.250,465.000,543.334,415.549,11.201,465.020,453.799
2889,1,0,540.000,326.250,465.000,520.312,336.926,-0.486,466.025,465.486
2890,1,0,585.000,326.250,465.000,628.175,446.571,8.509,474.052,456.491
2891,1,0,630.000,326.250,465.000,723.772,466.607,13.518,482.006,451.482
2892,0,0,0.000,11.250,-0.000,0.000,11.250,-0.000,0.000,0.000
2893,0,0,0.000,56.250,-0.000,0.000,56.250,-0.000,0.000,0.000
2894,0,0,0.000,101.250,-0.000,0.000,101.250,-0.000,0.000,0.000
2895,0,0,0.000,146.250,-0.000,0.000,146.250,-0.000,0.000,0.000
2896,0,0,0.000,191.250,-0.000,0.000,191.250,-0.000,0.000,0.000
2897,0,0,0.000,236.250,-0.000,0.000,236.250,-0.000,0.000,0.000
2898,0,0,0.000,281.250,-0.000,0.000,281.250,-0.000,0.000,0.000
2899,0,0,0.000,11.250,15.000,0.000,11.250,15.000,0.000,0.000
2900,0,0,0.000,33.750,15.000,0.000,33.750,15.000,0.000,0.000
2901,0,0,0.000,56.250,15.000,0.000,56.250,15.000,0.000,0.000
2902,0,0,0.000,78.750,15.000,0.000,78.750,15.000,0.000,0.000
2903,0,0,0.000,101.250,15.000,0.000,101.250,15.000,0.000,0.000
2904,0,0,0.000,123.750,15.000,0.000,123.750,15.000,0.000,0.000
2905,0,0,0.000,146.250,15.000,0.000,146.250,15.000,0.000,0.000
2906,0,0,0.000,168.750,15.000,0.000,168.750,15.000,0.000,0.000
2907,0,0,0.000,191.250,15.000,0.000,191.250,15.000,0.000,0.000
2908,0,0,0.000,213.750,15.000,0.000,213.750,15.000,0.000,0.000
2909,0,0,0.000,236.250,15.000,0.000,236.250,15.000,0.000,0.000
2910,0,0,0.000,258.750,15.000,0.000,258.750,15.000,0.000,0.000
2911,0,0,0.000,281.250,15.000,0.000,281.250,15.000,0.000,0.000
2912,0,0,0.000,303.750,15.000,0.000,303.750,15.000,0.000,0.000
2913,0,0,0.000,11.250,22.500,0.000,11.250,22.500,0.000,0.000
2914,0,0,0.000,22.500,22.500,0.000,22.500,22.500,0.000,0.000
2915,0,0,0.000,45.000,22.500,0.000,45.000,22.500,0.000,0.000
2916,0,0,0.000,67.500,22.500,0.000,67.500,22.500,0.000,0.000
2917,0,0,0.000,90.000,22.500,0.000,90.000,22.500,0.000,0.000
2918,0,0,0.000,112.500,22.500,0.000,112.500,22.500,0.000,0.000
2919,0,0,0.000,135.000,22.500,0.000,135.000,22.500,0.000,0.000
2920,0,0,0.000,157.500,22.500,0.000,157.500,22.500,0.000,0.000
2921,0,0,0.000,180.000,22.500,0.000,180.000,22.500,0.000,0.000
2922,0,0,0.000,202.500,22.500,0.000,202.500,22.500,0.000,0.000
2923,0,0,0.000,225.000,22.500,0.000,225.000,22.500,0.000,0.000
2924,0,0,0.000,247.500,22.500,0.000,247.500,22.500,0.000,0.000
2925,0,0,0.000,270.000,22.500,0.000,270.000,22.500,0.000,0.000
2926,0,0,0.000,292.500,22.500,0.000,292.500,22.500,0.000,0.000
2927,0,0,0.000,315.000,22.500,0.000,315.000,22.500,0.000,0.000
2928,0,0,0.000,11.250,30.000,0.000,11.250,30.000,0.000,0.000
2929,0,0,0.000,33.750,30.000,0.000,33.750,30.000,0.000,0.000
2930,0,0,0.000,56.250,30.000,0.000,56.250,30.000,0.000,0.000
2931,0,0,0.000,78.750,30.000,0.000,78.750,30.000,0.000,0.000
2932,0,0,0.000,101.250,30.000,0.000,101.250,30.000,0.000,0.000
2933,0,0,0.000,123.750,30.000,0.000,123.750,30.000,0.000,0.000
2934,0,0,0.000,146.250,30.000,0.000,146.250,30.000,0.000,0.000
2935,0,0,0.000,168.750,30.000,0.000,168.750,30.000,0.000,0.000
2936,0,0,0.000,191.250,30.000,0.000,191.250,30.000,0.000,0.000
2937,0,0,0.000,213.750,30.000,0.000,213.750,30.000,0.000,0.000
2938,0,0,0.000,236.250,30.000,0.000,236.250,30.000,0.000,0.000
2939,0,0,0.000,258.750,30.000,0.000,258.750,30.000,0.000,0.000
2940,0,0,0.000,281.250,30.000,0.000,281.250,30.000,0.000,0.000
2941,0,0,0.000,303.750,30.000,0.000,303.750,30.000,0.000,0.000
2942,0,0,0.000,11.250,37.500,0.000,11.250,37.500,0.000,0.000
2943,0,0,0.000,22.500,37.500,0.000,22.500,37.500,0.000,0.000
2944,0,0,0.000,45.000,37.500,0.000,45.000,37.500,0.000,0.000
2945,0,0,0.000,67.500,37.500,0.000,67.500,37.500,0.000,0.000
2946,0,0,0.000,90.000,37.500,0.000,90.000,37.500,0.000,0.000
2947,0,0,0.000,112.500,37.500,0.000,112.500,37.500,0.000,0.000
2948,0,0,0.000,135.000,37.500,0.000,135.000,37.500,0.000,0.000
2949,0,0,0.000,157.500,37.500,0.000,157.500,37.500,0.000,0.000
2950,0,0,0.000,180.000,37.500,0.000,180.000,37.500,0.000,0.000
2951,0,0,0.000,202.500,37.500,0.000,202.500,37.500,0.000,0.000
2952,0,0,0.000,225.000,37.500,0.000,225.000,37.500,0.000,0.000
2953,0,0,0.000,247.500,37.500,0.000,247.500,37.500,0.000,0.000
2954,0,0,0.000,270.000,37.500,0.000,270.000,37.500,0.000,0.000
2955,0,0,0.000,292.500,37.500,0.000,292.500,37.500,0.000,0.000
2956,0,0,0.000,315.000,37.500,0.000,315.000,37.500,0.000,0.000
2957,0,0,0.000,11.250,45.000,0.000,11.250,45.000,0.000,0.000
2958,0,0,0.000,33.750,45.000,0.000,33.750,45.000,0.000,0.000
2959,0,0,0.000,56.250,45.000,0.000,56.250,45.000,0.000,0.000
2960,0,0,0.000,78.750,45.000,0.000,78.750,45.000,0.000,0.000
2961,0,0,0.000,101.250,45.000,0.000,101.250,45.000,0.000,0.000
2962,0,0,0.000,123.750,45.000,0.000,123.750,45.000,0.000,0.000
2963,0,0,0.000,146.250,45.000,0.000,146.250,45.000,0.000,0.000
2964,0,0,0.000,168.750,45.000,0.000,168.750,45.000,0.000,0.000
2965,0,0,0.000,191.250,45.000,0.000,191.250,45.000,0.000,0.000
2966,0,0,0.000,213.750,45.000,0.000,213.750,45.000,0.000,0.000
2967,0,0,0.000,236.250,45.000,0.000,236.250,45.000,0.000,0.000
2968,0,0,0.000,258.750,45.000,0.000,258.750,45.000,0.000,0.000
2969,0,0,0.000,281.250,45.000,0.000,281.250,45.000,0.000,0.000
2970,0,0,0.000,303.750,45.000,0.000,303.750,45.000,0.000,0.000
2971,0,0,0.000,11.250,52.500,0.000,11.250,52.500,0.000,0.000
2972,0,0,0.000,22.500,52.500,0.000,22.500,52.500,0.000,0.000
2973,0,0,0.000,45.000,52.500,0.000,45.000,52.500,0.000,0.000
2974,0,0,0.000,135.000,52.500,0.000,135.000,52.500,0.000,0.000
2975,0,0,0.000,157.500,52.500,0.000,157.500,52.500,0.000,0.000
2976,0,0,0.000,180.000,52.500,0.000,180.000,52.500,0.000,0.000
2977,0,0,0.000,270.000,52.500,0.000,270.000,52.500,0.000,0.000
2978,0,0,0.000,292.500,52.500,0.000,292.500,52.500,0.000,0.000
2979,0,0,0.000,315.000,52.500,0.000,315.000,52.500,0.000,0.000
2980,0,0,0.000,67.500,52.500,0.000,67.500,52.500,0.000,0.000
2981,0,0,0.000,202.500,52.500,0.000,202.500,52.500,0.000,0.000
2982,0,0,0.000,11.250,60.000,0.000,11.250,60.000,0.000,0.000
2983,0,0,0.000,33.750,60.000,0.000,33.750,60.000,0.000,0.000
2984,0,0,0.000,56.250,60.000,0.000,56.250,60.000,0.000,0.000
2985,0,0,0.000,123.750,60.000,0.000,123.750,60.000,0.000,0.000
2986,0,0,0.000,146.250,60.000,0.000,146.250,60.000,0.000,0.000
2987,0,0,0.000,168.750,60.000,0.000,168.750,60.000,0.000,0.000
2988,0,0,0.000,191.250,60.000,0.000,191.250,60.000,0.000,0.000
2989,0,0,0.000,258.750,60.000,0.000,258.750,60.000,0.000,0.000
2990,0,0,0.000,281.250,60.000,0.000,281.250,60.000,0.000,0.000
2991,0,0,0.000,303.750,60.000,0.000,303.750,60.000,0.000,0.000
2992,0,0,0.000,11.250,67.500,0.000,11.250,67.500,0.000,0.000
2993,0,0,0.000,22.500,67.500,0.000,22.500,67.500,0.000,0.000
2994,0,0,0.000,45.000,67.500,0.000,45.000,67.500,0.000,0.000
2995,0,0,0.000,67.500,67.500,0.000,67.500,67.500,0.000,0.000
2996,0,0,0.000,123.750,67.500,0.000,123.750,67.500,0.000,0.000
2997,0,0,0.000,135.000,67.500,0.000,135.000,67.500,0.000,0.000
2998,0,0,0.000,157.500,67.500,0.000,157.500,67.500,0.000,0.000
2999,0,0,0.000,180.000,67.500,0.000,180.000,67.500,0.000,0.000
3000,0,0,0.000,202.500,67.500,0.000,202.500,67.500,0.000,0.000
3001,0,0,0.000,258.750,67.500,0.000,258.750,67.500,0.000,0.000
3002,0,0,0.000,270.000,67.500,0.000,270.000,67.500,0.000,0.000
3003,0,0,0.000,292.500,67.500,0.000,292.500,67.500,0.000,0.000
3004,0,0,0.000,315.000,67.500,0.000,315.000,67.500,0.000,0.000
3005,0,0,0.000,11.250,75.000,0.000,11.250,75.000,0.000,0.000
3006,0,0,0.000,33.750,75.000,0.000,33.750,75.000,0.000,0.000
3007,0,0,0.000,56.250,75.000,0.000,56.250,75.000,0.000,0.000
3008,0,0,0.000,123.750,75.000,0.000,123.750,75.000,0.000,0.000
3009,0,0,0.000,146.250,75.000,0.000,146.250,75.000,0.000,0.000
3010,0,0,0.000,168.750,75.000,0.000,168.750,75.000,0.000,0.000
3011,0,0,0.000,191.250,75.000,0.000,191.250,75.000,0.000,0.000
3012,0,0,0.000,258.750,75.000,0.000,258.750,75.000,0.000,0.000
3013,0,0,0.000,281.250,75.000,0.000,281.250,75.000,0.000,0.000
3014,0,0,0.000,303.750,75.000,0.000,303.750,75.000,0.000,0.000
3015,0,0,0.000,11.250,82.500,0.000,11.250,82.500,0.000,0.000
3016,0,0,0.000,22.500,82.500,0.000,22.500,82.500,0.000,0.000
3017,0,0,0.000,45.000,82.500,0.000,45.000,82.500,0.000,0.000
3018,0,0,0.000,67.500,82.500,0.000,67.500,82.500,0.000,0.000
3019,0,0,0.000,123.750,82.500,0.000,123.750,82.500,0.000,0.000
3020,0,0,0.000,135.000,82.500,0.000,135.000,82.500,0.000,0.000
3021,0,0,0.000,157.500,82.500,0.000,157.500,82.500,0.000,0.000
3022,0,0,0.000,180.000,82.500,0.000,180.000,82.500,0.000,0.000
3023,0,0,0.000,202.500,82.500,0.000,202.500,82.500,0.000,0.000
3024,0,0,0.000,258.750,82.500,0.000,258.750,82.500,0.000,0.000
3025,0,0,0.000,270.000,82.500,0.000,270.000,82.500,0.000,0.000
3026,0,0,0.000,292.500,82.500,0.000,292.500,82.500,0.000,0.000
3027,0,0,0.000,315.000,82.500,0.000,315.000,82.500,0.000,0.000
3028,0,0,0.000,11.250,90.000,0.000,11.250,90.000,0.000,0.000
3029,0,0,0.000,33.750,90.000,0.000,33.750,90.000,0.000,0.000
3030,0,0,0.000,56.250,90.000,0.000,56.250,90.000,0.000,0.000
3031,0,0,0.000,123.750,90.000,0.000,123.750,90.000,0.000,0.000
3032,0,0,0.000,146.250,90.000,0.000,146.250,90.000,0.000,0.000
3033,0,0,0.000,168.750,90.000,0.000,168.750,90.000,0.000,0.000
3034,0,0,0.000,191.250,90.000,0.000,191.250,90.000,0.000,0.000
3035,0,0,0.000,258.750,90.000,0.000,258.750,90.000,0.000,0.000
3036,0,0,0.000,281.250,90.000,0.000,281.250,90.000,0.000,0.000
3037,0,0,0.000,303.750,90.000,0.000,303.750,90.000,0.000,0.000
3038,0,0,0.000,11.250,97.500,0.000,11.250,97.500,0.000,0.000
3039,0,0,0.000,22.500,97.500,0.000,22.500,97.500,0.000,0.000
3040,0,0,0.000,45.000,97.500,0.000,45.000,97.500,0.000,0.000
3041,0,0,0.000,67.500,97.500,0.000,67.500,97.500,0.000,0.000
3042,0,0,0.000,123.750,97.500,0.000,123.750,97.500,0.000,0.000
3043,0,0,0.000,135.000,97.500,0.000,135.000,97.500,0.000,0.000
3044,0,0,0.000,157.500,97.500,0.000,157.500,97.500,0.000,0.000
3045,0,0,0.000,180.000,97.500,0.000,180.000,97.500,0.000,0.000
3046,0,0,0.000,202.500,97.500,0.000,202.500,97.500,0.000,0.000
3047,0,0,0.000,258.750,97.500,0.000,258.750,97.500,0.000,0.000
3048,0,0,0.000,270.000,97.500,0.000,270.000,97.500,0.000,0.000
3049,0,0,0.000,292.500,97.500,0.000,292.500,97.500,0.000,0.000
3050,0,0,0.000,315.000,97.500,0.000,315.000,97.500,0.000,0.000
3051,0,0,0.000,11.250,105.000,0.000,11.250,105.000,0.000,0.000
3052,0,0,0.000,33.750,105.000,0.000,33.750,105.000,0.000,0.000
3053,0,0,0.000,56.250,105.000,0.000,56.250,105.000,0.000,0.000
3054,0,0,0.000,123.750,105.000,0.000,123.750,105.000,0.000,0.000
3055,0,0,0.000,146.250,105.000,0.000,146.250,105.000,0.000,0.000
3056,0,0,0.000,168.750,105.000,0.000,168.750,105.000,0.000,0.000
3057,0,0,0.000,191.250,105.000,0.000,191.250,105.000,0.000,0.000
3058,0,0,0.000,258.750,105.000,0.000,258.750,105.000,0.000,0.000
3059,0,0,0.000,281.250,105.000,0.000,281.250,105.000,0.000,0.000
3060,0,0,0.000,303.750,105.000,0.000,303.750,105.000,0.000,0.000
3061,0,0,0.000,11.250,112.500,0.000,11.250,112.500,0.000,0.000
3062,0,0,0.000,22.500,112.500,0.000,22.500,112.500,0.000,0.000
3063,0,0,0.000,45.000,112.500,0.000,45.000,112.500,0.000,0.000
3064,0,0,0.000,67.500,112.500,0.000,67.500,112.500,0.000,0.000
3065,0,0,0.000,123.750,112.500,0.000,123.750,112.500,0.000,0.000
3066,0,0,0.000,135.000,112.500,0.000,135.000,112.500,0.000,0.000
3067,0,0,0.000,157.500,112.500,0.000,157.500,112.500,0.000,0.000
3068,0,0,0.000,180.000,112.500,0.000,180.000,112.500,0.000,0.000
3069,0,0,0.000,202.500,112.500,0.000,202.500,112.500,0.000,0.000
3070,0,0,0.000,258.750,112.500,0.000,258.750,112.500,0.000,0.000
3071,0,0,0.000,270.000,112.500,0.000,270.000,112.500,0.000,0.000
3072,0,0,0.000,292.500,112.500,0.000,292.500,112.500,0.000,0.000
3073,0,0,0.000,315.000,112.500,0.000,315.000,112.500,0.000,0.000
3074,0,0,0.000,11.250,120.000,0.000,11.250,120.000,0.000,0.000
3075,0,0,0.000,33.750,120.000,0.000,33.750,120.000,0.000,0.000
3076,0,0,0.000,56.250,120.000,0.000,56.250,120.000,0.000,0.000
3077,0,0,0.000,123.750,120.000,0.000,123.750,120.000,0.000,0.000
3078,0,0,0.000,146.250,120.000,0.000,146.250,120.000,0.000,0.000
3079,0,0,0.000,168.750,120.000,0.000,168.750,120.000,0.000,0.000
3080,0,0,0.000,191.250,120.000,0.000,191.250,120.000,0.000,0.000
3081,0,0,0.000,258.750,120.000,0.000,258.750,120.000,0.000,0.000
3082,0,0,0.000,281.250,120.000,0.000,281.250,120.000,0.000,0.000
3083,0,0,0.000,303.750,120.000,0.000,303.750,120.000,0.000,0.000
3084,0,0,0.000,11.250,127.500,0.000,11.250,127.500,0.000,0.000
3085,0,0,0.000,22.500,127.500,0.000,22.500,127.500,0.000,0.000
3086,0,0,0.000,45.000,127.500,0.000,45.000,127.500,0.000,0.000
3087,0,0,0.000,67.500,127.500,0.000,67.500,127.500,0.000,0.000
3088,0,0,0.000,123.750,127.500,0.000,123.750,127.500,0.000,0.000
3089,0,0,0.000,135.000,127.500,0.000,135.000,127.500,0.000,0.000
3090,0,0,0.000,157.500,127.500,0.000,157.500,127.500,0.000,0.000
3091,0,0,0.000,180.000,127.500,0.000,180.000,127.500,0.000,0.000
3092,0,0,0.000,202.500,127.500,0.000,202.500,127.500,0.000,0.000
3093,0,0,0.000,258.750,127.500,0.000,258.750,127.500,0.000,0.000
3094,0,0,0.000,270.000,127.500,0.000,270.000,127.500,0.000,0.000
3095,0,0,0.000,292.500,127.500,0.000,292.500,127.500,0.000,0.000
3096,0,0,0.000,315.000,127.500,0.000,315.000,127.500,0.000,0.000
3097,0,0,0.000,11.250,135.000,0.000,11.250,135.000,0.000,0.000
3098,0,0,0.000,33.750,135.000,0.000,33.750,135.000,0.000,0.000
3099,0,0,0.000,56.250,135.000,0.000,56.250,135.000,0.000,0.000
3100,0,0,0.000,123.750,135.000,0.000,123.750,135.000,0.000,0.000
3101,0,0,0.000,146.250,135.000,0.000,146.250,135.000,0.000,0.000
3102,0,0,0.000,168.750,135.000,0.000,168.750,135.000,0.000,0.000
3103,0,0,0.000,191.250,135.000,0.000,191.250,135.000,0.000,0.000
3104,0,0,0.000,258.750,135.000,0.000,258.750,135.000,0.000,0.000
3105,0,0,0.000,281.250,135.000,0.000,281.250,135.000,0.000,0.000
3106,0,0,0.000,303.750,135.000,0.000,303.750,135.000,0.000,0.000
3107,0,0,0.000,11.250,142.500,0.000,11.250,142.500,0.000,0.000
3108,0,0,0.000,22.500,142.500,0.000,22.500,142.500,0.000,0.000
3109,0,0,0.000,45.000,142.500,0.000,45.000,142.500,0.000,0.000
3110,0,0,0.000,67.500,142.500,0.000,67.500,142.500,0.000,0.000
3111,0,0,0.000,123.750,142.500,0.000,123.750,142.500,0.000,0.000
3112,0,0,0.000,135.000,142.500,0.000,135.000,142.500,0.000,0.000
3113,0,0,0.000,157.500,142.500,0.000,157.500,142.500,0.000,0.000
3114,0,0,0.000,180.000,142.500,0.000,180.000,142.500,0.000,0.000
3115,0,0,0.000,202.500,142.500,0.000,202.500,142.500,0.000,0.000
3116,0,0,0.000,258.750,142.500,0.000,258.750,142.500,0.000,0.000
3117,0,0,0.000,270.000,142.500,0.000,270.000,142.500,0.000,0.000
3118,0,0,0.000,292.500,142.500,0.000,292.500,142.500,0.000,0.000
3119,0,0,0.000,315.000,142.500,0.000,315.000,142.500,0.000,0.000
3120,0,0,0.000,11.250,150.000,0.000,11.250,150.000,0.000,0.000
3121,0,0,0.000,33.750,150.000,0.000,33.750,150.000,0.000,0.000
3122,0,0,0.000,56.250,150.000,0.000,56.250,150.000,0.000,0.000
3123,0,0,0.000,123.750,150.000,0.000,123.750,150.000,0.000,0.000
3124,0,0,0.000,146.250,150.000,0.000,146.250,150.000,0.000,0.000
3125,0,0,0.000,168.750,150.000,0.000,168.750,150.000,0.000,0.000
3126,0,0,0.000,191.250,150.000,0.000,191.250,150.000,0.000,0.000
3127,0,0,0.000,258.750,150.000,0.000,258.750,150.000,0.000,0.000
3128,0,0,0.000,281.250,150.000,0.000,281.250,150.000,0.000,0.000
3129,0,0,0.000,303.750,150.000,0.000,303.750,150.000,0.000,0.000
3130,0,0,0.000,11.250,157.500,0.000,11.250,157.500,0.000,0.000
3131,0,0,0.000,22.500,157.500,0.000,22.500,157.500,0.000,0.000
3132,0,0,0.000,45.000,157.500,0.000,45.000,157.500,0.000,0.000
3133,0,0,0.000,67.500,157.500,0.000,67.500,157.500,0.000,0.000
3134,0,0,0.000,123.750,157.500,0.000,123.750,157.500,0.000,0.000
3135,0,0,0.000,135.000,157.500,0.000,135.000,157.500,0.000,0.000
3136,0,0,0.000,157.500,157.500,0.000,157.500,157.500,0.000,0.000
3137,0,0,0.000,180.000,157.500,0.000,180.000,157.500,0.000,0.000
3138,0,0,0.000,202.500,157.500,0.000,202.500,157.500,0.000,0.000
3139,0,0,0.000,258.750,157.500,0.000,258.750,157.500,0.000,0.000
3140,0,0,0.000,270.000,157.500,0.000,270.000,157.500,0.000,0.000
3141,0,0,0.000,292.500,157.500,0.000,292.500,157.500,0.000,0.000
3142,0,0,0.000,315.000,157.500,0.000,315.000,157.500,0.000,0.000
3143,0,0,0.000,11.250,165.000,0.000,11.250,165.000,0.000,0.000
3144,0,0,0.000,33.750,165.000,0.000,33.750,165.000,0.000,0.000
3145,0,0,0.000,56.250,165.000,0.000,56.250,165.000,0.000,0.000
3146,0,0,0.000,123.750,165.000,0.000,123.750,165.000,0.000,0.000
3147,0,0,0.000,146.250,165.000,0.000,146.250,165.000,0.000,0.000
3148,0,0,0.000,168.750,165.000,0.000,168.750,165.000,0.000,0.000
3149,0,0,0.000,191.250,165.000,0.000,191.250,165.000,0.000,0.000
3150,0,0,0.000,258.750,165.000,0.000,258.750,165.000,0.000,0.000
3151,0,0,0.000,281.250,165.000,0.000,281.250,165.000,0.000,0.000
3152,0,0,0.000,303.750,165.000,0.000,303.750,165.000,0.000,0.000
3153,0,0,0.000,11.250,172.500,0.000,11.250,172.500,0.000,0.000
3154,0,0,0.000,22.500,172.500,0.000,22.500,172.500,0.000,0.000
3155,0,0,0.000,45.000,172.500,0.000,45.000,172.500,0.000,0.000
3156,0,0,0.000,67.500,172.500,0.000,67.500,172.500,0.000,0.000
3157,0,0,0.000,123.750,172.500,0.000,123.750,172.500,0.000,0.000
3158,0,0,0.000,135.000,172.500,0.000,135.000,172.500,0.000,0.000
3159,0,0,0.000,157.500,172.500,0.000,157.500,172.500,0.000,0.000
3160,0,0,0.000,180.000,172.500,0.000,180.000,172.500,0.000,0.000
3161,0,0,0.000,202.500,172.500,0.000,202.500,172.500,0.000,0.000
3162,0,0,0.000,258.750,172.500,0.000,258.750,172.500,0.000,0.000
3163,0,0,0.000,270.000,172.500,0.000,270.000,172.500,0.000,0.000
3164,0,0,0.000,292.500,172.500,0.000,292.500,172.500,0.000,0.000
3165,0,0,0.000,315.000,172.500,0.000,315.000,172.500,0.000,0.000
3166,0,0,0.000,11.250,180.000,0.000,11.250,180.000,0.000,0.000
3167,0,0,0.000,33.750,180.000,0.000,33.750,180.000,0.000,0.000
3168,0,0,0.000,56.250,180.000,0.000,56.250,180.000,0.000,0.000
3169,0,0,0.000,123.750,180.000,0.000,123.750,180.000,0.000,0.000
3170,0,0,0.000,146.250,180.000,0.000,146.250,180.000,0.000,0.000
3171,0,0,0.000,168.750,180.000,0.000,168.750,180.000,0.000,0.000
3172,0,0,0.000,191.250,180.000,0.000,191.250,180.000,0.000,0.000
3173,0,0,0.000,258.750,180.000,0.000,258.750,180.000,0.000,0.000
3174,0,0,0.000,281.250,180.000,0.000,281.250,180.000,0.000,0.000
3175,0,0,0.000,303.750,180.000,0.000,303.750,180.000,0.000,0.000
3176,0,0,0.000,11.250,187.500,0.000,11.250,187.500,0.000,0.000
3177,0,0,0.000,22.500,187.500,0.000,22.500,187.500,0.000,0.000
3178,0,0,0.000,45.000,187.500,0.000,45.000,187.500,0.000,0.000
3179,0,0,0.000,67.500,187.500,0.000,67.500,187.500,0.000,0.000
3180,0,0,0.000,123.750,187.500,0.000,123.750,187.500,0.000,0.000
3181,0,0,0.000,135.000,187.500,0.000,135.000,187.500,0.000,0.000
3182,0,0,0.000,157.500,187.500,0.000,157.500,187.500,0.000,0.000
3183,0,0,0.000,180.000,187.500,0.000,180.000,187.500,0.000,0.000
3184,0,0,0.000,202.500,187.500,0.000,202.500,187.500,0.000,0.000
3185,0,0,0.000,258.750,187.500,0.000,258.750,187.500,0.000,0.000
3186,0,0,0.000,270.000,187.500,0.000,270.000,187.500,0.000,0.000
3187,0,0,0.000,292.500,187.500,0.000,292.500,187.500,0.000,0.000
3188,0,0,0.000,315.000,187.500,0.000,315.000,187.500,0.000,0.000
3189,0,0,0.000,11.250,195.000,0.000,11.250,195.000,0.000,0.000
3190,0,0,0.000,33.750,195.000,0.000,33.750,195.000,0.000,0.000
3191,0,0,0.000,56.250,195.000,0.000,56.250,195.000,0.000,0.000
3192,0,0,0.000,123.750,195.000,0.000,123.750,195.000,0.000,0.000
3193,0,0,0.000,146.250,195.000,0.000,146.250,195.000,0.000,0.000
3194,0,0,0.000,168.750,195.000,0.000,168.750,195.000,0.000,0.000
3195,0,0,0.000,191.250,195.000,0.000,191.250,195.000,0.000,0.000
3196,0,0,0.000,258.750,195.000,0.000,258.750,195.000,0.000,0.000
3197,0,0,0.000,281.250,195.000,0.000,281.250,195.000,0.000,0.000
3198,0,0,0.000,303.750,195.000,0.000,303.750,195.000,0.000,0.000
3199,0,0,0.000,11.250,202.500,0.000,11.250,202.500,0.000,0.000
3200,0,0,0.000,22.500,202.500,0.000,22.500,202.500,0.000,0.000
3201,0,0,0.000,45.000,202.500,0.000,45.000,202.500,0.000,0.000
3202,0,0,0.000,67.500,202.500,0.000,67.500,202.500,0.000,0.000
3203,0,0,0.000,123.750,202.500,0.000,123.750,202.500,0.000,0.000
3204,0,0,0.000,135.000,202.500,0.000,135.000,202.500,0.000,0.000
3205,0,0,0.000,157.500,202.500,0.000,157.500,202.500,0.000,0.000
3206,0,0,0.000,180.000,202.500,0.000,180.000,202.500,0.000,0.000
3207,0,0,0.000,202.500,202.500,0.000,202.500,202.500,0.000,0.000
3208,0,0,0.000,258.750,202.500,0.000,258.750,202.500,0.000,0.000
3209,0,0,0.000,270.000,202.500,0.000,270.000,202.500,0.000,0.000
3210,0,0,0.000,292.500,202.500,0.000,292.500,202.500,0.000,0.000
3211,0,0,0.000,315.000,202.500,0.000,315.000,202.500,0.000,0.000
3212,0,0,0.000,11.250,210.000,0.000,11.250,210.000,0.000,0.000
3213,0,0,0.000,33.750,210.000,0.000,33.750,210.000,0.000,0.000
3214,0,0,0.000,146.250,210.000,0.000,146.250,210.000,0.000,0.000
3215,0,0,0.000,168.750,210.000,0.000,168.750,210.000,0.000,0.000
3216,0,0,0.000,281.250,210.000,0.000,281.250,210.000,0.000,0.000
3217,0,0,0.000,303.750,210.000,0.000,303.750,210.000,0.000,0.000
3218,0,0,0.000,56.250,210.000,0.000,56.250,210.000,0.000,0.000
3219,0,0,0.000,191.250,210.000,0.000,191.250,210.000,0.000,0.000
3220,0,0,0.000,11.250,217.500,0.000,11.250,217.500,0.000,0.000
3221,0,0,0.000,22.500,217.500,0.000,22.500,217.500,0.000,0.000
3222,0,0,0.000,45.000,217.500,0.000,45.000,217.500,0.000,0.000
3223,0,0,0.000,146.250,217.500,0.000,146.250,217.500,0.000,0.000
3224,0,0,0.000,157.500,217.500,0.000,157.500,217.500,0.000,0.000
3225,0,0,0.000,180.000,217.500,0.000,180.000,217.500,0.000,0.000
3226,0,0,0.000,281.250,217.500,0.000,281.250,217.500,0.000,0.000
3227,0,0,0.000,292.500,217.500,0.000,292.500,217.500,0.000,0.000
3228,0,0,0.000,315.000,217.500,0.000,315.000,217.500,0.000,0.000
3229,0,0,0.000,11.250,225.000,0.000,11.250,225.000,0.000,0.000
3230,0,0,0.000,33.750,225.000,0.000,33.750,225.000,0.000,0.000
3231,0,0,0.000,56.250,225.000,0.000,56.250,225.000,0.000,0.000
3232,0,0,0.000,78.750,225.000,0.000,78.750,225.000,0.000,0.000
3233,0,0,0.000,101.250,225.000,0.000,101.250,225.000,0.000,0.000
3234,0,0,0.000,123.750,225.000,0.000,123.750,225.000,0.000,0.000
3235,0,0,0.000,146.250,225.000,0.000,146.250,225.000,0.000,0.000
3236,0,0,0.000,168.750,225.000,0.000,168.750,225.000,0.000,0.000
3237,0,0,0.000,191.250,225.000,0.000,191.250,225.000,0.000,0.000
3238,0,0,0.000,213.750,225.000,0.000,213.750,225.000,0.000,0.000
3239,0,0,0.000,236.250,225.000,0.000,236.250,225.000,0.000,0.000
3240,0,0,0.000,258.750,225.000,0.000,258.750,225.000,0.000,0.000
3241,0,0,0.000,281.250,225.000,0.000,281.250,225.000,0.000,0.000
3242,0,0,0.000,303.750,225.000,0.000,303.750,225.000,0.000,0.000
3243,0,0,0.000,11.250,232.500,0.000,11.250,232.500,0.000,0.000
3244,0,0,0.000,22.500,232.500,0.000,22.500,232.500,0.000,0.000
3245,0,0,0.000,45.000,232.500,0.000,45.000,232.500,0.000,0.000
3246,0,0,0.000,67.500,232.500,0.000,67.500,232.500,0.000,0.000
3247,0,0,0.000,90.000,232.500,0.000,90.000,232.500,0.000,0.000
3248,0,0,0.000,112.500,232.500,0.000,112.500,232.500,0.000,0.000
3249,0,0,0.000,135.000,232.500,0.000,135.000,232.500,0.000,0.000
3250,0,0,0.000,157.500,232.500,0.000,157.500,232.500,0.000,0.000
3251,0,0,0.000,180.000,232.500,0.000,180.000,232.500,0.000,0.000
3252,0,0,0.000,202.500,232.500,0.000,202.500,232.500,0.000,0.000
3253,0,0,0.000,225.000,232.500,0.000,225.000,232.500,0.000,0.000
3254,0,0,0.000,247.500,232.500,0.000,247.500,232.500,0.000,0.000
3255,0,0,0.000,270.000,232.500,0.000,270.000,232.500,0.000,0.000
3256,0,0,0.000,292.500,232.500,0.000,292.500,232.500,0.000,0.000
3257,0,0,0.000,315.000,232.500,0.000,315.000,232.500,0.000,0.000
3258,0,0,0.000,11.250,240.000,0.000,11.250,240.000,0.000,0.000
3259,0,0,0.000,33.750,240.000,0.000,33.750,240.000,0.000,0.000
3260,0,0,0.000,56.250,240.000,0.000,56.250,240.000,0.000,0.000
3261,0,0,0.000,78.750,240.000,0.000,78.750,240.000,0.000,0.000
3262,0,0,0.000,101.250,240.000,0.000,101.250,240.000,0.000,0.000
3263,0,0,0.000,123.750,240.000,0.000,123.750,240.000,0.000,0.000
3264,0,0,0.000,146.250,240.000,0.000,146.250,240.000,0.000,0.000
3265,0,0,0.000,168.750,240.000,0.000,168.750,240.000,0.000,0.000
3266,0,0,0.000,191.250,240.000,0.000,191.250,240.000,0.000,0.000
3267,0,0,0.000,213.750,240.000,0.000,213.750,240.000,0.000,0.000
3268,0,0,0.000,236.250,240.000,0.000,236.250,240.000,0.000,0.000
3269,0,0,0.000,258.750,240.000,0.000,258.750,240.000,0.000,0.000
3270,0,0,0.000,281.250,240.000,0.000,281.250,240.000,0.000,0.000
3271,0,0,0.000,303.750,240.000,0.000,303.750,240.000,0.000,0.000
3272,0,0,0.000,11.250,247.500,0.000,11.250,247.500,0.000,0.000
3273,0,0,0.000,22.500,247.500,0.000,22.500,247.500,0.000,0.000
3274,0,0,0.000,67.500,247.500,0.000,67.500,247.500,0.000,0.000
3275,0,0,0.000,112.500,247.500,0.000,112.500,247.500,0.000,0.000
3276,0,0,0.000,157.500,247.500,0.000,157.500,247.500,0.000,0.000
3277,0,0,0.000,202.500,247.500,0.000,202.500,247.500,0.000,0.000
3278,0,0,0.000,247.500,247.500,0.000,247.500,247.500,0.000,0.000
3279,0,0,0.000,292.500,247.500,0.000,292.500,247.500,0.000,0.000
3280,0,0,0.000,11.250,255.000,0.000,11.250,255.000,0.000,0.000
3281,0,0,0.000,33.750,255.000,0.000,33.750,255.000,0.000,0.000
3282,0,0,0.000,56.250,255.000,0.000,56.250,255.000,0.000,0.000
3283,0,0,0.000,78.750,255.000,0.000,78.750,255.000,0.000,0.000
3284,0,0,0.000,101.250,255.000,0.000,101.250,255.000,0.000,0.000
3285,0,0,0.000,123.750,255.000,0.000,123.750,255.000,0.000,0.000
3286,0,0,0.000,146.250,255.000,0.000,146.250,255.000,0.000,0.000
3287,0,0,0.000,168.750,255.000,0.000,168.750,255.000,0.000,0.000
3288,0,0,0.000,191.250,255.000,0.000,191.250,255.000,0.000,0.000
3289,0,0,0.000,213.750,255.000,0.000,213.750,255.000,0.000,0.000
3290,0,0,0.000,236.250,255.000,0.000,236.250,255.000,0.000,0.000
3291,0,0,0.000,258.750,255.000,0.000,258.750,255.000,0.000,0.000
3292,0,0,0.000,281.250,255.000,0.000,281.250,255.000,0.000,0.000
3293,0,0,0.000,303.750,255.000,0.000,303.750,255.000,0.000,0.000
3294,0,0,0.000,11.250,262.500,0.000,11.250,262.500,0.000,0.000
3295,0,0,0.000,22.500,262.500,0.000,22.500,262.500,0.000,0.000
3296,0,0,0.000,45.000,262.500,0.000,45.000,262.500,0.000,0.000
3297,0,0,0.000,67.500,262.500,0.000,67.500,262.500,0.000,0.000
3298,0,0,0.000,90.000,262.500,0.000,90.000,262.500,0.000,0.000
3299,0,0,0.000,112.500,262.500,0.000,112.500,262.500,0.000,0.000
3300,0,0,0.000,135.000,262.500,0.000,135.000,262.500,0.000,0.000
3301,0,0,0.000,157.500,262.500,0.000,157.500,262.500,0.000,0.000
3302,0,0,0.000,180.000,262.500,0.000,180.000,262.500,0.000,0.000
3303,0,0,0.000,202.500,262.500,0.000,202.500,262.500,0.000,0.000
3304,0,0,0.000,225.000,262.500,0.000,225.000,262.500,0.000,0.000
3305,0,0,0.000,247.500,262.500,0.000,247.500,262.500,0.000,0.000
3306,0,0,0.000,270.000,262.500,0.000,270.000,262.500,0.000,0.000
3307,0,0,0.000,292.500,262.500,0.000,292.500,262.500,0.000,0.000
3308,0,0,0.000,315.000,262.500,0.000,315.000,262.500,0.000,0.000
3309,0,0,0.000,11.250,270.000,0.000,11.250,270.000,0.000,0.000
3310,0,0,0.000,33.750,270.000,0.000,33.750,270.000,0.000,0.000
3311,0,0,0.000,56.250,270.000,0.000,56.250,270.000,0.000,0.000
3312,0,0,0.000,78.750,270.000,0.000,78.750,270.000,0.000,0.000
3313,0,0,0.000,101.250,270.000,0.000,101.250,270.000,0.000,0.000
3314,0,0,0.000,123.750,270.000,0.000,123.750,270.000,0.000,0.000
3315,0,0,0.000,146.250,270.000,0.000,146.250,270.000,0.000,0.000
3316,0,0,0.000,168.750,270.000,0.000,168.750,270.000,0.000,0.000
3317,0,0,0.000,191.250,270.000,0.000,191.250,270.000,0.000,0.000
3318,0,0,0.000,213.750,270.000,0.000,213.750,270.000,0.000,0.000
3319,0,0,0.000,236.250,270.000,0.000,236.250,270.000,0.000,0.000
3320,0,0,0.000,258.750,270.000,0.000,258.750,270.000,0.000,0.000
3321,0,0,0.000,281.250,270.000,0.000,281.250,270.000,0.000,0.000
3322,0,0,0.000,303.750,270.000,0.000,303.750,270.000,0.000,0.000
3323,0,0,0.000,11.250,277.500,0.000,11.250,277.500,0.000,0.000
3324,0,0,0.000,22.500,277.500,0.000,22.500,277.500,0.000,0.000
3325,0,0,0.000,45.000,277.500,0.000,45.000,277.500,0.000,0.000
3326,0,0,0.000,135.000,277.500,0.000,135.000,277.500,0.000,0.000
3327,0,0,0.000,157.500,277.500,0.000,157.500,277.500,0.000,0.000
3328,0,0,0.000,180.000,277.500,0.000,180.000,277.500,0.000,0.000
3329,0,0,0.000,270.000,277.500,0.000,270.000,277.500,0.000,0.000
3330,0,0,0.000,292.500,277.500,0.000,292.500,277.500,0.000,0.000
3331,0,0,0.000,315.000,277.500,0.000,315.000,277.500,0.000,0.000
3332,0,0,0.000,67.500,277.500,0.000,67.500,277.500,0.000,0.000
3333,0,0,0.000,202.500,277.500,0.000,202.500,277.500,0.000,0.000
3334,0,0,0.000,11.250,285.000,0.000,11.250,285.000,0.000,0.000
3335,0,0,0.000,33.750,285.000,0.000,33.750,285.000,0.000,0.000
3336,0,0,0.000,56.250,285.000,0.000,56.250,285.000,0.000,0.000
3337,0,0,0.000,123.750,285.000,0.000,123.750,285.000,0.000,0.000
3338,0,0,0.000,146.250,285.000,0.000,146.250,285.000,0.000,0.000
3339,0,0,0.000,168.750,285.000,0.000,168.750,285.000,0.000,0.000
3340,0,0,0.000,191.250,285.000,0.000,191.250,285.000,0.000,0.000
3341,0,0,0.000,258.750,285.000,0.000,258.750,285.000,0.000,0.000
3342,0,0,0.000,281.250,285.000,0.000,281.250,285.000,0.000,0.000
3343,0,0,0.000,303.750,285.000,0.000,303.750,285.000,0.000,0.000
3344,0,0,0.000,11.250,292.500,0.000,11.250,292.500,0.000,0.000
3345,0,0,0.000,22.500,292.500,0.000,22.500,292.500,0.000,0.000
3346,0,0,0.000,45.000,292.500,0.000,45.000,292.500,0.000,0.000
3347,0,0,0.000,67.500,292.500,0.000,67.500,292.500,0.000,0.000
3348,0,0,0.000,123.750,292.500,0.000,123.750,292.500,0.000,0.000
3349,0,0,0.000,135.000,292.500,0.000,135.000,292.500,0.000,0.000
3350,0,0,0.000,157.500,292.500,0.000,157.500,292.500,0.000,0.000
3351,0,0,0.000,180.000,292.500,0.000,180.000,292.500,0.000,0.000
3352,0,0,0.000,202.500,292.500,0.000,202.500,292.500,0.000,0.000
3353,0,0,0.000,258.750,292.500,0.000,258.750,292.500,0.000,0.000
3354,0,0,0.000,270.000,292.500,0.000,270.000,292.500,0.000,0.000
3355,0,0,0.000,292.500,292.500,0.000,292.500,292.500,0.000,0.000
3356,0,0,0.000,315.000,292.500,0.000,315.000,292.500,0.000,0.000
3357,0,0,0.000,11.250,300.000,0.000,11.250,300.000,0.000,0.000
3358,0,0,0.000,33.750,300.000,0.000,33.750,300.000,0.000,0.000
3359,0,0,0.000,56.250,300.000,0.000,56.250,300.000,0.000,0.000
3360,0,0,0.000,123.750,300.000,0.000,123.750,300.000,0.000,0.000
3361,0,0,0.000,146.250,300.000,0.000,146.250,300.000,0.000,0.000
3362,0,0,0.000,168.750,300.000,0.000,168.750,300.000,0.000,0.000
3363,0,0,0.000,191.250,300.000,0.000,191.250,300.000,0.000,0.000
3364,0,0,0.000,258.750,300.000,0.000,258.750,300.000,0.000,0.000
3365,0,0,0.000,281.250,300.000,0.000,281.250,300.000,0.000,0.000
3366,0,0,0.000,303.750,300.000,0.000,303.750,300.000,0.000,0.000
3367,0,0,0.000,11.250,307.500,0.000,11.250,307.500,0.000,0.000
3368,0,0,0.000,22.500,307.500,0.000,22.500,307.500,0.000,0.000
3369,0,0,0.000,45.000,307.500,0.000,45.000,307.500,0.000,0.000
3370,0,0,0.000,67.500,307.500,0.000,67.500,307.500,0.000,0.000
3371,0,0,0.000,123.750,307.500,0.000,123.750,307.500,0.000,0.000
3372,0,0,0.000,135.000,307.500,0.000,135.000,307.500,0.000,0.000
3373,0,0,0.000,157.500,307.500,0.000,157.500,307.500,0.000,0.000
3374,0,0,0.000,180.000,307.500,0.000,180.000,307.500,0.000,0.000
3375,0,0,0.000,202.500,307.500,0.000,202.500,307.500,0.000,0.000
3376,0,0,0.000,258.750,307.500,0.000,258.750,307.500,0.000,0.000
3377,0,0,0.000,270.000,307.500,0.000,270.000,307.500,0.000,0.000
3378,0,0,0.000,292.500,307.500,0.000,292.500,307.500,0.000,0.000
3379,0,0,0.000,315.000,307.500,0.000,315.000,307.500,0.000,0.000
3380,0,0,0.000,11.250,315.000,0.000,11.250,315.000,0.000,0.000
3381,0,0,0.000,33.750,315.000,0.000,33.750,315.000,0.000,0.000
3382,0,0,0.000,56.250,315.000,0.000,56.250,315.000,0.000,0.000
3383,0,0,0.000,123.750,315.000,0.000,123.750,315.000,0.000,0.000
3384,0,0,0.000,146.250,315.000,0.000,146.250,315.000,0.000,0.000
3385,0,0,0.000,168.750,315.000,0.000,168.750,315.000,0.000,0.000
3386,0,0,0.000,191.250,315.000,0.000,191.250,315.000,0.000,0.000
3387,0,0,0.000,258.750,315.000,0.000,258.750,315.000,0.000,0.000
3388,0,0,0.000,281.250,315.000,0.000,281.250,315.000,0.000,0.000
3389,0,0,0.000,303.750,315.000,0.000,303.750,315.000,0.000,0.000
3390,0,0,0.000,11.250,322.500,0.000,11.250,322.500,0.000,0.000
3391,0,0,0.000,22.500,322.500,0.000,22.500,322.500,0.000,0.000
3392,0,0,0.000,45.000,322.500,0.000,45.000,322.500,0.000,0.000
3393,0,0,0.000,67.500,322.500,0.000,67.500,322.500,0.000,0.000
3394,0,0,0.000,123.750,322.500,0.000,123.750,322.500,0.000,0.000
3395,0,0,0.000,135.000,322.500,0.000,135.000,322.500,0.000,0.000
3396,0,0,0.000,157.500,322.500,0.000,157.500,322.500,0.000,0.000
3397,0,0,0.000,180.000,322.500,0.000,180.000,322.500,0.000,0.000
3398,0,0,0.000,202.500,322.500,0.000,202.500,322.500,0.000,0.000
3399,0,0,0.000,258.750,322.500,0.000,258.750,322.500,0.000,0.000
3400,0,0,0.000,270.000,322.500,0.000,270.000,322.500,0.000,0.000
3401,0,0,0.000,292.500,322.500,0.000,292.500,322.500,0.000,0.000
3402,0,0,0.000,315.000,322.500,0.000,315.000,322.500,0.000,0.000
3403,0,0,0.000,11.250,330.000,0.000,11.250,330.000,0.000,0.000
3404,0,0,0.000,33.750,330.000,0.000,33.750,330.000,0.000,0.000
3405,0,0,0.000,56.250,330.000,0.000,56.250,330.000,0.000,0.000
3406,0,0,0.000,123.750,330.000,0.000,123.750,330.000,0.000,0.000
3407,0,0,0.000,146.250,330.000,0.000,146.250,330.000,0.000,0.000
3408,0,0,0.000,168.750,330.000,0.000,168.750,330.000,0.000,0.000
3409,0,0,0.000,191.250,330.000,0.000,191.250,330.000,0.000,0.000
3410,0,0,0.000,258.750,330.000,0.000,258.750,330.000,0.000,0.000
3411,0,0,0.000,281.250,330.000,0.000,281.250,330.000,0.000,0.000
3412,0,0,0.000,303.750,330.000,0.000,303.750,330.000,0.000,0.000
3413,0,0,0.000,11.250,337.500,0.000,11.250,337.500,0.000,0.000
3414,0,0,0.000,22.500,337.500,0.000,22.500,337.500,0.000,0.000
3415,0,0,0.000,45.000,337.500,0.000,45.000,337.500,0.000,0.000
3416,0,0,0.000,67.500,337.500,0.000,67.500,337.500,0.000,0.000
3417,0,0,0.000,123.750,337.500,0.000,123.750,337.500,0.000,0.000
3418,0,0,0.000,135.000,337.500,0.000,135.000,337.500,0.000,0.000
3419,0,0,0.000,157.500,337.500,0.000,157.500,337.500,0.000,0.000
3420,0,0,0.000,180.000,337.500,0.000,180.000,337.500,0.000,0.000
3421,0,0,0.000,202.500,337.500,0.000,202.500,337.500,0.000,0.000
3422,0,0,0.000,258.750,337.500,0.000,258.750,337.500,0.000,0.000
3423,0,0,0.000,270.000,337.500,0.000,270.000,337.500,0.000,0.000
3424,0,0,0.000,292.500,337.500,0.000,292.500,337.500,0.000,0.000
3425,0,0,0.000,315.000,337.500,0.000,315.000,337.500,0.000,0.000
3426,0,0,0.000,11.250,345.000,0.000,11.250,345.000,0.000,0.000
3427,0,0,0.000,33.750,345.000,0.000,33.750,345.000,0.000,0.000
3428,0,0,0.000,56.250,345.000,0.000,56.250,345.000,0.000,0.000
3429,0,0,0.000,123.750,345.000,0.000,123.750,345.000,0.000,0.000
3430,0,0,0.000,146.250,345.000,0.000,146.250,345.000,0.000,0.000
3431,0,0,0.000,168.750,345.000,0.000,168.750,345.000,0.000,0.000
3432,0,0,0.000,191.250,345.000,0.000,191.250,345.000,0.000,0.000
3433,0,0,0.000,258.750,345.000,0.000,258.750,345.000,0.000,0.000
3434,0,0,0.000,281.250,345.000,0.000,281.250,345.000,0.000,0.000
3435,0,0,0.000,303.750,345.000,0.000,303.750,345.000,0.000,0.000
3436,0,0,0.000,11.250,352.500,0.000,11.250,352.500,0.000,0.000
3437,0,0,0.000,22.500,352.500,0.000,22.500,352.500,0.000,0.000
3438,0,0,0.000,45.000,352.500,0.000,45.000,352.500,0.000,0.000
3439,0,0,0.000,67.500,352.500,0.000,67.500,352.500,0.000,0.000
3440,0,0,0.000,123.750,352.500,0.000,123.750,352.500,0.000,0.000
3441,0,0,0.000,135.000,352.500,0.000,135.000,352.500,0.000,0.000
3442,0,0,0.000,157.500,352.500,0.000,157.500,352.500,0.000,0.000
3443,0,0,0.000,180.000,352.500,0.000,180.000,352.500,0.000,0.000
3444,0,0,0.000,202.500,352.500,0.000,202.500,352.500,0.000,0.000
3445,0,0,0.000,258.750,352.500,0.000,258.750,352.500,0.000,0.000
3446,0,0,0.000,270.000,352.500,0.000,270.000,352.500,0.000,0.000
3447,0,0,0.000,292.500,352.500,0.000,292.500,352.500,0.000,0.000
3448,0,0,0.000,315.000,352.500,0.000,315.000,352.500,0.000,0.000
3449,0,0,0.000,11.250,360.000,0.000,11.250,360.000,0.000,0.000
3450,0,0,0.000,33.750,360.000,0.000,33.750,360.000,0.000,0.000
3451,0,0,0.000,56.250,360.000,0.000,56.250,360.000,0.000,0.000
3452,0,0,0.000,123.750,360.000,0.000,123.750,360.000,0.000,0.000
3453,0,0,0.000,146.250,360.000,0.000,146.250,360.000,0.000,0.000
3454,0,0,0.000,168.750,360.000,0.000,168.750,360.000,0.000,0.000
3455,0,0,0.000,191.250,360.000,0.000,191.250,360.000,0.000,0.000
3456,0,0,0.000,258.750,360.000,0.000,258.750,360.000,0.000,0.000
3457,0,0,0.000,281.250,360.000,0.000,281.250,360.000,0.000,0.000
3458,0,0,0.000,303.750,360.000,0.000,303.750,360.000,0.000,0.000
3459,0,0,0.000,11.250,367.500,0.000,11.250,367.500,0.000,0.000
3460,0,0,0.000,22.500,367.500,0.000,22.500,367.500,0.000,0.000
3461,0,0,0.000,45.000,367.500,0.000,45.000,367.500,0.000,0.000
3462,0,0,0.000,67.500,367.500,0.000,67.500,367.500,0.000,0.000
3463,0,0,0.000,123.750,367.500,0.000,123.750,367.500,0.000,0.000
3464,0,0,0.000,135.000,367.500,0.000,135.000,367.500,0.000,0.000
3465,0,0,0.000,157.500,367.500,0.000,157.500,367.500,0.000,0.000
3466,0,0,0.000,180.000,367.500,0.000,180.000,367.500,0.000,0.000
3467,0,0,0.000,202.500,367.500,0.000,202.500,367.500,0.000,0.000
3468,0,0,0.000,258.750,367.500,0.000,258.750,367.500,0.000,0.000
3469,0,0,0.000,270.000,367.500,0.000,270.000,367.500,0.000,0.000
3470,0,0,0.000,292.500,367.500,0.000,292.500,367.500,0.000,0.000
3471,0,0,0.000,315.000,367.500,0.000,315.000,367.500,0.000,0.000
3472,0,0,0.000,11.250,375.000,0.000,11.250,375.000,0.000,0.000
3473,0,0,0.000,33.750,375.000,0.000,33.750,375.000,0.000,0.000
3474,0,0,0.000,56.250,375.000,0.000,56.250,375.000,0.000,0.000
3475,0,0,0.000,123.750,375.000,0.000,123.750,375.000,0.000,0.000
3476,0,0,0.000,146.250,375.000,0.000,146.250,375.000,0.000,0.000
3477,0,0,0.000,168.750,375.000,0.000,168.750,375.000,0.000,0.000
3478,0,0,0.000,191.250,375.000,0.000,191.250,375.000,0.000,0.000
3479,0,0,0.000,258.750,375.000,0.000,258.750,375.000,0.000,0.000
3480,0,0,0.000,281.250,375.000,0.000,281.250,375.000,0.000,0.000
3481,0,0,0.000,303.750,375.000,0.000,303.750,375.000,0.000,0.000
3482,0,0,0.000,11.250,382.500,0.000,11.250,382.500,0.000,0.000
3483,0,0,0.000,22.500,382.500,0.000,22.500,382.500,0.000,0.000
3484,0,0,0.000,45.000,382.500,0.000,45.000,382.500,0.000,0.000
3485,0,0,0.000,67.500,382.500,0.000,67.500,382.500,0.000,0.000
3486,0,0,0.000,123.750,382.500,0.000,123.750,382.500,0.000,0.000
3487,0,0,0.000,135.000,382.500,0.000,135.000,382.500,0.000,0.000
3488,0,0,0.000,157.500,382.500,0.000,157.500,382.500,0.000,0.000
3489,0,0,0.000,180.000,382.500,0.000,180.000,382.500,0.000,0.000
3490,0,0,0.000,202.500,382.500,0.000,202.500,382.500,0.000,0.000
3491,0,0,0.000,258.750,382.500,0.000,258.750,382.500,0.000,0.000
3492,0,0,0.000,270.000,382.500,0.000,270.000,382.500,0.000,0.000
3493,0,0,0.000,292.500,382.500,0.000,292.500,382.500,0.000,0.000
3494,0,0,0.000,315.000,382.500,0.000,315.000,382.500,0.000,0.000
3495,0,0,0.000,11.250,390.000,0.000,11.250,390.000,0.000,0.000
3496,0,0,0.000,33.750,390.000,0.000,33.750,390.000,0.000,0.000
3497,0,0,0.000,56.250,390.000,0.000,56.250,390.000,0.000,0.000
3498,0,0,0.000,123.750,390.000,0.000,123.750,390.000,0.000,0.000
3499,0,0,0.000,146.250,390.000,0.000,146.250,390.000,0.000,0.000
3500,0,0,0.000,168.750,390.000,0.000,168.750,390.000,0.000,0.000
3501,0,0,0.000,191.250,390.000,0.000,191.250,390.000,0.000,0.000
3502,0,0,0.000,258.750,390.000,0.000,258.750,390.000,0.000,0.000
3503,0,0,0.000,281.250,390.000,0.000,281.250,390.000,0.000,0.000
3504,0,0,0.000,303.750,390.000,0.000,303.750,390.000,0.000,0.000
3505,0,0,0.000,11.250,397.500,0.000,11.250,397.500,0.000,0.000
3506,0,0,0.000,22.500,397.500,0.000,22.500,397.500,0.000,0.000
3507,0,0,0.000,45.000,397.500,0.000,45.000,397.500,0.000,0.000
3508,0,0,0.000,67.500,397.500,0.000,67.500,397.500,0.000,0.000
3509,0,0,0.000,123.750,397.500,0.000,123.750,397.500,0.000,0.000
3510,0,0,0.000,135.000,397.500,0.000,135.000,397.500,0.000,0.000
3511,0,0,0.000,157.500,397.500,0.000,157.500,397.500,0.000,0.000
3512,0,0,0.000,180.000,397.500,0.000,180.000,397.500,0.000,0.000
3513,0,0,0.000,202.500,397.500,0.000,202.500,397.500,0.000,0.000
3514,0,0,0.000,258.750,397.500,0.000,258.750,397.500,0.000,0.000
3515,0,0,0.000,270.000,397.500,0.000,270.000,397.500,0.000,0.000
3516,0,0,0.000,292.500,397.500,0.000,292.500,397.500,0.000,0.000
3517,0,0,0.000,315.000,397.500,0.000,315.000,397.500,0.000,0.000
3518,0,0,0.000,11.250,405.000,0.000,11.250,405.000,0.000,0.000
3519,0,0,0.000,33.750,405.000,0.000,33.750,405.000,0.000,0.000
3520,0,0,0.000,146.250,405.000,0.000,146.250,405.000,0.000,0.000
3521,0,0,0.000,168.750,405.000,0.000,168.750,405.000,0.000,0.000
3522,0,0,0.000,281.250,405.000,0.000,281.250,405.000,0.000,0.000
3523,0,0,0.000,303.750,405.000,0.000,303.750,405.000,0.000,0.000
3524,0,0,0.000,56.250,405.000,0.000,56.250,405.000,0.000,0.000
3525,0,0,0.000,191.250,405.000,0.000,191.250,405.000,0.000,0.000
3526,0,0,0.000,11.250,412.500,0.000,11.250,412.500,0.000,0.000
3527,0,0,0.000,22.500,412.500,0.000,22.500,412.500,0.000,0.000
3528,0,0,0.000,45.000,412.500,0.000,45.000,412.500,0.000,0.000
3529,0,0,0.000,146.250,412.500,0.000,146.250,412.500,0.000,0.000
3530,0,0,0.000,157.500,412.500,0.000,157.500,412.500,0.000,0.000
3531,0,0,0.000,180.000,412.500,0.000,180.000,412.500,0.000,0.000
3532,0,0,0.000,281.250,412.500,0.000,281.250,412.500,0.000,0.000
3533,0,0,0.000,292.500,412.500,0.000,292.500,412.500,0.000,0.000
3534,0,0,0.000,315.000,412.500,0.000,315.000,412.500,0.000,0.000
3535,0,0,0.000,11.250,420.000,0.000,11.250,420.000,0.000,0.000
3536,0,0,0.000,33.750,420.000,0.000,33.750,420.000,0.000,0.000
3537,0,0,0.000,56.250,420.000,0.000,56.250,420.000,0.000,0.000
3538,0,0,0.000,78.750,420.000,0.000,78.750,420.000,0.000,0.000
3539,0,0,0.000,101.250,420.000,0.000,101.250,420.000,0.000,0.000
3540,0,0,0.000,123.750,420.000,0.000,123.750,420.000,0.000,0.000
3541,0,0,0.000,146.250,420.000,0.000,146.250,420.000,0.000,0.000
3542,0,0,0.000,168.750,420.000,0.000,168.750,420.000,0.000,0.000
3543,0,0,0.000,191.250,420.000,0.000,191.250,420.000,0.000,0.000
3544,0,0,0.000,213.750,420.000,0.000,213.750,420.000,0.000,0.000
3545,0,0,0.000,236.250,420.000,0.000,236.250,420.000,0.000,0.000
3546,0,0,0.000,258.750,420.000,0.000,258.750,420.000,0.000,0.000
3547,0,0,0.000,281.250,420.000,0.000,281.250,420.000,0.000,0.000
3548,0,0,0.000,303.750,420.000,0.000,303.750,420.000,0.000,0.000
3549,0,0,0.000,11.250,427.500,0.000,11.250,427.500,0.000,0.000
3550,0,0,0.000,22.500,427.500,0.000,22.500,427.500,0.000,0.000
3551,0,0,0.000,45.000,427.500,0.000,45.000,427.500,0.000,0.000
3552,0,0,0.000,67.500,427.500,0.000,67.500,427.500,0.000,0.000
3553,0,0,0.000,90.000,427.500,0.000,90.000,427.500,0.000,0.000
3554,0,0,0.000,112.500,427.500,0.000,112.500,427.500,0.000,0.000
3555,0,0,0.000,135.000,427.500,0.000,135.000,427.500,0.000,0.000
3556,0,0,0.000,157.500,427.500,0.000,157.500,427.500,0.000,0.000
3557,0,0,0.000,180.000,427.500,0.000,180.000,427.500,0.000,0.000
3558,0,0,0.000,202.500,427.500,0.000,202.500,427.500,0.000,0.000
3559,0,0,0.000,225.000,427.500,0.000,225.000,427.500,0.000,0.000
3560,0,0,0.000,247.500,427.500,0.000,247.500,427.500,0.000,0.000
3561,0,0,0.000,270.000,427.500,0.000,270.000,427.500,0.000,0.000
3562,0,0,0.000,292.500,427.500,0.000,292.500,427.500,0.000,0.000
3563,0,0,0.000,315.000,427.500,0.000,315.000,427.500,0.000,0.000
3564,0,0,0.000,11.250,435.000,0.000,11.250,435.000,0.000,0.000
3565,0,0,0.000,33.750,435.000,0.000,33.750,435.000,0.000,0.000
3566,0,0,0.000,56.250,435.000,0.000,56.250,435.000,0.000,0.000
3567,0,0,0.000,78.750,435.000,0.000,78.750,435.000,0.000,0.000
3568,0,0,0.000,101.250,435.000,0.000,101.250,435.000,0.000,0.000
3569,0,0,0.000,123.750,435.000,0.000,123.750,435.000,0.000,0.000
3570,0,0,0.000,146.250,435.000,0.000,146.250,435.000,0.000,0.000
3571,0,0,0.000,168.750,435.000,0.000,168.750,435.000,0.000,0.000
3572,0,0,0.000,191.250,435.000,0.000,191.250,435.000,0.000,0.000
3573,0,0,0.000,213.750,435.000,0.000,213.750,435.000,0.000,0.000
3574,0,0,0.000,236.250,435.000,0.000,236.250,435.000,0.000,0.000
3575,0,0,0.000,258.750,435.000,0.000,258.750,435.000,0.000,0.000
3576,0,0,0.000,281.250,435.000,0.000,281.250,435.000,0.000,0.000
3577,0,0,0.000,303.750,435.000,0.000,303.750,435.000,0.000,0.000
3578,0,0,0.000,11.250,442.500,0.000,11.250,442.500,0.000,0.000
3579,0,0,0.000,22.500,442.500,0.000,22.500,442.500,0.000,0.000
3580,0,0,0.000,45.000,442.500,0.000,45.000,442.500,0.000,0.000
3581,0,0,0.000,67.500,442.500,0.000,67.500,442.500,0.000,0.000
3582,0,0,0.000,90.000,442.500,0.000,90.000,442.500,0.000,0.000
3583,0,0,0.000,112.500,442.500,0.000,112.500,442.500,0.000,0.000
3584,0,0,0.000,135.000,442.500,0.000,135.000,442.500,0.000,0.000
3585,0,0,0.000,157.500,442.500,0.000,157.500,442.500,0.000,0.000
3586,0,0,0.000,180.000,442.500,0.000,180.000,442.500,0.000,0.000
3587,0,0,0.000,202.500,442.500,0.000,202.500,442.500,0.000,0.000
3588,0,0,0.000,225.000,442.500,0.000,225.000,442.500,0.000,0.000
3589,0,0,0.000,247.500,442.500,0.000,247.500,442.500,0.000,0.000
3590,0,0,0.000,270.000,442.500,0.000,270.000,442.500,0.000,0.000
3591,0,0,0.000,292.500,442.500,0.000,292.500,442.500,0.000,0.000
3592,0,0,0.000,315.000,442.500,0.000,315.000,442.500,0.000,0.000
3593,0,0,0.000,11.250,450.000,0.000,11.250,450.000,0.000,0.000
3594,0,0,0.000,33.750,450.000,0.000,33.750,450.000,0.000,0.000
3595,0,0,0.000,56.250,450.000,0.000,56.250,450.000,0.000,0.000
3596,0,0,0.000,78.750,450.000,0.000,78.750,450.000,0.000,0.000
3597,0,0,0.000,101.250,450.000,0.000,101.250,450.000,0.000,0.000
3598,0,0,0.000,123.750,450.000,0.000,123.750,450.000,0.000,0.000
3599,0,0,0.000,146.250,450.000,0.000,146.250,450.000,0.000,0.000
3600,0,0,0.000,168.750,450.000,0.000,168.750,450.000,0.000,0.000
3601,0,0,0.000,191.250,450.000,0.000,191.250,450.000,0.000,0.000
3602,0,0,0.000,213.750,450.000,0.000,213.750,450.000,0.000,0.000
3603,0,0,0.000,236.250,450.000,0.000,236.250,450.000,0.000,0.000
3604,0,0,0.000,258.750,450.000,0.000,258.750,450.000,0.000,0.000
3605,0,0,0.000,281.250,450.000,0.000,281.250,450.000,0.000,0.000
3606,0,0,0.000,303.750,450.000,0.000,303.750,450.000,0.000,0.000
3607,0,0,0.000,11.250,457.500,0.000,11.250,457.500,0.000,0.000
3608,0,0,0.000,22.500,457.500,0.000,22.500,457.500,0.000,0.000
3609,0,0,0.000,45.000,457.500,0.000,45.000,457.500,0.000,0.000
3610,0,0,0.000,67.500,457.500,0.000,67.500,457.500,0.000,0.000
3611,0,0,0.000,90.000,457.500,0.000,90.000,457.500,0.000,0.000
3612,0,0,0.000,112.500,457.500,0.000,112.500,457.500,0.000,0.000
3613,0,0,0.000,135.000,457.500,0.000,135.000,457.500,0.000,0.000
3614,0,0,0.000,157.500,457.500,0.000,157.500,457.500,0.000,0.000
3615,0,0,0.000,180.000,457.500,0.000,180.000,457.500,0.000,0.000
3616,0,0,0.000,202.500,457.500,0.000,202.500,457.500,0.000,0.000
3617,0,0,0.000,225.000,457.500,0.000,225.000,457.500,0.000,0.000
3618,0,0,0.000,247.500,457.500,0.000,247.500,457.500,0.000,0.000
3619,0,0,0.000,270.000,457.500,0.000,270.000,457.500,0.000,0.000
3620,0,0,0.000,292.500,457.500,0.000,292.500,457.500,0.000,0.000
3621,0,0,0.000,315.000,457.500,0.000,315.000,457.500,0.000,0.000
3622,0,0,0.000,11.250,465.000,0.000,11.250,465.000,0.000,0.000
3623,0,0,0.000,56.250,465.000,0.000,56.250,465.000,0.000,0.000
3624,0,0,0.000,101.250,465.000,0.000,101.250,465.000,0.000,0.000
3625,0,0,0.000,146.250,465.000,0.000,146.250,465.000,0.000,0.000
3626,0,0,0.000,191.250,465.000,0.000,191.250,465.000,0.000,0.000
3627,0,0,0.000,236.250,465.000,0.000,236.250,465.000,0.000,0.000
3628,0,0,0.000,281.250,465.000,0.000,281.250,465.000,0.000,0.000
3629,0,0,641.250,11.250,-0.000,641.250,11.250,-0.000,0.000,0.000
3630,0,0,641.250,56.250,-0.000,641.250,56.250,-0.000,0.000,0.000
3631,0,0,641.250,236.250,-0.000,641.250,236.250,-0.000,0.000,0.000
3632,0,0,641.250,281.250,-0.000,641.250,281.250,-0.000,0.000,0.000
3633,0,0,641.250,11.250,15.000,641.250,11.250,15.000,0.000,0.000
3634,0,0,641.250,33.750,15.000,641.250,33.750,15.000,0.000,0.000
3635,0,0,641.250,56.250,15.000,641.250,56.250,15.000,0.000,0.000
3636,0,0,641.250,78.750,15.000,641.250,78.750,15.000,0.000,0.000
3637,0,0,641.250,236.250,15.000,641.250,236.250,15.000,0.000,0.000
3638,0,0,641.250,258.750,15.000,641.250,258.750,15.000,0.000,0.000
3639,0,0,641.250,281.250,15.000,641.250,281.250,15.000,0.000,0.000
3640,0,0,641.250,303.750,15.000,641.250,303.750,15.000,0.000,0.000
3641,0,0,641.250,11.250,22.500,641.250,11.250,22.500,0.000,0.000
3642,0,0,641.250,22.500,22.500,641.250,22.500,22.500,0.000,0.000
3643,0,0,641.250,45.000,22.500,641.250,45.000,22.500,0.000,0.000
3644,0,0,641.250,67.500,22.500,641.250,67.500,22.500,0.000,0.000
3645,0,0,641.250,90.000,22.500,641.250,90.000,22.500,0.000,0.000
3646,0,0,641.250,236.250,22.500,641.250,236.250,22.500,0.000,0.000
3647,0,0,641.250,247.500,22.500,641.250,247.500,22.500,0.000,0.000
3648,0,0,641.250,270.000,22.500,641.250,270.000,22.500,0.000,0.000
3649,0,0,641.250,292.500,22.500,641.250,292.500,22.500,0.000,0.000
3650,0,0,641.250,315.000,22.500,641.250,315.000,22.500,0.000,0.000
3651,0,0,641.250,11.250,30.000,641.250,11.250,30.000,0.000,0.000
3652,0,0,641.250,33.750,30.000,641.250,33.750,30.000,0.000,0.000
3653,0,0,641.250,56.250,30.000,641.250,56.250,30.000,0.000,0.000
3654,0,0,641.250,78.750,30.000,641.250,78.750,30.000,0.000,0.000
3655,0,0,641.250,236.250,30.000,641.250,236.250,30.000,0.000,0.000
3656,0,0,641.250,258.750,30.000,641.250,258.750,30.000,0.000,0.000
3657,0,0,641.250,281.250,30.000,641.250,281.250,30.000,0.000,0.000
3658,0,0,641.250,303.750,30.000,641.250,303.750,30.000,0.000,0.000
3659,0,0,641.250,11.250,37.500,641.250,11.250,37.500,0.000,0.000
3660,0,0,641.250,22.500,37.500,641.250,22.500,37.500,0.000,0.000
3661,0,0,641.250,45.000,37.500,641.250,45.000,37.500,0.000,0.000
3662,0,0,641.250,67.500,37.500,641.250,67.500,37.500,0.000,0.000
3663,0,0,641.250,90.000,37.500,641.250,90.000,37.500,0.000,0.000
3664,0,0,641.250,236.250,37.500,641.250,236.250,37.500,0.000,0.000
3665,0,0,641.250,247.500,37.500,641.250,247.500,37.500,0.000,0.000
3666,0,0,641.250,270.000,37.500,641.250,270.000,37.500,0.000,0.000
3667,0,0,641.250,292.500,37.500,641.250,292.500,37.500,0.000,0.000
3668,0,0,641.250,315.000,37.500,641.250,315.000,37.500,0.000,0.000
3669,0,0,641.250,11.250,45.000,641.250,11.250,45.000,0.000,0.000
3670,0,0,641.250,33.750,45.000,641.250,33.750,45.000,0.000,0.000
3671,0,0,641.250,56.250,45.000,641.250,56.250,45.000,0.000,0.000
3672,0,0,641.250,78.750,45.000,641.250,78.750,45.000,0.000,0.000
3673,0,0,641.250,236.250,45.000,641.250,236.250,45.000,0.000,0.000
3674,0,0,641.250,258.750,45.000,641.250,258.750,45.000,0.000,0.000
3675,0,0,641.250,281.250,45.000,641.250,281.250,45.000,0.000,0.000
3676,0,0,641.250,303.750,45.000,641.250,303.750,45.000,0.000,0.000
3677,0,0,641.250,11.250,52.500,641.250,11.250,52.500,0.000,0.000
3678,0,0,641.250,22.500,52.500,641.250,22.500,52.500,0.000,0.000
3679,0,0,641.250,45.000,52.500,641.250,45.000,52.500,0.000,0.000
3680,0,0,641.250,67.500,52.500,641.250,67.500,52.500,0.000,0.000
3681,0,0,641.250,90.000,52.500,641.250,90.000,52.500,0.000,0.000
3682,0,0,641.250,236.250,52.500,641.250,236.250,52.500,0.000,0.000
3683,0,0,641.250,247.500,52.500,641.250,247.500,52.500,0.000,0.000
3684,0,0,641.250,270.000,52.500,641.250,270.000,52.500,0.000,0.000
3685,0,0,641.250,292.500,52.500,641.250,292.500,52.500,0.000,0.000
3686,0,0,641.250,315.000,52.500,641.250,315.000,52.500,0.000,0.000
3687,0,0,641.250,11.250,60.000,641.250,11.250,60.000,0.000,0.000
3688,0,0,641.250,33.750,60.000,641.250,33.750,60.000,0.000,0.000
3689,0,0,641.250,56.250,60.000,641.250,56.250,60.000,0.000,0.000
3690,0,0,641.250,78.750,60.000,641.250,78.750,60.000,0.000,0.000
3691,0,0,641.250,236.250,60.000,641.250,236.250,60.000,0.000,0.000
3692,0,0,641.250,258.750,60.000,641.250,258.750,60.000,0.000,0.000
3693,0,0,641.250,281.250,60.000,641.250,281.250,60.000,0.000,0.000
3694,0,0,641.250,303.750,60.000,641.250,303.750,60.000,0.000,0.000
3695,0,0,641.250,11.250,67.500,641.250,11.250,67.500,0.000,0.000
3696,0,0,641.250,22.500,67.500,641.250,22.500,67.500,0.000,0.000
3697,0,0,641.250,45.000,67.500,641.250,45.000,67.500,0.000,0.000
3698,0,0,641.250,67.500,67.500,641.250,67.500,67.500,0.000,0.000
3699,0,0,641.250,90.000,67.500,641.250,90.000,67.500,0.000,0.000
3700,0,0,641.250,236.250,67.500,641.250,236.250,67.500,0.000,0.000
3701,0,0,641.250,247.500,67.500,641.250,247.500,67.500,0.000,0.000
3702,0,0,641.250,270.000,67.500,641.250,270.000,67.500,0.000,0.000
3703,0,0,641.250,292.500,67.500,641.250,292.500,67.500,0.000,0.000
3704,0,0,641.250,315.000,67.500,641.250,315.000,67.500,0.000,0.000
3705,0,0,641.250,11.250,75.000,641.250,11.250,75.000,0.000,0.000
3706,0,0,641.250,33.750,75.000,641.250,33.750,75.000,0.000,0.000
3707,0,0,641.250,56.250,75.000,641.250,56.250,75.000,0.000,0.000
3708,0,0,641.250,78.750,75.000,641.250,78.750,75.000,0.000,0.000
3709,0,0,641.250,236.250,75.000,641.250,236.250,75.000,0.000,0.000
3710,0,0,641.250,258.750,75.000,641.250,258.750,75.000,0.000,0.000
3711,0,0,641.250,281.250,75.000,641.250,281.250,75.000,0.000,0.000
3712,0,0,641.250,303.750,75.000,641.250,303.750,75.000,0.000,0.000
3713,0,0,641.250,11.250,82.500,641.250,11.250,82.500,0.000,0.000
3714,0,0,641.250,22.500,82.500,641.250,22.500,82.500,0.000,0.000
3715,0,0,641.250,45.000,82.500,641.250,45.000,82.500,0.000,0.000
3716,0,0,641.250,67.500,82.500,641.250,67.500,82.500,0.000,0.000
3717,0,0,641.250,90.000,82.500,641.250,90.000,82.500,0.000,0.000
3718,0,0,641.250,236.250,82.500,641.250,236.250,82.500,0.000,0.000
3719,0,0,641.250,247.500,82.500,641.250,247.500,82.500,0.000,0.000
3720,0,0,641.250,270.000,82.500,641.250,270.000,82.500,0.000,0.000
3721,0,0,641.250,292.500,82.500,641.250,292.500,82.500,0.000,0.000
3722,0,0,641.250,315.000,82.500,641.250,315.000,82.500,0.000,0.000
3723,0,0,641.250,11.250,90.000,641.250,11.250,90.000,0.000,0.000
3724,0,0,641.250,33.750,90.000,641.250,33.750,90.000,0.000,0.000
3725,0,0,641.250,56.250,90.000,641.250,56.250,90.000,0.000,0.000
3726,0,0,641.250,78.750,90.000,641.250,78.750,90.000,0.000,0.000
3727,0,0,641.250,236.250,90.000,641.250,236.250,90.000,0.000,0.000
3728,0,0,641.250,258.750,90.000,641.250,258.750,90.000,0.000,0.000
3729,0,0,641.250,281.250,90.000,641.250,281.250,90.000,0.000,0.000
3730,0,0,641.250,303.750,90.000,641.250,303.750,90.000,0.000,0.000
3731,0,0,641.250,11.250,97.500,641.250,11.250,97.500,0.000,0.000
3732,0,0,641.250,22.500,97.500,641.250,22.500,97.500,0.000,0.000
3733,0,0,641.250,45.000,97.500,641.250,45.000,97.500,0.000,0.000
3734,0,0,641.250,67.500,97.500,641.250,67.500,97.500,0.000,0.000
3735,0,0,641.250,90.000,97.500,641.250,90.000,97.500,0.000,0.000
3736,0,0,641.250,236.250,97.500,641.250,236.250,97.500,0.000,0.000
3737,0,0,641.250,247.500,97.500,641.250,247.500,97.500,0.000,0.000
3738,0,0,641.250,270.000,97.500,641.250,270.000,97.500,0.000,0.000
3739,0,0,641.250,292.500,97.500,641.250,292.500,97.500,0.000,0.000
3740,0,0,641.250,315.000,97.500,641.250,315.000,97.500,0.000,0.000
3741,0,0,641.250,11.250,105.000,641.250,11.250,105.000,0.000,0.000
3742,0,0,641.250,33.750,105.000,641.250,33.750,105.000,0.000,0.000
3743,0,0,641.250,56.250,105.000,641.250,56.250,105.000,0.000,0.000
3744,0,0,641.250,78.750,105.000,641.250,78.750,105.000,0.000,0.000
3745,0,0,641.250,236.250,105.000,641.250,236.250,105.000,0.000,0.000
3746,0,0,641.250,258.750,105.000,641.250,258.750,105.000,0.000,0.000
3747,0,0,641.250,281.250,105.000,641.250,281.250,105.000,0.000,0.000
3748,0,0,641.250,303.750,105.000,641.250,303.750,105.000,0.000,0.000
3749,0,0,641.250,11.250,112.500,641.250,11.250,112.500,0.000,0.000
3750,0,0,641.250,22.500,112.500,641.250,22.500,112.500,0.000,0.000
3751,0,0,641.250,45.000,112.500,641.250,45.000,112.500,0.000,0.000
3752,0,0,641.250,67.500,112.500,641.250,67.500,112.500,0.000,0.000
3753,0,0,641.250,90.000,112.500,641.250,90.000,112.500,0.000,0.000
3754,0,0,641.250,236.250,112.500,641.250,236.250,112.500,0.000,0.000
3755,0,0,641.250,247.500,112.500,641.250,247.500,112.500,0.000,0.000
3756,0,0,641.250,270.000,112.500,641.250,270.000,112.500,0.000,0.000
3757,0,0,641.250,292.500,112.500,641.250,292.500,112.500,0.000,0.000
3758,0,0,641.250,315.000,112.500,641.250,315.000,112.500,0.000,0.000
3759,0,0,641.250,11.250,120.000,641.250,11.250,120.000,0.000,0.000
3760,0,0,641.250,33.750,120.000,641.250,33.750,120.000,0.000,0.000
3761,0,0,641.250,56.250,120.000,641.250,56.250,120.000,0.000,0.000
3762,0,0,641.250,78.750,120.000,641.250,78.750,120.000,0.000,0.000
3763,0,0,641.250,236.250,120.000,641.250,236.250,120.000,0.000,0.000
3764,0,0,641.250,258.750,120.000,641.250,258.750,120.000,0.000,0.000
3765,0,0,641.250,281.250,120.000,641.250,281.250,120.000,0.000,0.000
3766,0,0,641.250,303.750,120.000,641.250,303.750,120.000,0.000,0.000
3767,0,0,641.250,11.250,127.500,641.250,11.250,127.500,0.000,0.000
3768,0,0,641.250,22.500,127.500,641.250,22.500,127.500,0.000,0.000
3769,0,0,641.250,45.000,127.500,641.250,45.000,127.500,0.000,0.000
3770,0,0,641.250,67.500,127.500,641.250,67.500,127.500,0.000,0.000
3771,0,0,641.250,90.000,127.500,641.250,90.000,127.500,0.000,0.000
3772,0,0,641.250,236.250,127.500,641.250,236.250,127.500,0.000,0.000
3773,0,0,641.250,247.500,127.500,641.250,247.500,127.500,0.000,0.000
3774,0,0,641.250,270.000,127.500,641.250,270.000,127.500,0.000,0.000
3775,0,0,641.250,292.500,127.500,641.250,292.500,127.500,0.000,0.000
3776,0,0,641.250,315.000,127.500,641.250,315.000,127.500,0.000,0.000
3777,0,0,641.250,11.250,135.000,641.250,11.250,135.000,0.000,0.000
3778,0,0,641.250,33.750,135.000,641.250,33.750,135.000,0.000,0.000
3779,0,0,641.250,56.250,135.000,641.250,56.250,135.000,0.000,0.000
3780,0,0,641.250,78.750,135.000,641.250,78.750,135.000,0.000,0.000
3781,0,0,641.250,236.250,135.000,641.250,236.250,135.000,0.000,0.000
3782,0,0,641.250,258.750,135.000,641.250,258.750,135.000,0.000,0.000
3783,0,0,641.250,281.250,135.000,641.250,281.250,135.000,0.000,0.000
3784,0,0,641.250,303.750,135.000,641.250,303.750,135.000,0.000,0.000
3785,0,0,641.250,11.250,142.500,641.250,11.250,142.500,0.000,0.000
3786,0,0,641.250,22.500,142.500,641.250,22.500,142.500,0.000,0.000
3787,0,0,641.250,45.000,142.500,641.250,45.000,142.500,0.000,0.000
3788,0,0,641.250,67.500,142.500,641.250,67.500,142.500,0.000,0.000
3789,0,0,641.250,90.000,142.500,641.250,90.000,142.500,0.000,0.000
3790,0,0,641.250,236.250,142.500,641.250,236.250,142.500,0.000,0.000
3791,0,0,641.250,247.500,142.500,641.250,247.500,142.500,0.000,0.000
3792,0,0,641.250,270.000,142.500,641.250,270.000,142.500,0.000,0.000
3793,0,0,641.250,292.500,142.500,641.250,292.500,142.500,0.000,0.000
3794,0,0,641.250,315.000,142.500,641.250,315.000,142.500,0.000,0.000
3795,0,0,641.250,11.250,150.000,641.250,11.250,150.000,0.000,0.000
3796,0,0,641.250,33.750,150.000,641.250,33.750,150.000,0.000,0.000
3797,0,0,641.250,56.250,150.000,641.250,56.250,150.000,0.000,0.000
3798,0,0,641.250,78.750,150.000,641.250,78.750,150.000,0.000,0.000
3799,0,0,641.250,236.250,150.000,641.250,236.250,150.000,0.000,0.000
3800,0,0,641.250,258.750,150.000,641.250,258.750,150.000,0.000,0.000
3801,0,0,641.250,281.250,150.000,641.250,281.250,150.000,0.000,0.000
3802,0,0,641.250,303.750,150.000,641.250,303.750,150.000,0.000,0.000
3803,0,0,641.250,11.250,157.500,641.250,11.250,157.500,0.000,0.000
3804,0,0,641.250,22.500,157.500,641.250,22.500,157.500,0.000,0.000
3805,0,0,641.250,45.000,157.500,641.250,45.000,157.500,0.000,0.000
3806,0,0,641.250,67.500,157.500,641.250,67.500,157.500,0.000,0.000
3807,0,0,641.250,90.000,157.500,641.250,90.000,157.500,0.000,0.000
3808,0,0,641.250,236.250,157.500,641.250,236.250,157.500,0.000,0.000
3809,0,0,641.250,247.500,157.500,641.250,247.500,157.500,0.000,0.000
3810,0,0,641.250,270.000,157.500,641.250,270.000,157.500,0.000,0.000
3811,0,0,641.250,292.500,157.500,641.250,292.500,157.500,0.000,0.000
3812,0,0,641.250,315.000,157.500,641.250,315.000,157.500,0.000,0.000
3813,0,0,641.250,11.250,165.000,641.250,11.250,165.000,0.000,0.000
3814,0,0,641.250,33.750,165.000,641.250,33.750,165.000,0.000,0.000
3815,0,0,641.250,56.250,165.000,641.250,56.250,165.000,0.000,0.000
3816,0,0,641.250,78.750,165.000,641.250,78.750,165.000,0.000,0.000
3817,0,0,641.250,236.250,165.000,641.250,236.250,165.000,0.000,0.000
3818,0,0,641.250,258.750,165.000,641.250,258.750,165.000,0.000,0.000
3819,0,0,641.250,281.250,165.000,641.250,281.250,165.000,0.000,0.000
3820,0,0,641.250,303.750,165.000,641.250,303.750,165.000,0.000,0.000
3821,0,0,641.250,11.250,172.500,641.250,11.250,172.500,0.000,0.000
3822,0,0,641.250,22.500,172.500,641.250,22.500,172.500,0.000,0.000
3823,0,0,641.250,45.000,172.500,641.250,45.000,172.500,0.000,0.000
3824,0,0,641.250,67.500,172.500,641.250,67.500,172.500,0.000,0.000
3825,0,0,641.250,90.000,172.500,641.250,90.000,172.500,0.000,0.000
3826,0,0,641.250,236.250,172.500,641.250,236.250,172.500,0.000,0.000
3827,0,0,641.250,247.500,172.500,641.250,247.500,172.500,0.000,0.000
3828,0,0,641.250,270.000,172.500,641.250,270.000,172.500,0.000,0.000
3829,0,0,641.250,292.500,172.500,641.250,292.500,172.500,0.000,0.000
3830,0,0,641.250,315.000,172.500,641.250,315.000,172.500,0.000,0.000
3831,0,0,641.250,11.250,180.000,641.250,11.250,180.000,0.000,0.000
3832,0,0,641.250,33.750,180.000,641.250,33.750,180.000,0.000,0.000
3833,0,0,641.250,56.250,180.000,641.250,56.250,180.000,0.000,0.000
3834,0,0,641.250,78.750,180.000,641.250,78.750,180.000,0.000,0.000
3835,0,0,641.250,236.250,180.000,641.250,236.250,180.000,0.000,0.000
3836,0,0,641.250,258.750,180.000,641.250,258.750,180.000,0.000,0.000
3837,0,0,641.250,281.250,180.000,641.250,281.250,180.000,0.000,0.000
3838,0,0,641.250,303.750,180.000,641.250,303.750,180.000,0.000,0.000
3839,0,0,641.250,11.250,187.500,641.250,11.250,187.500,0.000,0.000
3840,0,0,641.250,22.500,187.500,641.250,22.500,187.500,0.000,0.000
3841,0,0,641.250,45.000,187.500,641.250,45.000,187.500,0.000,0.000
3842,0,0,641.250,67.500,187.500,641.250,67.500,187.500,0.000,0.000
3843,0,0,641.250,90.000,187.500,641.250,90.000,187.500,0.000,0.000
3844,0,0,641.250,236.250,187.500,641.250,236.250,187.500,0.000,0.000
3845,0,0,641.250,247.500,187.500,641.250,247.500,187.500,0.000,0.000
3846,0,0,641.250,270.000,187.500,641.250,270.000,187.500,0.000,0.000
3847,0,0,641.250,292.500,187.500,641.250,292.500,187.500,0.000,0.000
3848,0,0,641.250,315.000,187.500,641.250,315.000,187.500,0.000,0.000
3849,0,0,641.250,11.250,195.000,641.250,11.250,195.000,0.000,0.000
3850,0,0,641.250,33.750,195.000,641.250,33.750,195.000,0.000,0.000
3851,0,0,641.250,56.250,195.000,641.250,56.250,195.000,0.000,0.000
3852,0,0,641.250,78.750,195.000,641.250,78.750,195.000,0.000,0.000
3853,0,0,641.250,236.250,195.000,641.250,236.250,195.000,0.000,0.000
3854,0,0,641.250,258.750,195.000,641.250,258.750,195.000,0.000,0.000
3855,0,0,641.250,281.250,195.000,641.250,281.250,195.000,0.000,0.000
3856,0,0,641.250,303.750,195.000,641.250,303.750,195.000,0.000,0.000
3857,0,0,641.250,11.250,202.500,641.250,11.250,202.500,0.000,0.000
3858,0,0,641.250,22.500,202.500,641.250,22.500,202.500,0.000,0.000
3859,0,0,641.250,45.000,202.500,641.250,45.000,202.500,0.000,0.000
3860,0,0,641.250,67.500,202.500,641.250,67.500,202.500,0.000,0.000
3861,0,0,641.250,90.000,202.500,641.250,90.000,202.500,0.000,0.000
3862,0,0,641.250,236.250,202.500,641.250,236.250,202.500,0.000,0.000
3863,0,0,641.250,247.500,202.500,641.250,247.500,202.500,0.000,0.000
3864,0,0,641.250,270.000,202.500,641.250,270.000,202.500,0.000,0.000
3865,0,0,641.250,292.500,202.500,641.250,292.500,202.500,0.000,0.000
3866,0,0,641.250,315.000,202.500,641.250,315.000,202.500,0.000,0.000
3867,0,0,641.250,11.250,210.000,641.250,11.250,210.000,0.000,0.000
3868,0,0,641.250,33.750,210.000,641.250,33.750,210.000,0.000,0.000
3869,0,0,641.250,56.250,210.000,641.250,56.250,210.000,0.000,0.000
3870,0,0,641.250,78.750,210.000,641.250,78.750,210.000,0.000,0.000
3871,0,0,641.250,236.250,210.000,641.250,236.250,210.000,0.000,0.000
3872,0,0,641.250,258.750,210.000,641.250,258.750,210.000,0.000,0.000
3873,0,0,641.250,281.250,210.000,641.250,281.250,210.000,0.000,0.000
3874,0,0,641.250,303.750,210.000,641.250,303.750,210.000,0.000,0.000
3875,0,0,641.250,11.250,217.500,641.250,11.250,217.500,0.000,0.000
3876,0,0,641.250,22.500,217.500,641.250,22.500,217.500,0.000,0.000
3877,0,0,641.250,45.000,217.500,641.250,45.000,217.500,0.000,0.000
3878,0,0,641.250,67.500,217.500,641.250,67.500,217.500,0.000,0.000
3879,0,0,641.250,90.000,217.500,641.250,90.000,217.500,0.000,0.000
3880,0,0,641.250,236.250,217.500,641.250,236.250,217.500,0.000,0.000
3881,0,0,641.250,247.500,217.500,641.250,247.500,217.500,0.000,0.000
3882,0,0,641.250,270.000,217.500,641.250,270.000,217.500,0.000,0.000
3883,0,0,641.250,292.500,217.500,641.250,292.500,217.500,0.000,0.000
3884,0,0,641.250,315.000,217.500,641.250,315.000,217.500,0.000,0.000
3885,0,0,641.250,11.250,225.000,641.250,11.250,225.000,0.000,0.000
3886,0,0,641.250,33.750,225.000,641.250,33.750,225.000,0.000,0.000
3887,0,0,641.250,56.250,225.000,641.250,56.250,225.000,0.000,0.000
3888,0,0,641.250,258.750,225.000,641.250,258.750,225.000,0.000,0.000
3889,0,0,641.250,281.250,225.000,641.250,281.250,225.000,0.000,0.000
3890,0,0,641.250,303.750,225.000,641.250,303.750,225.000,0.000,0.000
3891,0,0,641.250,78.750,225.000,641.250,78.750,225.000,0.000,0.000
3892,0,0,641.250,11.250,232.500,641.250,11.250,232.500,0.000,0.000
3893,0,0,641.250,22.500,232.500,641.250,22.500,232.500,0.000,0.000
3894,0,0,641.250,45.000,232.500,641.250,45.000,232.500,0.000,0.000
3895,0,0,641.250,67.500,232.500,641.250,67.500,232.500,0.000,0.000
3896,0,0,641.250,258.750,232.500,641.250,258.750,232.500,0.000,0.000
3897,0,0,641.250,270.000,232.500,641.250,270.000,232.500,0.000,0.000
3898,0,0,641.250,292.500,232.500,641.250,292.500,232.500,0.000,0.000
3899,0,0,641.250,315.000,232.500,641.250,315.000,232.500,0.000,0.000
3900,0,0,641.250,11.250,240.000,641.250,11.250,240.000,0.000,0.000
3901,0,0,641.250,33.750,240.000,641.250,33.750,240.000,0.000,0.000
3902,0,0,641.250,56.250,240.000,641.250,56.250,240.000,0.000,0.000
3903,0,0,641.250,78.750,240.000,641.250,78.750,240.000,0.000,0.000
3904,0,0,641.250,101.250,240.000,641.250,101.250,240.000,0.000,0.000
3905,0,0,641.250,123.750,240.000,641.250,123.750,240.000,0.000,0.000
3906,0,0,641.250,146.250,240.000,641.250,146.250,240.000,0.000,0.000
3907,0,0,641.250,168.750,240.000,641.250,168.750,240.000,0.000,0.000
3908,0,0,641.250,191.250,240.000,641.250,191.250,240.000,0.000,0.000
3909,0,0,641.250,213.750,240.000,641.250,213.750,240.000,0.000,0.000
3910,0,0,641.250,236.250,240.000,641.250,236.250,240.000,0.000,0.000
3911,0,0,641.250,258.750,240.000,641.250,258.750,240.000,0.000,0.000
3912,0,0,641.250,281.250,240.000,641.250,281.250,240.000,0.000,0.000
3913,0,0,641.250,303.750,240.000,641.250,303.750,240.000,0.000,0.000
3914,0,0,641.250,11.250,247.500,641.250,11.250,247.500,0.000,0.000
3915,0,0,641.250,22.500,247.500,641.250,22.500,247.500,0.000,0.000
3916,0,0,641.250,67.500,247.500,641.250,67.500,247.500,0.000,0.000
3917,0,0,641.250,112.500,247.500,641.250,112.500,247.500,0.000,0.000
3918,0,0,641.250,157.500,247.500,641.250,157.500,247.500,0.000,0.000
3919,0,0,641.250,202.500,247.500,641.250,202.500,247.500,0.000,0.000
3920,0,0,641.250,247.500,247.500,641.250,247.500,247.500,0.000,0.000
3921,0,0,641.250,292.500,247.500,641.250,292.500,247.500,0.000,0.000
3922,0,0,641.250,11.250,255.000,641.250,11.250,255.000,0.000,0.000
3923,0,0,641.250,33.750,255.000,641.250,33.750,255.000,0.000,0.000
3924,0,0,641.250,56.250,255.000,641.250,56.250,255.000,0.000,0.000
3925,0,0,641.250,78.750,255.000,641.250,78.750,255.000,0.000,0.000
3926,0,0,641.250,101.250,255.000,641.250,101.250,255.000,0.000,0.000
3927,0,0,641.250,123.750,255.000,641.250,123.750,255.000,0.000,0.000
3928,0,0,641.250,146.250,255.000,641.250,146.250,255.000,0.000,0.000
3929,0,0,641.250,168.750,255.000,641.250,168.750,255.000,0.000,0.000
3930,0,0,641.250,191.250,255.000,641.250,191.250,255.000,0.000,0.000
3931,0,0,641.250,213.750,255.000,641.250,213.750,255.000,0.000,0.000
3932,0,0,641.250,236.250,255.000,641.250,236.250,255.000,0.000,0.000
3933,0,0,641.250,258.750,255.000,641.250,258.750,255.000,0.000,0.000
3934,0,0,641.250,281.250,255.000,641.250,281.250,255.000,0.000,0.000
3935,0,0,641.250,303.750,255.000,641.250,303.750,255.000,0.000,0.000
3936,0,0,641.250,11.250,262.500,641.250,11.250,262.500,0.000,0.000
3937,0,0,641.250,22.500,262.500,641.250,22.500,262.500,0.000,0.000
3938,0,0,641.250,45.000,262.500,641.250,45.000,262.500,0.000,0.000
3939,0,0,641.250,67.500,262.500,641.250,67.500,262.500,0.000,0.000
3940,0,0,641.250,90.000,262.500,641.250,90.000,262.500,0.000,0.000
3941,0,0,641.250,112.500,262.500,641.250,112.500,262.500,0.000,0.000
3942,0,0,641.250,135.000,262.500,641.250,135.000,262.500,0.000,0.000
3943,0,0,641.250,157.500,262.500,641.250,157.500,262.500,0.000,0.000
3944,0,0,641.250,180.000,262.500,641.250,180.000,262.500,0.000,0.000
3945,0,0,641.250,202.500,262.500,641.250,202.500,262.500,0.000,0.000
3946,0,0,641.250,225.000,262.500,641.250,225.000,262.500,0.000,0.000
3947,0,0,641.250,247.500,262.500,641.250,247.500,262.500,0.000,0.000
3948,0,0,641.250,270.000,262.500,641.250,270.000,262.500,0.000,0.000
3949,0,0,641.250,292.500,262.500,641.250,292.500,262.500,0.000,0.000
3950,0,0,641.250,315.000,262.500,641.250,315.000,262.500,0.000,0.000
3951,0,0,641.250,11.250,270.000,641.250,11.250,270.000,0.000,0.000
3952,0,0,641.250,33.750,270.000,641.250,33.750,270.000,0.000,0.000
3953,0,0,641.250,56.250,270.000,641.250,56.250,270.000,0.000,0.000
3954,0,0,641.250,78.750,270.000,641.250,78.750,270.000,0.000,0.000
3955,0,0,641.250,101.250,270.000,641.250,101.250,270.000,0.000,0.000
3956,0,0,641.250,123.750,270.000,641.250,123.750,270.000,0.000,0.000
3957,0,0,641.250,146.250,270.000,641.250,146.250,270.000,0.000,0.000
3958,0,0,641.250,168.750,270.000,641.250,168.750,270.000,0.000,0.000
3959,0,0,641.250,191.250,270.000,641.250,191.250,270.000,0.000,0.000
3960,0,0,641.250,213.750,270.000,641.250,213.750,270.000,0.000,0.000
3961,0,0,641.250,236.250,270.000,641.250,236.250,270.000,0.000,0.000
3962,0,0,641.250,258.750,270.000,641.250,258.750,270.000,0.000,0.000
3963,0,0,641.250,281.250,270.000,641.250,281.250,270.000,0.000,0.000
3964,0,0,641.250,303.750,270.000,641.250,303.750,270.000,0.000,0.000
3965,0,0,641.250,11.250,277.500,641.250,11.250,277.500,0.000,0.000
3966,0,0,641.250,22.500,277.500,641.250,22.500,277.500,0.000,0.000
3967,0,0,641.250,45.000,277.500,641.250,45.000,277.500,0.000,0.000
3968,0,0,641.250,135.000,277.500,641.250,135.000,277.500,0.000,0.000
3969,0,0,641.250,157.500,277.500,641.250,157.500,277.500,0.000,0.000
3970,0,0,641.250,180.000,277.500,641.250,180.000,277.500,0.000,0.000
3971,0,0,641.250,270.000,277.500,641.250,270.000,277.500,0.000,0.000
3972,0,0,641.250,292.500,277.500,641.250,292.500,277.500,0.000,0.000
3973,0,0,641.250,315.000,277.500,641.250,315.000,277.500,0.000,0.000
3974,0,0,641.250,67.500,277.500,641.250,67.500,277.500,0.000,0.000
3975,0,0,641.250,202.500,277.500,641.250,202.500,277.500,0.000,0.000
3976,0,0,641.250,11.250,285.000,641.250,11.250,285.000,0.000,0.000
3977,0,0,641.250,33.750,285.000,641.250,33.750,285.000,0.000,0.000
3978,0,0,641.250,56.250,285.000,641.250,56.250,285.000,0.000,0.000
3979,0,0,641.250,123.750,285.000,641.250,123.750,285.000,0.000,0.000
3980,0,0,641.250,146.250,285.000,641.250,146.250,285.000,0.000,0.000
3981,0,0,641.250,168.750,285.000,641.250,168.750,285.000,0.000,0.000
3982,0,0,641.250,191.250,285.000,641.250,191.250,285.000,0.000,0.000
3983,0,0,641.250,258.750,285.000,641.250,258.750,285.000,0.000,0.000
3984,0,0,641.250,281.250,285.000,641.250,281.250,285.000,0.000,0.000
3985,0,0,641.250,303.750,285.000,641.250,303.750,285.000,0.000,0.000
3986,0,0,641.250,11.250,292.500,641.250,11.250,292.500,0.000,0.000
3987,0,0,641.250,22.500,292.500,641.250,22.500,292.500,0.000,0.000
3988,0,0,641.250,45.000,292.500,641.250,45.000,292.500,0.000,0.000
3989,0,0,641.250,67.500,292.500,641.250,67.500,292.500,0.000,0.000
3990,0,0,641.250,123.750,292.500,641.250,123.750,292.500,0.000,0.000
3991,0,0,641.250,135.000,292.500,641.250,135.000,292.500,0.000,0.000
3992,0,0,641.250,157.500,292.500,641.250,157.500,292.500,0.000,0.000
3993,0,0,641.250,180.000,292.500,641.250,180.000,292.500,0.000,0.000
3994,0,0,641.250,202.500,292.500,641.250,202.500,292.500,0.000,0.000
3995,0,0,641.250,258.750,292.500,641.250,258.750,292.500,0.000,0.000
3996,0,0,641.250,270.000,292.500,641.250,270.000,292.500,0.000,0.000
3997,0,0,641.250,292.500,292.500,641.250,292.500,292.500,0.000,0.000
3998,0,0,641.250,315.000,292.500,641.250,315.000,292.500,0.000,0.000
3999,0,0,641.250,11.250,300.000,641.250,11.250,300.000,0.000,0.000
4000,0,0,641.250,33.750,300.000,641.250,33.750,300.000,0.000,0.000
4001,0,0,641.250,56.250,300.000,641.250,56.250,300.000,0.000,0.000
4002,0,0,641.250,123.750,300.000,641.250,123.750,300.000,0.000,0.000
4003,0,0,641.250,146.250,300.000,641.250,146.250,300.000,0.000,0.000
4004,0,0,641.250,168.750,300.000,641.250,168.750,300.000,0.000,0.000
4005,0,0,641.250,191.250,300.000,641.250,191.250,300.000,0.000,0.000
4006,0,0,641.250,258.750,300.000,641.250,258.750,300.000,0.000,0.000
4007,0,0,641.250,281.250,300.000,641.250,281.250,300.000,0.000,0.000
4008,0,0,641.250,303.750,300.000,641.250,303.750,300.000,0.000,0.000
4009,0,0,641.250,11.250,307.500,641.250,11.250,307.500,0.000,0.000
4010,0,0,641.250,22.500,307.500,641.250,22.500,307.500,0.000,0.000
4011,0,0,641.250,45.000,307.500,641.250,45.000,307.500,0.000,0.000
4012,0,0,641.250,67.500,307.500,641.250,67.500,307.500,0.000,0.000
4013,0,0,641.250,123.750,307.500,641.250,123.750,307.500,0.000,0.000
4014,0,0,641.250,135.000,307.500,641.250,135.000,307.500,0.000,0.000
4015,0,0,641.250,157.500,307.500,641.250,157.500,307.500,0.000,0.000
4016,0,0,641.250,180.000,307.500,641.250,180.000,307.500,0.000,0.000
4017,0,0,641.250,202.500,307.500,641.250,202.500,307.500,0.000,0.000
4018,0,0,641.250,258.750,307.500,641.250,258.750,307.500,0.000,0.000
4019,0,0,641.250,270.000,307.500,641.250,270.000,307.500,0.000,0.000
4020,0,0,641.250,292.500,307.500,641.250,292.500,307.500,0.000,0.000
4021,0,0,641.250,315.000,307.500,641.250,315.000,307.500,0.000,0.000
4022,0,0,641.250,11.250,315.000,641.250,11.250,315.000,0.000,0.000
4023,0,0,641.250,33.750,315.000,641.250,33.750,315.000,0.000,0.000
4024,0,0,641.250,56.250,315.000,641.250,56.250,315.000,0.000,0.000
4025,0,0,641.250,123.750,315.000,641.250,123.750,315.000,0.000,0.000
4026,0,0,641.250,146.250,315.000,641.250,146.250,315.000,0.000,0.000
4027,0,0,641.250,168.750,315.000,641.250,168.750,315.000,0.000,0.000
4028,0,0,641.250,191.250,315.000,641.250,191.250,315.000,0.000,0.000
4029,0,0,641.250,258.750,315.000,641.250,258.750,315.000,0.000,0.000
4030,0,0,641.250,281.250,315.000,641.250,281.250,315.000,0.000,0.000
4031,0,0,641.250,303.750,315.000,641.250,303.750,315.000,0.000,0.000
4032,0,0,641.250,11.250,322.500,641.250,11.250,322.500,0.000,0.000
4033,0,0,641.250,22.500,322.500,641.250,22.500,322.500,0.000,0.000
4034,0,0,641.250,45.000,322.500,641.250,45.000,322.500,0.000,0.000
4035,0,0,641.250,67.500,322.500,641.250,67.500,322.500,0.000,0.000
4036,0,0,641.250,123.750,322.500,641.250,123.750,322.500,0.000,0.000
4037,0,0,641.250,135.000,322.500,641.250,135.000,322.500,0.000,0.000
4038,0,0,641.250,157.500,322.500,641.250,157.500,322.500,0.000,0.000
4039,0,0,641.250,180.000,322.500,641.250,180.000,322.500,0.000,0.000
4040,0,0,641.250,202.500,322.500,641.250,202.500,322.500,0.000,0.000
4041,0,0,641.250,258.750,322.500,641.250,258.750,322.500,0.000,0.000
4042,0,0,641.250,270.000,322.500,641.250,270.000,322.500,0.000,0.000
4043,0,0,641.250,292.500,322.500,641.250,292.500,322.500,0.000,0.000
4044,0,0,641.250,315.000,322.500,641.250,315.000,322.500,0.000,0.000
4045,0,0,641.250,11.250,330.000,641.250,11.250,330.000,0.000,0.000
4046,0,0,641.250,33.750,330.000,641.250,33.750,330.000,0.000,0.000
4047,0,0,641.250,56.250,330.000,641.250,56.250,330.000,0.000,0.000
4048,0,0,641.250,123.750,330.000,641.250,123.750,330.000,0.000,0.000
4049,0,0,641.250,146.250,330.000,641.250,146.250,330.000,0.000,0.000
4050,0,0,641.250,168.750,330.000,641.250,168.750,330.000,0.000,0.000
4051,0,0,641.250,191.250,330.000,641.250,191.250,330.000,0.000,0.000
4052,0,0,641.250,258.750,330.000,641.250,258.750,330.000,0.000,0.000
4053,0,0,641.250,281.250,330.000,641.250,281.250,330.000,0.000,0.000
4054,0,0,641.250,303.750,330.000,641.250,303.750,330.000,0.000,0.000
4055,0,0,641.250,11.250,337.500,641.250,11.250,337.500,0.000,0.000
4056,0,0,641.250,22.500,337.500,641.250,22.500,337.500,0.000,0.000
4057,0,0,641.250,45.000,337.500,641.250,45.000,337.500,0.000,0.000
4058,0,0,641.250,67.500,337.500,641.250,67.500,337.500,0.000,0.000
4059,0,0,641.250,123.750,337.500,641.250,123.750,337.500,0.000,0.000
4060,0,0,641.250,135.000,337.500,641.250,135.000,337.500,0.000,0.000
4061,0,0,641.250,157.500,337.500,641.250,157.500,337.500,0.000,0.000
4062,0,0,641.250,180.000,337.500,641.250,180.000,337.500,0.000,0.000
4063,0,0,641.250,202.500,337.500,641.250,202.500,337.500,0.000,0.000
4064,0,0,641.250,258.750,337.500,641.250,258.750,337.500,0.000,0.000
4065,0,0,641.250,270.000,337.500,641.250,270.000,337.500,0.000,0.000
4066,0,0,641.250,292.500,337.500,641.250,292.500,337.500,0.000,0.000
4067,0,0,641.250,315.000,337.500,641.250,315.000,337.500,0.000,0.000
4068,0,0,641.250,11.250,345.000,641.250,11.250,345.000,0.000,0.000
4069,0,0,641.250,33.750,345.000,641.250,33.750,345.000,0.000,0.000
4070,0,0,641.250,56.250,345.000,641.250,56.250,345.000,0.000,0.000
4071,0,0,641.250,123.750,345.000,641.250,123.750,345.000,0.000,0.000
4072,0,0,641.250,146.250,345.000,641.250,146.250,345.000,0.000,0.000
4073,0,0,641.250,168.750,345.000,641.250,168.750,345.000,0.000,0.000
4074,0,0,641.250,191.250,345.000,641.250,191.250,345.000,0.000,0.000
4075,0,0,641.250,258.750,345.000,641.250,258.750,345.000,0.000,0.000
4076,0,0,641.250,281.250,345.000,641.250,281.250,345.000,0.000,0.000
4077,0,0,641.250,303.750,345.000,641.250,303.750,345.000,0.000,0.000
4078,0,0,641.250,11.250,352.500,641.250,11.250,352.500,0.000,0.000
4079,0,0,641.250,22.500,352.500,641.250,22.500,352.500,0.000,0.000
4080,0,0,641.250,45.000,352.500,641.250,45.000,352.500,0.000,0.000
4081,0,0,641.250,67.500,352.500,641.250,67.500,352.500,0.000,0.000
4082,0,0,641.250,123.750,352.500,641.250,123.750,352.500,0.000,0.000
4083,0,0,641.250,135.000,352.500,641.250,135.000,352.500,0.000,0.000
4084,0,0,641.250,157.500,352.500,641.250,157.500,352.500,0.000,0.000
4085,0,0,641.250,180.000,352.500,641.250,180.000,352.500,0.000,0.000
4086,0,0,641.250,202.500,352.500,641.250,202.500,352.500,0.000,0.000
4087,0,0,641.250,258.750,352.500,641.250,258.750,352.500,0.000,0.000
4088,0,0,641.250,270.000,352.500,641.250,270.000,352.500,0.000,0.000
4089,0,0,641.250,292.500,352.500,641.250,292.500,352.500,0.000,0.000
4090,0,0,641.250,315.000,352.500,641.250,315.000,352.500,0.000,0.000
4091,0,0,641.250,11.250,360.000,641.250,11.250,360.000,0.000,0.000
4092,0,0,641.250,33.750,360.000,641.250,33.750,360.000,0.000,0.000
4093,0,0,641.250,56.250,360.000,641.250,56.250,360.000,0.000,0.000
4094,0,0,641.250,123.750,360.000,641.250,123.750,360.000,0.000,0.000
4095,0,0,641.250,146.250,360.000,641.250,146.250,360.000,0.000,0.000
4096,0,0,641.250,168.750,360.000,641.250,168.750,360.000,0.000,0.000
4097,0,0,641.250,191.250,360.000,641.250,191.250,360.000,0.000,0.000
4098,0,0,641.250,258.750,360.000,641.250,258.750,360.000,0.000,0.000
4099,0,0,641.250,281.250,360.000,641.250,281.250,360.000,0.000,0.000
4100,0,0,641.250,303.750,360.000,641.250,303.750,360.000,0.000,0.000
4101,0,0,641.250,11.250,367.500,641.250,11.250,367.500,0.000,0.000
4102,0,0,641.250,22.500,367.500,641.250,22.500,367.500,0.000,0.000
4103,0,0,641.250,45.000,367.500,641.250,45.000,367.500,0.000,0.000
4104,0,0,641.250,67.500,367.500,641.250,67.500,367.500,0.000,0.000
4105,0,0,641.250,123.750,367.500,641.250,123.750,367.500,0.000,0.000
4106,0,0,641.250,135.000,367.500,641.250,135.000,367.500,0.000,0.000
4107,0,0,641.250,157.500,367.500,641.250,157.500,367.500,0.000,0.000
4108,0,0,641.250,180.000,367.500,641.250,180.000,367.500,0.000,0.000
4109,0,0,641.250,202.500,367.500,641.250,202.500,367.500,0.000,0.000
4110,0,0,641.250,258.750,367.500,641.250,258.750,367.500,0.000,0.000
4111,0,0,641.250,270.000,367.500,641.250,270.000,367.500,0.000,0.000
4112,0,0,641.250,292.500,367.500,641.250,292.500,367.500,0.000,0.000
4113,0,0,641.250,315.000,367.500,641.250,315.000,367.500,0.000,0.000
4114,0,0,641.250,11.250,375.000,641.250,11.250,375.000,0.000,0.000
4115,0,0,641.250,33.750,375.000,641.250,33.750,375.000,0.000,0.000
4116,0,0,641.250,56.250,375.000,641.250,56.250,375.000,0.000,0.000
4117,0,0,641.250,123.750,375.000,641.250,123.750,375.000,0.000,0.000
4118,0,0,641.250,146.250,375.000,641.250,146.250,375.000,0.000,0.000
4119,0,0,641.250,168.750,375.000,641.250,168.750,375.000,0.000,0.000
4120,0,0,641.250,191.250,375.000,641.250,191.250,375.000,0.000,0.000
4121,0,0,641.250,258.750,375.000,641.250,258.750,375.000,0.000,0.000
4122,0,0,641.250,281.250,375.000,641.250,281.250,375.000,0.000,0.000
4123,0,0,641.250,303.750,375.000,641.250,303.750,375.000,0.000,0.000
4124,0,0,641.250,11.250,382.500,641.250,11.250,382.500,0.000,0.000
4125,0,0,641.250,22.500,382.500,641.250,22.500,382.500,0.000,0.000
4126,0,0,641.250,45.000,382.500,641.250,45.000,382.500,0.000,0.000
4127,0,0,641.250,67.500,382.500,641.250,67.500,382.500,0.000,0.000
4128,0,0,641.250,123.750,382.500,641.250,123.750,382.500,0.000,0.000
4129,0,0,641.250,135.000,382.500,641.250,135.000,382.500,0.000,0.000
4130,0,0,641.250,157.500,382.500,641.250,157.500,382.500,0.000,0.000
4131,0,0,641.250,180.000,382.500,641.250,180.000,382.500,0.000,0.000
4132,0,0,641.250,202.500,382.500,641.250,202.500,382.500,0.000,0.000
4133,0,0,641.250,258.750,382.500,641.250,258.750,382.500,0.000,0.000
4134,0,0,641.250,270.000,382.500,641.250,270.000,382.500,0.000,0.000
4135,0,0,641.250,292.500,382.500,641.250,292.500,382.500,0.000,0.000
4136,0,0,641.250,315.000,382.500,641.250,315.000,382.500,0.000,0.000
4137,0,0,641.250,11.250,390.000,641.250,11.250,390.000,0.000,0.000
4138,0,0,641.250,33.750,390.000,641.250,33.750,390.000,0.000,0.000
4139,0,0,641.250,56.250,390.000,641.250,56.250,390.000,0.000,0.000
4140,0,0,641.250,123.750,390.000,641.250,123.750,390.000,0.000,0.000
4141,0,0,641.250,146.250,390.000,641.250,146.250,390.000,0.000,0.000
4142,0,0,641.250,168.750,390.000,641.250,168.750,390.000,0.000,0.000
4143,0,0,641.250,191.250,390.000,641.250,191.250,390.000,0.000,0.000
4144,0,0,641.250,258.750,390.000,641.250,258.750,390.000,0.000,0.000
4145,0,0,641.250,281.250,390.000,641.250,281.250,390.000,0.000,0.000
4146,0,0,641.250,303.750,390.000,641.250,303.750,390.000,0.000,0.000
4147,0,0,641.250,11.250,397.500,641.250,11.250,397.500,0.000,0.000
4148,0,0,641.250,22.500,397.500,641.250,22.500,397.500,0.000,0.000
4149,0,0,641.250,45.000,397.500,641.250,45.000,397.500,0.000,0.000
4150,0,0,641.250,67.500,397.500,641.250,67.500,397.500,0.000,0.000
4151,0,0,641.250,123.750,397.500,641.250,123.750,397.500,0.000,0.000
4152,0,0,641.250,135.000,397.500,641.250,135.000,397.500,0.000,0.000
4153,0,0,641.250,157.500,397.500,641.250,157.500,397.500,0.000,0.000
4154,0,0,641.250,180.000,397.500,641.250,180.000,397.500,0.000,0.000
4155,0,0,641.250,202.500,397.500,641.250,202.500,397.500,0.000,0.000
4156,0,0,641.250,258.750,397.500,641.250,258.750,397.500,0.000,0.000
4157,0,0,641.250,270.000,397.500,641.250,270.000,397.500,0.000,0.000
4158,0,0,641.250,292.500,397.500,641.250,292.500,397.500,0.000,0.000
4159,0,0,641.250,315.000,397.500,641.250,315.000,397.500,0.000,0.000
4160,0,0,641.250,11.250,405.000,641.250,11.250,405.000,0.000,0.000
4161,0,0,641.250,33.750,405.000,641.250,33.750,405.000,0.000,0.000
4162,0,0,641.250,146.250,405.000,641.250,146.250,405.000,0.000,0.000
4163,0,0,641.250,168.750,405.000,641.250,168.750,405.000,0.000,0.000
4164,0,0,641.250,281.250,405.000,641.250,281.250,405.000,0.000,0.000
4165,0,0,641.250,303.750,405.000,641.250,303.750,405.000,0.000,0.000
4166,0,0,641.250,56.250,405.000,641.250,56.250,405.000,0.000,0.000
4167,0,0,641.250,191.250,405.000,641.250,191.250,405.000,0.000,0.000
4168,0,0,641.250,11.250,412.500,641.250,11.250,412.500,0.000,0.000
4169,0,0,641.250,22.500,412.500,641.250,22.500,412.500,0.000,0.000
4170,0,0,641.250,45.000,412.500,641.250,45.000,412.500,0.000,0.000
4171,0,0,641.250,146.250,412.500,641.250,146.250,412.500,0.000,0.000
4172,0,0,641.250,157.500,412.500,641.250,157.500,412.500,0.000,0.000
4173,0,0,641.250,180.000,412.500,641.250,180.000,412.500,0.000,0.000
4174,0,0,641.250,281.250,412.500,641.250,281.250,412.500,0.000,0.000
4175,0,0,641.250,292.500,412.500,641.250,292.500,412.500,0.000,0.000
4176,0,0,641.250,315.000,412.500,641.250,315.000,412.500,0.000,0.000
4177,0,0,641.250,11.250,420.000,641.250,11.250,420.000,0.000,0.000
4178,0,0,641.250,33.750,420.000,641.250,33.750,420.000,0.000,0.000
4179,0,0,641.250,56.250,420.000,641.250,56.250,420.000,0.000,0.000
4180,0,0,641.250,78.750,420.000,641.250,78.750,420.000,0.000,0.000
4181,0,0,641.250,101.250,420.000,641.250,101.250,420.000,0.000,0.000
4182,0,0,641.250,123.750,420.000,641.250,123.750,420.000,0.000,0.000
4183,0,0,641.250,146.250,420.000,641.250,146.250,420.000,0.000,0.000
4184,0,0,641.250,168.750,420.000,641.250,168.750,420.000,0.000,0.000
4185,0,0,641.250,191.250,420.000,641.250,191.250,420.000,0.000,0.000
4186,0,0,641.250,213.750,420.000,641.250,213.750,420.000,0.000,0.000
4187,0,0,641.250,236.250,420.000,641.250,236.250,420.000,0.000,0.000
4188,0,0,641.250,258.750,420.000,641.250,258.750,420.000,0.000,0.000
4189,0,0,641.250,281.250,420.000,641.250,281.250,420.000,0.000,0.000
4190,0,0,641.250,303.750,420.000,641.250,303.750,420.000,0.000,0.000
4191,0,0,641.250,11.250,427.500,641.250,11.250,427.500,0.000,0.000
4192,0,0,641.250,22.500,427.500,641.250,22.500,427.500,0.000,0.000
4193,0,0,641.250,45.000,427.500,641.250,45.000,427.500,0.000,0.000
4194,0,0,641.250,67.500,427.500,641.250,67.500,427.500,0.000,0.000
4195,0,0,641.250,90.000,427.500,641.250,90.000,427.500,0.000,0.000
4196,0,0,641.250,112.500,427.500,641.250,112.500,427.500,0.000,0.000
4197,0,0,641.250,135.000,427.500,641.250,135.000,427.500,0.000,0.000
4198,0,0,641.250,157.500,427.500,641.250,157.500,427.500,0.000,0.000
4199,0,0,641.250,180.000,427.500,641.250,180.000,427.500,0.000,0.000
4200,0,0,641.250,202.500,427.500,641.250,202.500,427.500,0.000,0.000
4201,0,0,641.250,225.000,427.500,641.250,225.000,427.500,0.000,0.000
4202,0,0,641.250,247.500,427.500,641.250,247.500,427.500,0.000,0.000
4203,0,0,641.250,270.000,427.500,641.250,270.000,427.500,0.000,0.000
4204,0,0,641.250,292.500,427.500,641.250,292.500,427.500,0.000,0.000
4205,0,0,641.250,315.000,427.500,641.250,315.000,427.500,0.000,0.000
4206,0,0,641.250,11.250,435.000,641.250,11.250,435.000,0.000,0.000
4207,0,0,641.250,33.750,435.000,641.250,33.750,435.000,0.000,0.000
4208,0,0,641.250,56.250,435.000,641.250,56.250,435.000,0.000,0.000
4209,0,0,641.250,78.750,435.000,641.250,78.750,435.000,0.000,0.000
4210,0,0,641.250,101.250,435.000,641.250,101.250,435.000,0.000,0.000
4211,0,0,641.250,123.750,435.000,641.250,123.750,435.000,0.000,0.000
4212,0,0,641.250,146.250,435.000,641.250,146.250,435.000,0.000,0.000
4213,0,0,641.250,168.750,435.000,641.250,168.750,435.000,0.000,0.000
4214,0,0,641.250,191.250,435.000,641.250,191.250,435.000,0.000,0.000
4215,0,0,641.250,213.750,435.000,641.250,213.750,435.000,0.000,0.000
4216,0,0,641.250,236.250,435.000,641.250,236.250,435.000,0.000,0.000
4217,0,0,641.250,258.750,435.000,641.250,258.750,435.000,0.000,0.000
4218,0,0,641.250,281.250,435.000,641.250,281.250,435.000,0.000,0.000
4219,0,0,641.250,303.750,435.000,641.250,303.750,435.000,0.000,0.000
4220,0,0,641.250,11.250,442.500,641.250,11.250,442.500,0.000,0.000
4221,0,0,641.250,22.500,442.500,641.250,22.500,442.500,0.000,0.000
4222,0,0,641.250,45.000,442.500,641.250,45.000,442.500,0.000,0.000
4223,0,0,641.250,67.500,442.500,641.250,67.500,442.500,0.000,0.000
4224,0,0,641.250,90.000,442.500,641.250,90.000,442.500,0.000,0.000
4225,0,0,641.250,112.500,442.500,641.250,112.500,442.500,0.000,0.000
4226,0,0,641.250,135.000,442.500,641.250,135.000,442.500,0.000,0.000
4227,0,0,641.250,157.500,442.500,641.250,157.500,442.500,0.000,0.000
4228,0,0,641.250,180.000,442.500,641.250,180.000,442.500,0.000,0.000
4229,0,0,641.250,202.500,442.500,641.250,202.500,442.500,0.000,0.000
4230,0,0,641.250,225.000,442.500,641.250,225.000,442.500,0.000,0.000
4231,0,0,641.250,247.500,442.500,641.250,247.500,442.500,0.000,0.000
4232,0,0,641.250,270.000,442.500,641.250,270.000,442.500,0.000,0.000
4233,0,0,641.250,292.500,442.500,641.250,292.500,442.500,0.000,0.000
4234,0,0,641.250,315.000,442.500,641.250,315.000,442.500,0.000,0.000
4235,0,0,641.250,11.250,450.000,641.250,11.250,450.000,0.000,0.000
4236,0,0,641.250,33.750,450.000,641.250,33.750,450.000,0.000,0.000
4237,0,0,641.250,56.250,450.000,641.250,56.250,450.000,0.000,0.000
4238,0,0,641.250,78.750,450.000,641.250,78.750,450.000,0.000,0.000
4239,0,0,641.250,101.250,450.000,641.250,101.250,450.000,0.000,0.000
4240,0,0,641.250,123.750,450.000,641.250,123.750,450.000,0.000,0.000
4241,0,0,641.250,146.250,450.000,641.250,146.250,450.000,0.000,0.000
4242,0,0,641.250,168.750,450.000,641.250,168.750,450.000,0.000,0.000
4243,0,0,641.250,191.250,450.000,641.250,191.250,450.000,0.000,0.000
4244,0,0,641.250,213.750,450.000,641.250,213.750,450.000,0.000,0.000
4245,0,0,641.250,236.250,450.000,641.250,236.250,450.000,0.000,0.000
4246,0,0,641.250,258.750,450.000,641.250,258.750,450.000,0.000,0.000
4247,0,0,641.250,281.250,450.000,641.250,281.250,450.000,0.000,0.000
4248,0,0,641.250,303.750,450.000,641.250,303.750,450.000,0.000,0.000
4249,0,0,641.250,11.250,457.500,641.250,11.250,457.500,0.000,0.000
4250,0,0,641.250,22.500,457.500,641.250,22.500,457.500,0.000,0.000
4251,0,0,641.250,45.000,457.500,641.250,45.000,457.500,0.000,0.000
4252,0,0,641.250,67.500,457.500,641.250,67.500,457.500,0.000,0.000
4253,0,0,641.250,90.000,457.500,641.250,90.000,457.500,0.000,0.000
4254,0,0,641.250,112.500,457.500,641.250,112.500,457.500,0.000,0.000
4255,0,0,641.250,135.000,457.500,641.250,135.000,457.500,0.000,0.000
4256,0,0,641.250,157.500,457.500,641.250,157.500,457.500,0.000,0.000
4257,0,0,641.250,180.000,457.500,641.250,180.000,457.500,0.000,0.000
4258,0,0,641.250,202.500,457.500,641.250,202.500,457.500,0.000,0.000
4259,0,0,641.250,225.000,457.500,641.250,225.000,457.500,0.000,0.000
4260,0,0,641.250,247.500,457.500,641.250,247.500,457.500,0.000,0.000
4261,0,0,641.250,270.000,457.500,641.250,270.000,457.500,0.000,0.000
4262,0,0,641.250,292.500,457.500,641.250,292.500,457.500,0.000,0.000
4263,0,0,641.250,315.000,457.500,641.250,315.000,457.500,0.000,0.000
4264,0,0,641.250,11.250,465.000,641.250,11.250,465.000,0.000,0.000
4265,0,0,641.250,56.250,465.000,641.250,56.250,465.000,0.000,0.000
4266,0,0,641.250,101.250,465.000,641.250,101.250,465.000,0.000,0.000
4267,0,0,641.250,146.250,465.000,641.250,146.250,465.000,0.000,0.000
4268,0,0,641.250,191.250,465.000,641.250,191.250,465.000,0.000,0.000
4269,0,0,641.250,236.250,465.000,641.250,236.250,465.000,0.000,0.000
4270,0,0,641.250,281.250,465.000,641.250,281.250,465.000,0.000,0.000
4271,0,0,33.750,-11.250,0.000,33.750,-11.250,0.000,0.000,0.000
4272,0,0,33.750,337.500,0.000,33.750,337.500,0.000,0.000,0.000
4273,0,0,33.750,-11.250,7.500,33.750,-11.250,7.500,0.000,0.000
4274,0,0,33.750,337.500,7.500,33.750,337.500,7.500,0.000,0.000
4275,0,0,33.750,-11.250,15.000,33.750,-11.250,15.000,0.000,0.000
4276,0,0,33.750,337.500,15.000,33.750,337.500,15.000,0.000,0.000
4277,0,0,33.750,-11.250,22.500,33.750,-11.250,22.500,0.000,0.000
4278,0,0,33.750,337.500,22.500,33.750,337.500,22.500,0.000,0.000
4279,0,0,33.750,-11.250,30.000,33.750,-11.250,30.000,0.000,0.000
4280,0,0,33.750,337.500,30.000,33.750,337.500,30.000,0.000,0.000
4281,0,0,33.750,-11.250,37.500,33.750,-11.250,37.500,0.000,0.000
4282,0,0,33.750,337.500,37.500,33.750,337.500,37.500,0.000,0.000
4283,0,0,33.750,-11.250,45.000,33.750,-11.250,45.000,0.000,0.000
4284,0,0,33.750,337.500,45.000,33.750,337.500,45.000,0.000,0.000
4285,0,0,33.750,-11.250,52.500,33.750,-11.250,52.500,0.000,0.000
4286,0,0,33.750,337.500,52.500,33.750,337.500,52.500,0.000,0.000
4287,0,0,33.750,-11.250,60.000,33.750,-11.250,60.000,0.000,0.000
4288,0,0,33.750,337.500,60.000,33.750,337.500,60.000,0.000,0.000
4289,0,0,33.750,-11.250,67.500,33.750,-11.250,67.500,0.000,0.000
4290,0,0,33.750,337.500,67.500,33.750,337.500,67.500,0.000,0.000
4291,0,0,33.750,-11.250,75.000,33.750,-11.250,75.000,0.000,0.000
4292,0,0,33.750,337.500,75.000,33.750,337.500,75.000,0.000,0.000
4293,0,0,33.750,-11.250,82.500,33.750,-11.250,82.500,0.000,0.000
4294,0,0,33.750,337.500,82.500,33.750,337.500,82.500,0.000,0.000
4295,0,0,33.750,-11.250,90.000,33.750,-11.250,90.000,0.000,0.000
4296,0,0,33.750,337.500,90.000,33.750,337.500,90.000,0.000,0.000
4297,0,0,33.750,-11.250,97.500,33.750,-11.250,97.500,0.000,0.000
4298,0,0,33.750,337.500,97.500,33.750,337.500,97.500,0.000,0.000
4299,0,0,33.750,-11.250,105.000,33.750,-11.250,105.000,0.000,0.000
4300,0,0,33.750,337.500,105.000,33.750,337.500,105.000,0.000,0.000
4301,0,0,33.750,-11.250,112.500,33.750,-11.250,112.500,0.000,0.000
4302,0,0,33.750,337.500,112.500,33.750,337.500,112.500,0.000,0.000
4303,0,0,33.750,-11.250,120.000,33.750,-11.250,120.000,0.000,0.000
4304,0,0,33.750,337.500,120.000,33.750,337.500,120.000,0.000,0.000
4305,0,0,33.750,-11.250,127.500,33.750,-11.250,127.500,0.000,0.000
4306,0,0,33.750,337.500,127.500,33.750,337.500,127.500,0.000,0.000
4307,0,0,33.750,-11.250,135.000,33.750,-11.250,135.000,0.000,0.000
4308,0,0,33.750,337.500,135.000,33.750,337.500,135.000,0.000,0.000
4309,0,0,33.750,-11.250,142.500,33.750,-11.250,142.500,0.000,0.000
4310,0,0,33.750,337.500,142.500,33.750,337.500,142.500,0.000,0.000
4311,0,0,33.750,-11.250,150.000,33.750,-11.250,150.000,0.000,0.000
4312,0,0,33.750,337.500,150.000,33.750,337.500,150.000,0.000,0.000
4313,0,0,33.750,-11.250,157.500,33.750,-11.250,157.500,0.000,0.000
4314,0,0,33.750,337.500,157.500,33.750,337.500,157.500,0.000,0.000
4315,0,0,33.750,-11.250,165.000,33.750,-11.250,165.000,0.000,0.000
4316,0,0,33.750,337.500,165.000,33.750,337.500,165.000,0.000,0.000
4317,0,0,33.750,-11.250,172.500,33.750,-11.250,172.500,0.000,0.000
4318,0,0,33.750,337.500,172.500,33.750,337.500,172.500,0.000,0.000
4319,0,0,33.750,-11.250,180.000,33.750,-11.250,180.000,0.000,0.000
4320,0,0,33.750,337.500,180.000,33.750,337.500,180.000,0.000,0.000
4321,0,0,33.750,-11.250,187.500,33.750,-11.250,187.500,0.000,0.000
4322,0,0,33.750,337.500,187.500,33.750,337.500,187.500,0.000,0.000
4323,0,0,33.750,-11.250,195.000,33.750,-11.250,195.000,0.000,0.000
4324,0,0,33.750,337.500,195.000,33.750,337.500,195.000,0.000,0.000
4325,0,0,33.750,-11.250,202.500,33.750,-11.250,202.500,0.000,0.000
4326,0,0,33.750,337.500,202.500,33.750,337.500,202.500,0.000,0.000
4327,0,0,33.750,-11.250,210.000,33.750,-11.250,210.000,0.000,0.000
4328,0,0,33.750,337.500,210.000,33.750,337.500,210.000,0.000,0.000
4329,0,0,33.750,-11.250,217.500,33.750,-11.250,217.500,0.000,0.000
4330,0,0,33.750,337.500,217.500,33.750,337.500,217.500,0.000,0.000
4331,0,0,33.750,-11.250,225.000,33.750,-11.250,225.000,0.000,0.000
4332,0,0,33.750,337.500,225.000,33.750,337.500,225.000,0.000,0.000
4333,0,0,33.750,-11.250,232.500,33.750,-11.250,232.500,0.000,0.000
4334,0,0,33.750,337.500,232.500,33.750,337.500,232.500,0.000,0.000
4335,0,0,33.750,-11.250,240.000,33.750,-11.250,240.000,0.000,0.000
4336,0,0,33.750,337.500,240.000,33.750,337.500,240.000,0.000,0.000
4337,0,0,33.750,-11.250,247.500,33.750,-11.250,247.500,0.000,0.000
4338,0,0,33.750,337.500,247.500,33.750,337.500,247.500,0.000,0.000
4339,0,0,33.750,-11.250,255.000,33.750,-11.250,255.000,0.000,0.000
4340,0,0,33.750,337.500,255.000,33.750,337.500,255.000,0.000,0.000
4341,0,0,33.750,-11.250,262.500,33.750,-11.250,262.500,0.000,0.000
4342,0,0,33.750,337.500,262.500,33.750,337.500,262.500,0.000,0.000
4343,0,0,33.750,-11.250,270.000,33.750,-11.250,270.000,0.000,0.000
4344,0,0,33.750,337.500,270.000,33.750,337.500,270.000,0.000,0.000
4345,0,0,33.750,-11.250,277.500,33.750,-11.250,277.500,0.000,0.000
4346,0,1,,,,,,,,
4347,0,0,33.750,-11.250,285.000,33.750,-11.250,285.000,0.000,0.000
4348,1,0,33.750,337.500,285.000,30.613,567.412,-0.494,366.573,285.494
4349,0,0,33.750,-11.250,292.500,33.750,-11.250,292.500,0.000,0.000
4350,1,0,33.750,337.500,292.500,-26.072,480.204,7.602,324.207,284.898
4351,0,0,33.750,-11.250,300.000,33.750,-11.250,300.000,0.000,0.000
4352,1,0,33.750,337.500,300.000,192.263,988.006,-0.493,733.881,300.493
4353,0,0,33.750,-11.250,307.500,33.750,-11.250,307.500,0.000,0.000
4354,1,0,33.750,337.500,307.500,-77.068,668.281,-0.492,465.355,307.992
4355,0,0,33.750,-11.250,315.000,33.750,-11.250,315.000,0.000,0.000
4356,1,0,33.750,337.500,315.000,69.609,384.454,11.523,309.174,303.477
4357,0,0,33.750,-11.250,322.500,33.750,-11.250,322.500,0.000,0.000
4358,1,0,33.750,337.500,322.500,59.866,419.177,-0.520,334.208,323.020
4359,0,0,33.750,-11.250,330.000,33.750,-11.250,330.000,0.000,0.000
4360,1,0,33.750,337.500,330.000,52.386,304.749,9.763,322.447,320.237
4361,0,0,33.750,-11.250,337.500,33.750,-11.250,337.500,0.000,0.000
4362,1,0,33.750,337.500,337.500,70.126,255.179,-0.506,349.783,338.006
4363,0,0,33.750,-11.250,345.000,33.750,-11.250,345.000,0.000,0.000
4364,1,0,33.750,337.500,345.000,79.573,201.510,-0.522,374.137,345.522
4365,0,0,33.750,-11.250,352.500,33.750,-11.250,352.500,0.000,0.000
4366,1,0,33.750,337.500,352.500,41.653,140.263,-0.491,404.435,352.991
4367,0,0,33.750,-11.250,360.000,33.750,-11.250,360.000,0.000,0.000
4368,1,0,33.750,337.500,360.000,28.046,280.047,6.018,358.660,353.982
4369,0,0,33.750,-11.250,367.500,33.750,-11.250,367.500,0.000,0.000
4370,1,0,33.750,337.500,367.500,20.514,359.324,-0.503,368.887,368.003
4371,0,0,33.750,-11.250,375.000,33.750,-11.250,375.000,0.000,0.000
4372,1,0,33.750,337.500,375.000,-9.425,376.799,-0.494,380.005,375.494
4373,0,0,33.750,-11.250,382.500,33.750,-11.250,382.500,0.000,0.000
4374,1,0,33.750,337.500,382.500,14.313,494.590,-0.473,414.396,382.973
4375,0,0,33.750,-11.250,390.000,33.750,-11.250,390.000,0.000,0.000
4376,1,0,33.750,337.500,390.000,-84.780,601.717,6.008,480.947,383.992
4377,0,0,33.750,-11.250,397.500,33.750,-11.250,397.500,0.000,0.000
4378,1,0,33.750,337.500,397.500,-116.924,535.708,-0.494,469.455,397.994
4379,0,0,33.750,-11.250,405.000,33.750,-11.250,405.000,0.000,0.000
4380,1,0,33.750,337.500,405.000,-67.544,613.591,-0.498,500.914,405.498
4381,0,0,33.750,-11.250,412.500,33.750,-11.250,412.500,0.000,0.000
4382,1,0,33.750,337.500,412.500,2.206,580.183,6.008,474.474,406.492
4383,0,0,33.750,-11.250,420.000,33.750,-11.250,420.000,0.000,0.000
4384,1,0,33.750,337.500,420.000,32.206,604.521,6.009,492.637,413.991
4385,0,0,33.750,-11.250,427.500,33.750,-11.250,427.500,0.000,0.000
4386,1,0,33.750,337.500,427.500,50.530,450.692,-0.479,443.012,427.979
4387,0,0,33.750,-11.250,435.000,33.750,-11.250,435.000,0.000,0.000
4388,1,0,33.750,337.500,435.000,63.849,446.003,-0.488,449.810,435.488
4389,0,0,33.750,-11.250,442.500,33.750,-11.250,442.500,0.000,0.000
4390,1,0,33.750,337.500,442.500,70.756,394.689,-0.466,448.172,442.966
4391,0,0,33.750,-11.250,450.000,33.750,-11.250,450.000,0.000,0.000
4392,1,0,33.750,337.500,450.000,95.163,392.488,9.763,447.888,440.237
4393,0,0,33.750,-11.250,457.500,33.750,-11.250,457.500,0.000,0.000
4394,1,0,33.750,337.500,457.500,116.793,324.750,-0.488,465.631,457.988
4395,0,0,146.250,-11.250,0.000,146.250,-11.250,0.000,0.000,0.000
4396,0,0,146.250,337.500,0.000,146.250,337.500,0.000,0.000,0.000
4397,0,0,146.250,-11.250,7.500,146.250,-11.250,7.500,0.000,0.000
4398,0,0,146.250,337.500,7.500,146.250,337.500,7.500,0.000,0.000
4399,0,0,146.250,-11.250,15.000,146.250,-11.250,15.000,0.000,0.000
4400,0,0,146.250,337.500,15.000,146.250,337.500,15.000,0.000,0.000
4401,0,0,146.250,-11.250,22.500,146.250,-11.250,22.500,0.000,0.000
4402,0,0,146.250,337.500,22.500,146.250,337.500,22.500,0.000,0.000
4403,0,0,146.250,-11.250,30.000,146.250,-11.250,30.000,0.000,0.000
4404,0,0,146.250,337.500,30.000,146.250,337.500,30.000,0.000,0.000
4405,0,0,146.250,-11.250,37.500,146.250,-11.250,37.500,0.000,0.000
4406,0,0,146.250,337.500,37.500,146.250,337.500,37.500,0.000,0.000
4407,0,0,146.250,-11.250,45.000,146.250,-11.250,45.000,0.000,0.000
4408,0,0,146.250,337.500,45.000,146.250,337.500,45.000,0.000,0.000
4409,0,0,146.250,-11.250,52.500,146.250,-11.250,52.500,0.000,0.000
4410,0,0,146.250,337.500,52.500,146.250,337.500,52.500,0.000,0.000
4411,0,0,146.250,-11.250,60.000,146.250,-11.250,60.000,0.000,0.000
4412,0,0,146.250,337.500,60.000,146.250,337.500,60.000,0.000,0.000
4413,0,0,146.250,-11.250,67.500,146.250,-11.250,67.500,0.000,0.000
4414,0,0,146.250,337.500,67.500,146.250,337.500,67.500,0.000,0.000
4415,0,0,146.250,-11.250,75.000,146.250,-11.250,75.000,0.000,0.000
4416,0,0,146.250,337.500,75.000,146.250,337.500,75.000,0.000,0.000
4417,0,0,146.250,-11.250,82.500,146.250,-11.250,82.500,0.000,0.000
4418,0,0,146.250,337.500,82.500,146.250,337.500,82.500,0.000,0.000
4419,0,0,146.250,-11.250,90.000,146.250,-11.250,90.000,0.000,0.000
4420,0,0,146.250,337.500,90.000,146.250,337.500,90.000,0.000,0.000
4421,0,0,146.250,-11.250,97.500,146.250,-11.250,97.500,0.000,0.000
4422,0,0,146.250,337.500,97.500,146.250,337.500,97.500,0.000,0.000
4423,0,0,146.250,-11.250,105.000,146.250,-11.250,105.000,0.000,0.000
4424,0,0,146.250,337.500,105.000,146.250,337.500,105.000,0.000,0.000
4425,0,0,146.250,-11.250,112.500,146.250,-11.250,112.500,0.000,0.000
4426,0,0,146.250,337.500,112.500,146.250,337.500,112.500,0.000,0.000
4427,0,0,146.250,-11.250,120.000,146.250,-11.250,120.000,0.000,0.000
4428,0,0,146.250,337.500,120.000,146.250,337.500,120.000,0.000,0.000
4429,0,0,146.250,-11.250,127.500,146.250,-11.250,127.500,0.000,0.000
4430,0,0,146.250,337.500,127.500,146.250,337.500,127.500,0.000,0.000
4431,0,0,146.250,-11.250,135.000,146.250,-11.250,135.000,0.000,0.000
4432,0,0,146.250,337.500,135.000,146.250,337.500,135.000,0.000,0.000
4433,0,0,146.250,-11.250,142.500,146.250,-11.250,142.500,0.000,0.000
4434,0,0,146.250,337.500,142.500,146.250,337.500,142.500,0.000,0.000
4435,0,0,146.250,-11.250,150.000,146.250,-11.250,150.000,0.000,0.000
4436,0,0,146.250,337.500,150.000,146.250,337.500,150.000,0.000,0.000
4437,0,0,146.250,-11.250,157.500,146.250,-11.250,157.500,0.000,0.000
4438,0,0,146.250,337.500,157.500,146.250,337.500,157.500,0.000,0.000
4439,0,0,146.250,-11.250,165.000,146.250,-11.250,165.000,0.000,0.000
4440,0,0,146.250,337.500,165.000,146.250,337.500,165.000,0.000,0.000
4441,0,0,146.250,-11.250,172.500,146.250,-11.250,172.500,0.000,0.000
4442,0,0,146.250,337.500,172.500,146.250,337.500,172.500,0.000,0.000
4443,0,0,146.250,-11.250,180.000,146.250,-11.250,180.000,0.000,0.000
4444,0,0,146.250,337.500,180.000,146.250,337.500,180.000,0.000,0.000
4445,0,0,146.250,-11.250,187.500,146.250,-11.250,187.500,0.000,0.000
4446,0,0,146.250,337.500,187.500,146.250,337.500,187.500,0.000,0.000
4447,0,0,146.250,-11.250,195.000,146.250,-11.250,195.000,0.000,0.000
4448,0,0,146.250,337.500,195.000,146.250,337.500,195.000,0.000,0.000
4449,0,0,146.250,-11.250,202.500,146.250,-11.250,202.500,0.000,0.000
4450,0,0,146.250,337.500,202.500,146.250,337.500,202.500,0.000,0.000
4451,0,0,146.250,-11.250,210.000,146.250,-11.250,210.000,0.000,0.000
4452,0,0,146.250,337.500,210.000,146.250,337.500,210.000,0.000,0.000
4453,0,0,146.250,-11.250,217.500,146.250,-11.250,217.500,0.000,0.000
4454,0,0,146.250,337.500,217.500,146.250,337.500,217.500,0.000,0.000
4455,0,0,146.250,-11.250,225.000,146.250,-11.250,225.000,0.000,0.000
4456,0,0,146.250,337.500,225.000,146.250,337.500,225.000,0.000,0.000
4457,0,0,146.250,-11.250,232.500,146.250,-11.250,232.500,0.000,0.000
4458,0,0,146.250,337.500,232.500,146.250,337.500,232.500,0.000,0.000
4459,0,0,146.250,-11.250,240.000,146.250,-11.250,240.000,0.000,0.000
4460,0,0,146.250,337.500,240.000,146.250,337.500,240.000,0.000,0.000
4461,0,0,146.250,-11.250,247.500,146.250,-11.250,247.500,0.000,0.000
4462,0,0,146.250,337.500,247.500,146.250,337.500,247.500,0.000,0.000
4463,0,0,146.250,-11.250,255.000,146.250,-11.250,255.000,0.000,0.000
4464,0,0,146.250,337.500,255.000,146.250,337.500,255.000,0.000,0.000
4465,0,0,146.250,-11.250,262.500,146.250,-11.250,262.500,0.000,0.000
4466,0,0,146.250,337.500,262.500,146.250,337.500,262.500,0.000,0.000
4467,0,0,146.250,-11.250,270.000,146.250,-11.250,270.000,0.000,0.000
4468,0,0,146.250,337.500,270.000,146.250,337.500,270.000,0.000,0.000
4469,0,0,146.250,-11.250,277.500,146.250,-11.250,277.500,0.000,0.000
4470,0,1,,,,,,,,
4471,0,0,146.250,-11.250,285.000,146.250,-11.250,285.000,0.000,0.000
4472,1,0,146.250,337.500,285.000,146.098,339.043,276.523,8.618,8.477
4473,0,0,146.250,-11.250,292.500,146.250,-11.250,292.500,0.000,0.000
4474,1,0,146.250,337.500,292.500,147.759,357.975,-0.541,293.760,293.041
4475,0,0,146.250,-11.250,300.000,146.250,-11.250,300.000,0.000,0.000
4476,1,0,146.250,337.500,300.000,141.159,417.137,-0.493,310.909,300.493
4477,0,0,146.250,-11.250,307.500,146.250,-11.250,307.500,0.000,0.000
4478,1,0,146.250,337.500,307.500,158.696,387.538,13.690,298.300,293.810
4479,0,0,146.250,-11.250,315.000,146.250,-11.250,315.000,0.000,0.000
4480,1,0,146.250,337.500,315.000,150.102,336.557,283.031,32.214,31.969
4481,0,0,146.250,-11.250,322.500,146.250,-11.250,322.500,0.000,0.000
4482,1,0,146.250,337.500,322.500,170.647,264.144,-0.498,332.120,322.998
4483,0,0,146.250,-11.250,330.000,146.250,-11.250,330.000,0.000,0.000
4484,1,0,146.250,337.500,330.000,158.116,324.049,6.050,324.446,323.950
4485,0,0,146.250,-11.250,337.500,146.250,-11.250,337.500,0.000,0.000
4486,1,0,146.250,337.500,337.500,104.995,409.947,3.955,343.806,333.545
4487,0,0,146.250,-11.250,345.000,146.250,-11.250,345.000,0.000,0.000
4488,1,0,146.250,337.500,345.000,97.348,482.547,-0.494,377.883,345.494
4489,0,0,146.250,-11.250,352.500,146.250,-11.250,352.500,0.000,0.000
4490,1,0,146.250,337.500,352.500,252.508,486.142,-0.494,397.480,352.994
4491,0,0,146.250,-11.250,360.000,146.250,-11.250,360.000,0.000,0.000
4492,1,0,146.250,337.500,360.000,226.191,451.936,-0.500,386.583,360.500
4493,0,0,146.250,-11.250,367.500,146.250,-11.250,367.500,0.000,0.000
4494,1,0,146.250,337.500,367.500,167.619,430.245,-0.493,380.102,367.993
4495,0,0,146.250,-11.250,375.000,146.250,-11.250,375.000,0.000,0.000
4496,1,0,146.250,337.500,375.000,171.270,504.764,21.021,392.306,353.979
4497,0,0,146.250,-11.250,382.500,146.250,-11.250,382.500,0.000,0.000
4498,1,0,146.250,337.500,382.500,125.234,528.158,6.008,422.538,376.492
4499,0,0,146.250,-11.250,390.000,146.250,-11.250,390.000,0.000,0.000
4500,1,0,146.250,337.500,390.000,207.123,528.868,9.775,429.998,380.225
4501,0,0,146.250,-11.250,397.500,146.250,-11.250,397.500,0.000,0.000
4502,1,0,146.250,337.500,397.500,204.553,539.088,6.008,444.188,391.492
4503,0,0,146.250,-11.250,405.000,146.250,-11.250,405.000,0.000,0.000
4504,1,0,146.250,337.500,405.000,162.205,486.781,6.008,426.303,398.992
4505,0,0,146.250,-11.250,412.500,146.250,-11.250,412.500,0.000,0.000
4506,1,0,146.250,337.500,412.500,160.339,470.270,5.987,427.877,406.513
4507,0,0,146.250,-11.250,420.000,146.250,-11.250,420.000,0.000,0.000
4508,1,0,146.250,337.500,420.000,103.198,543.406,-0.680,470.343,420.680
4509,0,0,146.250,-11.250,427.500,146.250,-11.250,427.500,0.000,0.000
4510,1,0,146.250,337.500,427.500,203.448,245.757,20.178,421.426,407.322
4511,0,0,146.250,-11.250,435.000,146.250,-11.250,435.000,0.000,0.000
4512,1,0,146.250,337.500,435.000,150.212,220.129,9.763,441.156,425.237
4513,0,0,146.250,-11.250,442.500,146.250,-11.250,442.500,0.000,0.000
4514,1,0,146.250,337.500,442.500,153.634,294.942,5.593,439.037,436.907
4515,0,0,146.250,-11.250,450.000,146.250,-11.250,450.000,0.000,0.000
4516,1,0,146.250,337.500,450.000,145.616,409.121,-0.488,456.147,450.488
4517,0,0,146.250,-11.250,457.500,146.250,-11.250,457.500,0.000,0.000
4518,1,0,146.250,337.500,457.500,143.913,375.915,6.965,452.176,450.535
4519,0,0,258.750,-11.250,0.000,258.750,-11.250,0.000,0.000,0.000
4520,0,0,258.750,337.500,0.000,258.750,337.500,0.000,0.000,0.000
4521,0,0,258.750,-11.250,7.500,258.750,-11.250,7.500,0.000,0.000
4522,0,0,258.750,337.500,7.500,258.750,337.500,7.500,0.000,0.000
4523,0,0,258.750,-11.250,15.000,258.750,-11.250,15.000,0.000,0.000
4524,0,0,258.750,337.500,15.000,258.750,337.500,15.000,0.000,0.000
4525,0,0,258.750,-11.250,22.500,258.750,-11.250,22.500,0.000,0.000
4526,0,0,258.750,337.500,22.500,258.750,337.500,22.500,0.000,0.000
4527,0,0,258.750,-11.250,30.000,258.750,-11.250,30.000,0.000,0.000
4528,0,0,258.750,337.500,30.000,258.750,337.500,30.000,0.000,0.000
4529,0,0,258.750,-11.250,37.500,258.750,-11.250,37.500,0.000,0.000
4530,0,0,258.750,337.500,37.500,258.750,337.500,37.500,0.000,0.000
4531,0,0,258.750,-11.250,45.000,258.750,-11.250,45.000,0.000,0.000
4532,0,0,258.750,337.500,45.000,258.750,337.500,45.000,0.000,0.000
4533,0,0,258.750,-11.250,52.500,258.750,-11.250,52.500,0.000,0.000
4534,0,0,258.750,337.500,52.500,258.750,337.500,52.500,0.000,0.000
4535,0,0,258.750,-11.250,60.000,258.750,-11.250,60.000,0.000,0.000
4536,0,0,258.750,337.500,60.000,258.750,337.500,60.000,0.000,0.000
4537,0,0,258.750,-11.250,67.500,258.750,-11.250,67.500,0.000,0.000
4538,0,0,258.750,337.500,67.500,258.750,337.500,67.500,0.000,0.000
4539,0,0,258.750,-11.250,75.000,258.750,-11.250,75.000,0.000,0.000
4540,0,0,258.750,337.500,75.000,258.750,337.500,75.000,0.000,0.000
4541,0,0,258.750,-11.250,82.500,258.750,-11.250,82.500,0.000,0.000
4542,0,0,258.750,337.500,82.500,258.750,337.500,82.500,0.000,0.000
4543,0,0,258.750,-11.250,90.000,258.750,-11.250,90.000,0.000,0.000
4544,0,0,258.750,337.500,90.000,258.750,337.500,90.000,0.000,0.000
4545,0,0,258.750,-11.250,97.500,258.750,-11.250,97.500,0.000,0.000
4546,0,0,258.750,337.500,97.500,258.750,337.500,97.500,0.000,0.000
4547,0,0,258.750,-11.250,105.000,258.750,-11.250,105.000,0.000,0.000
4548,0,0,258.750,337.500,105.000,258.750,337.500,105.000,0.000,0.000
4549,0,0,258.750,-11.250,112.500,258.750,-11.250,112.500,0.000,0.000
4550,0,0,258.750,337.500,112.500,258.750,337.500,112.500,0.000,0.000
4551,0,0,258.750,-11.250,120.000,258.750,-11.250,120.000,0.000,0.000
4552,0,0,258.750,337.500,120.000,258.750,337.500,120.000,0.000,0.000
4553,0,0,258.750,-11.250,127.500,258.750,-11.250,127.500,0.000,0.000
4554,0,0,258.750,337.500,127.500,258.750,337.500,127.500,0.000,0.000
4555,0,0,258.750,-11.250,135.000,258.750,-11.250,135.000,0.000,0.000
4556,0,0,258.750,337.500,135.000,258.750,337.500,135.000,0.000,0.000
4557,0,0,258.750,-11.250,142.500,258.750,-11.250,142.500,0.000,0.000
4558,0,0,258.750,337.500,142.500,258.750,337.500,142.500,0.000,0.000
4559,0,0,258.750,-11.250,150.000,258.750,-11.250,150.000,0.000,0.000
4560,0,0,258.750,337.500,150.000,258.750,337.500,150.000,0.000,0.000
4561,0,0,258.750,-11.250,157.500,258.750,-11.250,157.500,0.000,0.000
4562,0,0,258.750,337.500,157.500,258.750,337.500,157.500,0.000,0.000
4563,0,0,258.750,-11.250,165.000,258.750,-11.250,165.000,0.000,0.000
4564,0,0,258.750,337.500,165.000,258.750,337.500,165.000,0.000,0.000
4565,0,0,258.750,-11.250,172.500,258.750,-11.250,172.500,0.000,0.000
4566,0,0,258.750,337.500,172.500,258.750,337.500,172.500,0.000,0.000
4567,0,0,258.750,-11.250,180.000,258.750,-11.250,180.000,0.000,0.000
4568,0,0,258.750,337.500,180.000,258.750,337.500,180.000,0.000,0.000
4569,0,0,258.750,-11.250,187.500,258.750,-11.250,187.500,0.000,0.000
4570,0,0,258.750,337.500,187.500,258.750,337.500,187.500,0.000,0.000
4571,0,0,258.750,-11.250,195.000,258.750,-11.250,195.000,0.000,0.000
4572,0,0,258.750,337.500,195.000,258.750,337.500,195.000,0.000,0.000
4573,0,0,258.750,-11.250,202.500,258.750,-11.250,202.500,0.000,0.000
4574,0,0,258.750,337.500,202.500,258.750,337.500,202.500,0.000,0.000
4575,0,0,258.750,-11.250,210.000,258.750,-11.250,210.000,0.000,0.000
4576,0,0,258.750,337.500,210.000,258.750,337.500,210.000,0.000,0.000
4577,0,0,258.750,-11.250,217.500,258.750,-11.250,217.500,0.000,0.000
4578,0,0,258.750,337.500,217.500,258.750,337.500,217.500,0.000,0.000
4579,0,0,258.750,-11.250,225.000,258.750,-11.250,225.000,0.000,0.000
4580,0,0,258.750,337.500,225.000,258.750,337.500,225.000,0.000,0.000
4581,0,0,258.750,-11.250,232.500,258.750,-11.250,232.500,0.000,0.000
4582,0,0,258.750,337.500,232.500,258.750,337.500,232.500,0.000,0.000
4583,0,0,258.750,-11.250,240.000,258.750,-11.250,240.000,0.000,0.000
4584,0,0,258.750,337.500,240.000,258.750,337.500,240.000,0.000,0.000
4585,0,0,258.750,-11.250,247.500,258.750,-11.250,247.500,0.000,0.000
4586,0,0,258.750,337.500,247.500,258.750,337.500,247.500,0.000,0.000
4587,0,0,258.750,-11.250,255.000,258.750,-11.250,255.000,0.000,0.000
4588,0,0,258.750,337.500,255.000,258.750,337.500,255.000,0.000,0.000
4589,0,0,258.750,-11.250,262.500,258.750,-11.250,262.500,0.000,0.000
4590,0,0,258.750,337.500,262.500,258.750,337.500,262.500,0.000,0.000
4591,0,0,258.750,-11.250,270.000,258.750,-11.250,270.000,0.000,0.000
4592,0,0,258.750,337.500,270.000,258.750,337.500,270.000,0.000,0.000
4593,0,0,258.750,-11.250,277.500,258.750,-11.250,277.500,0.000,0.000
4594,0,1,,,,,,,,
4595,0,0,258.750,-11.250,285.000,258.750,-11.250,285.000,0.000,0.000
4596,1,0,258.750,337.500,285.000,238.450,355.327,-0.493,286.769,285.493
4597,0,0,258.750,-11.250,292.500,258.750,-11.250,292.500,0.000,0.000
4598,1,0,258.750,337.500,292.500,295.840,398.929,6.047,295.304,286.453
4599,0,0,258.750,-11.250,300.000,258.750,-11.250,300.000,0.000,0.000
4600,1,0,258.750,337.500,300.000,275.500,396.920,-0.495,306.771,300.495
4601,0,0,258.750,-11.250,307.500,258.750,-11.250,307.500,0.000,0.000
4602,1,0,258.750,337.500,307.500,265.671,421.958,9.401,309.910,298.099
4603,0,0,258.750,-11.250,315.000,258.750,-11.250,315.000,0.000,0.000
4604,1,0,258.750,337.500,315.000,266.508,449.738,-0.799,335.241,315.799
4605,0,0,258.750,-11.250,322.500,258.750,-11.250,322.500,0.000,0.000
4606,1,0,258.750,337.500,322.500,273.772,348.619,6.008,317.043,316.492
4607,0,0,258.750,-11.250,330.000,258.750,-11.250,330.000,0.000,0.000
4608,1,0,258.750,337.500,330.000,286.121,409.268,-0.478,339.287,330.478
4609,0,0,258.750,-11.250,337.500,258.750,-11.250,337.500,0.000,0.000
4610,1,0,258.750,337.500,337.500,248.429,473.636,18.017,347.432,319.483
4611,0,0,258.750,-11.250,345.000,258.750,-11.250,345.000,0.000,0.000
4612,1,0,258.750,337.500,345.000,255.910,427.492,-0.488,357.027,345.488
4613,0,0,258.750,-11.250,352.500,258.750,-11.250,352.500,0.000,0.000
4614,1,0,258.750,337.500,352.500,252.822,418.329,5.814,356.033,346.686
4615,0,0,258.750,-11.250,360.000,258.750,-11.250,360.000,0.000,0.000
4616,1,0,258.750,337.500,360.000,314.479,578.516,-0.493,437.207,360.493
4617,0,0,258.750,-11.250,367.500,258.750,-11.250,367.500,0.000,0.000
4618,1,0,258.750,337.500,367.500,206.886,517.599,-0.481,412.959,367.981
4619,0,0,258.750,-11.250,375.000,258.750,-11.250,375.000,0.000,0.000
4620,1,0,258.750,337.500,375.000,197.711,515.747,9.753,410.979,365.247
4621,0,0,258.750,-11.250,382.500,258.750,-11.250,382.500,0.000,0.000
4622,1,0,258.750,337.500,382.500,186.944,772.960,-0.494,584.350,382.994
4623,0,0,258.750,-11.250,390.000,258.750,-11.250,390.000,0.000,0.000
4624,1,0,258.750,337.500,390.000,251.345,555.382,-0.493,447.228,390.493
4625,0,0,258.750,-11.250,397.500,258.750,-11.250,397.500,0.000,0.000
4626,1,0,258.750,337.500,397.500,236.047,516.190,9.752,427.544,387.748
4627,0,0,258.750,-11.250,405.000,258.750,-11.250,405.000,0.000,0.000
4628,1,0,258.750,337.500,405.000,256.448,526.845,-0.493,447.528,405.493
4629,0,0,258.750,-11.250,412.500,258.750,-11.250,412.500,0.000,0.000
4630,1,0,258.750,337.500,412.500,233.529,421.971,16.002,406.180,396.498
4631,0,0,258.750,-11.250,420.000,258.750,-11.250,420.000,0.000,0.000
4632,1,0,258.750,337.500,420.000,259.830,338.328,283.038,136.969,136.962
4633,0,0,258.750,-11.250,427.500,258.750,-11.250,427.500,0.000,0.000
4634,1,0,258.750,337.500,427.500,250.450,254.414,4.529,431.134,422.971
4635,0,0,258.750,-11.250,435.000,258.750,-11.250,435.000,0.000,0.000
4636,1,0,258.750,337.500,435.000,279.717,360.993,20.568,415.626,414.432
4637,0,0,258.750,-11.250,442.500,258.750,-11.250,442.500,0.000,0.000
4638,1,0,258.750,337.500,442.500,344.297,354.156,7.714,443.435,434.786
4639,0,0,258.750,-11.250,450.000,258.750,-11.250,450.000,0.000,0.000
4640,1,0,258.750,337.500,450.000,258.671,366.880,9.763,441.216,440.237
4641,0,0,258.750,-11.250,457.500,258.750,-11.250,457.500,0.000,0.000
4642,1,0,258.750,337.500,457.500,276.118,444.252,6.008,464.266,451.492
4643,0,0,371.250,-11.250,0.000,371.250,-11.250,0.000,0.000,0.000
4644,0,0,371.250,337.500,0.000,371.250,337.500,0.000,0.000,0.000
4645,0,0,371.250,-11.250,7.500,371.250,-11.250,7.500,0.000,0.000
4646,0,0,371.250,337.500,7.500,371.250,337.500,7.500,0.000,0.000
4647,0,0,371.250,-11.250,15.000,371.250,-11.250,15.000,0.000,0.000
4648,0,0,371.250,337.500,15.000,371.250,337.500,15.000,0.000,0.000
4649,0,0,371.250,-11.250,22.500,371.250,-11.250,22.500,0.000,0.000
4650,0,0,371.250,337.500,22.500,371.250,337.500,22.500,0.000,0.000
4651,0,0,371.250,-11.250,30.000,371.250,-11.250,30.000,0.000,0.000
4652,0,0,371.250,337.500,30.000,371.250,337.500,30.000,0.000,0.000
4653,0,0,371.250,-11.250,37.500,371.250,-11.250,37.500,0.000,0.000
4654,0,0,371.250,337.500,37.500,371.250,337.500,37.500,0.000,0.000
4655,0,0,371.250,-11.250,45.000,371.250,-11.250,45.000,0.000,0.000
4656,0,0,371.250,337.500,45.000,371.250,337.500,45.000,0.000,0.000
4657,0,0,371.250,-11.250,52.500,371.250,-11.250,52.500,0.000,0.000
4658,0,0,371.250,337.500,52.500,371.250,337.500,52.500,0.000,0.000
4659,0,0,371.250,-11.250,60.000,371.250,-11.250,60.000,0.000,0.000
4660,0,0,371.250,337.500,60.000,371.250,337.500,60.000,0.000,0.000
4661,0,0,371.250,-11.250,67.500,371.250,-11.250,67.500,0.000,0.000
4662,0,0,371.250,337.500,67.500,371.250,337.500,67.500,0.000,0.000
4663,0,0,371.250,-11.250,75.000,371.250,-11.250,75.000,0.000,0.000
4664,0,0,371.250,337.500,75.000,371.250,337.500,75.000,0.000,0.000
4665,0,0,371.250,-11.250,82.500,371.250,-11.250,82.500,0.000,0.000
4666,0,0,371.250,337.500,82.500,371.250,337.500,82.500,0.000,0.000
4667,0,0,371.250,-11.250,90.000,371.250,-11.250,90.000,0.000,0.000
4668,0,0,371.250,337.500,90.000,371.250,337.500,90.000,0.000,0.000
4669,0,0,371.250,-11.250,97.500,371.250,-11.250,97.500,0.000,0.000
4670,0,0,371.250,337.500,97.500,371.250,337.500,97.500,0.000,0.000
4671,0,0,371.250,-11.250,105.000,371.250,-11.250,105.000,0.000,0.000
4672,0,0,371.250,337.500,105.000,371.250,337.500,105.000,0.000,0.000
4673,0,0,371.250,-11.250,112.500,371.250,-11.250,112.500,0.000,0.000
4674,0,0,371.250,337.500,112.500,371.250,337.500,112.500,0.000,0.000
4675,0,0,371.250,-11.250,120.000,371.250,-11.250,120.000,0.000,0.000
4676,0,0,371.250,337.500,120.000,371.250,337.500,120.000,0.000,0.000
4677,0,0,371.250,-11.250,127.500,371.250,-11.250,127.500,0.000,0.000
4678,0,0,371.250,337.500,127.500,371.250,337.500,127.500,0.000,0.000
4679,0,0,371.250,-11.250,135.000,371.250,-11.250,135.000,0.000,0.000
4680,0,0,371.250,337.500,135.000,371.250,337.500,135.000,0.000,0.000
4681,0,0,371.250,-11.250,142.500,371.250,-11.250,142.500,0.000,0.000
4682,0,0,371.250,337.500,142.500,371.250,337.500,142.500,0.000,0.000
4683,0,0,371.250,-11.250,150.000,371.250,-11.250,150.000,0.000,0.000
4684,0,0,371.250,337.500,150.000,371.250,337.500,150.000,0.000,0.000
4685,0,0,371.250,-11.250,157.500,371.250,-11.250,157.500,0.000,0.000
4686,0,0,371.250,337.500,157.500,371.250,337.500,157.500,0.000,0.000
4687,0,0,371.250,-11.250,165.000,371.250,-11.250,165.000,0.000,0.000
4688,0,0,371.250,337.500,165.000,371.250,337.500,165.000,0.000,0.000
4689,0,0,371.250,-11.250,172.500,371.250,-11.250,172.500,0.000,0.000
4690,0,0,371.250,337.500,172.500,371.250,337.500,172.500,0.000,0.000
4691,0,0,371.250,-11.250,180.000,371.250,-11.250,180.000,0.000,0.000
4692,0,0,371.250,337.500,180.000,371.250,337.500,180.000,0.000,0.000
4693,0,0,371.250,-11.250,187.500,371.250,-11.250,187.500,0.000,0.000
4694,0,0,371.250,337.500,187.500,371.250,337.500,187.500,0.000,0.000
4695,0,0,371.250,-11.250,195.000,371.250,-11.250,195.000,0.000,0.000
4696,0,0,371.250,337.500,195.000,371.250,337.500,195.000,0.000,0.000
4697,0,0,371.250,-11.250,202.500,371.250,-11.250,202.500,0.000,0.000
4698,0,0,371.250,337.500,202.500,371.250,337.500,202.500,0.000,0.000
4699,0,0,371.250,-11.250,210.000,371.250,-11.250,210.000,0.000,0.000
4700,0,0,371.250,337.500,210.000,371.250,337.500,210.000,0.000,0.000
4701,0,0,371.250,-11.250,217.500,371.250,-11.250,217.500,0.000,0.000
4702,0,0,371.250,337.500,217.500,371.250,337.500,217.500,0.000,0.000
4703,0,0,371.250,-11.250,225.000,371.250,-11.250,225.000,0.000,0.000
4704,0,0,371.250,337.500,225.000,371.250,337.500,225.000,0.000,0.000
4705,0,0,371.250,-11.250,232.500,371.250,-11.250,232.500,0.000,0.000
4706,0,0,371.250,337.500,232.500,371.250,337.500,232.500,0.000,0.000
4707,0,0,371.250,-11.250,240.000,371.250,-11.250,240.000,0.000,0.000
4708,0,0,371.250,337.500,240.000,371.250,337.500,240.000,0.000,0.000
4709,0,0,371.250,-11.250,247.500,371.250,-11.250,247.500,0.000,0.000
4710,0,0,371.250,337.500,247.500,371.250,337.500,247.500,0.000,0.000
4711,0,0,371.250,-11.250,255.000,371.250,-11.250,255.000,0.000,0.000
4712,0,0,371.250,337.500,255.000,371.250,337.500,255.000,0.000,0.000
4713,0,0,371.250,-11.250,262.500,371.250,-11.250,262.500,0.000,0.000
4714,0,0,371.250,337.500,262.500,371.250,337.500,262.500,0.000,0.000
4715,0,0,371.250,-11.250,270.000,371.250,-11.250,270.000,0.000,0.000
4716,0,0,371.250,337.500,270.000,371.250,337.500,270.000,0.000,0.000
4717,0,0,371.250,-11.250,277.500,371.250,-11.250,277.500,0.000,0.000
4718,0,1,,,,,,,,
4719,0,0,371.250,-11.250,285.000,371.250,-11.250,285.000,0.000,0.000
4720,1,0,371.250,337.500,285.000,371.530,337.610,276.520,8.486,8.480
4721,0,0,371.250,-11.250,292.500,371.250,-11.250,292.500,0.000,0.000
4722,1,0,371.250,337.500,292.500,372.721,338.752,283.034,9.661,9.466
4723,0,0,371.250,-11.250,300.000,371.250,-11.250,300.000,0.000,0.000
4724,1,0,371.250,337.500,300.000,371.291,335.600,283.040,17.066,16.960
4725,0,0,371.250,-11.250,307.500,371.250,-11.250,307.500,0.000,0.000
4726,1,0,371.250,337.500,307.500,366.218,280.550,-0.486,313.247,307.986
4727,0,0,371.250,-11.250,315.000,371.250,-11.250,315.000,0.000,0.000
4728,1,0,371.250,337.500,315.000,405.841,368.699,4.607,313.869,310.393
4729,0,0,371.250,-11.250,322.500,371.250,-11.250,322.500,0.000,0.000
4730,1,0,371.250,337.500,322.500,396.664,261.775,7.195,325.265,315.305
4731,0,0,371.250,-11.250,330.000,371.250,-11.250,330.000,0.000,0.000
4732,1,0,371.250,337.500,330.000,373.934,527.612,-0.488,381.277,330.488
4733,0,0,371.250,-11.250,337.500,371.250,-11.250,337.500,0.000,0.000
4734,1,0,371.250,337.500,337.500,418.118,441.910,-0.495,356.845,337.995
4735,0,0,371.250,-11.250,345.000,371.250,-11.250,345.000,0.000,0.000
4736,1,0,371.250,337.500,345.000,341.073,509.985,9.762,378.215,335.238
4737,0,0,371.250,-11.250,352.500,371.250,-11.250,352.500,0.000,0.000
4738,1,0,371.250,337.500,352.500,349.580,486.789,-0.489,383.872,352.989
4739,0,0,371.250,-11.250,360.000,371.250,-11.250,360.000,0.000,0.000
4740,1,0,371.250,337.500,360.000,309.872,482.079,11.428,382.325,348.572
4741,0,0,371.250,-11.250,367.500,371.250,-11.250,367.500,0.000,0.000
4742,1,0,371.250,337.500,367.500,303.546,445.283,9.763,379.706,357.737
4743,0,0,371.250,-11.250,375.000,371.250,-11.250,375.000,0.000,0.000
4744,1,0,371.250,337.500,375.000,387.345,381.170,10.316,367.642,364.684
4745,0,0,371.250,-11.250,382.500,371.250,-11.250,382.500,0.000,0.000
4746,1,0,371.250,337.500,382.500,335.513,461.435,13.776,390.633,368.724
4747,0,0,371.250,-11.250,390.000,371.250,-11.250,390.000,0.000,0.000
4748,1,0,371.250,337.500,390.000,322.968,510.124,9.763,420.369,380.237
4749,0,0,371.250,-11.250,397.500,371.250,-11.250,397.500,0.000,0.000
4750,1,0,371.250,337.500,397.500,313.702,739.412,9.764,561.413,387.736
4751,0,0,371.250,-11.250,405.000,371.250,-11.250,405.000,0.000,0.000
4752,1,0,371.250,337.500,405.000,372.074,493.667,-0.488,434.522,405.488
4753,0,0,371.250,-11.250,412.500,371.250,-11.250,412.500,0.000,0.000
4754,1,0,371.250,337.500,412.500,377.513,471.953,-0.461,434.342,412.961
4755,0,0,371.250,-11.250,420.000,371.250,-11.250,420.000,0.000,0.000
4756,1,0,371.250,337.500,420.000,387.087,469.735,5.621,435.255,414.379
4757,0,0,371.250,-11.250,427.500,371.250,-11.250,427.500,0.000,0.000
4758,1,0,371.250,337.500,427.500,379.548,347.771,6.190,421.517,421.310
4759,0,0,371.250,-11.250,435.000,371.250,-11.250,435.000,0.000,0.000
4760,1,0,371.250,337.500,435.000,372.937,480.121,10.114,448.188,424.886
4761,0,0,371.250,-11.250,442.500,371.250,-11.250,442.500,0.000,0.000
4762,1,0,371.250,337.500,442.500,355.392,487.773,3.462,464.315,439.038
4763,0,0,371.250,-11.250,450.000,371.250,-11.250,450.000,0.000,0.000
4764,1,0,371.250,337.500,450.000,387.060,359.373,0.839,449.971,449.161
4765,0,0,371.250,-11.250,457.500,371.250,-11.250,457.500,0.000,0.000
4766,1,0,371.250,337.500,457.500,464.559,411.308,6.024,466.888,451.476
4767,0,0,483.750,-11.250,0.000,483.750,-11.250,0.000,0.000,0.000
4768,0,0,483.750,337.500,0.000,483.750,337.500,0.000,0.000,0.000
4769,0,0,483.750,-11.250,7.500,483.750,-11.250,7.500,0.000,0.000
4770,0,0,483.750,337.500,7.500,483.750,337.500,7.500,0.000,0.000
4771,0,0,483.750,-11.250,15.000,483.750,-11.250,15.000,0.000,0.000
4772,0,0,483.750,337.500,15.000,483.750,337.500,15.000,0.000,0.000
4773,0,0,483.750,-11.250,22.500,483.750,-11.250,22.500,0.000,0.000
4774,0,0,483.750,337.500,22.500,483.750,337.500,22.500,0.000,0.000
4775,0,0,483.750,-11.250,30.000,483.750,-11.250,30.000,0.000,0.000
4776,0,0,483.750,337.500,30.000,483.750,337.500,30.000,0.000,0.000
4777,0,0,483.750,-11.250,37.500,483.750,-11.250,37.500,0.000,0.000
4778,0,0,483.750,337.500,37.500,483.750,337.500,37.500,0.000,0.000
4779,0,0,483.750,-11.250,45.000,483.750,-11.250,45.000,0.000,0.000
4780,0,0,483.750,337.500,45.000,483.750,337.500,45.000,0.000,0.000
4781,0,0,483.750,-11.250,52.500,483.750,-11.250,52.500,0.000,0.000
4782,0,0,483.750,337.500,52.500,483.750,337.500,52.500,0.000,0.000
4783,0,0,483.750,-11.250,60.000,483.750,-11.250,60.000,0.000,0.000
4784,0,0,483.750,337.500,60.000,483.750,337.500,60.000,0.000,0.000
4785,0,0,483.750,-11.250,67.500,483.750,-11.250,67.500,0.000,0.000
4786,0,0,483.750,337.500,67.500,483.750,337.500,67.500,0.000,0.000
4787,0,0,483.750,-11.250,75.000,483.750,-11.250,75.000,0.000,0.000
4788,0,0,483.750,337.500,75.000,483.750,337.500,75.000,0.000,0.000
4789,0,0,483.750,-11.250,82.500,483.750,-11.250,82.500,0.000,0.000
4790,0,0,483.750,337.500,82.500,483.750,337.500,82.500,0.000,0.000
4791,0,0,483.750,-11.250,90.000,483.750,-11.250,90.000,0.000,0.000
4792,0,0,483.750,337.500,90.000,483.750,337.500,90.000,0.000,0.000
4793,0,0,483.750,-11.250,97.500,483.750,-11.250,97.500,0.000,0.000
4794,0,0,483.750,337.500,97.500,483.750,337.500,97.500,0.000,0.000
4795,0,0,483.750,-11.250,105.000,483.750,-11.250,105.000,0.000,0.000
4796,0,0,483.750,337.500,105.000,483.750,337.500,105.000,0.000,0.000
4797,0,0,483.750,-11.250,112.500,483.750,-11.250,112.500,0.000,0.000
4798,0,0,483.750,337.500,112.500,483.750,337.500,112.500,0.000,0.000
4799,0,0,483.750,-11.250,120.000,483.750,-11.250,120.000,0.000,0.000
4800,0,0,483.750,337.500,120.000,483.750,337.500,120.000,0.000,0.000
4801,0,0,483.750,-11.250,127.500,483.750,-11.250,127.500,0.000,0.000
4802,0,0,483.750,337.500,127.500,483.750,337.500,127.500,0.000,0.000
4803,0,0,483.750,-11.250,135.000,483.750,-11.250,135.000,0.000,0.000
4804,0,0,483.750,337.500,135.000,483.750,337.500,135.000,0.000,0.000
4805,0,0,483.750,-11.250,142.500,483.750,-11.250,142.500,0.000,0.000
4806,0,0,483.750,337.500,142.500,483.750,337.500,142.500,0.000,0.000
4807,0,0,483.750,-11.250,150.000,483.750,-11.250,150.000,0.000,0.000
4808,0,0,483.750,337.500,150.000,483.750,337.500,150.000,0.000,0.000
4809,0,0,483.750,-11.250,157.500,483.750,-11.250,157.500,0.000,0.000
4810,0,0,483.750,337.500,157.500,483.750,337.500,157.500,0.000,0.000
4811,0,0,483.750,-11.250,165.000,483.750,-11.250,165.000,0.000,0.000
4812,0,0,483.750,337.500,165.000,483.750,337.500,165.000,0.000,0.000
4813,0,0,483.750,-11.250,172.500,483.750,-11.250,172.500,0.000,0.000
4814,0,0,483.750,337.500,172.500,483.750,337.500,172.500,0.000,0.000
4815,0,0,483.750,-11.250,180.000,483.750,-11.250,180.000,0.000,0.000
4816,0,0,483.750,337.500,180.000,483.750,337.500,180.000,0.000,0.000
4817,0,0,483.750,-11.250,187.500,483.750,-11.250,187.500,0.000,0.000
4818,0,0,483.750,337.500,187.500,483.750,337.500,187.500,0.000,0.000
4819,0,0,483.750,-11.250,195.000,483.750,-11.250,195.000,0.000,0.000
4820,0,0,483.750,337.500,195.000,483.750,337.500,195.000,0.000,0.000
4821,0,0,483.750,-11.250,202.500,483.750,-11.250,202.500,0.000,0.000
4822,0,0,483.750,337.500,202.500,483.750,337.500,202.500,0.000,0.000
4823,0,0,483.750,-11.250,210.000,483.750,-11.250,210.000,0.000,0.000
4824,0,0,483.750,337.500,210.000,483.750,337.500,210.000,0.000,0.000
4825,0,0,483.750,-11.250,217.500,483.750,-11.250,217.500,0.000,0.000
4826,0,0,483.750,337.500,217.500,483.750,337.500,217.500,0.000,0.000
4827,0,0,483.750,-11.250,225.000,483.750,-11.250,225.000,0.000,0.000
4828,0,0,483.750,337.500,225.000,483.750,337.500,225.000,0.000,0.000
4829,0,0,483.750,-11.250,232.500,483.750,-11.250,232.500,0.000,0.000
4830,0,0,483.750,337.500,232.500,483.750,337.500,232.500,0.000,0.000
4831,0,0,483.750,-11.250,240.000,483.750,-11.250,240.000,0.000,0.000
4832,0,0,483.750,337.500,240.000,483.750,337.500,240.000,0.000,0.000
4833,0,0,483.750,-11.250,247.500,483.750,-11.250,247.500,0.000,0.000
4834,0,0,483.750,337.500,247.500,483.750,337.500,247.500,0.000,0.000
4835,0,0,483.750,-11.250,255.000,483.750,-11.250,255.000,0.000,0.000
4836,0,0,483.750,337.500,255.000,483.750,337.500,255.000,0.000,0.000
4837,0,0,483.750,-11.250,262.500,483.750,-11.250,262.500,0.000,0.000
4838,0,0,483.750,337.500,262.500,483.750,337.500,262.500,0.000,0.000
4839,0,0,483.750,-11.250,270.000,483.750,-11.250,270.000,0.000,0.000
4840,0,0,483.750,337.500,270.000,483.750,337.500,270.000,0.000,0.000
4841,0,0,483.750,-11.250,277.500,483.750,-11.250,277.500,0.000,0.000
4842,0,1,,,,,,,,
4843,0,0,483.750,-11.250,285.000,483.750,-11.250,285.000,0.000,0.000
4844,1,0,483.750,337.500,285.000,525.382,378.803,7.601,283.530,277.399
4845,0,0,483.750,-11.250,292.500,483.750,-11.250,292.500,0.000,0.000
4846,1,0,483.750,337.500,292.500,522.890,427.387,-0.478,308.947,292.978
4847,0,0,483.750,-11.250,300.000,483.750,-11.250,300.000,0.000,0.000
4848,1,0,483.750,337.500,300.000,504.577,423.157,5.549,307.363,294.451
4849,0,0,483.750,-11.250,307.500,483.750,-11.250,307.500,0.000,0.000
4850,1,0,483.750,337.500,307.500,518.879,415.216,-0.493,319.584,307.993
4851,0,0,483.750,-11.250,315.000,483.750,-11.250,315.000,0.000,0.000
4852,1,0,483.750,337.500,315.000,493.987,486.681,6.017,343.264,308.983
4853,0,0,483.750,-11.250,322.500,483.750,-11.250,322.500,0.000,0.000
4854,1,0,483.750,337.500,322.500,507.081,455.015,5.856,338.552,316.644
4855,0,0,483.750,-11.250,330.000,483.750,-11.250,330.000,0.000,0.000
4856,1,0,483.750,337.500,330.000,487.956,266.425,5.351,332.365,324.649
4857,0,0,483.750,-11.250,337.500,483.750,-11.250,337.500,0.000,0.000
4858,1,0,483.750,337.500,337.500,458.010,215.724,19.099,341.865,318.401
4859,0,0,483.750,-11.250,345.000,483.750,-11.250,345.000,0.000,0.000
4860,1,0,483.750,337.500,345.000,504.529,115.434,-0.500,411.237,345.500
4861,0,0,483.750,-11.250,352.500,483.750,-11.250,352.500,0.000,0.000
4862,1,0,483.750,337.500,352.500,513.077,411.762,-0.494,361.911,352.994
4863,0,0,483.750,-11.250,360.000,483.750,-11.250,360.000,0.000,0.000
4864,1,0,483.750,337.500,360.000,435.593,413.393,9.548,361.795,350.452
4865,0,0,483.750,-11.250,367.500,483.750,-11.250,367.500,0.000,0.000
4866,1,0,483.750,337.500,367.500,419.689,489.390,-0.532,403.265,368.032
4867,0,0,483.750,-11.250,375.000,483.750,-11.250,375.000,0.000,0.000
4868,1,0,483.750,337.500,375.000,457.002,477.951,-0.503,401.801,375.503
4869,0,0,483.750,-11.250,382.500,483.750,-11.250,382.500,0.000,0.000
4870,1,0,483.750,337.500,382.500,420.073,480.360,-0.488,413.695,382.988
4871,0,0,483.750,-11.250,390.000,483.750,-11.250,390.000,0.000,0.000
4872,1,0,483.750,337.500,390.000,406.855,496.670,6.022,422.714,383.978
4873,0,0,483.750,-11.250,397.500,483.750,-11.250,397.500,0.000,0.000
4874,1,0,483.750,337.500,397.500,458.284,583.822,-0.496,468.747,397.996
4875,0,0,483.750,-11.250,405.000,483.750,-11.250,405.000,0.000,0.000
4876,1,0,483.750,337.500,405.000,520.599,494.820,-0.494,436.500,405.494
4877,0,0,483.750,-11.250,412.500,483.750,-11.250,412.500,0.000,0.000
4878,1,0,483.750,337.500,412.500,494.184,445.821,-0.488,427.085,412.988
4879,0,0,483.750,-11.250,420.000,483.750,-11.250,420.000,0.000,0.000
4880,1,0,483.750,337.500,420.000,510.019,716.052,-0.493,566.398,420.493
4881,0,0,483.750,-11.250,427.500,483.750,-11.250,427.500,0.000,0.000
4882,1,0,483.750,337.500,427.500,488.121,407.961,3.906,429.436,423.594
4883,0,0,483.750,-11.250,435.000,483.750,-11.250,435.000,0.000,0.000
4884,1,0,483.750,337.500,435.000,556.604,441.023,11.915,441.617,423.085
4885,0,0,483.750,-11.250,442.500,483.750,-11.250,442.500,0.000,0.000
4886,1,0,483.750,337.500,442.500,463.250,340.556,-0.535,443.520,443.035
4887,0,0,483.750,-11.250,450.000,483.750,-11.250,450.000,0.000,0.000
4888,1,0,483.750,337.500,450.000,478.324,244.916,12.496,447.226,437.504
4889,0,0,483.750,-11.250,457.500,483.750,-11.250,457.500,0.000,0.000
4890,1,0,483.750,337.500,457.500,457.913,201.739,12.630,465.841,444.870
4891,0,0,596.250,-11.250,0.000,596.250,-11.250,0.000,0.000,0.000
4892,0,0,596.250,337.500,0.000,596.250,337.500,0.000,0.000,0.000
4893,0,0,596.250,-11.250,7.500,596.250,-11.250,7.500,0.000,0.000
4894,0,0,596.250,337.500,7.500,596.250,337.500,7.500,0.000,0.000
4895,0,0,596.250,-11.250,15.000,596.250,-11.250,15.000,0.000,0.000
4896,0,0,596.250,337.500,15.000,596.250,337.500,15.000,0.000,0.000
4897,0,0,596.250,-11.250,22.500,596.250,-11.250,22.500,0.000,0.000
4898,0,0,596.250,337.500,22.500,596.250,337.500,22.500,0.000,0.000
4899,0,0,596.250,-11.250,30.000,596.250,-11.250,30.000,0.000,0.000
4900,0,0,596.250,337.500,30.000,596.250,337.500,30.000,0.000,0.000
4901,0,0,596.250,-11.250,37.500,596.250,-11.250,37.500,0.000,0.000
4902,0,0,596.250,337.500,37.500,596.250,337.500,37.500,0.000,0.000
4903,0,0,596.250,-11.250,45.000,596.250,-11.250,45.000,0.000,0.000
4904,0,0,596.250,337.500,45.000,596.250,337.500,45.000,0.000,0.000
4905,0,0,596.250,-11.250,52.500,596.250,-11.250,52.500,0.000,0.000
4906,0,0,596.250,337.500,52.500,596.250,337.500,52.500,0.000,0.000
4907,0,0,596.250,-11.250,60.000,596.250,-11.250,60.000,0.000,0.000
4908,0,0,596.250,337.500,60.000,596.250,337.500,60.000,0.000,0.000
4909,0,0,596.250,-11.250,67.500,596.250,-11.250,67.500,0.000,0.000
4910,0,0,596.250,337.500,67.500,596.250,337.500,67.500,0.000,0.000
4911,0,0,596.250,-11.250,75.000,596.250,-11.250,75.000,0.000,0.000
4912,0,0,596.250,337.500,75.000,596.250,337.500,75.000,0.000,0.000
4913,0,0,596.250,-11.250,82.500,596.250,-11.250,82.500,0.000,0.000
4914,0,0,596.250,337.500,82.500,596.250,337.500,82.500,0.000,0.000
4915,0,0,596.250,-11.250,90.000,596.250,-11.250,90.000,0.000,0.000
4916,0,0,596.250,337.500,90.000,596.250,337.500,90.000,0.000,0.000
4917,0,0,596.250,-11.250,97.500,596.250,-11.250,97.500,0.000,0.000
4918,0,0,596.250,337.500,97.500,596.250,337.500,97.500,0.000,0.000
4919,0,0,596.250,-11.250,105.000,596.250,-11.250,105.000,0.000,0.000
4920,0,0,596.250,337.500,105.000,596.250,337.500,105.000,0.000,0.000
4921,0,0,596.250,-11.250,112.500,596.250,-11.250,112.500,0.000,0.000
4922,0,0,596.250,337.500,112.500,596.250,337.500,112.500,0.000,0.000
4923,0,0,596.250,-11.250,120.000,596.250,-11.250,120.000,0.000,0.000
4924,0,0,596.250,337.500,120.000,596.250,337.500,120.000,0.000,0.000
4925,0,0,596.250,-11.250,127.500,596.250,-11.250,127.500,0.000,0.000
4926,0,0,596.250,337.500,127.500,596.250,337.500,127.500,0.000,0.000
4927,0,0,596.250,-11.250,135.000,596.250,-11.250,135.000,0.000,0.000
4928,0,0,596.250,337.500,135.000,596.250,337.500,135.000,0.000,0.000
4929,0,0,596.250,-11.250,142.500,596.250,-11.250,142.500,0.000,0.000
4930,0,0,596.250,337.500,142.500,596.250,337.500,142.500,0.000,0.000
4931,0,0,596.250,-11.250,150.000,596.250,-11.250,150.000,0.000,0.000
4932,0,0,596.250,337.500,150.000,596.250,337.500,150.000,0.000,0.000
4933,0,0,596.250,-11.250,157.500,596.250,-11.250,157.500,0.000,0.000
4934,0,0,596.250,337.500,157.500,596.250,337.500,157.500,0.000,0.000
4935,0,0,596.250,-11.250,165.000,596.250,-11.250,165.000,0.000,0.000
4936,0,0,596.250,337.500,165.000,596.250,337.500,165.000,0.000,0.000
4937,0,0,596.250,-11.250,172.500,596.250,-11.250,172.500,0.000,0.000
4938,0,0,596.250,337.500,172.500,596.250,337.500,172.500,0.000,0.000
4939,0,0,596.250,-11.250,180.000,596.250,-11.250,180.000,0.000,0.000
4940,0,0,596.250,337.500,180.000,596.250,337.500,180.000,0.000,0.000
4941,0,0,596.250,-11.250,187.500,596.250,-11.250,187.500,0.000,0.000
4942,0,0,596.250,337.500,187.500,596.250,337.500,187.500,0.000,0.000
4943,0,0,596.250,-11.250,195.000,596.250,-11.250,195.000,0.000,0.000
4944,0,0,596.250,337.500,195.000,596.250,337.500,195.000,0.000,0.000
4945,0,0,596.250,-11.250,202.500,596.250,-11.250,202.500,0.000,0.000
4946,0,0,596.250,337.500,202.500,596.250,337.500,202.500,0.000,0.000
4947,0,0,596.250,-11.250,210.000,596.250,-11.250,210.000,0.000,0.000
4948,0,0,596.250,337.500,210.000,596.250,337.500,210.000,0.000,0.000
4949,0,0,596.250,-11.250,217.500,596.250,-11.250,217.500,0.000,0.000
4950,0,0,596.250,337.500,217.500,596.250,337.500,217.500,0.000,0.000
4951,0,0,596.250,-11.250,225.000,596.250,-11.250,225.000,0.000,0.000
4952,0,0,596.250,337.500,225.000,596.250,337.500,225.000,0.000,0.000
4953,0,0,596.250,-11.250,232.500,596.250,-11.250,232.500,0.000,0.000
4954,0,0,596.250,337.500,232.500,596.250,337.500,232.500,0.000,0.000
4955,0,0,596.250,-11.250,240.000,596.250,-11.250,240.000,0.000,0.000
4956,0,0,596.250,337.500,240.000,596.250,337.500,240.000,0.000,0.000
4957,0,0,596.250,-11.250,247.500,596.250,-11.250,247.500,0.000,0.000
4958,0,0,596.250,337.500,247.500,596.250,337.500,247.500,0.000,0.000
4959,0,0,596.250,-11.250,255.000,596.250,-11.250,255.000,0.000,0.000
4960,0,0,596.250,337.500,255.000,596.250,337.500,255.000,0.000,0.000
4961,0,0,596.250,-11.250,262.500,596.250,-11.250,262.500,0.000,0.000
4962,0,0,596.250,337.500,262.500,596.250,337.500,262.500,0.000,0.000
4963,0,0,596.250,-11.250,270.000,596.250,-11.250,270.000,0.000,0.000
4964,0,0,596.250,337.500,270.000,596.250,337.500,270.000,0.000,0.000
4965,0,0,596.250,-11.250,277.500,596.250,-11.250,277.500,0.000,0.000
4966,0,1,,,,,,,,
4967,0,0,596.250,-11.250,285.000,596.250,-11.250,285.000,0.000,0.000
4968,1,0,596.250,337.500,285.000,583.140,439.988,6.023,297.496,278.977
4969,0,0,596.250,-11.250,292.500,596.250,-11.250,292.500,0.000,0.000
4970,1,0,596.250,337.500,292.500,557.156,436.419,5.942,305.661,286.558
4971,0,0,596.250,-11.250,300.000,596.250,-11.250,300.000,0.000,0.000
4972,1,0,596.250,337.500,300.000,534.181,456.959,21.735,309.119,278.265
4973,0,0,596.250,-11.250,307.500,596.250,-11.250,307.500,0.000,0.000
4974,1,0,596.250,337.500,307.500,565.576,408.100,8.679,308.576,298.821
4975,0,0,596.250,-11.250,315.000,596.250,-11.250,315.000,0.000,0.000
4976,1,0,596.250,337.500,315.000,596.206,336.568,276.516,38.496,38.484
4977,0,0,596.250,-11.250,322.500,596.250,-11.250,322.500,0.000,0.000
4978,1,0,596.250,337.500,322.500,603.061,255.672,10.568,322.558,311.932
4979,0,0,596.250,-11.250,330.000,596.250,-11.250,330.000,0.000,0.000
4980,1,0,596.250,337.500,330.000,626.388,308.868,6.004,326.652,323.996
4981,0,0,596.250,-11.250,337.500,596.250,-11.250,337.500,0.000,0.000
4982,1,0,596.250,337.500,337.500,590.406,207.447,17.733,345.252,319.767
4983,0,0,596.250,-11.250,345.000,596.250,-11.250,345.000,0.000,0.000
4984,1,0,596.250,337.500,345.000,626.070,207.385,6.002,364.334,338.998
4985,0,0,596.250,-11.250,352.500,596.250,-11.250,352.500,0.000,0.000
4986,1,0,596.250,337.500,352.500,576.186,282.366,-0.483,357.826,352.983
4987,0,0,596.250,-11.250,360.000,596.250,-11.250,360.000,0.000,0.000
4988,1,0,596.250,337.500,360.000,600.245,295.726,11.278,351.238,348.722
4989,0,0,596.250,-11.250,367.500,596.250,-11.250,367.500,0.000,0.000
4990,1,0,596.250,337.500,367.500,571.735,409.509,-0.488,375.768,367.988
4991,0,0,596.250,-11.250,375.000,596.250,-11.250,375.000,0.000,0.000
4992,1,0,596.250,337.500,375.000,640.404,452.793,5.668,389.421,369.332
4993,0,0,596.250,-11.250,382.500,596.250,-11.250,382.500,0.000,0.000
4994,1,0,596.250,337.500,382.500,618.978,534.306,9.763,422.116,372.737
4995,0,0,596.250,-11.250,390.000,596.250,-11.250,390.000,0.000,0.000
4996,1,0,596.250,337.500,390.000,639.300,739.125,6.008,557.320,383.992
4997,0,0,596.250,-11.250,397.500,596.250,-11.250,397.500,0.000,0.000
4998,1,0,596.250,337.500,397.500,641.153,648.430,9.764,499.033,387.736
4999,0,0,596.250,-11.250,405.000,596.250,-11.250,405.000,0.000,0.000
5000,1,0,596.250,337.500,405.000,603.289,557.284,-0.494,461.280,405.494
5001,0,0,596.250,-11.250,412.500,596.250,-11.250,412.500,0.000,0.000
5002,1,0,596.250,337.500,412.500,633.493,492.744,-0.504,442.787,413.004
5003,0,0,596.250,-11.250,420.000,596.250,-11.250,420.000,0.000,0.000
5004,1,0,596.250,337.500,420.000,563.919,468.474,6.009,435.417,413.991
5005,0,0,596.250,-11.250,427.500,596.250,-11.250,427.500,0.000,0.000
5006,1,0,596.250,337.500,427.500,597.081,414.956,12.526,422.142,414.974
5007,0,0,596.250,-11.250,435.000,596.250,-11.250,435.000,0.000,0.000
5008,1,0,596.250,337.500,435.000,575.146,400.191,11.256,428.876,423.744
5009,0,0,596.250,-11.250,442.500,596.250,-11.250,442.500,0.000,0.000
5010,1,0,596.250,337.500,442.500,629.311,363.963,-0.498,445.017,442.998
5011,0,0,596.250,-11.250,450.000,596.250,-11.250,450.000,0.000,0.000
5012,1,0,596.250,337.500,450.000,528.326,386.400,8.356,449.505,441.644
5013,0,0,596.250,-11.250,457.500,596.250,-11.250,457.500,0.000,0.000
5014,1,0,596.250,337.500,457.500,554.859,280.088,9.786,453.273,447.714
5015,0,0,0.000,22.500,480.000,0.000,22.500,480.000,0.000,0.000
5016,0,0,0.000,33.750,480.000,0.000,33.750,480.000,0.000,0.000
5017,0,0,0.000,56.250,480.000,0.000,56.250,480.000,0.000,0.000
5018,0,0,0.000,78.750,480.000,0.000,78.750,480.000,0.000,0.000
5019,0,0,0.000,101.250,480.000,0.000,101.250,480.000,0.000,0.000
5020,0,0,0.000,123.750,480.000,0.000,123.750,480.000,0.000,0.000
5021,0,0,0.000,146.250,480.000,0.000,146.250,480.000,0.000,0.000
5022,0,0,0.000,168.750,480.000,0.000,168.750,480.000,0.000,0.000
5023,0,0,0.000,191.250,480.000,0.000,191.250,480.000,0.000,0.000
5024,0,0,0.000,213.750,480.000,0.000,213.750,480.000,0.000,0.000
5025,0,0,0.000,236.250,480.000,0.000,236.250,480.000,0.000,0.000
5026,0,0,0.000,258.750,480.000,0.000,258.750,480.000,0.000,0.000
5027,0,0,0.000,281.250,480.000,0.000,281.250,480.000,0.000,0.000
5028,0,0,0.000,303.750,480.000,0.000,303.750,480.000,0.000,0.000
5029,0,0,0.000,33.750,487.500,0.000,33.750,487.500,0.000,0.000
5030,0,0,0.000,45.000,487.500,0.000,45.000,487.500,0.000,0.000
5031,0,0,0.000,67.500,487.500,0.000,67.500,487.500,0.000,0.000
5032,0,0,0.000,90.000,487.500,0.000,90.000,487.500,0.000,0.000
5033,0,0,0.000,112.500,487.500,0.000,112.500,487.500,0.000,0.000
5034,0,0,0.000,135.000,487.500,0.000,135.000,487.500,0.000,0.000
5035,0,0,0.000,157.500,487.500,0.000,157.500,487.500,0.000,0.000
5036,0,0,0.000,180.000,487.500,0.000,180.000,487.500,0.000,0.000
5037,0,0,0.000,202.500,487.500,0.000,202.500,487.500,0.000,0.000
5038,0,0,0.000,225.000,487.500,0.000,225.000,487.500,0.000,0.000
5039,0,0,0.000,247.500,487.500,0.000,247.500,487.500,0.000,0.000
5040,0,0,0.000,270.000,487.500,0.000,270.000,487.500,0.000,0.000
5041,0,0,0.000,292.500,487.500,0.000,292.500,487.500,0.000,0.000
5042,0,0,0.000,45.000,495.000,0.000,45.000,495.000,0.000,0.000
5043,0,0,0.000,56.250,495.000,0.000,56.250,495.000,0.000,0.000
5044,0,0,0.000,78.750,495.000,0.000,78.750,495.000,0.000,0.000
5045,0,0,0.000,101.250,495.000,0.000,101.250,495.000,0.000,0.000
5046,0,0,0.000,123.750,495.000,0.000,123.750,495.000,0.000,0.000
5047,0,0,0.000,146.250,495.000,0.000,146.250,495.000,0.000,0.000
5048,0,0,0.000,168.750,495.000,0.000,168.750,495.000,0.000,0.000
5049,0,0,0.000,191.250,495.000,0.000,191.250,495.000,0.000,0.000
5050,0,0,0.000,213.750,495.000,0.000,213.750,495.000,0.000,0.000
5051,0,0,0.000,236.250,495.000,0.000,236.250,495.000,0.000,0.000
5052,0,0,0.000,258.750,495.000,0.000,258.750,495.000,0.000,0.000
5053,0,0,0.000,281.250,495.000,0.000,281.250,495.000,0.000,0.000
5054,0,0,0.000,56.250,502.500,0.000,56.250,502.500,0.000,0.000
5055,0,0,0.000,67.500,502.500,0.000,67.500,502.500,0.000,0.000
5056,0,0,0.000,90.000,502.500,0.000,90.000,502.500,0.000,0.000
5057,0,0,0.000,112.500,502.500,0.000,112.500,502.500,0.000,0.000
5058,0,0,0.000,135.000,502.500,0.000,135.000,502.500,0.000,0.000
5059,0,0,0.000,157.500,502.500,0.000,157.500,502.500,0.000,0.000
5060,0,0,0.000,180.000,502.500,0.000,180.000,502.500,0.000,0.000
5061,0,0,0.000,202.500,502.500,0.000,202.500,502.500,0.000,0.000
5062,0,0,0.000,225.000,502.500,0.000,225.000,502.500,0.000,0.000
5063,0,0,0.000,247.500,502.500,0.000,247.500,502.500,0.000,0.000
5064,0,0,0.000,270.000,502.500,0.000,270.000,502.500,0.000,0.000
5065,0,0,0.000,67.500,510.000,0.000,67.500,510.000,0.000,0.000
5066,0,0,0.000,78.750,510.000,0.000,78.750,510.000,0.000,0.000
5067,0,0,0.000,101.250,510.000,0.000,101.250,510.000,0.000,0.000
5068,0,0,0.000,123.750,510.000,0.000,123.750,510.000,0.000,0.000
5069,0,0,0.000,146.250,510.000,0.000,146.250,510.000,0.000,0.000
5070,0,0,0.000,168.750,510.000,0.000,168.750,510.000,0.000,0.000
5071,0,0,0.000,191.250,510.000,0.000,191.250,510.000,0.000,0.000
5072,0,0,0.000,213.750,510.000,0.000,213.750,510.000,0.000,0.000
5073,0,0,0.000,236.250,510.000,0.000,236.250,510.000,0.000,0.000
5074,0,0,0.000,258.750,510.000,0.000,258.750,510.000,0.000,0.000
5075,0,0,0.000,78.750,517.500,0.000,78.750,517.500,0.000,0.000
5076,0,0,0.000,90.000,517.500,0.000,90.000,517.500,0.000,0.000
5077,0,0,0.000,112.500,517.500,0.000,112.500,517.500,0.000,0.000
5078,0,0,0.000,135.000,517.500,0.000,135.000,517.500,0.000,0.000
5079,0,0,0.000,157.500,517.500,0.000,157.500,517.500,0.000,0.000
5080,0,0,0.000,180.000,517.500,0.000,180.000,517.500,0.000,0.000
5081,0,0,0.000,202.500,517.500,0.000,202.500,517.500,0.000,0.000
5082,0,0,0.000,225.000,517.500,0.000,225.000,517.500,0.000,0.000
5083,0,0,0.000,247.500,517.500,0.000,247.500,517.500,0.000,0.000
5084,0,0,0.000,90.000,525.000,0.000,90.000,525.000,0.000,0.000
5085,0,0,0.000,101.250,525.000,0.000,101.250,525.000,0.000,0.000
5086,0,0,0.000,123.750,525.000,0.000,123.750,525.000,0.000,0.000
5087,0,0,0.000,146.250,525.000,0.000,146.250,525.000,0.000,0.000
5088,0,0,0.000,168.750,525.000,0.000,168.750,525.000,0.000,0.000
5089,0,0,0.000,191.250,525.000,0.000,191.250,525.000,0.000,0.000
5090,0,0,0.000,213.750,525.000,0.000,213.750,525.000,0.000,0.000
5091,0,0,0.000,236.250,525.000,0.000,236.250,525.000,0.000,0.000
5092,0,0,0.000,101.250,532.500,0.000,101.250,532.500,0.000,0.000
5093,0,0,0.000,112.500,532.500,0.000,112.500,532.500,0.000,0.000
5094,0,0,0.000,135.000,532.500,0.000,135.000,532.500,0.000,0.000
5095,0,0,0.000,157.500,532.500,0.000,157.500,532.500,0.000,0.000
5096,0,0,0.000,180.000,532.500,0.000,180.000,532.500,0.000,0.000
5097,0,0,0.000,202.500,532.500,0.000,202.500,532.500,0.000,0.000
5098,0,0,0.000,225.000,532.500,0.000,225.000,532.500,0.000,0.000
5099,0,0,0.000,112.500,540.000,0.000,112.500,540.000,0.000,0.000
5100,0,0,0.000,123.750,540.000,0.000,123.750,540.000,0.000,0.000
5101,0,0,0.000,146.250,540.000,0.000,146.250,540.000,0.000,0.000
5102,0,0,0.000,168.750,540.000,0.000,168.750,540.000,0.000,0.000
5103,0,0,0.000,191.250,540.000,0.000,191.250,540.000,0.000,0.000
5104,0,0,0.000,213.750,540.000,0.000,213.750,540.000,0.000,0.000
5105,0,0,0.000,123.750,547.500,0.000,123.750,547.500,0.000,0.000
5106,0,0,0.000,135.000,547.500,0.000,135.000,547.500,0.000,0.000
5107,0,0,0.000,157.500,547.500,0.000,157.500,547.500,0.000,0.000
5108,0,0,0.000,180.000,547.500,0.000,180.000,547.500,0.000,0.000
5109,0,0,0.000,202.500,547.500,0.000,202.500,547.500,0.000,0.000
5110,0,0,0.000,135.000,555.000,0.000,135.000,555.000,0.000,0.000
5111,0,0,0.000,146.250,555.000,0.000,146.250,555.000,0.000,0.000
5112,0,0,0.000,168.750,555.000,0.000,168.750,555.000,0.000,0.000
5113,0,0,0.000,191.250,555.000,0.000,191.250,555.000,0.000,0.000
5114,0,0,0.000,146.250,562.500,0.000,146.250,562.500,0.000,0.000
5115,0,0,0.000,157.500,562.500,0.000,157.500,562.500,0.000,0.000
5116,0,0,0.000,180.000,562.500,0.000,180.000,562.500,0.000,0.000
5117,0,0,0.000,157.500,570.000,0.000,157.500,570.000,0.000,0.000
5118,0,0,0.000,168.750,570.000,0.000,168.750,570.000,0.000,0.000
5119,0,0,641.250,22.500,480.000,641.250,22.500,480.000,0.000,0.000
5120,0,0,641.250,33.750,480.000,641.250,33.750,480.000,0.000,0.000
5121,0,0,641.250,56.250,480.000,641.250,56.250,480.000,0.000,0.000
5122,0,0,641.250,78.750,480.000,641.250,78.750,480.000,0.000,0.000
5123,0,0,641.250,101.250,480.000,641.250,101.250,480.000,0.000,0.000
5124,0,0,641.250,123.750,480.000,641.250,123.750,480.000,0.000,0.000
5125,0,0,641.250,146.250,480.000,641.250,146.250,480.000,0.000,0.000
5126,0,0,641.250,168.750,480.000,641.250,168.750,480.000,0.000,0.000
5127,0,0,641.250,191.250,480.000,641.250,191.250,480.000,0.000,0.000
5128,0,0,641.250,213.750,480.000,641.250,213.750,480.000,0.000,0.000
5129,0,0,641.250,236.250,480.000,641.250,236.250,480.000,0.000,0.000
5130,0,0,641.250,258.750,480.000,641.250,258.750,480.000,0.000,0.000
5131,0,0,641.250,281.250,480.000,641.250,281.250,480.000,0.000,0.000
5132,0,0,641.250,303.750,480.000,641.250,303.750,480.000,0.000,0.000
5133,0,0,641.250,33.750,487.500,641.250,33.750,487.500,0.000,0.000
5134,0,0,641.250,45.000,487.500,641.250,45.000,487.500,0.000,0.000
5135,0,0,641.250,67.500,487.500,641.250,67.500,487.500,0.000,0.000
5136,0,0,641.250,90.000,487.500,641.250,90.000,487.500,0.000,0.000
5137,0,0,641.250,112.500,487.500,641.250,112.500,487.500,0.000,0.000
5138,0,0,641.250,135.000,487.500,641.250,135.000,487.500,0.000,0.000
5139,0,0,641.250,157.500,487.500,641.250,157.500,487.500,0.000,0.000
5140,0,0,641.250,180.000,487.500,641.250,180.000,487.500,0.000,0.000
5141,0,0,641.250,202.500,487.500,641.250,202.500,487.500,0.000,0.000
5142,0,0,641.250,225.000,487.500,641.250,225.000,487.500,0.000,0.000
5143,0,0,641.250,247.500,487.500,641.250,247.500,487.500,0.000,0.000
5144,0,0,641.250,270.000,487.500,641.250,270.000,487.500,0.000,0.000
5145,0,0,641.250,292.500,487.500,641.250,292.500,487.500,0.000,0.000
5146,0,0,641.250,45.000,495.000,641.250,45.000,495.000,0.000,0.000
5147,0,0,641.250,56.250,495.000,641.250,56.250,495.000,0.000,0.000
5148,0,0,641.250,78.750,495.000,641.250,78.750,495.000,0.000,0.000
5149,0,0,641.250,101.250,495.000,641.250,101.250,495.000,0.000,0.000
5150,0,0,641.250,123.750,495.000,641.250,123.750,495.000,0.000,0.000
5151,0,0,641.250,146.250,495.000,641.250,146.250,495.000,0.000,0.000
5152,0,0,641.250,168.750,495.000,641.250,168.750,495.000,0.000,0.000
5153,0,0,641.250,191.250,495.000,641.250,191.250,495.000,0.000,0.000
5154,0,0,641.250,213.750,495.000,641.250,213.750,495.000,0.000,0.000
5155,0,0,641.250,236.250,495.000,641.250,236.250,495.000,0.000,0.000
5156,0,0,641.250,258.750,495.000,641.250,258.750,495.000,0.000,0.000
5157,0,0,641.250,281.250,495.000,641.250,281.250,495.000,0.000,0.000
5158,0,0,641.250,56.250,502.500,641.250,56.250,502.500,0.000,0.000
5159,0,0,641.250,67.500,502.500,641.250,67.500,502.500,0.000,0.000
5160,0,0,641.250,90.000,502.500,641.250,90.000,502.500,0.000,0.000
5161,0,0,641.250,112.500,502.500,641.250,112.500,502.500,0.000,0.000
5162,0,0,641.250,135.000,502.500,641.250,135.000,502.500,0.000,0.000
5163,0,0,641.250,157.500,502.500,641.250,157.500,502.500,0.000,0.000
5164,0,0,641.250,180.000,502.500,641.250,180.000,502.500,0.000,0.000
5165,0,0,641.250,202.500,502.500,641.250,202.500,502.500,0.000,0.000
5166,0,0,641.250,225.000,502.500,641.250,225.000,502.500,0.000,0.000
5167,0,0,641.250,247.500,502.500,641.250,247.500,502.500,0.000,0.000
5168,0,0,641.250,270.000,502.500,641.250,270.000,502.500,0.000,0.000
5169,0,0,641.250,67.500,510.000,641.250,67.500,510.000,0.000,0.000
5170,0,0,641.250,78.750,510.000,641.250,78.750,510.000,0.000,0.000
5171,0,0,641.250,101.250,510.000,641.250,101.250,510.000,0.000,0.000
5172,0,0,641.250,123.750,510.000,641.250,123.750,510.000,0.000,0.000
5173,0,0,641.250,146.250,510.000,641.250,146.250,510.000,0.000,0.000
5174,0,0,641.250,168.750,510.000,641.250,168.750,510.000,0.000,0.000
5175,0,0,641.250,191.250,510.000,641.250,191.250,510.000,0.000,0.000
5176,0,0,641.250,213.750,510.000,641.250,213.750,510.000,0.000,0.000
5177,0,0,641.250,236.250,510.000,641.250,236.250,510.000,0.000,0.000
5178,0,0,641.250,258.750,510.000,641.250,258.750,510.000,0.000,0.000
5179,0,0,641.250,78.750,517.500,641.250,78.750,517.500,0.000,0.000
5180,0,0,641.250,90.000,517.500,641.250,90.000,517.500,0.000,0.000
5181,0,0,641.250,112.500,517.500,641.250,112.500,517.500,0.000,0.000
5182,0,0,641.250,135.000,517.500,641.250,135.000,517.500,0.000,0.000
5183,0,0,641.250,157.500,517.500,641.250,157.500,517.500,0.000,0.000
5184,0,0,641.250,180.000,517.500,641.250,180.000,517.500,0.000,0.000
5185,0,0,641.250,202.500,517.500,641.250,202.500,517.500,0.000,0.000
5186,0,0,641.250,225.000,517.500,641.250,225.000,517.500,0.000,0.000
5187,0,0,641.250,247.500,517.500,641.250,247.500,517.500,0.000,0.000
5188,0,0,641.250,90.000,525.000,641.250,90.000,525.000,0.000,0.000
5189,0,0,641.250,101.250,525.000,641.250,101.250,525.000,0.000,0.000
5190,0,0,641.250,123.750,525.000,641.250,123.750,525.000,0.000,0.000
5191,0,0,641.250,146.250,525.000,641.250,146.250,525.000,0.000,0.000
5192,0,0,641.250,168.750,525.000,641.250,168.750,525.000,0.000,0.000
5193,0,0,641.250,191.250,525.000,641.250,191.250,525.000,0.000,0.000
5194,0,0,641.250,213.750,525.000,641.250,213.750,525.000,0.000,0.000
5195,0,0,641.250,236.250,525.000,641.250,236.250,525.000,0.000,0.000
5196,0,0,641.250,101.250,532.500,641.250,101.250,532.500,0.000,0.000
5197,0,0,641.250,112.500,532.500,641.250,112.500,532.500,0.000,0.000
5198,0,0,641.250,135.000,532.500,641.250,135.000,532.500,0.000,0.000
5199,0,0,641.250,157.500,532.500,641.250,157.500,532.500,0.000,0.000
5200,0,0,641.250,180.000,532.500,641.250,180.000,532.500,0.000,0.000
5201,0,0,641.250,202.500,532.500,641.250,202.500,532.500,0.000,0.000
5202,0,0,641.250,225.000,532.500,641.250,225.000,532.500,0.000,0.000
5203,0,0,641.250,112.500,540.000,641.250,112.500,540.000,0.000,0.000
5204,0,0,641.250,123.750,540.000,641.250,123.750,540.000,0.000,0.000
5205,0,0,641.250,146.250,540.000,641.250,146.250,540.000,0.000,0.000
5206,0,0,641.250,168.750,540.000,641.250,168.750,540.000,0.000,0.000
5207,0,0,641.250,191.250,540.000,641.250,191.250,540.000,0.000,0.000
5208,0,0,641.250,213.750,540.000,641.250,213.750,540.000,0.000,0.000
5209,0,0,641.250,123.750,547.500,641.250,123.750,547.500,0.000,0.000
5210,0,0,641.250,135.000,547.500,641.250,135.000,547.500,0.000,0.000
5211,0,0,641.250,157.500,547.500,641.250,157.500,547.500,0.000,0.000
5212,0,0,641.250,180.000,547.500,641.250,180.000,547.500,0.000,0.000
5213,0,0,641.250,202.500,547.500,641.250,202.500,547.500,0.000,0.000
5214,0,0,641.250,135.000,555.000,641.250,135.000,555.000,0.000,0.000
5215,0,0,641.250,146.250,555.000,641.250,146.250,555.000,0.000,0.000
5216,0,0,641.250,168.750,555.000,641.250,168.750,555.000,0.000,0.000
5217,0,0,641.250,191.250,555.000,641.250,191.250,555.000,0.000,0.000
5218,0,0,641.250,146.250,562.500,641.250,146.250,562.500,0.000,0.000
5219,0,0,641.250,157.500,562.500,641.250,157.500,562.500,0.000,0.000
5220,0,0,641.250,180.000,562.500,641.250,180.000,562.500,0.000,0.000
5221,0,0,641.250,157.500,570.000,641.250,157.500,570.000,0.000,0.000
5222,0,0,641.250,168.750,570.000,641.250,168.750,570.000,0.000,0.000
5223,0,0,0.000,0.000,480.000,0.000,0.000,480.000,0.000,0.000
5224,1,0,0.000,315.000,480.000,21.915,432.153,14.946,480.083,465.054
5225,0,0,0.000,22.500,487.500,0.000,22.500,487.500,0.000,0.000
5226,0,0,0.000,303.750,487.500,0.000,303.750,487.500,0.000,0.000
5227,0,0,0.000,33.750,495.000,0.000,33.750,495.000,0.000,0.000
5228,0,0,0.000,292.500,495.000,0.000,292.500,495.000,0.000,0.000
5229,0,0,0.000,45.000,502.500,0.000,45.000,502.500,0.000,0.000
5230,0,0,0.000,281.250,502.500,0.000,281.250,502.500,0.000,0.000
5231,0,0,0.000,56.250,510.000,0.000,56.250,510.000,0.000,0.000
5232,0,0,0.000,270.000,510.000,0.000,270.000,510.000,0.000,0.000
5233,0,0,0.000,67.500,517.500,0.000,67.500,517.500,0.000,0.000
5234,0,0,0.000,258.750,517.500,0.000,258.750,517.500,0.000,0.000
5235,0,0,0.000,78.750,525.000,0.000,78.750,525.000,0.000,0.000
5236,0,0,0.000,247.500,525.000,0.000,247.500,525.000,0.000,0.000
5237,0,0,0.000,90.000,532.500,0.000,90.000,532.500,0.000,0.000
5238,0,0,0.000,236.250,532.500,0.000,236.250,532.500,0.000,0.000
5239,0,0,0.000,101.250,540.000,0.000,101.250,540.000,0.000,0.000
5240,0,0,0.000,225.000,540.000,0.000,225.000,540.000,0.000,0.000
5241,0,0,0.000,112.500,547.500,0.000,112.500,547.500,0.000,0.000
5242,0,0,0.000,213.750,547.500,0.000,213.750,547.500,0.000,0.000
5243,0,0,0.000,123.750,555.000,0.000,123.750,555.000,0.000,0.000
5244,0,0,0.000,202.500,555.000,0.000,202.500,555.000,0.000,0.000
5245,0,0,0.000,135.000,562.500,0.000,135.000,562.500,0.000,0.000
5246,0,0,0.000,191.250,562.500,0.000,191.250,562.500,0.000,0.000
5247,0,0,0.000,146.250,570.000,0.000,146.250,570.000,0.000,0.000
5248,0,0,0.000,180.000,570.000,0.000,180.000,570.000,0.000,0.000
5249,0,0,0.000,157.500,577.500,0.000,157.500,577.500,0.000,0.000
5250,0,0,652.500,33.750,0.000,652.500,33.750,0.000,0.000,0.000
5251,0,0,652.500,45.000,0.000,652.500,45.000,0.000,0.000,0.000
5252,0,0,652.500,33.750,7.500,652.500,33.750,7.500,0.000,0.000
5253,0,0,663.750,33.750,7.500,663.750,33.750,7.500,0.000,0.000
5254,0,0,652.500,33.750,15.000,652.500,33.750,15.000,0.000,0.000
5255,0,0,652.500,45.000,15.000,652.500,45.000,15.000,0.000,0.000
5256,0,0,652.500,33.750,22.500,652.500,33.750,22.500,0.000,0.000
5257,0,0,663.750,33.750,22.500,663.750,33.750,22.500,0.000,0.000
5258,0,0,652.500,33.750,30.000,652.500,33.750,30.000,0.000,0.000
5259,0,0,652.500,45.000,30.000,652.500,45.000,30.000,0.000,0.000
5260,0,0,652.500,33.750,37.500,652.500,33.750,37.500,0.000,0.000
5261,0,0,663.750,33.750,37.500,663.750,33.750,37.500,0.000,0.000
5262,0,0,652.500,33.750,45.000,652.500,33.750,45.000,0.000,0.000
5263,0,0,652.500,45.000,45.000,652.500,45.000,45.000,0.000,0.000
5264,0,0,652.500,33.750,52.500,652.500,33.750,52.500,0.000,0.000
5265,0,0,663.750,33.750,52.500,663.750,33.750,52.500,0.000,0.000
5266,0,0,652.500,33.750,60.000,652.500,33.750,60.000,0.000,0.000
5267,0,0,652.500,45.000,60.000,652.500,45.000,60.000,0.000,0.000
5268,0,0,652.500,33.750,67.500,652.500,33.750,67.500,0.000,0.000
5269,0,0,663.750,33.750,67.500,663.750,33.750,67.500,0.000,0.000
5270,0,0,652.500,33.750,75.000,652.500,33.750,75.000,0.000,0.000
5271,0,0,652.500,45.000,75.000,652.500,45.000,75.000,0.000,0.000
5272,0,0,652.500,33.750,82.500,652.500,33.750,82.500,0.000,0.000
5273,0,0,663.750,33.750,82.500,663.750,33.750,82.500,0.000,0.000
5274,0,0,652.500,33.750,90.000,652.500,33.750,90.000,0.000,0.000
5275,0,0,652.500,45.000,90.000,652.500,45.000,90.000,0.000,0.000
5276,0,0,652.500,33.750,97.500,652.500,33.750,97.500,0.000,0.000
5277,0,0,663.750,33.750,97.500,663.750,33.750,97.500,0.000,0.000
5278,0,0,652.500,33.750,105.000,652.500,33.750,105.000,0.000,0.000
5279,0,0,652.500,45.000,105.000,652.500,45.000,105.000,0.000,0.000
5280,0,0,652.500,33.750,112.500,652.500,33.750,112.500,0.000,0.000
5281,0,0,663.750,33.750,112.500,663.750,33.750,112.500,0.000,0.000
5282,0,0,652.500,33.750,120.000,652.500,33.750,120.000,0.000,0.000
5283,0,0,652.500,45.000,120.000,652.500,45.000,120.000,0.000,0.000
5284,0,0,652.500,33.750,127.500,652.500,33.750,127.500,0.000,0.000
5285,0,0,663.750,33.750,127.500,663.750,33.750,127.500,0.000,0.000
5286,0,0,652.500,33.750,135.000,652.500,33.750,135.000,0.000,0.000
5287,0,0,652.500,45.000,135.000,652.500,45.000,135.000,0.000,0.000
5288,0,0,652.500,33.750,142.500,652.500,33.750,142.500,0.000,0.000
5289,0,0,663.750,33.750,142.500,663.750,33.750,142.500,0.000,0.000
5290,0,0,652.500,33.750,150.000,652.500,33.750,150.000,0.000,0.000
5291,0,0,652.500,45.000,150.000,652.500,45.000,150.000,0.000,0.000
5292,0,0,652.500,33.750,157.500,652.500,33.750,157.500,0.000,0.000
5293,0,0,663.750,33.750,157.500,663.750,33.750,157.500,0.000,0.000
5294,0,0,652.500,33.750,165.000,652.500,33.750,165.000,0.000,0.000
5295,0,0,652.500,45.000,165.000,652.500,45.000,165.000,0.000,0.000
5296,0,0,652.500,33.750,172.500,652.500,33.750,172.500,0.000,0.000
5297,0,0,663.750,33.750,172.500,663.750,33.750,172.500,0.000,0.000
5298,0,0,652.500,33.750,180.000,652.500,33.750,180.000,0.000,0.000
5299,0,0,652.500,45.000,180.000,652.500,45.000,180.000,0.000,0.000
5300,0,0,652.500,33.750,187.500,652.500,33.750,187.500,0.000,0.000
5301,0,0,663.750,33.750,187.500,663.750,33.750,187.500,0.000,0.000
5302,0,0,652.500,33.750,195.000,652.500,33.750,195.000,0.000,0.000
5303,0,0,652.500,45.000,195.000,652.500,45.000,195.000,0.000,0.000
5304,0,0,652.500,33.750,202.500,652.500,33.750,202.500,0.000,0.000
5305,0,0,663.750,33.750,202.500,663.750,33.750,202.500,0.000,0.000
5306,0,0,652.500,33.750,210.000,652.500,33.750,210.000,0.000,0.000
5307,0,0,652.500,45.000,210.000,652.500,45.000,210.000,0.000,0.000
5308,0,0,652.500,33.750,217.500,652.500,33.750,217.500,0.000,0.000
5309,0,0,663.750,33.750,217.500,663.750,33.750,217.500,0.000,0.000
5310,0,0,652.500,33.750,225.000,652.500,33.750,225.000,0.000,0.000
5311,0,0,652.500,45.000,225.000,652.500,45.000,225.000,0.000,0.000
5312,0,0,652.500,33.750,232.500,652.500,33.750,232.500,0.000,0.000
5313,0,0,663.750,33.750,232.500,663.750,33.750,232.500,0.000,0.000
5314,0,0,652.500,33.750,240.000,652.500,33.750,240.000,0.000,0.000
5315,0,0,652.500,45.000,240.000,652.500,45.000,240.000,0.000,0.000
5316,0,0,652.500,33.750,247.500,652.500,33.750,247.500,0.000,0.000
5317,0,0,663.750,33.750,247.500,663.750,33.750,247.500,0.000,0.000
5318,0,0,652.500,33.750,255.000,652.500,33.750,255.000,0.000,0.000
5319,0,0,652.500,45.000,255.000,652.500,45.000,255.000,0.000,0.000
5320,0,0,652.500,33.750,262.500,652.500,33.750,262.500,0.000,0.000
5321,0,0,663.750,33.750,262.500,663.750,33.750,262.500,0.000,0.000
5322,0,0,652.500,33.750,270.000,652.500,33.750,270.000,0.000,0.000
5323,0,0,652.500,45.000,270.000,652.500,45.000,270.000,0.000,0.000
5324,0,0,652.500,33.750,277.500,652.500,33.750,277.500,0.000,0.000
5325,0,0,663.750,33.750,277.500,663.750,33.750,277.500,0.000,0.000
5326,0,0,652.500,33.750,285.000,652.500,33.750,285.000,0.000,0.000
5327,0,0,652.500,45.000,285.000,652.500,45.000,285.000,0.000,0.000
5328,0,0,652.500,33.750,292.500,652.500,33.750,292.500,0.000,0.000
5329,0,0,663.750,33.750,292.500,663.750,33.750,292.500,0.000,0.000
5330,0,0,652.500,33.750,300.000,652.500,33.750,300.000,0.000,0.000
5331,0,0,652.500,45.000,300.000,652.500,45.000,300.000,0.000,0.000
5332,0,0,652.500,33.750,307.500,652.500,33.750,307.500,0.000,0.000
5333,0,0,663.750,33.750,307.500,663.750,33.750,307.500,0.000,0.000
5334,0,0,652.500,33.750,315.000,652.500,33.750,315.000,0.000,0.000
5335,0,0,652.500,45.000,315.000,652.500,45.000,315.000,0.000,0.000
5336,0,0,652.500,33.750,322.500,652.500,33.750,322.500,0.000,0.000
5337,0,0,663.750,33.750,322.500,663.750,33.750,322.500,0.000,0.000
5338,0,0,652.500,33.750,330.000,652.500,33.750,330.000,0.000,0.000
5339,0,0,652.500,45.000,330.000,652.500,45.000,330.000,0.000,0.000
5340,0,0,652.500,33.750,337.500,652.500,33.750,337.500,0.000,0.000
5341,0,0,663.750,33.750,337.500,663.750,33.750,337.500,0.000,0.000
5342,0,0,652.500,33.750,345.000,652.500,33.750,345.000,0.000,0.000
5343,0,0,652.500,45.000,345.000,652.500,45.000,345.000,0.000,0.000
5344,0,0,652.500,33.750,352.500,652.500,33.750,352.500,0.000,0.000
5345,0,0,663.750,33.750,352.500,663.750,33.750,352.500,0.000,0.000
5346,0,0,652.500,33.750,360.000,652.500,33.750,360.000,0.000,0.000
5347,0,0,652.500,45.000,360.000,652.500,45.000,360.000,0.000,0.000
5348,0,0,652.500,33.750,367.500,652.500,33.750,367.500,0.000,0.000
5349,0,0,663.750,33.750,367.500,663.750,33.750,367.500,0.000,0.000
5350,0,0,652.500,33.750,375.000,652.500,33.750,375.000,0.000,0.000
5351,0,0,652.500,45.000,375.000,652.500,45.000,375.000,0.000,0.000
5352,0,0,652.500,33.750,382.500,652.500,33.750,382.500,0.000,0.000
5353,0,0,663.750,33.750,382.500,663.750,33.750,382.500,0.000,0.000
5354,0,0,652.500,33.750,390.000,652.500,33.750,390.000,0.000,0.000
5355,0,0,652.500,45.000,390.000,652.500,45.000,390.000,0.000,0.000
5356,0,0,652.500,33.750,397.500,652.500,33.750,397.500,0.000,0.000
5357,0,0,663.750,33.750,397.500,663.750,33.750,397.500,0.000,0.000
5358,0,0,652.500,33.750,405.000,652.500,33.750,405.000,0.000,0.000
5359,0,0,652.500,45.000,405.000,652.500,45.000,405.000,0.000,0.000
5360,0,0,652.500,33.750,412.500,652.500,33.750,412.500,0.000,0.000
5361,0,0,663.750,33.750,412.500,663.750,33.750,412.500,0.000,0.000
5362,0,0,652.500,33.750,420.000,652.500,33.750,420.000,0.000,0.000
5363,0,0,652.500,45.000,420.000,652.500,45.000,420.000,0.000,0.000
5364,0,0,652.500,33.750,427.500,652.500,33.750,427.500,0.000,0.000
5365,0,0,663.750,33.750,427.500,663.750,33.750,427.500,0.000,0.000
5366,0,0,652.500,33.750,435.000,652.500,33.750,435.000,0.000,0.000
5367,0,0,652.500,45.000,435.000,652.500,45.000,435.000,0.000,0.000
5368,0,0,652.500,33.750,442.500,652.500,33.750,442.500,0.000,0.000
5369,0,0,663.750,33.750,442.500,663.750,33.750,442.500,0.000,0.000
5370,0,0,652.500,33.750,450.000,652.500,33.750,450.000,0.000,0.000
5371,0,0,652.500,45.000,450.000,652.500,45.000,450.000,0.000,0.000
5372,0,0,652.500,33.750,457.500,652.500,33.750,457.500,0.000,0.000
5373,0,0,663.750,33.750,457.500,663.750,33.750,457.500,0.000,0.000
5374,0,0,652.500,33.750,465.000,652.500,33.750,465.000,0.000,0.000
5375,0,0,652.500,45.000,465.000,652.500,45.000,465.000,0.000,0.000
5376,0,0,652.500,33.750,472.500,652.500,33.750,472.500,0.000,0.000
5377,0,0,663.750,33.750,472.500,663.750,33.750,472.500,0.000,0.000
5378,0,0,652.500,33.750,480.000,652.500,33.750,480.000,0.000,0.000
5379,0,0,652.500,45.000,480.000,652.500,45.000,480.000,0.000,0.000
5380,0,0,652.500,33.750,487.500,652.500,33.750,487.500,0.000,0.000
5381,0,0,663.750,33.750,487.500,663.750,33.750,487.500,0.000,0.000
5382,0,0,652.500,33.750,495.000,652.500,33.750,495.000,0.000,0.000
5383,0,0,652.500,45.000,495.000,652.500,45.000,495.000,0.000,0.000
5384,0,0,652.500,33.750,502.500,652.500,33.750,502.500,0.000,0.000
5385,0,0,663.750,33.750,502.500,663.750,33.750,502.500,0.000,0.000
5386,0,0,652.500,33.750,510.000,652.500,33.750,510.000,0.000,0.000
5387,0,0,652.500,45.000,510.000,652.500,45.000,510.000,0.000,0.000
5388,0,0,652.500,33.750,517.500,652.500,33.750,517.500,0.000,0.000
5389,0,0,663.750,33.750,517.500,663.750,33.750,517.500,0.000,0.000
5390,0,0,652.500,33.750,525.000,652.500,33.750,525.000,0.000,0.000
5391,0,0,652.500,45.000,525.000,652.500,45.000,525.000,0.000,0.000
5392,0,0,652.500,33.750,532.500,652.500,33.750,532.500,0.000,0.000
5393,0,0,663.750,33.750,532.500,663.750,33.750,532.500,0.000,0.000
5394,0,0,652.500,33.750,540.000,652.500,33.750,540.000,0.000,0.000
5395,0,0,652.500,45.000,540.000,652.500,45.000,540.000,0.000,0.000
5396,0,0,652.500,33.750,547.500,652.500,33.750,547.500,0.000,0.000
5397,0,0,663.750,33.750,547.500,663.750,33.750,547.500,0.000,0.000
5398,0,0,652.500,33.750,555.000,652.500,33.750,555.000,0.000,0.000
5399,0,0,652.500,45.000,555.000,652.500,45.000,555.000,0.000,0.000
5400,0,0,652.500,33.750,562.500,652.500,33.750,562.500,0.000,0.000
5401,0,0,663.750,33.750,562.500,663.750,33.750,562.500,0.000,0.000
5402,0,0,652.500,33.750,570.000,652.500,33.750,570.000,0.000,0.000
5403,0,0,652.500,45.000,570.000,652.500,45.000,570.000,0.000,0.000
5404,0,0,652.500,33.750,577.500,652.500,33.750,577.500,0.000,0.000
5405,0,0,663.750,33.750,577.500,663.750,33.750,577.500,0.000,0.000
5406,0,0,652.500,33.750,585.000,652.500,33.750,585.000,0.000,0.000
5407,0,0,652.500,45.000,585.000,652.500,45.000,585.000,0.000,0.000
5408,0,0,652.500,33.750,592.500,652.500,33.750,592.500,0.000,0.000
5409,0,0,663.750,33.750,592.500,663.750,33.750,592.500,0.000,0.000
5410,0,0,652.500,33.750,600.000,652.500,33.750,600.000,0.000,0.000
5411,0,0,652.500,45.000,600.000,652.500,45.000,600.000,0.000,0.000
5412,0,0,652.500,33.750,607.500,652.500,33.750,607.500,0.000,0.000
5413,0,0,663.750,33.750,607.500,663.750,33.750,607.500,0.000,0.000
5414,0,0,652.500,33.750,615.000,652.500,33.750,615.000,0.000,0.000
5415,0,0,652.500,45.000,615.000,652.500,45.000,615.000,0.000,0.000
5416,0,0,652.500,33.750,622.500,652.500,33.750,622.500,0.000,0.000
5417,0,0,663.750,33.750,622.500,663.750,33.750,622.500,0.000,0.000
5418,0,0,652.500,33.750,630.000,652.500,33.750,630.000,0.000,0.000
5419,0,0,652.500,45.000,630.000,652.500,45.000,630.000,0.000,0.000
5420,0,0,652.500,33.750,637.500,652.500,33.750,637.500,0.000,0.000
5421,0,0,663.750,33.750,637.500,663.750,33.750,637.500,0.000,0.000
5422,0,0,652.500,33.750,645.000,652.500,33.750,645.000,0.000,0.000
5423,0,0,652.500,45.000,645.000,652.500,45.000,645.000,0.000,0.000
5424,0,0,652.500,33.750,652.500,652.500,33.750,652.500,0.000,0.000
5425,0,0,663.750,33.750,652.500,663.750,33.750,652.500,0.000,0.000
5426,0,0,652.500,33.750,660.000,652.500,33.750,660.000,0.000,0.000
5427,0,0,652.500,45.000,660.000,652.500,45.000,660.000,0.000,0.000
5428,0,0,652.500,33.750,667.500,652.500,33.750,667.500,0.000,0.000
5429,0,0,663.750,33.750,667.500,663.750,33.750,667.500,0.000,0.000
5430,0,0,646.875,28.125,675.000,646.875,28.125,675.000,0.000,0.000
5431,0,0,652.500,281.250,0.000,652.500,281.250,0.000,0.000,0.000
5432,0,0,652.500,292.500,0.000,652.500,292.500,0.000,0.000,0.000
5433,0,0,652.500,281.250,7.500,652.500,281.250,7.500,0.000,0.000
5434,0,0,663.750,281.250,7.500,663.750,281.250,7.500,0.000,0.000
5435,0,0,652.500,281.250,15.000,652.500,281.250,15.000,0.000,0.000
5436,0,0,652.500,292.500,15.000,652.500,292.500,15.000,0.000,0.000
5437,0,0,652.500,281.250,22.500,652.500,281.250,22.500,0.000,0.000
5438,0,0,663.750,281.250,22.500,663.750,281.250,22.500,0.000,0.000
5439,0,0,652.500,281.250,30.000,652.500,281.250,30.000,0.000,0.000
5440,0,0,652.500,292.500,30.000,652.500,292.500,30.000,0.000,0.000
5441,0,0,652.500,281.250,37.500,652.500,281.250,37.500,0.000,0.000
5442,0,0,663.750,281.250,37.500,663.750,281.250,37.500,0.000,0.000
5443,0,0,652.500,281.250,45.000,652.500,281.250,45.000,0.000,0.000
5444,0,0,652.500,292.500,45.000,652.500,292.500,45.000,0.000,0.000
5445,0,0,652.500,281.250,52.500,652.500,281.250,52.500,0.000,0.000
5446,0,0,663.750,281.250,52.500,663.750,281.250,52.500,0.000,0.000
5447,0,0,652.500,281.250,60.000,652.500,281.250,60.000,0.000,0.000
5448,0,0,652.500,292.500,60.000,652.500,292.500,60.000,0.000,0.000
5449,0,0,652.500,281.250,67.500,652.500,281.250,67.500,0.000,0.000
5450,0,0,663.750,281.250,67.500,663.750,281.250,67.500,0.000,0.000
5451,0,0,652.500,281.250,75.000,652.500,281.250,75.000,0.000,0.000
5452,0,0,652.500,292.500,75.000,652.500,292.500,75.000,0.000,0.000
5453,0,0,652.500,281.250,82.500,652.500,281.250,82.500,0.000,0.000
5454,0,0,663.750,281.250,82.500,663.750,281.250,82.500,0.000,0.000
5455,0,0,652.500,281.250,90.000,652.500,281.250,90.000,0.000,0.000
5456,0,0,652.500,292.500,90.000,652.500,292.500,90.000,0.000,0.000
5457,0,0,652.500,281.250,97.500,652.500,281.250,97.500,0.000,0.000
5458,0,0,663.750,281.250,97.500,663.750,281.250,97.500,0.000,0.000
5459,0,0,652.500,281.250,105.000,652.500,281.250,105.000,0.000,0.000
5460,0,0,652.500,292.500,105.000,652.500,292.500,105.000,0.000,0.000
5461,0,0,652.500,281.250,112.500,652.500,281.250,112.500,0.000,0.000
5462,0,0,663.750,281.250,112.500,663.750,281.250,112.500,0.000,0.000
5463,0,0,652.500,281.250,120.000,652.500,281.250,120.000,0.000,0.000
5464,0,0,652.500,292.500,120.000,652.500,292.500,120.000,0.000,0.000
5465,0,0,652.500,281.250,127.500,652.500,281.250,127.500,0.000,0.000
5466,0,0,663.750,281.250,127.500,663.750,281.250,127.500,0.000,0.000
5467,0,0,652.500,281.250,135.000,652.500,281.250,135.000,0.000,0.000
5468,0,0,652.500,292.500,135.000,652.500,292.500,135.000,0.000,0.000
5469,0,0,652.500,281.250,142.500,652.500,281.250,142.500,0.000,0.000
5470,0,0,663.750,281.250,142.500,663.750,281.250,142.500,0.000,0.000
5471,0,0,652.500,281.250,150.000,652.500,281.250,150.000,0.000,0.000
5472,0,0,652.500,292.500,150.000,652.500,292.500,150.000,0.000,0.000
5473,0,0,652.500,281.250,157.500,652.500,281.250,157.500,0.000,0.000
5474,0,0,663.750,281.250,157.500,663.750,281.250,157.500,0.000,0.000
5475,0,0,652.500,281.250,165.000,652.500,281.250,165.000,0.000,0.000
5476,0,0,652.500,292.500,165.000,652.500,292.500,165.000,0.000,0.000
5477,0,0,652.500,281.250,172.500,652.500,281.250,172.500,0.000,0.000
5478,0,0,663.750,281.250,172.500,663.750,281.250,172.500,0.000,0.000
5479,0,0,652.500,281.250,180.000,652.500,281.250,180.000,0.000,0.000
5480,0,0,652.500,292.500,180.000,652.500,292.500,180.000,0.000,0.000
5481,0,0,652.500,281.250,187.500,652.500,281.250,187.500,0.000,0.000
5482,0,0,663.750,281.250,187.500,663.750,281.250,187.500,0.000,0.000
5483,0,0,652.500,281.250,195.000,652.500,281.250,195.000,0.000,0.000
5484,0,0,652.500,292.500,195.000,652.500,292.500,195.000,0.000,0.000
5485,0,0,652.500,281.250,202.500,652.500,281.250,202.500,0.000,0.000
5486,0,0,663.750,281.250,202.500,663.750,281.250,202.500,0.000,0.000
5487,0,0,652.500,281.250,210.000,652.500,281.250,210.000,0.000,0.000
5488,0,0,652.500,292.500,210.000,652.500,292.500,210.000,0.000,0.000
5489,0,0,652.500,281.250,217.500,652.500,281.250,217.500,0.000,0.000
5490,0,0,663.750,281.250,217.500,663.750,281.250,217.500,0.000,0.000
5491,0,0,652.500,281.250,225.000,652.500,281.250,225.000,0.000,0.000
5492,0,0,652.500,292.500,225.000,652.500,292.500,225.000,0.000,0.000
5493,0,0,652.500,281.250,232.500,652.500,281.250,232.500,0.000,0.000
5494,0,0,663.750,281.250,232.500,663.750,281.250,232.500,0.000,0.000
5495,0,0,652.500,281.250,240.000,652.500,281.250,240.000,0.000,0.000
5496,0,0,652.500,292.500,240.000,652.500,292.500,240.000,0.000,0.000
5497,0,0,652.500,281.250,247.500,652.500,281.250,247.500,0.000,0.000
5498,0,0,663.750,281.250,247.500,663.750,281.250,247.500,0.000,0.000
5499,0,0,652.500,281.250,255.000,652.500,281.250,255.000,0.000,0.000
5500,0,0,652.500,292.500,255.000,652.500,292.500,255.000,0.000,0.000
5501,0,0,652.500,281.250,262.500,652.500,281.250,262.500,0.000,0.000
5502,0,0,663.750,281.250,262.500,663.750,281.250,262.500,0.000,0.000
5503,0,0,652.500,281.250,270.000,652.500,281.250,270.000,0.000,0.000
5504,0,0,652.500,292.500,270.000,652.500,292.500,270.000,0.000,0.000
5505,0,0,652.500,281.250,277.500,652.500,281.250,277.500,0.000,0.000
5506,0,0,663.750,281.250,277.500,663.750,281.250,277.500,0.000,0.000
5507,0,0,652.500,281.250,285.000,652.500,281.250,285.000,0.000,0.000
5508,0,0,652.500,292.500,285.000,652.500,292.500,285.000,0.000,0.000
5509,0,0,652.500,281.250,292.500,652.500,281.250,292.500,0.000,0.000
5510,0,0,663.750,281.250,292.500,663.750,281.250,292.500,0.000,0.000
5511,0,0,652.500,281.250,300.000,652.500,281.250,300.000,0.000,0.000
5512,0,0,652.500,292.500,300.000,652.500,292.500,300.000,0.000,0.000
5513,0,0,652.500,281.250,307.500,652.500,281.250,307.500,0.000,0.000
5514,0,0,663.750,281.250,307.500,663.750,281.250,307.500,0.000,0.000
5515,0,0,652.500,281.250,315.000,652.500,281.250,315.000,0.000,0.000
5516,0,0,652.500,292.500,315.000,652.500,292.500,315.000,0.000,0.000
5517,0,0,652.500,281.250,322.500,652.500,281.250,322.500,0.000,0.000
5518,0,0,663.750,281.250,322.500,663.750,281.250,322.500,0.000,0.000
5519,0,0,652.500,281.250,330.000,652.500,281.250,330.000,0.000,0.000
5520,0,0,652.500,292.500,330.000,652.500,292.500,330.000,0.000,0.000
5521,0,0,652.500,281.250,337.500,652.500,281.250,337.500,0.000,0.000
5522,0,0,663.750,281.250,337.500,663.750,281.250,337.500,0.000,0.000
5523,0,0,652.500,281.250,345.000,652.500,281.250,345.000,0.000,0.000
5524,0,0,652.500,292.500,345.000,652.500,292.500,345.000,0.000,0.000
5525,0,0,652.500,281.250,352.500,652.500,281.250,352.500,0.000,0.000
5526,0,0,663.750,281.250,352.500,663.750,281.250,352.500,0.000,0.000
5527,0,0,652.500,281.250,360.000,652.500,281.250,360.000,0.000,0.000
5528,0,0,652.500,292.500,360.000,652.500,292.500,360.000,0.000,0.000
5529,0,0,652.500,281.250,367.500,652.500,281.250,367.500,0.000,0.000
5530,0,0,663.750,281.250,367.500,663.750,281.250,367.500,0.000,0.000
5531,0,0,652.500,281.250,375.000,652.500,281.250,375.000,0.000,0.000
5532,0,0,652.500,292.500,375.000,652.500,292.500,375.000,0.000,0.000
5533,0,0,652.500,281.250,382.500,652.500,281.250,382.500,0.000,0.000
5534,0,0,663.750,281.250,382.500,663.750,281.250,382.500,0.000,0.000
5535,0,0,652.500,281.250,390.000,652.500,281.250,390.000,0.000,0.000
5536,0,0,652.500,292.500,390.000,652.500,292.500,390.000,0.000,0.000
5537,0,0,652.500,281.250,397.500,652.500,281.250,397.500,0.000,0.000
5538,0,0,663.750,281.250,397.500,663.750,281.250,397.500,0.000,0.000
5539,0,0,652.500,281.250,405.000,652.500,281.250,405.000,0.000,0.000
5540,0,0,652.500,292.500,405.000,652.500,292.500,405.000,0.000,0.000
5541,0,0,652.500,281.250,412.500,652.500,281.250,412.500,0.000,0.000
5542,0,0,663.750,281.250,412.500,663.750,281.250,412.500,0.000,0.000
5543,0,0,652.500,281.250,420.000,652.500,281.250,420.000,0.000,0.000
5544,0,0,652.500,292.500,420.000,652.500,292.500,420.000,0.000,0.000
5545,0,0,652.500,281.250,427.500,652.500,281.250,427.500,0.000,0.000
5546,0,0,663.750,281.250,427.500,663.750,281.250,427.500,0.000,0.000
5547,0,0,652.500,281.250,435.000,652.500,281.250,435.000,0.000,0.000
5548,0,0,652.500,292.500,435.000,652.500,292.500,435.000,0.000,0.000
5549,0,0,652.500,281.250,442.500,652.500,281.250,442.500,0.000,0.000
5550,0,0,663.750,281.250,442.500,663.750,281.250,442.500,0.000,0.000
5551,0,0,652.500,281.250,450.000,652.500,281.250,450.000,0.000,0.000
5552,0,0,652.500,292.500,450.000,652.500,292.500,450.000,0.000,0.000
5553,0,0,652.500,281.250,457.500,652.500,281.250,457.500,0.000,0.000
5554,0,0,663.750,281.250,457.500,663.750,281.250,457.500,0.000,0.000
5555,0,0,652.500,281.250,465.000,652.500,281.250,465.000,0.000,0.000
5556,0,0,652.500,292.500,465.000,652.500,292.500,465.000,0.000,0.000
5557,0,0,652.500,281.250,472.500,652.500,281.250,472.500,0.000,0.000
5558,0,0,663.750,281.250,472.500,663.750,281.250,472.500,0.000,0.000
5559,0,0,652.500,281.250,480.000,652.500,281.250,480.000,0.000,0.000
5560,0,0,652.500,292.500,480.000,652.500,292.500,480.000,0.000,0.000
5561,0,0,652.500,281.250,487.500,652.500,281.250,487.500,0.000,0.000
5562,0,0,663.750,281.250,487.500,663.750,281.250,487.500,0.000,0.000
5563,0,0,652.500,281.250,495.000,652.500,281.250,495.000,0.000,0.000
5564,0,0,652.500,292.500,495.000,652.500,292.500,495.000,0.000,0.000
5565,0,0,652.500,281.250,502.500,652.500,281.250,502.500,0.000,0.000
5566,0,0,663.750,281.250,502.500,663.750,281.250,502.500,0.000,0.000
5567,0,0,652.500,281.250,510.000,652.500,281.250,510.000,0.000,0.000
5568,0,0,652.500,292.500,510.000,652.500,292.500,510.000,0.000,0.000
5569,0,0,652.500,281.250,517.500,652.500,281.250,517.500,0.000,0.000
5570,0,0,663.750,281.250,517.500,663.750,281.250,517.500,0.000,0.000
5571,0,0,652.500,281.250,525.000,652.500,281.250,525.000,0.000,0.000
5572,0,0,652.500,292.500,525.000,652.500,292.500,525.000,0.000,0.000
5573,0,0,652.500,281.250,532.500,652.500,281.250,532.500,0.000,0.000
5574,0,0,663.750,281.250,532.500,663.750,281.250,532.500,0.000,0.000
5575,0,0,652.500,281.250,540.000,652.500,281.250,540.000,0.000,0.000
5576,0,0,652.500,292.500,540.000,652.500,292.500,540.000,0.000,0.000
5577,0,0,652.500,281.250,547.500,652.500,281.250,547.500,0.000,0.000
5578,0,0,663.750,281.250,547.500,663.750,281.250,547.500,0.000,0.000
5579,0,0,652.500,281.250,555.000,652.500,281.250,555.000,0.000,0.000
5580,0,0,652.500,292.500,555.000,652.500,292.500,555.000,0.000,0.000
5581,0,0,652.500,281.250,562.500,652.500,281.250,562.500,0.000,0.000
5582,0,0,663.750,281.250,562.500,663.750,281.250,562.500,0.000,0.000
5583,0,0,652.500,281.250,570.000,652.500,281.250,570.000,0.000,0.000
5584,0,0,652.500,292.500,570.000,652.500,292.500,570.000,0.000,0.000
5585,0,0,652.500,281.250,577.500,652.500,281.250,577.500,0.000,0.000
5586,0,0,663.750,281.250,577.500,663.750,281.250,577.500,0.000,0.000
5587,0,0,652.500,281.250,585.000,652.500,281.250,585.000,0.000,0.000
5588,0,0,652.500,292.500,585.000,652.500,292.500,585.000,0.000,0.000
5589,0,0,652.500,281.250,592.500,652.500,281.250,592.500,0.000,0.000
5590,0,0,663.750,281.250,592.500,663.750,281.250,592.500,0.000,0.000
5591,0,0,652.500,281.250,600.000,652.500,281.250,600.000,0.000,0.000
5592,0,0,652.500,292.500,600.000,652.500,292.500,600.000,0.000,0.000
5593,0,0,652.500,281.250,607.500,652.500,281.250,607.500,0.000,0.000
5594,0,0,663.750,281.250,607.500,663.750,281.250,607.500,0.000,0.000
5595,0,0,652.500,281.250,615.000,652.500,281.250,615.000,0.000,0.000
5596,0,0,652.500,292.500,615.000,652.500,292.500,615.000,0.000,0.000
5597,0,0,652.500,281.250,622.500,652.500,281.250,622.500,0.000,0.000
5598,0,0,663.750,281.250,622.500,663.750,281.250,622.500,0.000,0.000
5599,0,0,652.500,281.250,630.000,652.500,281.250,630.000,0.000,0.000
5600,0,0,652.500,292.500,630.000,652.500,292.500,630.000,0.000,0.000
5601,0,0,652.500,281.250,637.500,652.500,281.250,637.500,0.000,0.000
5602,0,0,663.750,281.250,637.500,663.750,281.250,637.500,0.000,0.000
5603,0,0,652.500,281.250,645.000,652.500,281.250,645.000,0.000,0.000
5604,0,0,652.500,292.500,645.000,652.500,292.500,645.000,0.000,0.000
5605,0,0,652.500,281.250,652.500,652.500,281.250,652.500,0.000,0.000
5606,0,0,663.750,281.250,652.500,663.750,281.250,652.500,0.000,0.000
5607,0,0,652.500,281.250,660.000,652.500,281.250,660.000,0.000,0.000
5608,0,0,652.500,292.500,660.000,652.500,292.500,660.000,0.000,0.000
5609,0,0,652.500,281.250,667.500,652.500,281.250,667.500,0.000,0.000
5610,0,0,663.750,281.250,667.500,663.750,281.250,667.500,0.000,0.000
5611,0,0,646.875,275.625,675.000,646.875,275.625,675.000,0.000,0.000
