piece,released,removed,laidZ,finalZ,displacementCm,dropCm
0,0,0,0.000,0.000,0.000,0.000
1,0,0,-0.000,-0.000,0.000,0.000
2,0,0,-0.000,-0.000,0.000,0.000
3,0,0,-0.000,-0.000,0.000,0.000
4,0,0,-0.000,-0.000,0.000,0.000
5,0,0,-0.000,-0.000,0.000,0.000
6,0,0,-0.000,-0.000,0.000,0.000
7,0,0,-0.000,-0.000,0.000,0.000
8,0,0,-0.000,-0.000,0.000,0.000
9,0,0,-0.000,-0.000,0.000,0.000
10,0,0,-0.000,-0.000,0.000,0.000
11,0,0,-0.000,-0.000,0.000,0.000
12,0,0,-0.000,-0.000,0.000,0.000
13,0,0,-0.000,-0.000,0.000,0.000
14,0,0,-0.000,-0.000,0.000,0.000
15,0,0,15.000,15.000,0.000,0.000
16,0,0,15.000,15.000,0.000,0.000
17,0,0,15.000,15.000,0.000,0.000
18,0,0,15.000,15.000,0.000,0.000
19,0,0,15.000,15.000,0.000,0.000
20,0,0,15.000,15.000,0.000,0.000
21,0,0,15.000,15.000,0.000,0.000
22,0,0,15.000,15.000,0.000,0.000
23,0,0,15.000,15.000,0.000,0.000
24,0,0,15.000,15.000,0.000,0.000
25,0,0,15.000,15.000,0.000,0.000
26,0,0,15.000,15.000,0.000,0.000
27,0,0,15.000,15.000,0.000,0.000
28,0,0,15.000,15.000,0.000,0.000
29,0,0,15.000,15.000,0.000,0.000
30,0,0,15.000,15.000,0.000,0.000
31,0,0,15.000,15.000,0.000,0.000
32,0,0,15.000,15.000,0.000,0.000
33,0,0,15.000,15.000,0.000,0.000
34,0,0,15.000,15.000,0.000,0.000
35,0,0,15.000,15.000,0.000,0.000
36,0,0,15.000,15.000,0.000,0.000
37,0,0,15.000,15.000,0.000,0.000
38,0,0,15.000,15.000,0.000,0.000
39,0,0,15.000,15.000,0.000,0.000
40,0,0,15.000,15.000,0.000,0.000
41,0,0,15.000,15.000,0.000,0.000
42,0,0,15.000,15.000,0.000,0.000
43,0,0,15.000,15.000,0.000,0.000
44,0,0,22.500,22.500,0.000,0.000
45,0,0,22.500,22.500,0.000,0.000
46,0,0,22.500,22.500,0.000,0.000
47,0,0,22.500,22.500,0.000,0.000
48,0,0,22.500,22.500,0.000,0.000
49,0,0,22.500,22.500,0.000,0.000
50,0,0,22.500,22.500,0.000,0.000
51,0,0,22.500,22.500,0.000,0.000
52,0,0,22.500,22.500,0.000,0.000
53,0,0,22.500,22.500,0.000,0.000
54,0,0,22.500,22.500,0.000,0.000
55,0,0,22.500,22.500,0.000,0.000
56,0,0,22.500,22.500,0.000,0.000
57,0,0,22.500,22.500,0.000,0.000
58,0,0,22.500,22.500,0.000,0.000
59,0,0,22.500,22.500,0.000,0.000
60,0,0,22.500,22.500,0.000,0.000
61,0,0,22.500,22.500,0.000,0.000
62,0,0,22.500,22.500,0.000,0.000
63,0,0,22.500,22.500,0.000,0.000
64,0,0,22.500,22.500,0.000,0.000
65,0,0,22.500,22.500,0.000,0.000
66,0,0,22.500,22.500,0.000,0.000
67,0,0,22.500,22.500,0.000,0.000
68,0,0,22.500,22.500,0.000,0.000
69,0,0,22.500,22.500,0.000,0.000
70,0,0,22.500,22.500,0.000,0.000
71,0,0,22.500,22.500,0.000,0.000
72,0,0,22.500,22.500,0.000,0.000
73,0,0,22.500,22.500,0.000,0.000
74,0,0,30.000,30.000,0.000,0.000
75,0,0,30.000,30.000,0.000,0.000
76,0,0,30.000,30.000,0.000,0.000
77,0,0,30.000,30.000,0.000,0.000
78,0,0,30.000,30.000,0.000,0.000
79,0,0,30.000,30.000,0.000,0.000
80,0,0,30.000,30.000,0.000,0.000
81,0,0,30.000,30.000,0.000,0.000
82,0,0,30.000,30.000,0.000,0.000
83,0,0,30.000,30.000,0.000,0.000
84,0,0,30.000,30.000,0.000,0.000
85,0,0,30.000,30.000,0.000,0.000
86,0,0,30.000,30.000,0.000,0.000
87,0,0,30.000,30.000,0.000,0.000
88,0,0,30.000,30.000,0.000,0.000
89,0,0,30.000,30.000,0.000,0.000
90,0,0,30.000,30.000,0.000,0.000
91,0,0,30.000,30.000,0.000,0.000
92,0,0,30.000,30.000,0.000,0.000
93,0,0,30.000,30.000,0.000,0.000
94,0,0,30.000,30.000,0.000,0.000
95,0,0,30.000,30.000,0.000,0.000
96,0,0,30.000,30.000,0.000,0.000
97,0,0,30.000,30.000,0.000,0.000
98,0,0,30.000,30.000,0.000,0.000
99,0,0,30.000,30.000,0.000,0.000
100,0,0,30.000,30.000,0.000,0.000
101,0,0,30.000,30.000,0.000,0.000
102,0,0,30.000,30.000,0.000,0.000
103,0,0,37.500,37.500,0.000,0.000
104,0,0,37.500,37.500,0.000,0.000
105,0,0,37.500,37.500,0.000,0.000
106,0,0,37.500,37.500,0.000,0.000
107,0,0,37.500,37.500,0.000,0.000
108,0,0,37.500,37.500,0.000,0.000
109,0,0,37.500,37.500,0.000,0.000
110,0,0,37.500,37.500,0.000,0.000
111,0,0,37.500,37.500,0.000,0.000
112,0,0,37.500,37.500,0.000,0.000
113,0,0,37.500,37.500,0.000,0.000
114,0,0,37.500,37.500,0.000,0.000
115,0,0,37.500,37.500,0.000,0.000
116,0,0,37.500,37.500,0.000,0.000
117,0,0,37.500,37.500,0.000,0.000
118,0,0,37.500,37.500,0.000,0.000
119,0,0,37.500,37.500,0.000,0.000
120,0,0,37.500,37.500,0.000,0.000
121,0,0,37.500,37.500,0.000,0.000
122,0,0,37.500,37.500,0.000,0.000
123,0,0,37.500,37.500,0.000,0.000
124,0,0,37.500,37.500,0.000,0.000
125,0,0,37.500,37.500,0.000,0.000
126,0,0,37.500,37.500,0.000,0.000
127,0,0,37.500,37.500,0.000,0.000
128,0,0,37.500,37.500,0.000,0.000
129,0,0,37.500,37.500,0.000,0.000
130,0,0,37.500,37.500,0.000,0.000
131,0,0,37.500,37.500,0.000,0.000
132,0,0,37.500,37.500,0.000,0.000
133,0,0,45.000,45.000,0.000,0.000
134,0,0,45.000,45.000,0.000,0.000
135,0,0,45.000,45.000,0.000,0.000
136,0,0,45.000,45.000,0.000,0.000
137,0,0,45.000,45.000,0.000,0.000
138,0,0,45.000,45.000,0.000,0.000
139,0,0,45.000,45.000,0.000,0.000
140,0,0,45.000,45.000,0.000,0.000
141,0,0,45.000,45.000,0.000,0.000
142,0,0,45.000,45.000,0.000,0.000
143,0,0,45.000,45.000,0.000,0.000
144,0,0,45.000,45.000,0.000,0.000
145,0,0,45.000,45.000,0.000,0.000
146,0,0,45.000,45.000,0.000,0.000
147,0,0,45.000,45.000,0.000,0.000
148,0,0,45.000,45.000,0.000,0.000
149,0,0,45.000,45.000,0.000,0.000
150,0,0,45.000,45.000,0.000,0.000
151,0,0,45.000,45.000,0.000,0.000
152,0,0,45.000,45.000,0.000,0.000
153,0,0,45.000,45.000,0.000,0.000
154,0,0,45.000,45.000,0.000,0.000
155,0,0,45.000,45.000,0.000,0.000
156,0,0,45.000,45.000,0.000,0.000
157,0,0,45.000,45.000,0.000,0.000
158,0,0,45.000,45.000,0.000,0.000
159,0,0,45.000,45.000,0.000,0.000
160,0,0,45.000,45.000,0.000,0.000
161,0,0,45.000,45.000,0.000,0.000
162,0,0,52.500,52.500,0.000,0.000
163,0,0,52.500,52.500,0.000,0.000
164,0,0,52.500,52.500,0.000,0.000
165,0,0,52.500,52.500,0.000,0.000
166,0,0,52.500,52.500,0.000,0.000
167,0,0,52.500,52.500,0.000,0.000
168,0,0,52.500,52.500,0.000,0.000
169,0,0,52.500,52.500,0.000,0.000
170,0,0,52.500,52.500,0.000,0.000
171,0,0,52.500,52.500,0.000,0.000
172,0,0,52.500,52.500,0.000,0.000
173,0,0,52.500,52.500,0.000,0.000
174,0,0,52.500,52.500,0.000,0.000
175,0,0,52.500,52.500,0.000,0.000
176,0,0,52.500,52.500,0.000,0.000
177,0,0,52.500,52.500,0.000,0.000
178,0,0,52.500,52.500,0.000,0.000
179,0,0,52.500,52.500,0.000,0.000
180,0,0,52.500,52.500,0.000,0.000
181,0,0,52.500,52.500,0.000,0.000
182,0,0,52.500,52.500,0.000,0.000
183,0,0,52.500,52.500,0.000,0.000
184,0,0,52.500,52.500,0.000,0.000
185,0,0,52.500,52.500,0.000,0.000
186,0,0,52.500,52.500,0.000,0.000
187,0,0,60.000,60.000,0.000,0.000
188,0,0,60.000,60.000,0.000,0.000
189,0,0,60.000,60.000,0.000,0.000
190,0,0,60.000,60.000,0.000,0.000
191,0,0,60.000,60.000,0.000,0.000
192,0,0,60.000,60.000,0.000,0.000
193,0,0,60.000,60.000,0.000,0.000
194,0,0,60.000,60.000,0.000,0.000
195,0,0,60.000,60.000,0.000,0.000
196,0,0,60.000,60.000,0.000,0.000
197,0,0,60.000,60.000,0.000,0.000
198,0,0,60.000,60.000,0.000,0.000
199,0,0,60.000,60.000,0.000,0.000
200,0,0,60.000,60.000,0.000,0.000
201,0,0,60.000,60.000,0.000,0.000
202,0,0,60.000,60.000,0.000,0.000
203,0,0,60.000,60.000,0.000,0.000
204,0,0,60.000,60.000,0.000,0.000
205,0,0,60.000,60.000,0.000,0.000
206,0,0,60.000,60.000,0.000,0.000
207,0,0,60.000,60.000,0.000,0.000
208,0,0,60.000,60.000,0.000,0.000
209,0,0,60.000,60.000,0.000,0.000
210,0,0,60.000,60.000,0.000,0.000
211,0,0,67.500,67.500,0.000,0.000
212,0,0,67.500,67.500,0.000,0.000
213,0,0,67.500,67.500,0.000,0.000
214,0,0,67.500,67.500,0.000,0.000
215,0,0,67.500,67.500,0.000,0.000
216,0,0,67.500,67.500,0.000,0.000
217,0,0,67.500,67.500,0.000,0.000
218,0,0,67.500,67.500,0.000,0.000
219,0,0,67.500,67.500,0.000,0.000
220,0,0,67.500,67.500,0.000,0.000
221,0,0,67.500,67.500,0.000,0.000
222,0,0,67.500,67.500,0.000,0.000
223,0,0,67.500,67.500,0.000,0.000
224,0,0,67.500,67.500,0.000,0.000
225,0,0,67.500,67.500,0.000,0.000
226,0,0,67.500,67.500,0.000,0.000
227,0,0,67.500,67.500,0.000,0.000
228,0,0,67.500,67.500,0.000,0.000
229,0,0,67.500,67.500,0.000,0.000
230,0,0,67.500,67.500,0.000,0.000
231,0,0,75.000,75.000,0.000,0.000
232,0,0,75.000,75.000,0.000,0.000
233,0,0,75.000,75.000,0.000,0.000
234,0,0,75.000,75.000,0.000,0.000
235,0,0,75.000,75.000,0.000,0.000
236,0,0,75.000,75.000,0.000,0.000
237,0,0,75.000,75.000,0.000,0.000
238,0,0,75.000,75.000,0.000,0.000
239,0,0,75.000,75.000,0.000,0.000
240,0,0,75.000,75.000,0.000,0.000
241,0,0,75.000,75.000,0.000,0.000
242,0,0,75.000,75.000,0.000,0.000
243,0,0,75.000,75.000,0.000,0.000
244,0,0,75.000,75.000,0.000,0.000
245,0,0,75.000,75.000,0.000,0.000
246,0,0,75.000,75.000,0.000,0.000
247,0,0,75.000,75.000,0.000,0.000
248,0,0,75.000,75.000,0.000,0.000
249,0,0,75.000,75.000,0.000,0.000
250,0,0,75.000,75.000,0.000,0.000
251,0,0,75.000,75.000,0.000,0.000
252,0,0,75.000,75.000,0.000,0.000
253,0,0,75.000,75.000,0.000,0.000
254,0,0,75.000,75.000,0.000,0.000
255,0,0,82.500,82.500,0.000,0.000
256,0,0,82.500,82.500,0.000,0.000
257,0,0,82.500,82.500,0.000,0.000
258,0,0,82.500,82.500,0.000,0.000
259,0,0,82.500,82.500,0.000,0.000
260,0,0,82.500,82.500,0.000,0.000
261,0,0,82.500,82.500,0.000,0.000
262,0,0,82.500,82.500,0.000,0.000
263,0,0,82.500,82.500,0.000,0.000
264,0,0,82.500,82.500,0.000,0.000
265,0,0,82.500,82.500,0.000,0.000
266,0,0,82.500,82.500,0.000,0.000
267,0,0,82.500,82.500,0.000,0.000
268,0,0,82.500,82.500,0.000,0.000
269,0,0,82.500,82.500,0.000,0.000
270,0,0,82.500,82.500,0.000,0.000
271,0,0,82.500,82.500,0.000,0.000
272,0,0,82.500,82.500,0.000,0.000
273,0,0,82.500,82.500,0.000,0.000
274,0,0,82.500,82.500,0.000,0.000
275,0,0,90.000,90.000,0.000,0.000
276,0,0,90.000,90.000,0.000,0.000
277,0,0,90.000,90.000,0.000,0.000
278,0,0,90.000,90.000,0.000,0.000
279,0,0,90.000,90.000,0.000,0.000
280,0,0,90.000,90.000,0.000,0.000
281,0,0,90.000,90.000,0.000,0.000
282,0,0,90.000,90.000,0.000,0.000
283,0,0,90.000,90.000,0.000,0.000
284,0,0,90.000,90.000,0.000,0.000
285,0,0,90.000,90.000,0.000,0.000
286,0,0,90.000,90.000,0.000,0.000
287,0,0,90.000,90.000,0.000,0.000
288,0,0,90.000,90.000,0.000,0.000
289,0,0,90.000,90.000,0.000,0.000
290,0,0,90.000,90.000,0.000,0.000
291,0,0,90.000,90.000,0.000,0.000
292,0,0,90.000,90.000,0.000,0.000
293,0,0,90.000,90.000,0.000,0.000
294,0,0,90.000,90.000,0.000,0.000
295,0,0,90.000,90.000,0.000,0.000
296,0,0,90.000,90.000,0.000,0.000
297,0,0,90.000,90.000,0.000,0.000
298,0,0,90.000,90.000,0.000,0.000
299,0,0,97.500,97.500,0.000,0.000
300,0,0,97.500,97.500,0.000,0.000
301,0,0,97.500,97.500,0.000,0.000
302,0,0,97.500,97.500,0.000,0.000
303,0,0,97.500,97.500,0.000,0.000
304,0,0,97.500,97.500,0.000,0.000
305,0,0,97.500,97.500,0.000,0.000
306,0,0,97.500,97.500,0.000,0.000
307,0,0,97.500,97.500,0.000,0.000
308,0,0,97.500,97.500,0.000,0.000
309,0,0,97.500,97.500,0.000,0.000
310,0,0,97.500,97.500,0.000,0.000
311,0,0,97.500,97.500,0.000,0.000
312,0,0,97.500,97.500,0.000,0.000
313,0,0,97.500,97.500,0.000,0.000
314,0,0,97.500,97.500,0.000,0.000
315,0,0,97.500,97.500,0.000,0.000
316,0,0,97.500,97.500,0.000,0.000
317,0,0,97.500,97.500,0.000,0.000
318,0,0,97.500,97.500,0.000,0.000
319,0,0,105.000,105.000,0.000,0.000
320,0,0,105.000,105.000,0.000,0.000
321,0,0,105.000,105.000,0.000,0.000
322,0,0,105.000,105.000,0.000,0.000
323,0,0,105.000,105.000,0.000,0.000
324,0,0,105.000,105.000,0.000,0.000
325,0,0,105.000,105.000,0.000,0.000
326,0,0,105.000,105.000,0.000,0.000
327,0,0,105.000,105.000,0.000,0.000
328,0,0,105.000,105.000,0.000,0.000
329,0,0,105.000,105.000,0.000,0.000
330,0,0,105.000,105.000,0.000,0.000
331,0,0,105.000,105.000,0.000,0.000
332,0,0,105.000,105.000,0.000,0.000
333,0,0,105.000,105.000,0.000,0.000
334,0,0,105.000,105.000,0.000,0.000
335,0,0,105.000,105.000,0.000,0.000
336,0,0,105.000,105.000,0.000,0.000
337,0,0,105.000,105.000,0.000,0.000
338,0,0,105.000,105.000,0.000,0.000
339,0,0,105.000,105.000,0.000,0.000
340,0,0,105.000,105.000,0.000,0.000
341,0,0,105.000,105.000,0.000,0.000
342,0,0,105.000,105.000,0.000,0.000
343,0,0,112.500,112.500,0.000,0.000
344,0,0,112.500,112.500,0.000,0.000
345,0,0,112.500,112.500,0.000,0.000
346,0,0,112.500,112.500,0.000,0.000
347,0,0,112.500,112.500,0.000,0.000
348,0,0,112.500,112.500,0.000,0.000
349,0,0,112.500,112.500,0.000,0.000
350,0,0,112.500,112.500,0.000,0.000
351,0,0,112.500,112.500,0.000,0.000
352,0,0,112.500,112.500,0.000,0.000
353,0,0,112.500,112.500,0.000,0.000
354,0,0,112.500,112.500,0.000,0.000
355,0,0,112.500,112.500,0.000,0.000
356,0,0,112.500,112.500,0.000,0.000
357,0,0,112.500,112.500,0.000,0.000
358,0,0,112.500,112.500,0.000,0.000
359,0,0,112.500,112.500,0.000,0.000
360,0,0,112.500,112.500,0.000,0.000
361,0,0,112.500,112.500,0.000,0.000
362,0,0,112.500,112.500,0.000,0.000
363,0,0,120.000,120.000,0.000,0.000
364,0,0,120.000,120.000,0.000,0.000
365,0,0,120.000,120.000,0.000,0.000
366,0,0,120.000,120.000,0.000,0.000
367,0,0,120.000,120.000,0.000,0.000
368,0,0,120.000,120.000,0.000,0.000
369,0,0,120.000,120.000,0.000,0.000
370,0,0,120.000,120.000,0.000,0.000
371,0,0,120.000,120.000,0.000,0.000
372,0,0,120.000,120.000,0.000,0.000
373,0,0,120.000,120.000,0.000,0.000
374,0,0,120.000,120.000,0.000,0.000
375,0,0,120.000,120.000,0.000,0.000
376,0,0,120.000,120.000,0.000,0.000
377,0,0,120.000,120.000,0.000,0.000
378,0,0,120.000,120.000,0.000,0.000
379,0,0,120.000,120.000,0.000,0.000
380,0,0,120.000,120.000,0.000,0.000
381,0,0,120.000,120.000,0.000,0.000
382,0,0,120.000,120.000,0.000,0.000
383,0,0,120.000,120.000,0.000,0.000
384,0,0,120.000,120.000,0.000,0.000
385,0,0,120.000,120.000,0.000,0.000
386,0,0,120.000,120.000,0.000,0.000
387,0,0,127.500,127.500,0.000,0.000
388,0,0,127.500,127.500,0.000,0.000
389,0,0,127.500,127.500,0.000,0.000
390,0,0,127.500,127.500,0.000,0.000
391,0,0,127.500,127.500,0.000,0.000
392,0,0,127.500,127.500,0.000,0.000
393,0,0,127.500,127.500,0.000,0.000
394,0,0,127.500,127.500,0.000,0.000
395,0,0,127.500,127.500,0.000,0.000
396,0,0,127.500,127.500,0.000,0.000
397,0,0,127.500,127.500,0.000,0.000
398,0,0,127.500,127.500,0.000,0.000
399,0,0,127.500,127.500,0.000,0.000
400,0,0,127.500,127.500,0.000,0.000
401,0,0,127.500,127.500,0.000,0.000
402,0,0,127.500,127.500,0.000,0.000
403,0,0,127.500,127.500,0.000,0.000
404,0,0,127.500,127.500,0.000,0.000
405,0,0,127.500,127.500,0.000,0.000
406,0,0,127.500,127.500,0.000,0.000
407,0,0,135.000,135.000,0.000,0.000
408,0,0,135.000,135.000,0.000,0.000
409,0,0,135.000,135.000,0.000,0.000
410,0,0,135.000,135.000,0.000,0.000
411,0,0,135.000,135.000,0.000,0.000
412,0,0,135.000,135.000,0.000,0.000
413,0,0,135.000,135.000,0.000,0.000
414,0,0,135.000,135.000,0.000,0.000
415,0,0,135.000,135.000,0.000,0.000
416,0,0,135.000,135.000,0.000,0.000
417,0,0,135.000,135.000,0.000,0.000
418,0,0,135.000,135.000,0.000,0.000
419,0,0,135.000,135.000,0.000,0.000
420,0,0,135.000,135.000,0.000,0.000
421,0,0,135.000,135.000,0.000,0.000
422,0,0,135.000,135.000,0.000,0.000
423,0,0,135.000,135.000,0.000,0.000
424,0,0,135.000,135.000,0.000,0.000
425,0,0,135.000,135.000,0.000,0.000
426,0,0,135.000,135.000,0.000,0.000
427,0,0,135.000,135.000,0.000,0.000
428,0,0,135.000,135.000,0.000,0.000
429,0,0,135.000,135.000,0.000,0.000
430,0,0,135.000,135.000,0.000,0.000
431,0,0,142.500,142.500,0.000,0.000
432,0,0,142.500,142.500,0.000,0.000
433,0,0,142.500,142.500,0.000,0.000
434,0,0,142.500,142.500,0.000,0.000
435,0,0,142.500,142.500,0.000,0.000
436,0,0,142.500,142.500,0.000,0.000
437,0,0,142.500,142.500,0.000,0.000
438,0,0,142.500,142.500,0.000,0.000
439,0,0,142.500,142.500,0.000,0.000
440,0,0,142.500,142.500,0.000,0.000
441,0,0,142.500,142.500,0.000,0.000
442,0,0,142.500,142.500,0.000,0.000
443,0,0,142.500,142.500,0.000,0.000
444,0,0,142.500,142.500,0.000,0.000
445,0,0,142.500,142.500,0.000,0.000
446,0,0,142.500,142.500,0.000,0.000
447,0,0,142.500,142.500,0.000,0.000
448,0,0,142.500,142.500,0.000,0.000
449,0,0,142.500,142.500,0.000,0.000
450,0,0,142.500,142.500,0.000,0.000
451,0,0,150.000,150.000,0.000,0.000
452,0,0,150.000,150.000,0.000,0.000
453,0,0,150.000,150.000,0.000,0.000
454,0,0,150.000,150.000,0.000,0.000
455,0,0,150.000,150.000,0.000,0.000
456,0,0,150.000,150.000,0.000,0.000
457,0,0,150.000,150.000,0.000,0.000
458,0,0,150.000,150.000,0.000,0.000
459,0,0,150.000,150.000,0.000,0.000
460,0,0,150.000,150.000,0.000,0.000
461,0,0,150.000,150.000,0.000,0.000
462,0,0,150.000,150.000,0.000,0.000
463,0,0,150.000,150.000,0.000,0.000
464,0,0,150.000,150.000,0.000,0.000
465,0,0,150.000,150.000,0.000,0.000
466,0,0,150.000,150.000,0.000,0.000
467,0,0,150.000,150.000,0.000,0.000
468,0,0,150.000,150.000,0.000,0.000
469,0,0,150.000,150.000,0.000,0.000
470,0,0,150.000,150.000,0.000,0.000
471,0,0,150.000,150.000,0.000,0.000
472,0,0,150.000,150.000,0.000,0.000
473,0,0,150.000,150.000,0.000,0.000
474,0,0,150.000,150.000,0.000,0.000
475,0,0,157.500,157.500,0.000,0.000
476,0,0,157.500,157.500,0.000,0.000
477,0,0,157.500,157.500,0.000,0.000
478,0,0,157.500,157.500,0.000,0.000
479,0,0,157.500,157.500,0.000,0.000
480,0,0,157.500,157.500,0.000,0.000
481,0,0,157.500,157.500,0.000,0.000
482,0,0,157.500,157.500,0.000,0.000
483,0,0,157.500,157.500,0.000,0.000
484,0,0,157.500,157.500,0.000,0.000
485,0,0,157.500,157.500,0.000,0.000
486,0,0,157.500,157.500,0.000,0.000
487,0,0,157.500,157.500,0.000,0.000
488,0,0,157.500,157.500,0.000,0.000
489,0,0,157.500,157.500,0.000,0.000
490,0,0,157.500,157.500,0.000,0.000
491,0,0,157.500,157.500,0.000,0.000
492,0,0,157.500,157.500,0.000,0.000
493,0,0,157.500,157.500,0.000,0.000
494,0,0,157.500,157.500,0.000,0.000
495,0,0,165.000,165.000,0.000,0.000
496,0,0,165.000,165.000,0.000,0.000
497,0,0,165.000,165.000,0.000,0.000
498,0,0,165.000,165.000,0.000,0.000
499,0,0,165.000,165.000,0.000,0.000
500,0,0,165.000,165.000,0.000,0.000
501,0,0,165.000,165.000,0.000,0.000
502,0,0,165.000,165.000,0.000,0.000
503,0,0,165.000,165.000,0.000,0.000
504,0,0,165.000,165.000,0.000,0.000
505,0,0,165.000,165.000,0.000,0.000
506,0,0,165.000,165.000,0.000,0.000
507,0,0,165.000,165.000,0.000,0.000
508,0,0,165.000,165.000,0.000,0.000
509,0,0,165.000,165.000,0.000,0.000
510,0,0,165.000,165.000,0.000,0.000
511,0,0,165.000,165.000,0.000,0.000
512,0,0,165.000,165.000,0.000,0.000
513,0,0,165.000,165.000,0.000,0.000
514,0,0,165.000,165.000,0.000,0.000
515,0,0,165.000,165.000,0.000,0.000
516,0,0,165.000,165.000,0.000,0.000
517,0,0,165.000,165.000,0.000,0.000
518,0,0,165.000,165.000,0.000,0.000
519,0,0,172.500,172.500,0.000,0.000
520,0,0,172.500,172.500,0.000,0.000
521,0,0,172.500,172.500,0.000,0.000
522,0,0,172.500,172.500,0.000,0.000
523,0,0,172.500,172.500,0.000,0.000
524,0,0,172.500,172.500,0.000,0.000
525,0,0,172.500,172.500,0.000,0.000
526,0,0,172.500,172.500,0.000,0.000
527,0,0,172.500,172.500,0.000,0.000
528,0,0,172.500,172.500,0.000,0.000
529,0,0,172.500,172.500,0.000,0.000
530,0,0,172.500,172.500,0.000,0.000
531,0,0,172.500,172.500,0.000,0.000
532,0,0,172.500,172.500,0.000,0.000
533,0,0,172.500,172.500,0.000,0.000
534,0,0,172.500,172.500,0.000,0.000
535,0,0,172.500,172.500,0.000,0.000
536,0,0,172.500,172.500,0.000,0.000
537,0,0,172.500,172.500,0.000,0.000
538,0,0,172.500,172.500,0.000,0.000
539,0,0,180.000,180.000,0.000,0.000
540,0,0,180.000,180.000,0.000,0.000
541,0,0,180.000,180.000,0.000,0.000
542,0,0,180.000,180.000,0.000,0.000
543,0,0,180.000,180.000,0.000,0.000
544,0,0,180.000,180.000,0.000,0.000
545,0,0,180.000,180.000,0.000,0.000
546,0,0,180.000,180.000,0.000,0.000
547,0,0,180.000,180.000,0.000,0.000
548,0,0,180.000,180.000,0.000,0.000
549,0,0,180.000,180.000,0.000,0.000
550,0,0,180.000,180.000,0.000,0.000
551,0,0,180.000,180.000,0.000,0.000
552,0,0,180.000,180.000,0.000,0.000
553,0,0,180.000,180.000,0.000,0.000
554,0,0,180.000,180.000,0.000,0.000
555,0,0,180.000,180.000,0.000,0.000
556,0,0,180.000,180.000,0.000,0.000
557,0,0,180.000,180.000,0.000,0.000
558,0,0,180.000,180.000,0.000,0.000
559,0,0,180.000,180.000,0.000,0.000
560,0,0,180.000,180.000,0.000,0.000
561,0,0,180.000,180.000,0.000,0.000
562,0,0,180.000,180.000,0.000,0.000
563,0,0,187.500,187.500,0.000,0.000
564,0,0,187.500,187.500,0.000,0.000
565,0,0,187.500,187.500,0.000,0.000
566,0,0,187.500,187.500,0.000,0.000
567,0,0,187.500,187.500,0.000,0.000
568,0,0,187.500,187.500,0.000,0.000
569,0,0,187.500,187.500,0.000,0.000
570,0,0,187.500,187.500,0.000,0.000
571,0,0,187.500,187.500,0.000,0.000
572,0,0,187.500,187.500,0.000,0.000
573,0,0,187.500,187.500,0.000,0.000
574,0,0,187.500,187.500,0.000,0.000
575,0,0,187.500,187.500,0.000,0.000
576,0,0,187.500,187.500,0.000,0.000
577,0,0,187.500,187.500,0.000,0.000
578,0,0,187.500,187.500,0.000,0.000
579,0,0,187.500,187.500,0.000,0.000
580,0,0,187.500,187.500,0.000,0.000
581,0,0,187.500,187.500,0.000,0.000
582,0,0,187.500,187.500,0.000,0.000
583,0,0,195.000,195.000,0.000,0.000
584,0,0,195.000,195.000,0.000,0.000
585,0,0,195.000,195.000,0.000,0.000
586,0,0,195.000,195.000,0.000,0.000
587,0,0,195.000,195.000,0.000,0.000
588,0,0,195.000,195.000,0.000,0.000
589,0,0,195.000,195.000,0.000,0.000
590,0,0,195.000,195.000,0.000,0.000
591,0,0,195.000,195.000,0.000,0.000
592,0,0,195.000,195.000,0.000,0.000
593,0,0,195.000,195.000,0.000,0.000
594,0,0,195.000,195.000,0.000,0.000
595,0,0,195.000,195.000,0.000,0.000
596,0,0,195.000,195.000,0.000,0.000
597,0,0,195.000,195.000,0.000,0.000
598,0,0,195.000,195.000,0.000,0.000
599,0,0,195.000,195.000,0.000,0.000
600,0,0,195.000,195.000,0.000,0.000
601,0,0,195.000,195.000,0.000,0.000
602,0,0,195.000,195.000,0.000,0.000
603,0,0,195.000,195.000,0.000,0.000
604,0,0,195.000,195.000,0.000,0.000
605,0,0,195.000,195.000,0.000,0.000
606,0,0,195.000,195.000,0.000,0.000
607,0,0,202.500,202.500,0.000,0.000
608,0,0,202.500,202.500,0.000,0.000
609,0,0,202.500,202.500,0.000,0.000
610,0,0,202.500,202.500,0.000,0.000
611,0,0,202.500,202.500,0.000,0.000
612,0,0,202.500,202.500,0.000,0.000
613,0,0,202.500,202.500,0.000,0.000
614,0,0,202.500,202.500,0.000,0.000
615,0,0,202.500,202.500,0.000,0.000
616,0,0,202.500,202.500,0.000,0.000
617,0,0,202.500,202.500,0.000,0.000
618,0,0,202.500,202.500,0.000,0.000
619,0,0,202.500,202.500,0.000,0.000
620,0,0,202.500,202.500,0.000,0.000
621,0,0,202.500,202.500,0.000,0.000
622,0,0,202.500,202.500,0.000,0.000
623,0,0,202.500,202.500,0.000,0.000
624,0,0,202.500,202.500,0.000,0.000
625,0,0,202.500,202.500,0.000,0.000
626,0,0,202.500,202.500,0.000,0.000
627,0,0,210.000,210.000,0.000,0.000
628,0,0,210.000,210.000,0.000,0.000
629,0,0,210.000,210.000,0.000,0.000
630,0,0,210.000,210.000,0.000,0.000
631,0,0,210.000,210.000,0.000,0.000
632,0,0,210.000,210.000,0.000,0.000
633,0,0,210.000,210.000,0.000,0.000
634,0,0,210.000,210.000,0.000,0.000
635,0,0,210.000,210.000,0.000,0.000
636,0,0,210.000,210.000,0.000,0.000
637,0,0,210.000,210.000,0.000,0.000
638,0,0,210.000,210.000,0.000,0.000
639,0,0,210.000,210.000,0.000,0.000
640,0,0,210.000,210.000,0.000,0.000
641,0,0,210.000,210.000,0.000,0.000
642,0,0,210.000,210.000,0.000,0.000
643,0,0,210.000,210.000,0.000,0.000
644,0,0,210.000,210.000,0.000,0.000
645,0,0,210.000,210.000,0.000,0.000
646,0,0,217.500,217.500,0.000,0.000
647,0,0,217.500,217.500,0.000,0.000
648,0,0,217.500,217.500,0.000,0.000
649,0,0,217.500,217.500,0.000,0.000
650,0,0,217.500,217.500,0.000,0.000
651,0,0,217.500,217.500,0.000,0.000
652,0,0,217.500,217.500,0.000,0.000
653,0,0,217.500,217.500,0.000,0.000
654,0,0,217.500,217.500,0.000,0.000
655,0,0,217.500,217.500,0.000,0.000
656,0,0,225.000,225.000,0.000,0.000
657,0,0,225.000,225.000,0.000,0.000
658,0,0,225.000,225.000,0.000,0.000
659,0,0,225.000,225.000,0.000,0.000
660,0,0,225.000,225.000,0.000,0.000
661,0,0,225.000,225.000,0.000,0.000
662,0,0,225.000,225.000,0.000,0.000
663,0,0,225.000,225.000,0.000,0.000
664,0,0,225.000,225.000,0.000,0.000
665,0,0,225.000,225.000,0.000,0.000
666,0,0,225.000,225.000,0.000,0.000
667,0,0,225.000,225.000,0.000,0.000
668,0,0,225.000,225.000,0.000,0.000
669,0,0,225.000,225.000,0.000,0.000
670,0,0,225.000,225.000,0.000,0.000
671,0,0,225.000,225.000,0.000,0.000
672,0,0,225.000,225.000,0.000,0.000
673,0,0,225.000,225.000,0.000,0.000
674,0,0,225.000,225.000,0.000,0.000
675,0,0,225.000,225.000,0.000,0.000
676,0,0,225.000,225.000,0.000,0.000
677,0,0,225.000,225.000,0.000,0.000
678,0,0,225.000,225.000,0.000,0.000
679,0,0,225.000,225.000,0.000,0.000
680,0,0,225.000,225.000,0.000,0.000
681,0,0,225.000,225.000,0.000,0.000
682,0,0,225.000,225.000,0.000,0.000
683,0,0,225.000,225.000,0.000,0.000
684,0,0,225.000,225.000,0.000,0.000
685,0,0,232.500,232.500,0.000,0.000
686,0,0,232.500,232.500,0.000,0.000
687,0,0,232.500,232.500,0.000,0.000
688,0,0,232.500,232.500,0.000,0.000
689,0,0,232.500,232.500,0.000,0.000
690,0,0,232.500,232.500,0.000,0.000
691,0,0,232.500,232.500,0.000,0.000
692,0,0,232.500,232.500,0.000,0.000
693,0,0,232.500,232.500,0.000,0.000
694,0,0,232.500,232.500,0.000,0.000
695,0,0,232.500,232.500,0.000,0.000
696,0,0,232.500,232.500,0.000,0.000
697,0,0,232.500,232.500,0.000,0.000
698,0,0,232.500,232.500,0.000,0.000
699,0,0,232.500,232.500,0.000,0.000
700,0,0,232.500,232.500,0.000,0.000
701,0,0,232.500,232.500,0.000,0.000
702,0,0,232.500,232.500,0.000,0.000
703,0,0,232.500,232.500,0.000,0.000
704,0,0,232.500,232.500,0.000,0.000
705,0,0,232.500,232.500,0.000,0.000
706,0,0,232.500,232.500,0.000,0.000
707,0,0,232.500,232.500,0.000,0.000
708,0,0,232.500,232.500,0.000,0.000
709,0,0,232.500,232.500,0.000,0.000
710,0,0,232.500,232.500,0.000,0.000
711,0,0,232.500,232.500,0.000,0.000
712,0,0,232.500,232.500,0.000,0.000
713,0,0,232.500,232.500,0.000,0.000
714,0,0,232.500,232.500,0.000,0.000
715,0,0,240.000,240.000,0.000,0.000
716,0,0,240.000,240.000,0.000,0.000
717,0,0,240.000,240.000,0.000,0.000
718,0,0,240.000,240.000,0.000,0.000
719,0,0,240.000,240.000,0.000,0.000
720,0,0,240.000,240.000,0.000,0.000
721,0,0,240.000,240.000,0.000,0.000
722,0,0,240.000,240.000,0.000,0.000
723,0,0,240.000,240.000,0.000,0.000
724,0,0,240.000,240.000,0.000,0.000
725,0,0,240.000,240.000,0.000,0.000
726,0,0,240.000,240.000,0.000,0.000
727,0,0,240.000,240.000,0.000,0.000
728,0,0,240.000,240.000,0.000,0.000
729,0,0,240.000,240.000,0.000,0.000
730,0,0,240.000,240.000,0.000,0.000
731,0,0,240.000,240.000,0.000,0.000
732,0,0,240.000,240.000,0.000,0.000
733,0,0,240.000,240.000,0.000,0.000
734,0,0,240.000,240.000,0.000,0.000
735,0,0,240.000,240.000,0.000,0.000
736,0,0,240.000,240.000,0.000,0.000
737,0,0,240.000,240.000,0.000,0.000
738,0,0,240.000,240.000,0.000,0.000
739,0,0,240.000,240.000,0.000,0.000
740,0,0,240.000,240.000,0.000,0.000
741,0,0,240.000,240.000,0.000,0.000
742,0,0,240.000,240.000,0.000,0.000
743,0,0,240.000,240.000,0.000,0.000
744,0,0,247.500,247.500,0.000,0.000
745,0,0,247.500,247.500,0.000,0.000
746,0,0,247.500,247.500,0.000,0.000
747,0,0,247.500,247.500,0.000,0.000
748,0,0,247.500,247.500,0.000,0.000
749,0,0,247.500,247.500,0.000,0.000
750,0,0,247.500,247.500,0.000,0.000
751,0,0,247.500,247.500,0.000,0.000
752,0,0,247.500,247.500,0.000,0.000
753,0,0,247.500,247.500,0.000,0.000
754,0,0,247.500,247.500,0.000,0.000
755,0,0,247.500,247.500,0.000,0.000
756,0,0,247.500,247.500,0.000,0.000
757,0,0,247.500,247.500,0.000,0.000
758,0,0,247.500,247.500,0.000,0.000
759,0,0,247.500,247.500,0.000,0.000
760,0,0,255.000,255.000,0.000,0.000
761,0,0,255.000,255.000,0.000,0.000
762,0,0,255.000,255.000,0.000,0.000
763,0,0,255.000,255.000,0.000,0.000
764,0,0,255.000,255.000,0.000,0.000
765,0,0,255.000,255.000,0.000,0.000
766,0,0,255.000,255.000,0.000,0.000
767,0,0,255.000,255.000,0.000,0.000
768,0,0,255.000,255.000,0.000,0.000
769,0,0,255.000,255.000,0.000,0.000
770,0,0,255.000,255.000,0.000,0.000
771,0,0,255.000,255.000,0.000,0.000
772,0,0,255.000,255.000,0.000,0.000
773,0,0,255.000,255.000,0.000,0.000
774,0,0,255.000,255.000,0.000,0.000
775,0,0,255.000,255.000,0.000,0.000
776,0,0,255.000,255.000,0.000,0.000
777,0,0,255.000,255.000,0.000,0.000
778,0,0,255.000,255.000,0.000,0.000
779,0,0,255.000,255.000,0.000,0.000
780,0,0,255.000,255.000,0.000,0.000
781,0,0,255.000,255.000,0.000,0.000
782,0,0,255.000,255.000,0.000,0.000
783,0,0,255.000,255.000,0.000,0.000
784,0,0,255.000,255.000,0.000,0.000
785,0,0,255.000,255.000,0.000,0.000
786,0,0,255.000,255.000,0.000,0.000
787,0,0,255.000,255.000,0.000,0.000
788,0,0,255.000,255.000,0.000,0.000
789,0,0,262.500,262.500,0.000,0.000
790,0,0,262.500,262.500,0.000,0.000
791,0,0,262.500,262.500,0.000,0.000
792,0,0,262.500,262.500,0.000,0.000
793,0,0,262.500,262.500,0.000,0.000
794,0,0,262.500,262.500,0.000,0.000
795,0,0,262.500,262.500,0.000,0.000
796,0,0,262.500,262.500,0.000,0.000
797,0,0,262.500,262.500,0.000,0.000
798,0,0,262.500,262.500,0.000,0.000
799,0,0,262.500,262.500,0.000,0.000
800,0,0,262.500,262.500,0.000,0.000
801,0,0,262.500,262.500,0.000,0.000
802,0,0,262.500,262.500,0.000,0.000
803,0,0,262.500,262.500,0.000,0.000
804,0,0,262.500,262.500,0.000,0.000
805,0,0,262.500,262.500,0.000,0.000
806,0,0,262.500,262.500,0.000,0.000
807,0,0,262.500,262.500,0.000,0.000
808,0,0,262.500,262.500,0.000,0.000
809,0,0,262.500,262.500,0.000,0.000
810,0,0,262.500,262.500,0.000,0.000
811,0,0,262.500,262.500,0.000,0.000
812,0,0,262.500,262.500,0.000,0.000
813,0,0,262.500,262.500,0.000,0.000
814,0,0,262.500,262.500,0.000,0.000
815,0,0,262.500,262.500,0.000,0.000
816,0,0,262.500,262.500,0.000,0.000
817,0,0,262.500,262.500,0.000,0.000
818,0,0,262.500,262.500,0.000,0.000
819,0,0,270.000,270.000,0.000,0.000
820,0,0,270.000,270.000,0.000,0.000
821,0,0,270.000,270.000,0.000,0.000
822,0,0,270.000,270.000,0.000,0.000
823,0,0,270.000,270.000,0.000,0.000
824,0,0,270.000,270.000,0.000,0.000
825,0,0,270.000,270.000,0.000,0.000
826,0,0,270.000,270.000,0.000,0.000
827,0,0,270.000,270.000,0.000,0.000
828,0,0,270.000,270.000,0.000,0.000
829,0,0,270.000,270.000,0.000,0.000
830,0,0,270.000,270.000,0.000,0.000
831,0,0,270.000,270.000,0.000,0.000
832,0,0,270.000,270.000,0.000,0.000
833,0,0,270.000,270.000,0.000,0.000
834,0,0,270.000,270.000,0.000,0.000
835,0,0,270.000,270.000,0.000,0.000
836,0,0,270.000,270.000,0.000,0.000
837,0,0,270.000,270.000,0.000,0.000
838,0,0,270.000,270.000,0.000,0.000
839,0,0,270.000,270.000,0.000,0.000
840,0,0,270.000,270.000,0.000,0.000
841,0,0,270.000,270.000,0.000,0.000
842,0,0,270.000,270.000,0.000,0.000
843,0,0,270.000,270.000,0.000,0.000
844,0,0,270.000,270.000,0.000,0.000
845,0,0,270.000,270.000,0.000,0.000
846,0,0,270.000,270.000,0.000,0.000
847,0,0,270.000,270.000,0.000,0.000
848,0,1,,,,
849,0,1,,,,
850,0,1,,,,
851,0,1,,,,
852,0,1,,,,
853,0,1,,,,
854,0,1,,,,
855,0,1,,,,
856,0,1,,,,
857,0,1,,,,
858,0,1,,,,
859,0,1,,,,
860,0,1,,,,
861,0,1,,,,
862,0,1,,,,
863,0,1,,,,
864,0,1,,,,
865,0,1,,,,
866,0,1,,,,
867,0,1,,,,
868,0,1,,,,
869,0,1,,,,
870,0,1,,,,
871,0,1,,,,
872,0,1,,,,
873,1,0,285.000,276.516,9.180,8.484
874,1,0,285.000,276.515,8.513,8.485
875,1,0,285.000,276.516,9.556,8.484
876,1,0,285.000,276.518,8.690,8.482
877,1,0,285.000,276.528,8.774,8.472
878,1,0,285.000,276.553,8.451,8.447
879,1,0,285.000,-0.490,286.354,285.490
880,1,0,285.000,276.516,8.567,8.484
881,1,0,285.000,276.515,8.857,8.485
882,1,0,285.000,1.531,285.576,283.469
883,1,0,285.000,-0.489,290.250,285.489
884,1,0,285.000,-0.482,286.561,285.482
885,1,0,285.000,6.008,280.299,278.992
886,1,0,285.000,21.022,267.529,263.978
887,1,0,285.000,276.811,9.127,8.189
888,1,0,285.000,276.526,8.480,8.474
889,1,0,285.000,276.517,9.304,8.483
890,1,0,285.000,9.763,277.928,275.237
891,1,0,285.000,7.014,283.775,277.986
892,1,0,285.000,276.477,8.805,8.523
893,1,0,285.000,9.796,277.107,275.204
894,1,0,285.000,276.542,8.500,8.458
895,1,0,285.000,276.522,8.491,8.478
896,1,0,285.000,276.508,8.636,8.492
897,1,0,292.500,6.007,292.948,286.493
898,1,0,292.500,5.996,290.212,286.504
899,1,0,292.500,-0.505,293.764,293.005
900,1,0,292.500,9.726,286.436,282.774
901,1,0,292.500,283.044,11.351,9.456
902,1,0,292.500,-0.472,294.995,292.972
903,1,0,292.500,6.021,290.178,286.479
904,1,0,292.500,14.207,303.994,278.293
905,1,0,292.500,14.150,284.962,278.350
906,1,0,292.500,-0.390,294.286,292.890
907,1,0,292.500,16.304,280.720,276.196
908,1,0,292.500,16.991,281.430,275.509
909,1,0,292.500,283.312,10.170,9.188
910,1,0,292.500,1.960,290.779,290.540
911,1,0,292.500,21.022,282.385,271.478
912,1,0,292.500,-0.438,295.248,292.938
913,1,0,292.500,4.734,290.211,287.766
914,1,0,292.500,276.562,17.784,15.938
915,1,0,292.500,6.008,313.094,286.492
916,1,0,292.500,-0.493,298.653,292.993
917,1,0,300.000,6.008,298.574,293.992
918,1,0,300.000,-0.501,312.942,300.501
919,1,0,300.000,-0.487,306.624,300.487
920,1,0,300.000,2.493,300.185,297.507
921,1,0,300.000,-0.488,300.509,300.488
922,1,0,300.000,16.131,292.714,283.869
923,1,0,300.000,20.890,290.890,279.110
924,1,0,300.000,-0.488,303.304,300.488
925,1,0,300.000,4.815,315.725,295.185
926,1,0,300.000,20.991,283.129,279.009
927,1,0,300.000,11.235,291.781,288.765
928,1,0,300.000,-0.477,307.086,300.477
929,1,0,300.000,-0.503,303.493,300.503
930,1,0,300.000,-0.494,301.048,300.494
931,1,0,300.000,6.004,295.858,293.996
932,1,0,300.000,16.801,287.963,283.199
933,1,0,300.000,-0.486,309.492,300.486
934,1,0,300.000,8.455,301.499,291.545
935,1,0,300.000,11.342,292.013,288.658
936,1,0,300.000,14.969,292.102,285.031
937,1,0,300.000,9.745,308.021,290.255
938,1,0,300.000,9.651,315.543,290.349
939,1,0,300.000,5.994,308.313,294.006
940,1,0,300.000,-0.493,361.404,300.493
941,1,0,307.500,9.763,303.014,297.737
942,1,0,307.500,6.008,326.423,301.492
943,1,0,307.500,5.543,318.188,301.957
944,1,0,307.500,-0.504,322.937,308.004
945,1,0,307.500,-0.494,308.620,307.994
946,1,0,307.500,-0.592,309.501,308.092
947,1,0,307.500,5.997,308.012,301.503
948,1,0,307.500,-0.531,311.068,308.031
949,1,0,307.500,6.027,308.936,301.473
950,1,0,307.500,6.008,309.775,301.492
951,1,0,307.500,-0.493,343.155,307.993
952,1,0,307.500,7.937,302.461,299.563
953,1,0,307.500,-0.488,308.005,307.988
954,1,0,307.500,1.276,326.792,306.224
955,1,0,307.500,-0.475,325.964,307.975
956,1,0,307.500,2.118,314.495,305.382
957,1,0,307.500,-0.494,346.407,307.994
958,1,0,307.500,-0.493,383.268,307.993
959,1,0,307.500,-0.494,480.971,307.994
960,1,0,307.500,9.760,364.146,297.740
961,1,0,315.000,-0.494,411.519,315.494
962,1,0,315.000,-0.493,404.969,315.493
963,1,0,315.000,-0.237,340.457,315.237
964,1,0,315.000,9.827,331.748,305.173
965,1,0,315.000,-0.664,332.496,315.664
966,1,0,315.000,6.003,331.389,308.997
967,1,0,315.000,5.955,331.590,309.045
968,1,0,315.000,6.008,341.783,308.992
969,1,0,315.000,9.763,308.185,305.237
970,1,0,315.000,9.763,334.750,305.237
971,1,0,315.000,-0.494,316.697,315.494
972,1,0,315.000,6.008,317.220,308.992
973,1,0,315.000,9.760,317.523,305.240
974,1,0,315.000,5.855,318.692,309.145
975,1,0,315.000,11.197,320.978,303.803
976,1,0,315.000,6.008,319.179,308.992
977,1,0,315.000,6.015,325.733,308.985
978,1,0,315.000,-0.102,340.973,315.102
979,1,0,315.000,-0.493,380.386,315.493
980,1,0,315.000,4.743,334.607,310.257
981,1,0,315.000,9.760,401.603,305.240
982,1,0,315.000,-0.494,522.352,315.494
983,1,0,315.000,-0.498,394.393,315.498
984,1,0,315.000,-0.493,391.040,315.493
985,1,0,322.500,6.008,379.356,316.492
986,1,0,322.500,-0.494,376.687,322.994
987,1,0,322.500,5.194,379.816,317.306
988,1,0,322.500,-0.488,348.728,322.988
989,1,0,322.500,6.032,354.039,316.468
990,1,0,322.500,9.267,424.210,313.233
991,1,0,322.500,6.008,385.706,316.492
992,1,0,322.500,0.244,335.449,322.256
993,1,0,322.500,-0.488,363.709,322.988
994,1,0,322.500,8.254,392.803,314.246
995,1,0,322.500,13.749,373.508,308.751
996,1,0,322.500,-0.488,354.435,322.988
997,1,0,322.500,-0.488,360.398,322.988
998,1,0,322.500,6.008,358.004,316.492
999,1,0,322.500,6.433,359.811,316.067
1000,1,0,322.500,9.763,353.013,312.737
1001,1,0,322.500,14.606,368.060,307.894
1002,1,0,322.500,6.019,390.704,316.481
1003,1,0,322.500,-0.494,390.669,322.994
1004,1,0,322.500,6.008,407.808,316.492
1005,1,0,330.000,-0.488,439.593,330.488
1006,1,0,330.000,-0.488,442.389,330.488
1007,1,0,330.000,6.106,425.537,323.894
1008,1,0,330.000,-0.518,423.292,330.518
1009,1,0,330.000,6.008,366.806,323.992
1010,1,0,330.000,-0.480,384.347,330.480
1011,1,0,330.000,6.022,425.133,323.978
1012,1,0,330.000,6.008,432.019,323.992
1013,1,0,330.000,9.760,404.501,320.240
1014,1,0,330.000,-0.489,370.969,330.489
1015,1,0,330.000,-0.488,366.842,330.488
1016,1,0,330.000,6.008,499.673,323.992
1017,1,0,330.000,-0.492,421.600,330.492
1018,1,0,330.000,-0.494,395.223,330.494
1019,1,0,330.000,-0.478,376.243,330.478
1020,1,0,330.000,-0.496,406.957,330.496
1021,1,0,330.000,6.008,446.569,323.992
1022,1,0,330.000,-0.493,561.577,330.493
1023,1,0,330.000,-0.488,425.366,330.488
1024,1,0,330.000,-0.493,562.104,330.493
1025,1,0,330.000,9.763,320.955,320.237
1026,1,0,330.000,0.368,336.133,329.632
1027,1,0,330.000,9.734,339.540,320.266
1028,1,0,330.000,-0.488,429.755,330.488
1029,1,0,337.500,8.923,400.061,328.577
1030,1,0,337.500,6.004,403.612,331.496
1031,1,0,337.500,-0.493,397.679,337.993
1032,1,0,337.500,6.008,622.241,331.492
1033,1,0,337.500,9.763,361.097,327.737
1034,1,0,337.500,5.982,364.085,331.518
1035,1,0,337.500,-0.494,352.155,337.994
1036,1,0,337.500,-0.489,399.250,337.989
1037,1,0,337.500,6.008,385.524,331.492
1038,1,0,337.500,6.008,451.758,331.492
1039,1,0,337.500,-0.497,426.239,337.997
1040,1,0,337.500,-0.479,405.800,337.979
1041,1,0,337.500,6.532,400.803,330.968
1042,1,0,337.500,6.008,396.538,331.492
1043,1,0,337.500,-0.488,387.000,337.988
1044,1,0,337.500,-0.488,418.998,337.988
1045,1,0,337.500,-0.494,338.556,337.994
1046,1,0,337.500,-0.447,344.200,337.947
1047,1,0,337.500,-0.488,346.765,337.988
1048,1,0,337.500,-0.493,345.795,337.993
1049,1,0,345.000,-0.493,409.875,345.493
1050,1,0,345.000,6.008,360.168,338.992
1051,1,0,345.000,9.763,367.013,335.237
1052,1,0,345.000,-0.500,352.449,345.500
1053,1,0,345.000,-0.513,352.757,345.513
1054,1,0,345.000,-0.158,355.013,345.158
1055,1,0,345.000,13.556,338.042,331.444
1056,1,0,345.000,276.516,71.635,68.484
1057,1,0,345.000,-0.494,449.416,345.494
1058,1,0,345.000,-0.498,415.116,345.498
1059,1,0,345.000,6.008,383.281,338.992
1060,1,0,345.000,9.760,412.011,335.240
1061,1,0,345.000,9.883,497.825,335.117
1062,1,0,345.000,6.008,419.969,338.992
1063,1,0,345.000,-0.494,402.826,345.494
1064,1,0,345.000,9.765,408.000,335.235
1065,1,0,345.000,-0.423,360.556,345.423
1066,1,0,345.000,3.916,386.582,341.084
1067,1,0,345.000,9.765,363.535,335.235
1068,1,0,345.000,6.008,348.193,338.992
1069,1,0,345.000,-0.488,353.676,345.488
1070,1,0,345.000,-0.497,351.222,345.497
1071,1,0,345.000,18.330,329.514,326.670
1072,1,0,345.000,6.009,354.860,338.991
1073,1,0,352.500,-0.488,386.505,352.988
1074,1,0,352.500,-0.488,361.532,352.988
1075,1,0,352.500,6.008,347.185,346.492
1076,1,0,352.500,6.008,392.425,346.492
1077,1,0,352.500,-0.449,357.297,352.949
1078,1,0,352.500,6.028,355.937,346.472
1079,1,0,352.500,6.002,366.228,346.498
1080,1,0,352.500,-0.271,390.292,352.771
1081,1,0,352.500,-0.493,354.330,352.993
1082,1,0,352.500,5.729,368.402,346.771
1083,1,0,352.500,6.008,395.798,346.492
1084,1,0,352.500,9.763,379.775,342.737
1085,1,0,352.500,6.012,358.168,346.488
1086,1,0,352.500,-0.478,359.713,352.978
1087,1,0,352.500,18.741,350.471,333.759
1088,1,0,352.500,-0.493,364.591,352.993
1089,1,0,352.500,6.009,437.563,346.491
1090,1,0,352.500,-0.545,362.386,353.045
1091,1,0,352.500,9.762,344.289,342.738
1092,1,0,352.500,8.731,349.759,343.769
1093,1,0,360.000,6.008,365.161,353.992
1094,1,0,360.000,21.935,342.182,338.065
1095,1,0,360.000,3.753,364.438,356.247
1096,1,0,360.000,9.777,373.212,350.223
1097,1,0,360.000,8.439,433.823,351.561
1098,1,0,360.000,5.593,401.543,354.407
1099,1,0,360.000,14.795,420.812,345.205
1100,1,0,360.000,6.017,396.056,353.983
1101,1,0,360.000,-0.493,368.280,360.493
1102,1,0,360.000,-0.494,369.443,360.494
1103,1,0,360.000,9.316,358.456,350.684
1104,1,0,360.000,9.760,354.884,350.240
1105,1,0,360.000,2.698,383.515,357.302
1106,1,0,360.000,8.640,356.330,351.360
1107,1,0,360.000,9.780,355.497,350.220
1108,1,0,360.000,-0.490,361.146,360.490
1109,1,0,360.000,18.088,360.273,341.912
1110,1,0,360.000,6.022,370.449,353.978
1111,1,0,360.000,7.984,367.574,352.016
1112,1,0,360.000,0.057,374.096,359.943
1113,1,0,360.000,6.008,544.945,353.992
1114,1,0,360.000,6.007,372.545,353.993
1115,1,0,360.000,-0.490,367.593,360.490
1116,1,0,360.000,282.909,78.343,77.091
1117,1,0,367.500,-0.490,374.617,367.990
1118,1,0,367.500,6.716,363.763,360.784
1119,1,0,367.500,-0.493,382.288,367.993
1120,1,0,367.500,16.581,359.342,350.919
1121,1,0,367.500,5.506,414.258,361.994
1122,1,0,367.500,7.855,381.390,359.645
1123,1,0,367.500,6.880,392.590,360.620
1124,1,0,367.500,4.819,383.875,362.681
1125,1,0,367.500,-0.504,389.974,368.004
1126,1,0,367.500,-0.518,374.641,368.018
1127,1,0,367.500,-0.489,371.379,367.989
1128,1,0,367.500,0.612,379.299,366.888
1129,1,0,367.500,-0.491,379.039,367.991
1130,1,0,367.500,15.552,420.044,351.948
1131,1,0,367.500,-0.500,487.327,368.000
1132,1,0,367.500,6.008,393.636,361.492
1133,1,0,367.500,-0.489,430.107,367.989
1134,1,0,367.500,-0.488,404.130,367.988
1135,1,0,367.500,-0.449,373.578,367.949
1136,1,0,367.500,-0.493,392.964,367.993
1137,1,0,375.000,14.980,362.798,360.020
1138,1,0,375.000,-0.512,383.838,375.512
1139,1,0,375.000,12.545,400.932,362.455
1140,1,0,375.000,9.762,393.860,365.238
1141,1,0,375.000,-0.568,390.032,375.568
1142,1,0,375.000,6.008,420.500,368.992
1143,1,0,375.000,-0.494,404.619,375.494
1144,1,0,375.000,-0.494,399.010,375.494
1145,1,0,375.000,9.770,399.006,365.230
1146,1,0,375.000,-0.477,401.627,375.477
1147,1,0,375.000,5.993,397.184,369.007
1148,1,0,375.000,5.981,385.991,369.019
1149,1,0,375.000,8.531,401.231,366.469
1150,1,0,375.000,6.012,408.532,368.988
1151,1,0,375.000,-0.489,410.373,375.489
1152,1,0,375.000,-0.494,417.367,375.494
1153,1,0,375.000,-0.493,430.158,375.493
1154,1,0,375.000,-0.493,422.203,375.493
1155,1,0,375.000,-0.486,426.086,375.486
1156,1,0,375.000,9.766,418.678,365.234
1157,1,0,375.000,-0.496,440.037,375.496
1158,1,0,375.000,15.747,396.722,359.253
1159,1,0,375.000,-0.500,389.108,375.500
1160,1,0,375.000,-0.489,376.033,375.489
1161,1,0,382.500,-0.488,388.613,382.988
1162,1,0,382.500,16.272,369.028,366.228
1163,1,0,382.500,9.804,386.341,372.696
1164,1,0,382.500,-0.528,419.262,383.028
1165,1,0,382.500,-0.414,410.260,382.914
1166,1,0,382.500,12.470,407.569,370.030
1167,1,0,382.500,5.979,400.908,376.521
1168,1,0,382.500,9.761,398.142,372.739
1169,1,0,382.500,-0.490,417.400,382.990
1170,1,0,382.500,6.033,421.223,376.467
1171,1,0,382.500,8.774,428.833,373.726
1172,1,0,382.500,-0.458,454.139,382.958
1173,1,0,382.500,6.179,440.461,376.321
1174,1,0,382.500,-0.501,426.063,383.001
1175,1,0,382.500,-0.518,417.332,383.018
1176,1,0,382.500,9.762,403.407,372.738
1177,1,0,382.500,9.440,420.398,373.060
1178,1,0,382.500,6.031,397.403,376.469
1179,1,0,382.500,16.282,368.962,366.218
1180,1,0,382.500,3.638,380.922,378.862
1181,1,0,390.000,14.402,398.093,375.598
1182,1,0,390.000,-0.471,397.203,390.471
1183,1,0,390.000,5.966,406.273,384.034
1184,1,0,390.000,9.767,410.209,380.233
1185,1,0,390.000,-0.493,414.148,390.493
1186,1,0,390.000,-0.516,423.430,390.516
1187,1,0,390.000,21.809,387.676,368.191
1188,1,0,390.000,5.988,410.582,384.012
1189,1,0,390.000,-0.504,429.171,390.504
1190,1,0,390.000,9.763,415.268,380.237
1191,1,0,390.000,-0.490,427.740,390.490
1192,1,0,390.000,-0.500,434.405,390.500
1193,1,0,390.000,-0.489,490.964,390.489
1194,1,0,390.000,4.766,505.302,385.234
1195,1,0,390.000,4.398,454.409,385.602
1196,1,0,390.000,11.514,449.659,378.486
1197,1,0,390.000,9.037,400.595,380.963
1198,1,0,390.000,9.773,397.679,380.227
1199,1,0,390.000,9.763,408.497,380.237
1200,1,0,390.000,-0.494,413.629,390.494
1201,1,0,390.000,9.818,407.042,380.182
1202,1,0,390.000,6.009,418.554,383.991
1203,1,0,390.000,6.061,393.833,383.939
1204,1,0,390.000,6.008,388.421,383.992
1205,1,0,397.500,12.241,404.973,385.259
1206,1,0,397.500,18.019,409.744,379.481
1207,1,0,397.500,-0.491,417.021,397.991
1208,1,0,397.500,11.597,401.574,385.903
1209,1,0,397.500,9.137,406.611,388.363
1210,1,0,397.500,-0.467,409.237,397.967
1211,1,0,397.500,15.516,399.062,381.984
1212,1,0,397.500,-0.477,426.141,397.977
1213,1,0,397.500,12.675,410.556,384.825
1214,1,0,397.500,3.909,427.351,393.591
1215,1,0,397.500,22.627,420.049,374.873
1216,1,0,397.500,-0.487,496.042,397.987
1217,1,0,397.500,25.704,432.937,371.796
1218,1,0,397.500,-0.422,413.083,397.922
1219,1,0,397.500,14.286,395.690,383.214
1220,1,0,397.500,9.818,436.949,387.682
1221,1,0,397.500,-0.494,423.441,397.994
1222,1,0,397.500,12.645,392.147,384.855
1223,1,0,397.500,7.313,405.246,390.187
1224,1,0,397.500,-0.488,414.479,397.988
1225,1,0,405.000,12.489,412.524,392.511
1226,1,0,405.000,17.568,398.577,387.432
1227,1,0,405.000,5.771,420.162,399.229
1228,1,0,405.000,-0.533,410.324,405.533
1229,1,0,405.000,9.759,411.362,395.241
1230,1,0,405.000,14.884,405.138,390.116
1231,1,0,405.000,9.821,418.809,395.179
1232,1,0,405.000,6.008,424.412,398.992
1233,1,0,405.000,6.025,427.134,398.975
1234,1,0,405.000,16.319,401.480,388.681
1235,1,0,405.000,-0.519,413.239,405.519
1236,1,0,405.000,6.006,412.793,398.994
1237,1,0,405.000,10.306,396.373,394.694
1238,1,0,405.000,-0.494,432.149,405.494
1239,1,0,405.000,13.559,403.664,391.441
1240,1,0,405.000,8.299,400.457,396.701
1241,1,0,405.000,15.989,414.082,389.011
1242,1,0,405.000,-0.440,422.638,405.440
1243,1,0,405.000,13.481,413.159,391.519
1244,1,0,412.500,17.770,411.357,394.730
1245,1,0,412.500,19.170,407.912,393.330
1246,1,0,412.500,16.326,404.864,396.174
1247,1,0,412.500,9.731,417.446,402.769
1248,1,0,412.500,19.454,412.239,393.046
1249,1,0,412.500,9.783,423.299,402.717
1250,1,0,412.500,6.020,430.129,406.480
1251,1,0,412.500,10.714,411.646,401.786
1252,1,0,412.500,303.401,110.716,109.099
1253,1,0,412.500,-0.494,440.509,412.994
1254,1,0,420.000,20.083,417.100,399.917
1255,1,0,420.000,12.560,454.943,407.440
1256,1,0,420.000,15.848,422.640,404.152
1257,1,0,420.000,7.930,434.399,412.070
1258,1,0,420.000,-0.519,426.282,420.519
1259,1,0,420.000,6.005,417.203,413.995
1260,1,0,420.000,-0.489,444.893,420.489
1261,1,0,420.000,9.764,422.802,410.236
1262,1,0,420.000,-0.450,421.599,420.450
1263,1,0,420.000,-0.505,421.534,420.505
1264,1,0,420.000,6.020,418.149,413.980
1265,1,0,420.000,6.019,419.146,413.981
1266,1,0,420.000,6.086,431.007,413.914
1267,1,0,420.000,15.010,427.512,404.990
1268,1,0,420.000,9.763,420.902,410.237
1269,1,0,420.000,19.851,412.861,400.149
1270,1,0,420.000,-0.514,429.649,420.514
1271,1,0,420.000,10.643,422.803,409.357
1272,1,0,420.000,-0.458,423.891,420.458
1273,1,0,420.000,-0.502,420.665,420.502
1274,1,0,420.000,-0.496,421.799,420.496
1275,1,0,420.000,-0.540,425.562,420.540
1276,1,0,420.000,9.763,415.000,410.237
1277,1,0,420.000,-0.506,431.492,420.506
1278,1,0,420.000,4.377,417.419,415.623
1279,1,0,420.000,-0.493,423.642,420.493
1280,1,0,420.000,-0.496,426.969,420.496
1281,1,0,420.000,6.053,444.579,413.947
1282,1,0,420.000,6.008,429.348,413.992
1283,1,0,427.500,-0.488,446.653,427.988
1284,1,0,427.500,3.752,441.638,423.748
1285,1,0,427.500,-0.488,462.835,427.988
1286,1,0,427.500,-0.520,436.802,428.020
1287,1,0,427.500,-0.486,432.749,427.986
1288,1,0,427.500,6.008,421.653,421.492
1289,1,0,427.500,-0.467,437.954,427.967
1290,1,0,427.500,5.057,433.586,422.443
1291,1,0,427.500,-0.489,428.873,427.989
1292,1,0,427.500,12.512,417.113,414.988
1293,1,0,427.500,-0.513,428.696,428.013
1294,1,0,427.500,15.580,423.070,411.920
1295,1,0,427.500,11.426,437.992,416.074
1296,1,0,427.500,6.035,435.028,421.465
1297,1,0,427.500,6.248,426.157,421.252
1298,1,0,427.500,7.812,427.293,419.688
1299,1,0,427.500,-0.467,437.956,427.967
1300,1,0,427.500,4.008,459.819,423.492
1301,1,0,427.500,22.511,414.396,404.989
1302,1,0,427.500,6.003,427.528,421.497
1303,1,0,427.500,10.277,418.630,417.223
1304,1,0,427.500,-0.475,450.361,427.975
1305,1,0,427.500,10.634,447.990,416.866
1306,1,0,427.500,-0.516,436.034,428.016
1307,1,0,427.500,5.990,425.995,421.510
1308,1,0,427.500,12.925,424.866,414.575
1309,1,0,427.500,5.528,436.433,421.972
1310,1,0,427.500,9.763,428.316,417.737
1311,1,0,427.500,9.880,423.446,417.620
1312,1,0,427.500,-0.493,471.878,427.993
1313,1,0,435.000,-0.496,440.069,435.496
1314,1,0,435.000,17.774,420.678,417.226
1315,1,0,435.000,12.644,429.298,422.356
1316,1,0,435.000,3.330,436.781,431.670
1317,1,0,435.000,6.007,430.426,428.993
1318,1,0,435.000,9.761,427.366,425.239
1319,1,0,435.000,21.714,430.638,413.286
1320,1,0,435.000,6.036,443.383,428.964
1321,1,0,435.000,4.657,453.573,430.343
1322,1,0,435.000,6.012,429.316,428.988
1323,1,0,435.000,-0.497,457.566,435.497
1324,1,0,435.000,16.290,449.885,418.710
1325,1,0,435.000,12.654,438.325,422.346
1326,1,0,435.000,7.231,442.912,427.769
1327,1,0,435.000,7.678,429.196,427.322
1328,1,0,435.000,6.033,436.650,428.967
1329,1,0,435.000,4.757,454.026,430.243
1330,1,0,435.000,-0.491,456.207,435.491
1331,1,0,435.000,13.300,428.895,421.700
1332,1,0,435.000,-0.511,437.161,435.511
1333,1,0,435.000,9.760,432.341,425.240
1334,1,0,435.000,20.818,418.869,414.182
1335,1,0,435.000,15.608,423.291,419.392
1336,1,0,435.000,6.785,438.944,428.215
1337,1,0,435.000,9.781,426.124,425.219
1338,1,0,435.000,277.528,158.170,157.472
1339,1,0,435.000,11.919,442.833,423.081
1340,1,0,435.000,8.087,438.857,426.913
1341,1,0,435.000,18.555,427.800,416.445
1342,1,0,442.500,6.008,465.559,436.492
1343,1,0,442.500,9.763,441.296,432.737
1344,1,0,442.500,283.026,164.333,159.474
1345,1,0,442.500,13.218,432.119,429.282
1346,1,0,442.500,9.749,450.280,432.751
1347,1,0,442.500,6.003,440.400,436.497
1348,1,0,442.500,-0.490,445.708,442.990
1349,1,0,442.500,19.692,429.930,422.808
1350,1,0,442.500,3.179,444.487,439.321
1351,1,0,442.500,0.637,443.485,441.863
1352,1,0,442.500,12.539,433.912,429.961
1353,1,0,442.500,6.014,441.558,436.486
1354,1,0,442.500,15.245,447.222,427.255
1355,1,0,442.500,1.583,449.893,440.917
1356,1,0,442.500,13.125,431.592,429.375
1357,1,0,442.500,6.008,438.060,436.492
1358,1,0,442.500,28.514,427.220,413.986
1359,1,0,442.500,6.209,461.742,436.291
1360,1,0,442.500,9.784,438.026,432.716
1361,1,0,442.500,-0.488,457.806,442.988
1362,1,0,442.500,6.006,442.526,436.494
1363,1,0,442.500,2.892,454.414,439.608
1364,1,0,442.500,12.239,435.043,430.261
1365,1,0,442.500,-0.479,445.479,442.979
1366,1,0,442.500,22.801,420.028,419.699
1367,1,0,442.500,9.748,433.641,432.752
1368,1,0,442.500,10.073,437.016,432.427
1369,1,0,442.500,16.806,433.557,425.694
1370,1,0,442.500,-0.493,531.426,442.993
1371,1,0,442.500,6.014,448.241,436.486
1372,1,0,450.000,9.762,456.591,440.238
1373,1,0,450.000,-0.493,471.400,450.493
1374,1,0,450.000,-0.488,456.860,450.488
1375,1,0,450.000,12.521,444.224,437.479
1376,1,0,450.000,-0.494,450.651,450.494
1377,1,0,450.000,9.731,447.991,440.269
1378,1,0,450.000,-0.488,460.639,450.488
1379,1,0,450.000,6.008,445.067,443.992
1380,1,0,450.000,6.022,451.788,443.978
1381,1,0,450.000,-0.493,454.263,450.493
1382,1,0,450.000,-0.497,452.440,450.497
1383,1,0,450.000,21.024,431.175,428.976
1384,1,0,450.000,16.288,437.644,433.712
1385,1,0,450.000,14.817,469.709,435.183
1386,1,0,450.000,18.002,439.229,431.998
1387,1,0,450.000,-0.488,463.291,450.488
1388,1,0,450.000,-0.488,456.359,450.488
1389,1,0,450.000,9.776,441.873,440.224
1390,1,0,450.000,-0.487,452.048,450.487
1391,1,0,450.000,-0.494,451.897,450.494
1392,1,0,450.000,5.998,446.827,444.002
1393,1,0,450.000,9.763,444.924,440.237
1394,1,0,450.000,9.785,445.553,440.215
1395,1,0,450.000,-0.498,453.598,450.498
1396,1,0,450.000,-0.484,451.872,450.484
1397,1,0,450.000,9.810,441.796,440.190
1398,1,0,450.000,5.976,448.249,444.024
1399,1,0,450.000,12.448,444.919,437.552
1400,1,0,450.000,-0.493,453.120,450.493
1401,1,0,457.500,9.761,484.123,447.739
1402,1,0,457.500,-0.493,473.343,457.993
1403,1,0,457.500,9.159,480.610,448.341
1404,1,0,457.500,6.008,454.414,451.492
1405,1,0,457.500,-0.494,460.978,457.994
1406,1,0,457.500,10.163,451.496,447.337
1407,1,0,457.500,0.233,492.140,457.267
1408,1,0,457.500,4.854,465.158,452.646
1409,1,0,457.500,-0.488,466.686,457.988
1410,1,0,457.500,6.256,492.418,451.244
1411,1,0,457.500,6.015,461.403,451.485
1412,1,0,457.500,7.882,454.484,449.618
1413,1,0,457.500,9.763,473.130,447.737
1414,1,0,457.500,9.763,455.092,447.737
1415,1,0,457.500,5.994,452.885,451.506
1416,1,0,457.500,-0.493,458.667,457.993
1417,1,0,457.500,7.688,451.743,449.812
1418,1,0,457.500,-0.488,462.127,457.988
1419,1,0,457.500,16.984,442.007,440.516
1420,1,0,457.500,5.460,455.113,452.040
1421,1,0,457.500,-0.501,471.187,458.001
1422,1,0,457.500,4.431,462.736,453.069
1423,1,0,457.500,-0.445,478.534,457.945
1424,1,0,457.500,6.269,458.872,451.231
1425,1,0,457.500,-0.488,471.442,457.988
1426,1,0,457.500,0.689,458.899,456.811
1427,1,0,457.500,-0.493,465.099,457.993
1428,1,0,457.500,15.308,443.667,442.192
1429,1,0,457.500,-0.443,459.792,457.943
1430,1,0,457.500,6.008,515.644,451.492
1431,1,0,465.000,14.770,468.401,450.230
1432,1,0,465.000,5.091,471.319,459.909
1433,1,0,465.000,27.563,454.429,437.437
1434,1,0,465.000,12.416,457.303,452.584
1435,1,0,465.000,7.995,462.366,457.005
1436,1,0,465.000,-0.485,482.961,465.485
1437,1,0,465.000,10.444,469.758,454.556
1438,1,0,465.000,-0.486,467.296,465.486
1439,1,0,465.000,-0.485,481.150,465.485
1440,1,0,465.000,23.733,444.139,441.267
1441,1,0,465.000,13.561,460.505,451.439
1442,1,0,465.000,-0.464,484.176,465.464
1443,1,0,465.000,17.739,450.140,447.261
1444,1,0,465.000,12.737,464.621,452.263
1445,1,0,465.000,-0.486,535.256,465.486
1446,0,0,-0.000,-0.000,0.000,0.000
1447,0,0,-0.000,-0.000,0.000,0.000
1448,0,0,-0.000,-0.000,0.000,0.000
1449,0,0,-0.000,-0.000,0.000,0.000
1450,0,0,-0.000,-0.000,0.000,0.000
1451,0,0,-0.000,-0.000,0.000,0.000
1452,0,0,-0.000,-0.000,0.000,0.000
1453,0,0,-0.000,-0.000,0.000,0.000
1454,0,0,-0.000,-0.000,0.000,0.000
1455,0,0,-0.000,-0.000,0.000,0.000
1456,0,0,-0.000,-0.000,0.000,0.000
1457,0,0,-0.000,-0.000,0.000,0.000
1458,0,0,-0.000,-0.000,0.000,0.000
1459,0,0,-0.000,-0.000,0.000,0.000
1460,0,0,-0.000,-0.000,0.000,0.000
1461,0,0,15.000,15.000,0.000,0.000
1462,0,0,15.000,15.000,0.000,0.000
1463,0,0,15.000,15.000,0.000,0.000
1464,0,0,15.000,15.000,0.000,0.000
1465,0,0,15.000,15.000,0.000,0.000
1466,0,0,15.000,15.000,0.000,0.000
1467,0,0,15.000,15.000,0.000,0.000
1468,0,0,15.000,15.000,0.000,0.000
1469,0,0,15.000,15.000,0.000,0.000
1470,0,0,15.000,15.000,0.000,0.000
1471,0,0,15.000,15.000,0.000,0.000
1472,0,0,15.000,15.000,0.000,0.000
1473,0,0,15.000,15.000,0.000,0.000
1474,0,0,15.000,15.000,0.000,0.000
1475,0,0,15.000,15.000,0.000,0.000
1476,0,0,15.000,15.000,0.000,0.000
1477,0,0,15.000,15.000,0.000,0.000
1478,0,0,15.000,15.000,0.000,0.000
1479,0,0,15.000,15.000,0.000,0.000
1480,0,0,15.000,15.000,0.000,0.000
1481,0,0,15.000,15.000,0.000,0.000
1482,0,0,15.000,15.000,0.000,0.000
1483,0,0,15.000,15.000,0.000,0.000
1484,0,0,15.000,15.000,0.000,0.000
1485,0,0,15.000,15.000,0.000,0.000
1486,0,0,15.000,15.000,0.000,0.000
1487,0,0,15.000,15.000,0.000,0.000
1488,0,0,15.000,15.000,0.000,0.000
1489,0,0,15.000,15.000,0.000,0.000
1490,0,0,22.500,22.500,0.000,0.000
1491,0,0,22.500,22.500,0.000,0.000
1492,0,0,22.500,22.500,0.000,0.000
1493,0,0,22.500,22.500,0.000,0.000
1494,0,0,22.500,22.500,0.000,0.000
1495,0,0,22.500,22.500,0.000,0.000
1496,0,0,22.500,22.500,0.000,0.000
1497,0,0,22.500,22.500,0.000,0.000
1498,0,0,22.500,22.500,0.000,0.000
1499,0,0,22.500,22.500,0.000,0.000
1500,0,0,22.500,22.500,0.000,0.000
1501,0,0,22.500,22.500,0.000,0.000
1502,0,0,22.500,22.500,0.000,0.000
1503,0,0,22.500,22.500,0.000,0.000
1504,0,0,22.500,22.500,0.000,0.000
1505,0,0,22.500,22.500,0.000,0.000
1506,0,0,22.500,22.500,0.000,0.000
1507,0,0,22.500,22.500,0.000,0.000
1508,0,0,22.500,22.500,0.000,0.000
1509,0,0,22.500,22.500,0.000,0.000
1510,0,0,22.500,22.500,0.000,0.000
1511,0,0,22.500,22.500,0.000,0.000
1512,0,0,22.500,22.500,0.000,0.000
1513,0,0,22.500,22.500,0.000,0.000
1514,0,0,22.500,22.500,0.000,0.000
1515,0,0,22.500,22.500,0.000,0.000
1516,0,0,22.500,22.500,0.000,0.000
1517,0,0,22.500,22.500,0.000,0.000
1518,0,0,22.500,22.500,0.000,0.000
1519,0,0,22.500,22.500,0.000,0.000
1520,0,0,30.000,30.000,0.000,0.000
1521,0,0,30.000,30.000,0.000,0.000
1522,0,0,30.000,30.000,0.000,0.000
1523,0,0,30.000,30.000,0.000,0.000
1524,0,0,30.000,30.000,0.000,0.000
1525,0,0,30.000,30.000,0.000,0.000
1526,0,0,30.000,30.000,0.000,0.000
1527,0,0,30.000,30.000,0.000,0.000
1528,0,0,30.000,30.000,0.000,0.000
1529,0,0,30.000,30.000,0.000,0.000
1530,0,0,30.000,30.000,0.000,0.000
1531,0,0,30.000,30.000,0.000,0.000
1532,0,0,30.000,30.000,0.000,0.000
1533,0,0,30.000,30.000,0.000,0.000
1534,0,0,30.000,30.000,0.000,0.000
1535,0,0,30.000,30.000,0.000,0.000
1536,0,0,30.000,30.000,0.000,0.000
1537,0,0,30.000,30.000,0.000,0.000
1538,0,0,30.000,30.000,0.000,0.000
1539,0,0,30.000,30.000,0.000,0.000
1540,0,0,30.000,30.000,0.000,0.000
1541,0,0,30.000,30.000,0.000,0.000
1542,0,0,30.000,30.000,0.000,0.000
1543,0,0,30.000,30.000,0.000,0.000
1544,0,0,30.000,30.000,0.000,0.000
1545,0,0,30.000,30.000,0.000,0.000
1546,0,0,30.000,30.000,0.000,0.000
1547,0,0,30.000,30.000,0.000,0.000
1548,0,0,30.000,30.000,0.000,0.000
1549,0,0,37.500,37.500,0.000,0.000
1550,0,0,37.500,37.500,0.000,0.000
1551,0,0,37.500,37.500,0.000,0.000
1552,0,0,37.500,37.500,0.000,0.000
1553,0,0,37.500,37.500,0.000,0.000
1554,0,0,37.500,37.500,0.000,0.000
1555,0,0,37.500,37.500,0.000,0.000
1556,0,0,37.500,37.500,0.000,0.000
1557,0,0,37.500,37.500,0.000,0.000
1558,0,0,37.500,37.500,0.000,0.000
1559,0,0,37.500,37.500,0.000,0.000
1560,0,0,37.500,37.500,0.000,0.000
1561,0,0,37.500,37.500,0.000,0.000
1562,0,0,37.500,37.500,0.000,0.000
1563,0,0,37.500,37.500,0.000,0.000
1564,0,0,37.500,37.500,0.000,0.000
1565,0,0,37.500,37.500,0.000,0.000
1566,0,0,37.500,37.500,0.000,0.000
1567,0,0,37.500,37.500,0.000,0.000
1568,0,0,37.500,37.500,0.000,0.000
1569,0,0,37.500,37.500,0.000,0.000
1570,0,0,37.500,37.500,0.000,0.000
1571,0,0,37.500,37.500,0.000,0.000
1572,0,0,37.500,37.500,0.000,0.000
1573,0,0,37.500,37.500,0.000,0.000
1574,0,0,37.500,37.500,0.000,0.000
1575,0,0,37.500,37.500,0.000,0.000
1576,0,0,37.500,37.500,0.000,0.000
1577,0,0,37.500,37.500,0.000,0.000
1578,0,0,37.500,37.500,0.000,0.000
1579,0,0,45.000,45.000,0.000,0.000
1580,0,0,45.000,45.000,0.000,0.000
1581,0,0,45.000,45.000,0.000,0.000
1582,0,0,45.000,45.000,0.000,0.000
1583,0,0,45.000,45.000,0.000,0.000
1584,0,0,45.000,45.000,0.000,0.000
1585,0,0,45.000,45.000,0.000,0.000
1586,0,0,45.000,45.000,0.000,0.000
1587,0,0,45.000,45.000,0.000,0.000
1588,0,0,45.000,45.000,0.000,0.000
1589,0,0,45.000,45.000,0.000,0.000
1590,0,0,45.000,45.000,0.000,0.000
1591,0,0,45.000,45.000,0.000,0.000
1592,0,0,45.000,45.000,0.000,0.000
1593,0,0,45.000,45.000,0.000,0.000
1594,0,0,45.000,45.000,0.000,0.000
1595,0,0,45.000,45.000,0.000,0.000
1596,0,0,45.000,45.000,0.000,0.000
1597,0,0,45.000,45.000,0.000,0.000
1598,0,0,45.000,45.000,0.000,0.000
1599,0,0,45.000,45.000,0.000,0.000
1600,0,0,45.000,45.000,0.000,0.000
1601,0,0,45.000,45.000,0.000,0.000
1602,0,0,45.000,45.000,0.000,0.000
1603,0,0,45.000,45.000,0.000,0.000
1604,0,0,45.000,45.000,0.000,0.000
1605,0,0,45.000,45.000,0.000,0.000
1606,0,0,45.000,45.000,0.000,0.000
1607,0,0,45.000,45.000,0.000,0.000
1608,0,0,52.500,52.500,0.000,0.000
1609,0,0,52.500,52.500,0.000,0.000
1610,0,0,52.500,52.500,0.000,0.000
1611,0,0,52.500,52.500,0.000,0.000
1612,0,0,52.500,52.500,0.000,0.000
1613,0,0,52.500,52.500,0.000,0.000
1614,0,0,52.500,52.500,0.000,0.000
1615,0,0,52.500,52.500,0.000,0.000
1616,0,0,52.500,52.500,0.000,0.000
1617,0,0,52.500,52.500,0.000,0.000
1618,0,0,52.500,52.500,0.000,0.000
1619,0,0,52.500,52.500,0.000,0.000
1620,0,0,52.500,52.500,0.000,0.000
1621,0,0,52.500,52.500,0.000,0.000
1622,0,0,52.500,52.500,0.000,0.000
1623,0,0,52.500,52.500,0.000,0.000
1624,0,0,52.500,52.500,0.000,0.000
1625,0,0,52.500,52.500,0.000,0.000
1626,0,0,52.500,52.500,0.000,0.000
1627,0,0,52.500,52.500,0.000,0.000
1628,0,0,52.500,52.500,0.000,0.000
1629,0,0,52.500,52.500,0.000,0.000
1630,0,0,52.500,52.500,0.000,0.000
1631,0,0,52.500,52.500,0.000,0.000
1632,0,0,52.500,52.500,0.000,0.000
1633,0,0,60.000,60.000,0.000,0.000
1634,0,0,60.000,60.000,0.000,0.000
1635,0,0,60.000,60.000,0.000,0.000
1636,0,0,60.000,60.000,0.000,0.000
1637,0,0,60.000,60.000,0.000,0.000
1638,0,0,60.000,60.000,0.000,0.000
1639,0,0,60.000,60.000,0.000,0.000
1640,0,0,60.000,60.000,0.000,0.000
1641,0,0,60.000,60.000,0.000,0.000
1642,0,0,60.000,60.000,0.000,0.000
1643,0,0,60.000,60.000,0.000,0.000
1644,0,0,60.000,60.000,0.000,0.000
1645,0,0,60.000,60.000,0.000,0.000
1646,0,0,60.000,60.000,0.000,0.000
1647,0,0,60.000,60.000,0.000,0.000
1648,0,0,60.000,60.000,0.000,0.000
1649,0,0,60.000,60.000,0.000,0.000
1650,0,0,60.000,60.000,0.000,0.000
1651,0,0,60.000,60.000,0.000,0.000
1652,0,0,60.000,60.000,0.000,0.000
1653,0,0,60.000,60.000,0.000,0.000
1654,0,0,60.000,60.000,0.000,0.000
1655,0,0,60.000,60.000,0.000,0.000
1656,0,0,60.000,60.000,0.000,0.000
1657,0,0,67.500,67.500,0.000,0.000
1658,0,0,67.500,67.500,0.000,0.000
1659,0,0,67.500,67.500,0.000,0.000
1660,0,0,67.500,67.500,0.000,0.000
1661,0,0,67.500,67.500,0.000,0.000
1662,0,0,67.500,67.500,0.000,0.000
1663,0,0,67.500,67.500,0.000,0.000
1664,0,0,67.500,67.500,0.000,0.000
1665,0,0,67.500,67.500,0.000,0.000
1666,0,0,67.500,67.500,0.000,0.000
1667,0,0,67.500,67.500,0.000,0.000
1668,0,0,67.500,67.500,0.000,0.000
1669,0,0,67.500,67.500,0.000,0.000
1670,0,0,67.500,67.500,0.000,0.000
1671,0,0,67.500,67.500,0.000,0.000
1672,0,0,67.500,67.500,0.000,0.000
1673,0,0,67.500,67.500,0.000,0.000
1674,0,0,67.500,67.500,0.000,0.000
1675,0,0,67.500,67.500,0.000,0.000
1676,0,0,67.500,67.500,0.000,0.000
1677,0,0,75.000,75.000,0.000,0.000
1678,0,0,75.000,75.000,0.000,0.000
1679,0,0,75.000,75.000,0.000,0.000
1680,0,0,75.000,75.000,0.000,0.000
1681,0,0,75.000,75.000,0.000,0.000
1682,0,0,75.000,75.000,0.000,0.000
1683,0,0,75.000,75.000,0.000,0.000
1684,0,0,75.000,75.000,0.000,0.000
1685,0,0,75.000,75.000,0.000,0.000
1686,0,0,75.000,75.000,0.000,0.000
1687,0,0,75.000,75.000,0.000,0.000
1688,0,0,75.000,75.000,0.000,0.000
1689,0,0,75.000,75.000,0.000,0.000
1690,0,0,75.000,75.000,0.000,0.000
1691,0,0,75.000,75.000,0.000,0.000
1692,0,0,75.000,75.000,0.000,0.000
1693,0,0,75.000,75.000,0.000,0.000
1694,0,0,75.000,75.000,0.000,0.000
1695,0,0,75.000,75.000,0.000,0.000
1696,0,0,75.000,75.000,0.000,0.000
1697,0,0,75.000,75.000,0.000,0.000
1698,0,0,75.000,75.000,0.000,0.000
1699,0,0,75.000,75.000,0.000,0.000
1700,0,0,75.000,75.000,0.000,0.000
1701,0,0,82.500,82.500,0.000,0.000
1702,0,0,82.500,82.500,0.000,0.000
1703,0,0,82.500,82.500,0.000,0.000
1704,0,0,82.500,82.500,0.000,0.000
1705,0,0,82.500,82.500,0.000,0.000
1706,0,0,82.500,82.500,0.000,0.000
1707,0,0,82.500,82.500,0.000,0.000
1708,0,0,82.500,82.500,0.000,0.000
1709,0,0,82.500,82.500,0.000,0.000
1710,0,0,82.500,82.500,0.000,0.000
1711,0,0,82.500,82.500,0.000,0.000
1712,0,0,82.500,82.500,0.000,0.000
1713,0,0,82.500,82.500,0.000,0.000
1714,0,0,82.500,82.500,0.000,0.000
1715,0,0,82.500,82.500,0.000,0.000
1716,0,0,82.500,82.500,0.000,0.000
1717,0,0,82.500,82.500,0.000,0.000
1718,0,0,82.500,82.500,0.000,0.000
1719,0,0,82.500,82.500,0.000,0.000
1720,0,0,82.500,82.500,0.000,0.000
1721,0,0,90.000,90.000,0.000,0.000
1722,0,0,90.000,90.000,0.000,0.000
1723,0,0,90.000,90.000,0.000,0.000
1724,0,0,90.000,90.000,0.000,0.000
1725,0,0,90.000,90.000,0.000,0.000
1726,0,0,90.000,90.000,0.000,0.000
1727,0,0,90.000,90.000,0.000,0.000
1728,0,0,90.000,90.000,0.000,0.000
1729,0,0,90.000,90.000,0.000,0.000
1730,0,0,90.000,90.000,0.000,0.000
1731,0,0,90.000,90.000,0.000,0.000
1732,0,0,90.000,90.000,0.000,0.000
1733,0,0,90.000,90.000,0.000,0.000
1734,0,0,90.000,90.000,0.000,0.000
1735,0,0,90.000,90.000,0.000,0.000
1736,0,0,90.000,90.000,0.000,0.000
1737,0,0,90.000,90.000,0.000,0.000
1738,0,0,90.000,90.000,0.000,0.000
1739,0,0,90.000,90.000,0.000,0.000
1740,0,0,90.000,90.000,0.000,0.000
1741,0,0,90.000,90.000,0.000,0.000
1742,0,0,90.000,90.000,0.000,0.000
1743,0,0,90.000,90.000,0.000,0.000
1744,0,0,90.000,90.000,0.000,0.000
1745,0,0,97.500,97.500,0.000,0.000
1746,0,0,97.500,97.500,0.000,0.000
1747,0,0,97.500,97.500,0.000,0.000
1748,0,0,97.500,97.500,0.000,0.000
1749,0,0,97.500,97.500,0.000,0.000
1750,0,0,97.500,97.500,0.000,0.000
1751,0,0,97.500,97.500,0.000,0.000
1752,0,0,97.500,97.500,0.000,0.000
1753,0,0,97.500,97.500,0.000,0.000
1754,0,0,97.500,97.500,0.000,0.000
1755,0,0,97.500,97.500,0.000,0.000
1756,0,0,97.500,97.500,0.000,0.000
1757,0,0,97.500,97.500,0.000,0.000
1758,0,0,97.500,97.500,0.000,0.000
1759,0,0,97.500,97.500,0.000,0.000
1760,0,0,97.500,97.500,0.000,0.000
1761,0,0,97.500,97.500,0.000,0.000
1762,0,0,97.500,97.500,0.000,0.000
1763,0,0,97.500,97.500,0.000,0.000
1764,0,0,97.500,97.500,0.000,0.000
1765,0,0,105.000,105.000,0.000,0.000
1766,0,0,105.000,105.000,0.000,0.000
1767,0,0,105.000,105.000,0.000,0.000
1768,0,0,105.000,105.000,0.000,0.000
1769,0,0,105.000,105.000,0.000,0.000
1770,0,0,105.000,105.000,0.000,0.000
1771,0,0,105.000,105.000,0.000,0.000
1772,0,0,105.000,105.000,0.000,0.000
1773,0,0,105.000,105.000,0.000,0.000
1774,0,0,105.000,105.000,0.000,0.000
1775,0,0,105.000,105.000,0.000,0.000
1776,0,0,105.000,105.000,0.000,0.000
1777,0,0,105.000,105.000,0.000,0.000
1778,0,0,105.000,105.000,0.000,0.000
1779,0,0,105.000,105.000,0.000,0.000
1780,0,0,105.000,105.000,0.000,0.000
1781,0,0,105.000,105.000,0.000,0.000
1782,0,0,105.000,105.000,0.000,0.000
1783,0,0,105.000,105.000,0.000,0.000
1784,0,0,105.000,105.000,0.000,0.000
1785,0,0,105.000,105.000,0.000,0.000
1786,0,0,105.000,105.000,0.000,0.000
1787,0,0,105.000,105.000,0.000,0.000
1788,0,0,105.000,105.000,0.000,0.000
1789,0,0,112.500,112.500,0.000,0.000
1790,0,0,112.500,112.500,0.000,0.000
1791,0,0,112.500,112.500,0.000,0.000
1792,0,0,112.500,112.500,0.000,0.000
1793,0,0,112.500,112.500,0.000,0.000
1794,0,0,112.500,112.500,0.000,0.000
1795,0,0,112.500,112.500,0.000,0.000
1796,0,0,112.500,112.500,0.000,0.000
1797,0,0,112.500,112.500,0.000,0.000
1798,0,0,112.500,112.500,0.000,0.000
1799,0,0,112.500,112.500,0.000,0.000
1800,0,0,112.500,112.500,0.000,0.000
1801,0,0,112.500,112.500,0.000,0.000
1802,0,0,112.500,112.500,0.000,0.000
1803,0,0,112.500,112.500,0.000,0.000
1804,0,0,112.500,112.500,0.000,0.000
1805,0,0,112.500,112.500,0.000,0.000
1806,0,0,112.500,112.500,0.000,0.000
1807,0,0,112.500,112.500,0.000,0.000
1808,0,0,112.500,112.500,0.000,0.000
1809,0,0,120.000,120.000,0.000,0.000
1810,0,0,120.000,120.000,0.000,0.000
1811,0,0,120.000,120.000,0.000,0.000
1812,0,0,120.000,120.000,0.000,0.000
1813,0,0,120.000,120.000,0.000,0.000
1814,0,0,120.000,120.000,0.000,0.000
1815,0,0,120.000,120.000,0.000,0.000
1816,0,0,120.000,120.000,0.000,0.000
1817,0,0,120.000,120.000,0.000,0.000
1818,0,0,120.000,120.000,0.000,0.000
1819,0,0,120.000,120.000,0.000,0.000
1820,0,0,120.000,120.000,0.000,0.000
1821,0,0,120.000,120.000,0.000,0.000
1822,0,0,120.000,120.000,0.000,0.000
1823,0,0,120.000,120.000,0.000,0.000
1824,0,0,120.000,120.000,0.000,0.000
1825,0,0,120.000,120.000,0.000,0.000
1826,0,0,120.000,120.000,0.000,0.000
1827,0,0,120.000,120.000,0.000,0.000
1828,0,0,120.000,120.000,0.000,0.000
1829,0,0,120.000,120.000,0.000,0.000
1830,0,0,120.000,120.000,0.000,0.000
1831,0,0,120.000,120.000,0.000,0.000
1832,0,0,120.000,120.000,0.000,0.000
1833,0,0,127.500,127.500,0.000,0.000
1834,0,0,127.500,127.500,0.000,0.000
1835,0,0,127.500,127.500,0.000,0.000
1836,0,0,127.500,127.500,0.000,0.000
1837,0,0,127.500,127.500,0.000,0.000
1838,0,0,127.500,127.500,0.000,0.000
1839,0,0,127.500,127.500,0.000,0.000
1840,0,0,127.500,127.500,0.000,0.000
1841,0,0,127.500,127.500,0.000,0.000
1842,0,0,127.500,127.500,0.000,0.000
1843,0,0,127.500,127.500,0.000,0.000
1844,0,0,127.500,127.500,0.000,0.000
1845,0,0,127.500,127.500,0.000,0.000
1846,0,0,127.500,127.500,0.000,0.000
1847,0,0,127.500,127.500,0.000,0.000
1848,0,0,127.500,127.500,0.000,0.000
1849,0,0,127.500,127.500,0.000,0.000
1850,0,0,127.500,127.500,0.000,0.000
1851,0,0,127.500,127.500,0.000,0.000
1852,0,0,127.500,127.500,0.000,0.000
1853,0,0,135.000,135.000,0.000,0.000
1854,0,0,135.000,135.000,0.000,0.000
1855,0,0,135.000,135.000,0.000,0.000
1856,0,0,135.000,135.000,0.000,0.000
1857,0,0,135.000,135.000,0.000,0.000
1858,0,0,135.000,135.000,0.000,0.000
1859,0,0,135.000,135.000,0.000,0.000
1860,0,0,135.000,135.000,0.000,0.000
1861,0,0,135.000,135.000,0.000,0.000
1862,0,0,135.000,135.000,0.000,0.000
1863,0,0,135.000,135.000,0.000,0.000
1864,0,0,135.000,135.000,0.000,0.000
1865,0,0,135.000,135.000,0.000,0.000
1866,0,0,135.000,135.000,0.000,0.000
1867,0,0,135.000,135.000,0.000,0.000
1868,0,0,135.000,135.000,0.000,0.000
1869,0,0,135.000,135.000,0.000,0.000
1870,0,0,135.000,135.000,0.000,0.000
1871,0,0,135.000,135.000,0.000,0.000
1872,0,0,135.000,135.000,0.000,0.000
1873,0,0,135.000,135.000,0.000,0.000
1874,0,0,135.000,135.000,0.000,0.000
1875,0,0,135.000,135.000,0.000,0.000
1876,0,0,135.000,135.000,0.000,0.000
1877,0,0,142.500,142.500,0.000,0.000
1878,0,0,142.500,142.500,0.000,0.000
1879,0,0,142.500,142.500,0.000,0.000
1880,0,0,142.500,142.500,0.000,0.000
1881,0,0,142.500,142.500,0.000,0.000
1882,0,0,142.500,142.500,0.000,0.000
1883,0,0,142.500,142.500,0.000,0.000
1884,0,0,142.500,142.500,0.000,0.000
1885,0,0,142.500,142.500,0.000,0.000
1886,0,0,142.500,142.500,0.000,0.000
1887,0,0,142.500,142.500,0.000,0.000
1888,0,0,142.500,142.500,0.000,0.000
1889,0,0,142.500,142.500,0.000,0.000
1890,0,0,142.500,142.500,0.000,0.000
1891,0,0,142.500,142.500,0.000,0.000
1892,0,0,142.500,142.500,0.000,0.000
1893,0,0,142.500,142.500,0.000,0.000
1894,0,0,142.500,142.500,0.000,0.000
1895,0,0,142.500,142.500,0.000,0.000
1896,0,0,142.500,142.500,0.000,0.000
1897,0,0,150.000,150.000,0.000,0.000
1898,0,0,150.000,150.000,0.000,0.000
1899,0,0,150.000,150.000,0.000,0.000
1900,0,0,150.000,150.000,0.000,0.000
1901,0,0,150.000,150.000,0.000,0.000
1902,0,0,150.000,150.000,0.000,0.000
1903,0,0,150.000,150.000,0.000,0.000
1904,0,0,150.000,150.000,0.000,0.000
1905,0,0,150.000,150.000,0.000,0.000
1906,0,0,150.000,150.000,0.000,0.000
1907,0,0,150.000,150.000,0.000,0.000
1908,0,0,150.000,150.000,0.000,0.000
1909,0,0,150.000,150.000,0.000,0.000
1910,0,0,150.000,150.000,0.000,0.000
1911,0,0,150.000,150.000,0.000,0.000
1912,0,0,150.000,150.000,0.000,0.000
1913,0,0,150.000,150.000,0.000,0.000
1914,0,0,150.000,150.000,0.000,0.000
1915,0,0,150.000,150.000,0.000,0.000
1916,0,0,150.000,150.000,0.000,0.000
1917,0,0,150.000,150.000,0.000,0.000
1918,0,0,150.000,150.000,0.000,0.000
1919,0,0,150.000,150.000,0.000,0.000
1920,0,0,150.000,150.000,0.000,0.000
1921,0,0,157.500,157.500,0.000,0.000
1922,0,0,157.500,157.500,0.000,0.000
1923,0,0,157.500,157.500,0.000,0.000
1924,0,0,157.500,157.500,0.000,0.000
1925,0,0,157.500,157.500,0.000,0.000
1926,0,0,157.500,157.500,0.000,0.000
1927,0,0,157.500,157.500,0.000,0.000
1928,0,0,157.500,157.500,0.000,0.000
1929,0,0,157.500,157.500,0.000,0.000
1930,0,0,157.500,157.500,0.000,0.000
1931,0,0,157.500,157.500,0.000,0.000
1932,0,0,157.500,157.500,0.000,0.000
1933,0,0,157.500,157.500,0.000,0.000
1934,0,0,157.500,157.500,0.000,0.000
1935,0,0,157.500,157.500,0.000,0.000
1936,0,0,157.500,157.500,0.000,0.000
1937,0,0,157.500,157.500,0.000,0.000
1938,0,0,157.500,157.500,0.000,0.000
1939,0,0,157.500,157.500,0.000,0.000
1940,0,0,157.500,157.500,0.000,0.000
1941,0,0,165.000,165.000,0.000,0.000
1942,0,0,165.000,165.000,0.000,0.000
1943,0,0,165.000,165.000,0.000,0.000
1944,0,0,165.000,165.000,0.000,0.000
1945,0,0,165.000,165.000,0.000,0.000
1946,0,0,165.000,165.000,0.000,0.000
1947,0,0,165.000,165.000,0.000,0.000
1948,0,0,165.000,165.000,0.000,0.000
1949,0,0,165.000,165.000,0.000,0.000
1950,0,0,165.000,165.000,0.000,0.000
1951,0,0,165.000,165.000,0.000,0.000
1952,0,0,165.000,165.000,0.000,0.000
1953,0,0,165.000,165.000,0.000,0.000
1954,0,0,165.000,165.000,0.000,0.000
1955,0,0,165.000,165.000,0.000,0.000
1956,0,0,165.000,165.000,0.000,0.000
1957,0,0,165.000,165.000,0.000,0.000
1958,0,0,165.000,165.000,0.000,0.000
1959,0,0,165.000,165.000,0.000,0.000
1960,0,0,165.000,165.000,0.000,0.000
1961,0,0,165.000,165.000,0.000,0.000
1962,0,0,165.000,165.000,0.000,0.000
1963,0,0,165.000,165.000,0.000,0.000
1964,0,0,165.000,165.000,0.000,0.000
1965,0,0,172.500,172.500,0.000,0.000
1966,0,0,172.500,172.500,0.000,0.000
1967,0,0,172.500,172.500,0.000,0.000
1968,0,0,172.500,172.500,0.000,0.000
1969,0,0,172.500,172.500,0.000,0.000
1970,0,0,172.500,172.500,0.000,0.000
1971,0,0,172.500,172.500,0.000,0.000
1972,0,0,172.500,172.500,0.000,0.000
1973,0,0,172.500,172.500,0.000,0.000
1974,0,0,172.500,172.500,0.000,0.000
1975,0,0,172.500,172.500,0.000,0.000
1976,0,0,172.500,172.500,0.000,0.000
1977,0,0,172.500,172.500,0.000,0.000
1978,0,0,172.500,172.500,0.000,0.000
1979,0,0,172.500,172.500,0.000,0.000
1980,0,0,172.500,172.500,0.000,0.000
1981,0,0,172.500,172.500,0.000,0.000
1982,0,0,172.500,172.500,0.000,0.000
1983,0,0,172.500,172.500,0.000,0.000
1984,0,0,172.500,172.500,0.000,0.000
1985,0,0,180.000,180.000,0.000,0.000
1986,0,0,180.000,180.000,0.000,0.000
1987,0,0,180.000,180.000,0.000,0.000
1988,0,0,180.000,180.000,0.000,0.000
1989,0,0,180.000,180.000,0.000,0.000
1990,0,0,180.000,180.000,0.000,0.000
1991,0,0,180.000,180.000,0.000,0.000
1992,0,0,180.000,180.000,0.000,0.000
1993,0,0,180.000,180.000,0.000,0.000
1994,0,0,180.000,180.000,0.000,0.000
1995,0,0,180.000,180.000,0.000,0.000
1996,0,0,180.000,180.000,0.000,0.000
1997,0,0,180.000,180.000,0.000,0.000
1998,0,0,180.000,180.000,0.000,0.000
1999,0,0,180.000,180.000,0.000,0.000
2000,0,0,180.000,180.000,0.000,0.000
2001,0,0,180.000,180.000,0.000,0.000
2002,0,0,180.000,180.000,0.000,0.000
2003,0,0,180.000,180.000,0.000,0.000
2004,0,0,180.000,180.000,0.000,0.000
2005,0,0,180.000,180.000,0.000,0.000
2006,0,0,180.000,180.000,0.000,0.000
2007,0,0,180.000,180.000,0.000,0.000
2008,0,0,180.000,180.000,0.000,0.000
2009,0,0,187.500,187.500,0.000,0.000
2010,0,0,187.500,187.500,0.000,0.000
2011,0,0,187.500,187.500,0.000,0.000
2012,0,0,187.500,187.500,0.000,0.000
2013,0,0,187.500,187.500,0.000,0.000
2014,0,0,187.500,187.500,0.000,0.000
2015,0,0,187.500,187.500,0.000,0.000
2016,0,0,187.500,187.500,0.000,0.000
2017,0,0,187.500,187.500,0.000,0.000
2018,0,0,187.500,187.500,0.000,0.000
2019,0,0,187.500,187.500,0.000,0.000
2020,0,0,187.500,187.500,0.000,0.000
2021,0,0,187.500,187.500,0.000,0.000
2022,0,0,187.500,187.500,0.000,0.000
2023,0,0,187.500,187.500,0.000,0.000
2024,0,0,187.500,187.500,0.000,0.000
2025,0,0,187.500,187.500,0.000,0.000
2026,0,0,187.500,187.500,0.000,0.000
2027,0,0,187.500,187.500,0.000,0.000
2028,0,0,187.500,187.500,0.000,0.000
2029,0,0,195.000,195.000,0.000,0.000
2030,0,0,195.000,195.000,0.000,0.000
2031,0,0,195.000,195.000,0.000,0.000
2032,0,0,195.000,195.000,0.000,0.000
2033,0,0,195.000,195.000,0.000,0.000
2034,0,0,195.000,195.000,0.000,0.000
2035,0,0,195.000,195.000,0.000,0.000
2036,0,0,195.000,195.000,0.000,0.000
2037,0,0,195.000,195.000,0.000,0.000
2038,0,0,195.000,195.000,0.000,0.000
2039,0,0,195.000,195.000,0.000,0.000
2040,0,0,195.000,195.000,0.000,0.000
2041,0,0,195.000,195.000,0.000,0.000
2042,0,0,195.000,195.000,0.000,0.000
2043,0,0,195.000,195.000,0.000,0.000
2044,0,0,195.000,195.000,0.000,0.000
2045,0,0,195.000,195.000,0.000,0.000
2046,0,0,195.000,195.000,0.000,0.000
2047,0,0,195.000,195.000,0.000,0.000
2048,0,0,195.000,195.000,0.000,0.000
2049,0,0,195.000,195.000,0.000,0.000
2050,0,0,195.000,195.000,0.000,0.000
2051,0,0,195.000,195.000,0.000,0.000
2052,0,0,195.000,195.000,0.000,0.000
2053,0,0,202.500,202.500,0.000,0.000
2054,0,0,202.500,202.500,0.000,0.000
2055,0,0,202.500,202.500,0.000,0.000
2056,0,0,202.500,202.500,0.000,0.000
2057,0,0,202.500,202.500,0.000,0.000
2058,0,0,202.500,202.500,0.000,0.000
2059,0,0,202.500,202.500,0.000,0.000
2060,0,0,202.500,202.500,0.000,0.000
2061,0,0,202.500,202.500,0.000,0.000
2062,0,0,202.500,202.500,0.000,0.000
2063,0,0,202.500,202.500,0.000,0.000
2064,0,0,202.500,202.500,0.000,0.000
2065,0,0,202.500,202.500,0.000,0.000
2066,0,0,202.500,202.500,0.000,0.000
2067,0,0,202.500,202.500,0.000,0.000
2068,0,0,202.500,202.500,0.000,0.000
2069,0,0,202.500,202.500,0.000,0.000
2070,0,0,202.500,202.500,0.000,0.000
2071,0,0,202.500,202.500,0.000,0.000
2072,0,0,202.500,202.500,0.000,0.000
2073,0,0,210.000,210.000,0.000,0.000
2074,0,0,210.000,210.000,0.000,0.000
2075,0,0,210.000,210.000,0.000,0.000
2076,0,0,210.000,210.000,0.000,0.000
2077,0,0,210.000,210.000,0.000,0.000
2078,0,0,210.000,210.000,0.000,0.000
2079,0,0,210.000,210.000,0.000,0.000
2080,0,0,210.000,210.000,0.000,0.000
2081,0,0,210.000,210.000,0.000,0.000
2082,0,0,210.000,210.000,0.000,0.000
2083,0,0,210.000,210.000,0.000,0.000
2084,0,0,210.000,210.000,0.000,0.000
2085,0,0,210.000,210.000,0.000,0.000
2086,0,0,210.000,210.000,0.000,0.000
2087,0,0,210.000,210.000,0.000,0.000
2088,0,0,210.000,210.000,0.000,0.000
2089,0,0,210.000,210.000,0.000,0.000
2090,0,0,210.000,210.000,0.000,0.000
2091,0,0,210.000,210.000,0.000,0.000
2092,0,0,217.500,217.500,0.000,0.000
2093,0,0,217.500,217.500,0.000,0.000
2094,0,0,217.500,217.500,0.000,0.000
2095,0,0,217.500,217.500,0.000,0.000
2096,0,0,217.500,217.500,0.000,0.000
2097,0,0,217.500,217.500,0.000,0.000
2098,0,0,217.500,217.500,0.000,0.000
2099,0,0,217.500,217.500,0.000,0.000
2100,0,0,217.500,217.500,0.000,0.000
2101,0,0,217.500,217.500,0.000,0.000
2102,0,0,225.000,225.000,0.000,0.000
2103,0,0,225.000,225.000,0.000,0.000
2104,0,0,225.000,225.000,0.000,0.000
2105,0,0,225.000,225.000,0.000,0.000
2106,0,0,225.000,225.000,0.000,0.000
2107,0,0,225.000,225.000,0.000,0.000
2108,0,0,225.000,225.000,0.000,0.000
2109,0,0,225.000,225.000,0.000,0.000
2110,0,0,225.000,225.000,0.000,0.000
2111,0,0,225.000,225.000,0.000,0.000
2112,0,0,225.000,225.000,0.000,0.000
2113,0,0,225.000,225.000,0.000,0.000
2114,0,0,225.000,225.000,0.000,0.000
2115,0,0,225.000,225.000,0.000,0.000
2116,0,0,225.000,225.000,0.000,0.000
2117,0,0,225.000,225.000,0.000,0.000
2118,0,0,225.000,225.000,0.000,0.000
2119,0,0,225.000,225.000,0.000,0.000
2120,0,0,225.000,225.000,0.000,0.000
2121,0,0,225.000,225.000,0.000,0.000
2122,0,0,225.000,225.000,0.000,0.000
2123,0,0,225.000,225.000,0.000,0.000
2124,0,0,225.000,225.000,0.000,0.000
2125,0,0,225.000,225.000,0.000,0.000
2126,0,0,225.000,225.000,0.000,0.000
2127,0,0,225.000,225.000,0.000,0.000
2128,0,0,225.000,225.000,0.000,0.000
2129,0,0,225.000,225.000,0.000,0.000
2130,0,0,225.000,225.000,0.000,0.000
2131,0,0,232.500,232.500,0.000,0.000
2132,0,0,232.500,232.500,0.000,0.000
2133,0,0,232.500,232.500,0.000,0.000
2134,0,0,232.500,232.500,0.000,0.000
2135,0,0,232.500,232.500,0.000,0.000
2136,0,0,232.500,232.500,0.000,0.000
2137,0,0,232.500,232.500,0.000,0.000
2138,0,0,232.500,232.500,0.000,0.000
2139,0,0,232.500,232.500,0.000,0.000
2140,0,0,232.500,232.500,0.000,0.000
2141,0,0,232.500,232.500,0.000,0.000
2142,0,0,232.500,232.500,0.000,0.000
2143,0,0,232.500,232.500,0.000,0.000
2144,0,0,232.500,232.500,0.000,0.000
2145,0,0,232.500,232.500,0.000,0.000
2146,0,0,232.500,232.500,0.000,0.000
2147,0,0,232.500,232.500,0.000,0.000
2148,0,0,232.500,232.500,0.000,0.000
2149,0,0,232.500,232.500,0.000,0.000
2150,0,0,232.500,232.500,0.000,0.000
2151,0,0,232.500,232.500,0.000,0.000
2152,0,0,232.500,232.500,0.000,0.000
2153,0,0,232.500,232.500,0.000,0.000
2154,0,0,232.500,232.500,0.000,0.000
2155,0,0,232.500,232.500,0.000,0.000
2156,0,0,232.500,232.500,0.000,0.000
2157,0,0,232.500,232.500,0.000,0.000
2158,0,0,232.500,232.500,0.000,0.000
2159,0,0,232.500,232.500,0.000,0.000
2160,0,0,232.500,232.500,0.000,0.000
2161,0,0,240.000,240.000,0.000,0.000
2162,0,0,240.000,240.000,0.000,0.000
2163,0,0,240.000,240.000,0.000,0.000
2164,0,0,240.000,240.000,0.000,0.000
2165,0,0,240.000,240.000,0.000,0.000
2166,0,0,240.000,240.000,0.000,0.000
2167,0,0,240.000,240.000,0.000,0.000
2168,0,0,240.000,240.000,0.000,0.000
2169,0,0,240.000,240.000,0.000,0.000
2170,0,0,240.000,240.000,0.000,0.000
2171,0,0,240.000,240.000,0.000,0.000
2172,0,0,240.000,240.000,0.000,0.000
2173,0,0,240.000,240.000,0.000,0.000
2174,0,0,240.000,240.000,0.000,0.000
2175,0,0,240.000,240.000,0.000,0.000
2176,0,0,240.000,240.000,0.000,0.000
2177,0,0,240.000,240.000,0.000,0.000
2178,0,0,240.000,240.000,0.000,0.000
2179,0,0,240.000,240.000,0.000,0.000
2180,0,0,240.000,240.000,0.000,0.000
2181,0,0,240.000,240.000,0.000,0.000
2182,0,0,240.000,240.000,0.000,0.000
2183,0,0,240.000,240.000,0.000,0.000
2184,0,0,240.000,240.000,0.000,0.000
2185,0,0,240.000,240.000,0.000,0.000
2186,0,0,240.000,240.000,0.000,0.000
2187,0,0,240.000,240.000,0.000,0.000
2188,0,0,240.000,240.000,0.000,0.000
2189,0,0,240.000,240.000,0.000,0.000
2190,0,0,247.500,247.500,0.000,0.000
2191,0,0,247.500,247.500,0.000,0.000
2192,0,0,247.500,247.500,0.000,0.000
2193,0,0,247.500,247.500,0.000,0.000
2194,0,0,247.500,247.500,0.000,0.000
2195,0,0,247.500,247.500,0.000,0.000
2196,0,0,247.500,247.500,0.000,0.000
2197,0,0,247.500,247.500,0.000,0.000
2198,0,0,247.500,247.500,0.000,0.000
2199,0,0,247.500,247.500,0.000,0.000
2200,0,0,247.500,247.500,0.000,0.000
2201,0,0,247.500,247.500,0.000,0.000
2202,0,0,247.500,247.500,0.000,0.000
2203,0,0,247.500,247.500,0.000,0.000
2204,0,0,247.500,247.500,0.000,0.000
2205,0,0,247.500,247.500,0.000,0.000
2206,0,0,255.000,255.000,0.000,0.000
2207,0,0,255.000,255.000,0.000,0.000
2208,0,0,255.000,255.000,0.000,0.000
2209,0,0,255.000,255.000,0.000,0.000
2210,0,0,255.000,255.000,0.000,0.000
2211,0,0,255.000,255.000,0.000,0.000
2212,0,0,255.000,255.000,0.000,0.000
2213,0,0,255.000,255.000,0.000,0.000
2214,0,0,255.000,255.000,0.000,0.000
2215,0,0,255.000,255.000,0.000,0.000
2216,0,0,255.000,255.000,0.000,0.000
2217,0,0,255.000,255.000,0.000,0.000
2218,0,0,255.000,255.000,0.000,0.000
2219,0,0,255.000,255.000,0.000,0.000
2220,0,0,255.000,255.000,0.000,0.000
2221,0,0,255.000,255.000,0.000,0.000
2222,0,0,255.000,255.000,0.000,0.000
2223,0,0,255.000,255.000,0.000,0.000
2224,0,0,255.000,255.000,0.000,0.000
2225,0,0,255.000,255.000,0.000,0.000
2226,0,0,255.000,255.000,0.000,0.000
2227,0,0,255.000,255.000,0.000,0.000
2228,0,0,255.000,255.000,0.000,0.000
2229,0,0,255.000,255.000,0.000,0.000
2230,0,0,255.000,255.000,0.000,0.000
2231,0,0,255.000,255.000,0.000,0.000
2232,0,0,255.000,255.000,0.000,0.000
2233,0,0,255.000,255.000,0.000,0.000
2234,0,0,255.000,255.000,0.000,0.000
2235,0,0,262.500,262.500,0.000,0.000
2236,0,0,262.500,262.500,0.000,0.000
2237,0,0,262.500,262.500,0.000,0.000
2238,0,0,262.500,262.500,0.000,0.000
2239,0,0,262.500,262.500,0.000,0.000
2240,0,0,262.500,262.500,0.000,0.000
2241,0,0,262.500,262.500,0.000,0.000
2242,0,0,262.500,262.500,0.000,0.000
2243,0,0,262.500,262.500,0.000,0.000
2244,0,0,262.500,262.500,0.000,0.000
2245,0,0,262.500,262.500,0.000,0.000
2246,0,0,262.500,262.500,0.000,0.000
2247,0,0,262.500,262.500,0.000,0.000
2248,0,0,262.500,262.500,0.000,0.000
2249,0,0,262.500,262.500,0.000,0.000
2250,0,0,262.500,262.500,0.000,0.000
2251,0,0,262.500,262.500,0.000,0.000
2252,0,0,262.500,262.500,0.000,0.000
2253,0,0,262.500,262.500,0.000,0.000
2254,0,0,262.500,262.500,0.000,0.000
2255,0,0,262.500,262.500,0.000,0.000
2256,0,0,262.500,262.500,0.000,0.000
2257,0,0,262.500,262.500,0.000,0.000
2258,0,0,262.500,262.500,0.000,0.000
2259,0,0,262.500,262.500,0.000,0.000
2260,0,0,262.500,262.500,0.000,0.000
2261,0,0,262.500,262.500,0.000,0.000
2262,0,0,262.500,262.500,0.000,0.000
2263,0,0,262.500,262.500,0.000,0.000
2264,0,0,262.500,262.500,0.000,0.000
2265,0,0,270.000,270.000,0.000,0.000
2266,0,0,270.000,270.000,0.000,0.000
2267,0,0,270.000,270.000,0.000,0.000
2268,0,0,270.000,270.000,0.000,0.000
2269,0,0,270.000,270.000,0.000,0.000
2270,0,0,270.000,270.000,0.000,0.000
2271,0,0,270.000,270.000,0.000,0.000
2272,0,0,270.000,270.000,0.000,0.000
2273,0,0,270.000,270.000,0.000,0.000
2274,0,0,270.000,270.000,0.000,0.000
2275,0,0,270.000,270.000,0.000,0.000
2276,0,0,270.000,270.000,0.000,0.000
2277,0,0,270.000,270.000,0.000,0.000
2278,0,0,270.000,270.000,0.000,0.000
2279,0,0,270.000,270.000,0.000,0.000
2280,0,0,270.000,270.000,0.000,0.000
2281,0,0,270.000,270.000,0.000,0.000
2282,0,0,270.000,270.000,0.000,0.000
2283,0,0,270.000,270.000,0.000,0.000
2284,0,0,270.000,270.000,0.000,0.000
2285,0,0,270.000,270.000,0.000,0.000
2286,0,0,270.000,270.000,0.000,0.000
2287,0,0,270.000,270.000,0.000,0.000
2288,0,0,270.000,270.000,0.000,0.000
2289,0,0,270.000,270.000,0.000,0.000
2290,0,0,270.000,270.000,0.000,0.000
2291,0,0,270.000,270.000,0.000,0.000
2292,0,0,270.000,270.000,0.000,0.000
2293,0,0,270.000,270.000,0.000,0.000
2294,0,1,,,,
2295,0,1,,,,
2296,0,1,,,,
2297,0,1,,,,
2298,0,1,,,,
2299,0,1,,,,
2300,0,1,,,,
2301,0,1,,,,
2302,0,1,,,,
2303,0,1,,,,
2304,0,1,,,,
2305,0,1,,,,
2306,0,1,,,,
2307,0,1,,,,
2308,0,1,,,,
2309,0,1,,,,
2310,0,1,,,,
2311,0,1,,,,
2312,0,1,,,,
2313,0,1,,,,
2314,0,1,,,,
2315,0,1,,,,
2316,0,1,,,,
2317,0,1,,,,
2318,0,1,,,,
2319,1,0,285.000,4.122,292.936,280.878
2320,1,0,285.000,276.508,8.537,8.492
2321,1,0,285.000,276.516,8.487,8.484
2322,1,0,285.000,276.518,8.848,8.482
2323,1,0,285.000,276.511,9.310,8.489
2324,1,0,285.000,276.514,8.486,8.486
2325,1,0,285.000,276.502,8.499,8.498
2326,1,0,285.000,276.562,8.660,8.438
2327,1,0,285.000,276.521,8.608,8.479
2328,1,0,285.000,276.510,8.495,8.490
2329,1,0,285.000,276.512,8.506,8.488
2330,1,0,285.000,276.519,8.483,8.481
2331,1,0,285.000,276.514,8.543,8.486
2332,1,0,285.000,276.517,8.484,8.483
2333,1,0,285.000,276.519,8.483,8.481
2334,1,0,285.000,276.516,8.488,8.484
2335,1,0,285.000,276.543,8.488,8.457
2336,1,0,285.000,276.511,8.490,8.489
2337,1,0,285.000,276.513,8.490,8.487
2338,1,0,285.000,276.516,8.484,8.484
2339,1,0,285.000,6.013,285.728,278.987
2340,1,0,285.000,3.885,293.550,281.115
2341,1,0,285.000,276.511,8.528,8.489
2342,1,0,285.000,276.521,8.480,8.479
2343,1,0,292.500,-0.490,300.844,292.990
2344,1,0,292.500,-0.488,298.701,292.988
2345,1,0,292.500,-0.472,293.667,292.972
2346,1,0,292.500,-0.487,294.625,292.987
2347,1,0,292.500,283.022,13.326,9.478
2348,1,0,292.500,283.023,9.562,9.477
2349,1,0,292.500,-0.494,295.615,292.994
2350,1,0,292.500,283.040,11.501,9.460
2351,1,0,292.500,-0.488,294.469,292.988
2352,1,0,292.500,283.038,10.806,9.462
2353,1,0,292.500,283.031,9.978,9.469
2354,1,0,292.500,11.808,281.222,280.692
2355,1,0,292.500,2.704,293.973,289.796
2356,1,0,292.500,5.978,295.354,286.522
2357,1,0,292.500,282.955,9.767,9.545
2358,1,0,292.500,282.988,9.916,9.512
2359,1,0,292.500,7.466,288.017,285.034
2360,1,0,292.500,-0.458,296.300,292.958
2361,1,0,292.500,283.035,9.858,9.465
2362,1,0,292.500,283.041,10.478,9.459
2363,1,0,300.000,6.008,295.398,293.992
2364,1,0,300.000,6.008,294.437,293.992
2365,1,0,300.000,3.551,312.666,296.449
2366,1,0,300.000,11.604,293.783,288.396
2367,1,0,300.000,12.986,291.871,287.014
2368,1,0,300.000,6.000,297.456,294.000
2369,1,0,300.000,-0.481,307.233,300.481
2370,1,0,300.000,-0.489,304.193,300.489
2371,1,0,300.000,5.983,297.512,294.017
2372,1,0,300.000,-0.500,300.675,300.500
2373,1,0,300.000,5.953,295.098,294.047
2374,1,0,300.000,-0.498,303.240,300.498
2375,1,0,300.000,9.763,290.968,290.237
2376,1,0,300.000,-0.479,302.552,300.479
2377,1,0,300.000,11.611,292.100,288.389
2378,1,0,300.000,6.886,306.111,293.114
2379,1,0,300.000,7.944,304.317,292.056
2380,1,0,300.000,283.057,18.544,16.943
2381,1,0,300.000,289.529,11.320,10.471
2382,1,0,300.000,-0.474,310.312,300.474
2383,1,0,300.000,0.170,327.463,299.830
2384,1,0,300.000,-0.494,319.798,300.494
2385,1,0,300.000,5.994,305.297,294.006
2386,1,0,300.000,289.569,10.527,10.431
2387,1,0,307.500,-0.494,351.870,307.994
2388,1,0,307.500,276.332,34.579,31.168
2389,1,0,307.500,-0.495,327.312,307.995
2390,1,0,307.500,-0.504,338.791,308.004
2391,1,0,307.500,-0.513,332.030,308.013
2392,1,0,307.500,12.843,331.349,294.657
2393,1,0,307.500,6.865,310.337,300.635
2394,1,0,307.500,5.975,328.254,301.525
2395,1,0,307.500,15.507,340.453,291.993
2396,1,0,307.500,-0.473,324.377,307.973
2397,1,0,307.500,16.567,291.090,290.933
2398,1,0,307.500,12.324,299.172,295.176
2399,1,0,307.500,-0.494,310.467,307.994
2400,1,0,307.500,11.521,296.201,295.979
2401,1,0,307.500,6.038,313.426,301.462
2402,1,0,307.500,-0.503,310.384,308.003
2403,1,0,307.500,6.032,330.571,301.468
2404,1,0,307.500,9.767,328.310,297.733
2405,1,0,307.500,-0.479,308.653,307.979
2406,1,0,307.500,6.008,321.518,301.492
2407,1,0,315.000,276.579,40.799,38.421
2408,1,0,315.000,-0.491,317.863,315.491
2409,1,0,315.000,-0.503,350.797,315.503
2410,1,0,315.000,9.760,339.223,305.240
2411,1,0,315.000,16.826,340.139,298.174
2412,1,0,315.000,5.985,347.479,309.015
2413,1,0,315.000,13.656,362.699,301.344
2414,1,0,315.000,-0.494,333.767,315.494
2415,1,0,315.000,-0.477,349.815,315.477
2416,1,0,315.000,-0.503,393.547,315.503
2417,1,0,315.000,-0.508,345.813,315.508
2418,1,0,315.000,6.010,350.439,308.990
2419,1,0,315.000,-0.493,329.785,315.493
2420,1,0,315.000,-0.484,320.011,315.484
2421,1,0,315.000,-0.504,318.407,315.504
2422,1,0,315.000,6.009,323.173,308.991
2423,1,0,315.000,6.004,356.106,308.996
2424,1,0,315.000,6.013,332.968,308.987
2425,1,0,315.000,14.184,316.097,300.816
2426,1,0,315.000,9.763,322.779,305.237
2427,1,0,315.000,14.424,356.469,300.576
2428,1,0,315.000,-0.497,366.449,315.497
2429,1,0,315.000,6.024,335.303,308.976
2430,1,0,315.000,12.204,308.898,302.796
2431,1,0,322.500,6.008,385.209,316.492
2432,1,0,322.500,5.991,318.649,316.509
2433,1,0,322.500,-0.485,374.074,322.985
2434,1,0,322.500,-0.497,369.518,322.997
2435,1,0,322.500,9.742,394.750,312.758
2436,1,0,322.500,9.769,380.436,312.731
2437,1,0,322.500,12.366,358.109,310.134
2438,1,0,322.500,5.477,390.711,317.023
2439,1,0,322.500,9.758,348.379,312.742
2440,1,0,322.500,5.574,377.540,316.926
2441,1,0,322.500,11.193,342.154,311.307
2442,1,0,322.500,9.796,339.378,312.704
2443,1,0,322.500,9.763,351.461,312.737
2444,1,0,322.500,9.806,366.713,312.694
2445,1,0,322.500,18.052,339.672,304.448
2446,1,0,322.500,0.870,376.664,321.630
2447,1,0,322.500,-0.528,399.406,323.028
2448,1,0,322.500,-0.493,375.656,322.993
2449,1,0,322.500,9.759,325.177,312.741
2450,1,0,322.500,-0.490,333.675,322.990
2451,1,0,330.000,14.260,319.042,315.740
2452,1,0,330.000,-0.537,338.938,330.537
2453,1,0,330.000,21.022,402.896,308.978
2454,1,0,330.000,5.998,398.925,324.002
2455,1,0,330.000,0.738,404.810,329.262
2456,1,0,330.000,9.760,426.958,320.240
2457,1,0,330.000,-0.466,371.941,330.466
2458,1,0,330.000,6.009,434.122,323.991
2459,1,0,330.000,9.766,362.577,320.234
2460,1,0,330.000,6.003,406.292,323.997
2461,1,0,330.000,10.343,442.592,319.657
2462,1,0,330.000,12.646,396.355,317.354
2463,1,0,330.000,-0.446,357.403,330.446
2464,1,0,330.000,6.008,371.426,323.992
2465,1,0,330.000,9.050,360.015,320.950
2466,1,0,330.000,7.045,444.978,322.955
2467,1,0,330.000,9.770,356.435,320.230
2468,1,0,330.000,4.931,413.705,325.069
2469,1,0,330.000,5.980,384.230,324.020
2470,1,0,330.000,5.952,390.767,324.048
2471,1,0,330.000,6.008,450.124,323.992
2472,1,0,330.000,6.013,415.689,323.987
2473,1,0,330.000,-0.435,337.947,330.435
2474,1,0,330.000,6.008,329.345,323.992
2475,1,0,337.500,6.008,386.852,331.492
2476,1,0,337.500,-0.484,346.012,337.984
2477,1,0,337.500,-0.493,364.352,337.993
2478,1,0,337.500,8.325,438.783,329.175
2479,1,0,337.500,-0.493,450.899,337.993
2480,1,0,337.500,-0.514,462.523,338.014
2481,1,0,337.500,6.019,438.244,331.481
2482,1,0,337.500,9.753,365.338,327.747
2483,1,0,337.500,5.950,386.226,331.550
2484,1,0,337.500,-0.487,383.557,337.987
2485,1,0,337.500,14.193,382.310,323.307
2486,1,0,337.500,6.043,401.843,331.457
2487,1,0,337.500,-0.493,459.137,337.993
2488,1,0,337.500,-0.427,420.999,337.927
2489,1,0,337.500,-0.479,446.212,337.979
2490,1,0,337.500,6.001,448.704,331.499
2491,1,0,337.500,8.958,374.419,328.542
2492,1,0,337.500,21.022,359.694,316.478
2493,1,0,337.500,-0.478,339.163,337.978
2494,1,0,337.500,-0.494,358.501,337.994
2495,1,0,345.000,8.033,348.222,336.967
2496,1,0,345.000,13.229,341.665,331.771
2497,1,0,345.000,15.788,366.324,329.212
2498,1,0,345.000,-0.496,346.123,345.496
2499,1,0,345.000,-0.546,372.691,345.546
2500,1,0,345.000,6.022,386.622,338.978
2501,1,0,345.000,17.329,398.570,327.671
2502,1,0,345.000,11.373,384.637,333.627
2503,1,0,345.000,3.761,352.452,341.239
2504,1,0,345.000,-0.489,364.676,345.489
2505,1,0,345.000,-0.494,371.323,345.494
2506,1,0,345.000,-0.502,369.850,345.502
2507,1,0,345.000,7.566,437.432,337.434
2508,1,0,345.000,-0.501,384.091,345.501
2509,1,0,345.000,-0.460,441.117,345.460
2510,1,0,345.000,-0.493,389.856,345.493
2511,1,0,345.000,5.977,452.938,339.023
2512,1,0,345.000,9.769,446.758,335.231
2513,1,0,345.000,14.138,405.608,330.862
2514,1,0,345.000,16.284,448.586,328.716
2515,1,0,345.000,8.996,350.775,336.004
2516,1,0,345.000,12.726,338.507,332.274
2517,1,0,345.000,6.608,348.683,338.392
2518,1,0,345.000,9.763,340.643,335.237
2519,1,0,352.500,6.008,366.204,346.492
2520,1,0,352.500,-0.493,425.663,352.993
2521,1,0,352.500,-0.472,359.962,352.972
2522,1,0,352.500,14.978,409.549,337.522
2523,1,0,352.500,10.966,349.062,341.534
2524,1,0,352.500,8.881,366.464,343.619
2525,1,0,352.500,9.763,377.730,342.737
2526,1,0,352.500,-0.461,354.612,352.961
2527,1,0,352.500,4.907,351.020,347.593
2528,1,0,352.500,-0.497,357.754,352.997
2529,1,0,352.500,-0.542,379.067,353.042
2530,1,0,352.500,12.138,436.155,340.362
2531,1,0,352.500,6.008,372.242,346.492
2532,1,0,352.500,13.934,400.281,338.566
2533,1,0,352.500,-0.484,403.166,352.984
2534,1,0,352.500,-0.488,405.215,352.988
2535,1,0,352.500,5.913,356.445,346.587
2536,1,0,352.500,6.008,346.597,346.492
2537,1,0,352.500,21.022,337.139,331.478
2538,1,0,352.500,-0.429,378.983,352.929
2539,1,0,360.000,9.763,369.898,350.237
2540,1,0,360.000,-0.488,387.076,360.488
2541,1,0,360.000,-0.490,362.117,360.490
2542,1,0,360.000,9.764,351.196,350.236
2543,1,0,360.000,6.001,362.321,353.999
2544,1,0,360.000,9.763,352.284,350.237
2545,1,0,360.000,9.762,358.408,350.238
2546,1,0,360.000,-0.490,386.203,360.490
2547,1,0,360.000,9.760,375.954,350.240
2548,1,0,360.000,9.763,352.504,350.237
2549,1,0,360.000,6.008,357.725,353.992
2550,1,0,360.000,9.763,390.461,350.237
2551,1,0,360.000,-0.549,368.108,360.549
2552,1,0,360.000,-0.450,375.104,360.450
2553,1,0,360.000,6.043,356.022,353.957
2554,1,0,360.000,9.740,356.138,350.260
2555,1,0,360.000,5.990,367.941,354.010
2556,1,0,360.000,-0.517,390.392,360.517
2557,1,0,360.000,-0.464,396.793,360.464
2558,1,0,360.000,5.980,371.467,354.020
2559,1,0,360.000,6.141,365.914,353.859
2560,1,0,360.000,6.009,363.412,353.991
2561,1,0,360.000,7.831,377.564,352.169
2562,1,0,360.000,-0.494,402.842,360.494
2563,1,0,367.500,6.008,502.574,361.492
2564,1,0,367.500,-0.399,413.856,367.899
2565,1,0,367.500,-0.493,385.827,367.993
2566,1,0,367.500,-0.494,389.030,367.994
2567,1,0,367.500,-0.493,434.162,367.993
2568,1,0,367.500,-0.488,371.597,367.988
2569,1,0,367.500,6.079,400.549,361.421
2570,1,0,367.500,-0.492,394.083,367.992
2571,1,0,367.500,-0.553,388.571,368.053
2572,1,0,367.500,-0.493,409.853,367.993
2573,1,0,367.500,6.021,364.332,361.479
2574,1,0,367.500,6.085,364.451,361.415
2575,1,0,367.500,-0.494,374.135,367.994
2576,1,0,367.500,6.008,362.209,361.492
2577,1,0,367.500,6.008,365.880,361.492
2578,1,0,367.500,6.008,487.926,361.492
2579,1,0,367.500,-0.493,432.757,367.993
2580,1,0,367.500,-0.493,405.311,367.993
2581,1,0,367.500,-0.488,528.771,367.988
2582,1,0,367.500,-0.493,412.497,367.993
2583,1,0,375.000,-0.493,472.833,375.493
2584,1,0,375.000,6.008,458.326,368.992
2585,1,0,375.000,6.008,412.942,368.992
2586,1,0,375.000,6.008,400.464,368.992
2587,1,0,375.000,-0.493,380.146,375.493
2588,1,0,375.000,-0.494,404.970,375.494
2589,1,0,375.000,10.152,403.440,364.848
2590,1,0,375.000,14.000,429.431,361.000
2591,1,0,375.000,6.008,533.624,368.992
2592,1,0,375.000,9.763,428.406,365.237
2593,1,0,375.000,-0.488,414.962,375.488
2594,1,0,375.000,9.763,427.726,365.237
2595,1,0,375.000,6.013,370.318,368.987
2596,1,0,375.000,9.763,373.013,365.237
2597,1,0,375.000,-0.503,391.039,375.503
2598,1,0,375.000,-0.494,417.654,375.494
2599,1,0,375.000,-0.493,408.480,375.493
2600,1,0,375.000,-0.528,409.378,375.528
2601,1,0,375.000,9.763,380.675,365.237
2602,1,0,375.000,17.373,368.906,357.627
2603,1,0,375.000,6.008,452.872,368.992
2604,1,0,375.000,-0.494,444.035,375.494
2605,1,0,375.000,-0.493,524.542,375.493
2606,1,0,375.000,6.008,545.261,368.992
2607,1,0,382.500,6.008,557.222,376.492
2608,1,0,382.500,-0.494,425.087,382.994
2609,1,0,382.500,-0.520,461.294,383.020
2610,1,0,382.500,6.007,462.079,376.493
2611,1,0,382.500,-0.525,387.626,383.025
2612,1,0,382.500,6.006,405.436,376.494
2613,1,0,382.500,9.766,434.682,372.734
2614,1,0,382.500,5.443,411.255,377.057
2615,1,0,382.500,9.764,417.368,372.736
2616,1,0,382.500,9.762,409.263,372.738
2617,1,0,382.500,5.996,402.628,376.504
2618,1,0,382.500,-0.468,404.845,382.968
2619,1,0,382.500,6.007,472.848,376.493
2620,1,0,382.500,-0.494,431.996,382.994
2621,1,0,382.500,6.008,452.413,376.492
2622,1,0,382.500,6.008,416.094,376.492
2623,1,0,382.500,-0.488,459.459,382.988
2624,1,0,382.500,6.008,417.185,376.492
2625,1,0,382.500,6.008,425.321,376.492
2626,1,0,382.500,-0.493,432.727,382.993
2627,1,0,390.000,-0.493,440.318,390.493
2628,1,0,390.000,6.008,447.142,383.992
2629,1,0,390.000,-0.494,449.393,390.494
2630,1,0,390.000,6.008,403.879,383.992
2631,1,0,390.000,6.008,411.616,383.992
2632,1,0,390.000,6.008,400.954,383.992
2633,1,0,390.000,-0.488,440.007,390.488
2634,1,0,390.000,6.008,391.953,383.992
2635,1,0,390.000,6.008,438.944,383.992
2636,1,0,390.000,-0.523,428.176,390.523
2637,1,0,390.000,-0.488,401.574,390.488
2638,1,0,390.000,6.019,390.964,383.981
2639,1,0,390.000,-0.401,423.945,390.401
2640,1,0,390.000,0.613,415.434,389.387
2641,1,0,390.000,2.903,416.338,387.097
2642,1,0,390.000,-0.490,436.834,390.490
2643,1,0,390.000,6.008,407.008,383.992
2644,1,0,390.000,6.008,405.469,383.992
2645,1,0,390.000,-0.488,425.808,390.488
2646,1,0,390.000,6.057,400.817,383.943
2647,1,0,390.000,5.831,402.738,384.169
2648,1,0,390.000,5.994,406.012,384.006
2649,1,0,390.000,6.008,407.089,383.992
2650,1,0,390.000,-0.482,424.910,390.482
2651,1,0,397.500,-0.493,419.421,397.993
2652,1,0,397.500,-0.493,429.718,397.993
2653,1,0,397.500,-0.474,451.291,397.974
2654,1,0,397.500,6.008,459.683,391.492
2655,1,0,397.500,-0.494,405.987,397.994
2656,1,0,397.500,6.008,400.043,391.492
2657,1,0,397.500,10.858,389.509,386.642
2658,1,0,397.500,9.803,399.926,387.697
2659,1,0,397.500,-0.494,401.737,397.994
2660,1,0,397.500,-0.485,431.188,397.985
2661,1,0,397.500,-0.488,410.548,397.988
2662,1,0,397.500,6.008,395.685,391.492
2663,1,0,397.500,6.013,401.130,391.487
2664,1,0,397.500,5.968,407.445,391.532
2665,1,0,397.500,-0.016,408.756,397.516
2666,1,0,397.500,14.660,410.340,382.840
2667,1,0,397.500,-0.488,417.684,397.988
2668,1,0,397.500,6.008,397.972,391.492
2669,1,0,397.500,12.532,404.042,384.968
2670,1,0,397.500,6.008,407.466,391.492
2671,1,0,405.000,4.458,420.407,400.542
2672,1,0,405.000,6.008,408.024,398.992
2673,1,0,405.000,9.763,409.607,395.237
2674,1,0,405.000,9.760,424.002,395.240
2675,1,0,405.000,11.686,419.178,393.314
2676,1,0,405.000,6.008,401.817,398.992
2677,1,0,405.000,9.760,410.150,395.240
2678,1,0,405.000,6.008,423.496,398.992
2679,1,0,405.000,4.035,421.705,400.965
2680,1,0,405.000,9.763,491.916,395.237
2681,1,0,405.000,-0.488,426.530,405.488
2682,1,0,405.000,293.285,113.048,111.715
2683,1,0,405.000,6.008,412.308,398.992
2684,1,0,405.000,-0.455,424.991,405.455
2685,1,0,405.000,12.930,395.347,392.070
2686,1,0,405.000,19.603,396.408,385.397
2687,1,0,405.000,9.754,398.726,395.246
2688,1,0,405.000,-0.481,408.223,405.481
2689,1,0,405.000,26.939,399.556,378.061
2690,1,0,412.500,-0.493,415.034,412.993
2691,1,0,412.500,6.063,419.636,406.437
2692,1,0,412.500,-0.494,420.104,412.994
2693,1,0,412.500,-0.467,415.415,412.967
2694,1,0,412.500,12.516,407.136,399.984
2695,1,0,412.500,12.510,438.795,399.990
2696,1,0,412.500,-0.488,416.835,412.988
2697,1,0,412.500,9.676,427.610,402.824
2698,1,0,412.500,9.763,415.863,402.737
2699,1,0,412.500,6.008,411.445,406.492
2700,1,0,420.000,17.563,428.236,402.437
2701,1,0,420.000,12.550,415.709,407.450
2702,1,0,420.000,9.803,416.992,410.197
2703,1,0,420.000,6.018,415.708,413.982
2704,1,0,420.000,12.892,413.695,407.108
2705,1,0,420.000,-0.494,422.233,420.494
2706,1,0,420.000,21.150,403.989,398.850
2707,1,0,420.000,9.763,411.021,410.237
2708,1,0,420.000,18.054,405.644,401.946
2709,1,0,420.000,-0.458,424.562,420.458
2710,1,0,420.000,5.958,419.517,414.042
2711,1,0,420.000,-0.541,430.632,420.541
2712,1,0,420.000,5.265,417.015,414.735
2713,1,0,420.000,3.674,421.592,416.326
2714,1,0,420.000,6.007,414.150,413.993
2715,1,0,420.000,-0.465,424.015,420.465
2716,1,0,420.000,-0.492,427.194,420.492
2717,1,0,420.000,9.754,416.811,410.246
2718,1,0,420.000,8.110,415.162,411.890
2719,1,0,420.000,5.985,414.534,414.015
2720,1,0,420.000,14.224,407.488,405.776
2721,1,0,420.000,18.937,415.537,401.063
2722,1,0,420.000,-0.485,421.884,420.485
2723,1,0,420.000,-0.493,421.923,420.493
2724,1,0,420.000,5.947,416.894,414.053
2725,1,0,420.000,9.459,415.355,410.541
2726,1,0,420.000,16.284,425.806,403.716
2727,1,0,420.000,10.219,411.774,409.781
2728,1,0,420.000,3.784,433.017,416.216
2729,1,0,427.500,16.243,441.101,411.257
2730,1,0,427.500,15.284,434.484,412.216
2731,1,0,427.500,9.561,434.971,417.939
2732,1,0,427.500,6.008,447.571,421.492
2733,1,0,427.500,6.073,427.134,421.427
2734,1,0,427.500,-0.448,442.078,427.948
2735,1,0,427.500,6.030,427.779,421.470
2736,1,0,427.500,8.866,424.993,418.634
2737,1,0,427.500,9.765,422.185,417.735
2738,1,0,427.500,-0.472,432.885,427.972
2739,1,0,427.500,-0.491,435.101,427.991
2740,1,0,427.500,6.010,445.189,421.490
2741,1,0,427.500,21.016,419.149,406.484
2742,1,0,427.500,6.009,427.398,421.491
2743,1,0,427.500,-0.517,434.814,428.017
2744,1,0,427.500,5.962,431.266,421.538
2745,1,0,427.500,8.989,428.421,418.511
2746,1,0,427.500,-0.485,436.140,427.985
2747,1,0,427.500,-0.488,434.791,427.988
2748,1,0,427.500,6.021,426.969,421.479
2749,1,0,427.500,4.551,429.622,422.949
2750,1,0,427.500,6.975,433.094,420.525
2751,1,0,427.500,-0.366,441.036,427.866
2752,1,0,427.500,10.121,420.047,417.379
2753,1,0,427.500,-0.491,435.248,427.991
2754,1,0,427.500,-0.495,435.363,427.995
2755,1,0,427.500,12.438,428.453,415.062
2756,1,0,427.500,5.392,428.502,422.108
2757,1,0,427.500,-0.493,433.268,427.993
2758,1,0,427.500,-0.488,452.106,427.988
2759,1,0,435.000,9.582,455.843,425.418
2760,1,0,435.000,11.010,444.764,423.990
2761,1,0,435.000,-0.488,447.044,435.488
2762,1,0,435.000,6.990,440.412,428.010
2763,1,0,435.000,12.370,435.632,422.630
2764,1,0,435.000,16.650,433.561,418.350
2765,1,0,435.000,9.579,431.380,425.421
2766,1,0,435.000,-0.500,439.461,435.500
2767,1,0,435.000,-0.528,439.669,435.528
2768,1,0,435.000,8.324,438.597,426.676
2769,1,0,435.000,-0.526,449.932,435.526
2770,1,0,435.000,8.159,447.987,426.841
2771,1,0,435.000,-0.483,452.280,435.483
2772,1,0,435.000,14.572,439.435,420.428
2773,1,0,435.000,6.024,433.787,428.976
2774,1,0,435.000,-0.552,451.349,435.552
2775,1,0,435.000,9.762,439.343,425.238
2776,1,0,435.000,9.763,437.079,425.237
2777,1,0,435.000,8.461,440.872,426.539
2778,1,0,435.000,14.444,428.377,420.556
2779,1,0,435.000,-0.499,442.665,435.499
2780,1,0,435.000,-0.526,448.138,435.526
2781,1,0,435.000,-0.471,440.871,435.471
2782,1,0,435.000,-0.508,438.495,435.508
2783,1,0,435.000,6.023,435.099,428.977
2784,1,0,435.000,6.011,447.032,428.989
2785,1,0,435.000,6.001,438.743,428.999
2786,1,0,435.000,9.030,429.890,425.970
2787,1,0,435.000,6.008,437.348,428.992
2788,1,0,442.500,16.278,432.625,426.222
2789,1,0,442.500,-0.497,445.344,442.997
2790,1,0,442.500,9.765,442.566,432.735
2791,1,0,442.500,9.453,444.146,433.047
2792,1,0,442.500,-0.489,464.555,442.989
2793,1,0,442.500,-0.502,446.296,443.002
2794,1,0,442.500,2.537,446.457,439.963
2795,1,0,442.500,11.208,435.620,431.292
2796,1,0,442.500,18.549,444.817,423.951
2797,1,0,442.500,0.097,452.065,442.403
2798,1,0,442.500,5.960,438.882,436.540
2799,1,0,442.500,4.580,465.875,437.920
2800,1,0,442.500,4.917,445.646,437.583
2801,1,0,442.500,0.102,453.552,442.398
2802,1,0,442.500,13.924,438.161,428.576
2803,1,0,442.500,6.055,440.937,436.445
2804,1,0,442.500,-0.489,444.444,442.989
2805,1,0,442.500,5.975,441.766,436.525
2806,1,0,442.500,20.928,427.105,421.572
2807,1,0,442.500,6.008,440.155,436.492
2808,1,0,442.500,11.977,430.907,430.523
2809,1,0,442.500,6.067,444.419,436.433
2810,1,0,442.500,1.459,451.900,441.041
2811,1,0,442.500,6.013,440.143,436.487
2812,1,0,442.500,9.748,437.086,432.752
2813,1,0,442.500,16.628,429.268,425.872
2814,1,0,442.500,19.606,426.053,422.894
2815,1,0,442.500,8.358,441.746,434.142
2816,1,0,442.500,9.765,448.637,432.735
2817,1,0,442.500,-0.494,454.554,442.994
2818,1,0,450.000,291.474,158.668,158.526
2819,1,0,450.000,-0.483,464.003,450.483
2820,1,0,450.000,-0.488,459.712,450.488
2821,1,0,450.000,-0.506,454.790,450.506
2822,1,0,450.000,-0.497,455.303,450.497
2823,1,0,450.000,5.373,449.532,444.627
2824,1,0,450.000,15.227,445.733,434.773
2825,1,0,450.000,12.489,457.698,437.511
2826,1,0,450.000,7.175,448.960,442.825
2827,1,0,450.000,6.017,447.288,443.983
2828,1,0,450.000,-0.486,466.872,450.486
2829,1,0,450.000,16.283,436.532,433.717
2830,1,0,450.000,6.035,450.474,443.965
2831,1,0,450.000,5.195,445.470,444.805
2832,1,0,450.000,6.008,446.813,443.992
2833,1,0,450.000,5.143,447.365,444.857
2834,1,0,450.000,9.747,458.486,440.253
2835,1,0,450.000,10.862,446.948,439.138
2836,1,0,450.000,18.643,432.200,431.357
2837,1,0,450.000,-0.498,451.046,450.498
2838,1,0,450.000,20.974,430.989,429.026
2839,1,0,450.000,-0.489,454.048,450.489
2840,1,0,450.000,20.075,433.306,429.925
2841,1,0,450.000,6.005,446.490,443.995
2842,1,0,450.000,-0.465,452.590,450.465
2843,1,0,450.000,6.008,462.143,443.992
2844,1,0,450.000,2.157,463.643,447.843
2845,1,0,450.000,-0.477,461.087,450.477
2846,1,0,450.000,-0.493,465.289,450.493
2847,1,0,457.500,-0.493,458.296,457.993
2848,1,0,457.500,9.759,452.433,447.741
2849,1,0,457.500,14.609,451.902,442.891
2850,1,0,457.500,6.008,456.026,451.492
2851,1,0,457.500,21.037,440.032,436.463
2852,1,0,457.500,18.165,449.785,439.335
2853,1,0,457.500,12.513,445.981,444.987
2854,1,0,457.500,23.945,442.574,433.555
2855,1,0,457.500,289.543,168.810,167.957
2856,1,0,457.500,6.015,461.850,451.485
2857,1,0,457.500,19.136,468.293,438.364
2858,1,0,457.500,7.319,456.835,450.181
2859,1,0,457.500,9.256,463.964,448.244
2860,1,0,457.500,9.035,454.700,448.465
2861,1,0,457.500,3.285,463.781,454.215
2862,1,0,457.500,27.510,435.202,429.990
2863,1,0,457.500,22.523,436.203,434.977
2864,1,0,457.500,13.865,451.976,443.635
2865,1,0,457.500,0.991,463.705,456.509
2866,1,0,457.500,-0.494,460.468,457.994
2867,1,0,457.500,20.392,445.735,437.108
2868,1,0,457.500,6.008,474.371,451.492
2869,1,0,457.500,-0.475,481.241,457.975
2870,1,0,457.500,12.529,454.631,444.971
2871,1,0,457.500,12.376,451.330,445.124
2872,1,0,457.500,15.002,451.291,442.498
2873,1,0,457.500,11.845,452.612,445.655
2874,1,0,457.500,276.515,181.285,180.985
2875,1,0,457.500,-0.470,476.814,457.970
2876,1,0,457.500,9.763,499.160,447.737
2877,1,0,465.000,13.515,472.852,451.485
2878,1,0,465.000,18.946,484.713,446.054
2879,1,0,465.000,-0.483,481.554,465.483
2880,1,0,465.000,-0.489,480.004,465.489
2881,1,0,465.000,14.768,462.463,450.232
2882,1,0,465.000,-0.469,478.914,465.469
2883,1,0,465.000,12.101,480.706,452.899
2884,1,0,465.000,-0.483,475.422,465.483
2885,1,0,465.000,-0.486,471.480,465.486
2886,1,0,465.000,2.782,483.165,462.218
2887,1,0,465.000,-0.458,489.596,465.458
2888,1,0,465.000,10.391,465.619,454.609
2889,1,0,465.000,-0.486,466.025,465.486
2890,1,0,465.000,9.032,473.469,455.968
2891,1,0,465.000,13.518,482.006,451.482
2892,0,0,-0.000,-0.000,0.000,0.000
2893,0,0,-0.000,-0.000,0.000,0.000
2894,0,0,-0.000,-0.000,0.000,0.000
2895,0,0,-0.000,-0.000,0.000,0.000
2896,0,0,-0.000,-0.000,0.000,0.000
2897,0,0,-0.000,-0.000,0.000,0.000
2898,0,0,-0.000,-0.000,0.000,0.000
2899,0,0,15.000,15.000,0.000,0.000
2900,0,0,15.000,15.000,0.000,0.000
2901,0,0,15.000,15.000,0.000,0.000
2902,0,0,15.000,15.000,0.000,0.000
2903,0,0,15.000,15.000,0.000,0.000
2904,0,0,15.000,15.000,0.000,0.000
2905,0,0,15.000,15.000,0.000,0.000
2906,0,0,15.000,15.000,0.000,0.000
2907,0,0,15.000,15.000,0.000,0.000
2908,0,0,15.000,15.000,0.000,0.000
2909,0,0,15.000,15.000,0.000,0.000
2910,0,0,15.000,15.000,0.000,0.000
2911,0,0,15.000,15.000,0.000,0.000
2912,0,0,15.000,15.000,0.000,0.000
2913,0,0,22.500,22.500,0.000,0.000
2914,0,0,22.500,22.500,0.000,0.000
2915,0,0,22.500,22.500,0.000,0.000
2916,0,0,22.500,22.500,0.000,0.000
2917,0,0,22.500,22.500,0.000,0.000
2918,0,0,22.500,22.500,0.000,0.000
2919,0,0,22.500,22.500,0.000,0.000
2920,0,0,22.500,22.500,0.000,0.000
2921,0,0,22.500,22.500,0.000,0.000
2922,0,0,22.500,22.500,0.000,0.000
2923,0,0,22.500,22.500,0.000,0.000
2924,0,0,22.500,22.500,0.000,0.000
2925,0,0,22.500,22.500,0.000,0.000
2926,0,0,22.500,22.500,0.000,0.000
2927,0,0,22.500,22.500,0.000,0.000
2928,0,0,30.000,30.000,0.000,0.000
2929,0,0,30.000,30.000,0.000,0.000
2930,0,0,30.000,30.000,0.000,0.000
2931,0,0,30.000,30.000,0.000,0.000
2932,0,0,30.000,30.000,0.000,0.000
2933,0,0,30.000,30.000,0.000,0.000
2934,0,0,30.000,30.000,0.000,0.000
2935,0,0,30.000,30.000,0.000,0.000
2936,0,0,30.000,30.000,0.000,0.000
2937,0,0,30.000,30.000,0.000,0.000
2938,0,0,30.000,30.000,0.000,0.000
2939,0,0,30.000,30.000,0.000,0.000
2940,0,0,30.000,30.000,0.000,0.000
2941,0,0,30.000,30.000,0.000,0.000
2942,0,0,37.500,37.500,0.000,0.000
2943,0,0,37.500,37.500,0.000,0.000
2944,0,0,37.500,37.500,0.000,0.000
2945,0,0,37.500,37.500,0.000,0.000
2946,0,0,37.500,37.500,0.000,0.000
2947,0,0,37.500,37.500,0.000,0.000
2948,0,0,37.500,37.500,0.000,0.000
2949,0,0,37.500,37.500,0.000,0.000
2950,0,0,37.500,37.500,0.000,0.000
2951,0,0,37.500,37.500,0.000,0.000
2952,0,0,37.500,37.500,0.000,0.000
2953,0,0,37.500,37.500,0.000,0.000
2954,0,0,37.500,37.500,0.000,0.000
2955,0,0,37.500,37.500,0.000,0.000
2956,0,0,37.500,37.500,0.000,0.000
2957,0,0,45.000,45.000,0.000,0.000
2958,0,0,45.000,45.000,0.000,0.000
2959,0,0,45.000,45.000,0.000,0.000
2960,0,0,45.000,45.000,0.000,0.000
2961,0,0,45.000,45.000,0.000,0.000
2962,0,0,45.000,45.000,0.000,0.000
2963,0,0,45.000,45.000,0.000,0.000
2964,0,0,45.000,45.000,0.000,0.000
2965,0,0,45.000,45.000,0.000,0.000
2966,0,0,45.000,45.000,0.000,0.000
2967,0,0,45.000,45.000,0.000,0.000
2968,0,0,45.000,45.000,0.000,0.000
2969,0,0,45.000,45.000,0.000,0.000
2970,0,0,45.000,45.000,0.000,0.000
2971,0,0,52.500,52.500,0.000,0.000
2972,0,0,52.500,52.500,0.000,0.000
2973,0,0,52.500,52.500,0.000,0.000
2974,0,0,52.500,52.500,0.000,0.000
2975,0,0,52.500,52.500,0.000,0.000
2976,0,0,52.500,52.500,0.000,0.000
2977,0,0,52.500,52.500,0.000,0.000
2978,0,0,52.500,52.500,0.000,0.000
2979,0,0,52.500,52.500,0.000,0.000
2980,0,0,52.500,52.500,0.000,0.000
2981,0,0,52.500,52.500,0.000,0.000
2982,0,0,60.000,60.000,0.000,0.000
2983,0,0,60.000,60.000,0.000,0.000
2984,0,0,60.000,60.000,0.000,0.000
2985,0,0,60.000,60.000,0.000,0.000
2986,0,0,60.000,60.000,0.000,0.000
2987,0,0,60.000,60.000,0.000,0.000
2988,0,0,60.000,60.000,0.000,0.000
2989,0,0,60.000,60.000,0.000,0.000
2990,0,0,60.000,60.000,0.000,0.000
2991,0,0,60.000,60.000,0.000,0.000
2992,0,0,67.500,67.500,0.000,0.000
2993,0,0,67.500,67.500,0.000,0.000
2994,0,0,67.500,67.500,0.000,0.000
2995,0,0,67.500,67.500,0.000,0.000
2996,0,0,67.500,67.500,0.000,0.000
2997,0,0,67.500,67.500,0.000,0.000
2998,0,0,67.500,67.500,0.000,0.000
2999,0,0,67.500,67.500,0.000,0.000
3000,0,0,67.500,67.500,0.000,0.000
3001,0,0,67.500,67.500,0.000,0.000
3002,0,0,67.500,67.500,0.000,0.000
3003,0,0,67.500,67.500,0.000,0.000
3004,0,0,67.500,67.500,0.000,0.000
3005,0,0,75.000,75.000,0.000,0.000
3006,0,0,75.000,75.000,0.000,0.000
3007,0,0,75.000,75.000,0.000,0.000
3008,0,0,75.000,75.000,0.000,0.000
3009,0,0,75.000,75.000,0.000,0.000
3010,0,0,75.000,75.000,0.000,0.000
3011,0,0,75.000,75.000,0.000,0.000
3012,0,0,75.000,75.000,0.000,0.000
3013,0,0,75.000,75.000,0.000,0.000
3014,0,0,75.000,75.000,0.000,0.000
3015,0,0,82.500,82.500,0.000,0.000
3016,0,0,82.500,82.500,0.000,0.000
3017,0,0,82.500,82.500,0.000,0.000
3018,0,0,82.500,82.500,0.000,0.000
3019,0,0,82.500,82.500,0.000,0.000
3020,0,0,82.500,82.500,0.000,0.000
3021,0,0,82.500,82.500,0.000,0.000
3022,0,0,82.500,82.500,0.000,0.000
3023,0,0,82.500,82.500,0.000,0.000
3024,0,0,82.500,82.500,0.000,0.000
3025,0,0,82.500,82.500,0.000,0.000
3026,0,0,82.500,82.500,0.000,0.000
3027,0,0,82.500,82.500,0.000,0.000
3028,0,0,90.000,90.000,0.000,0.000
3029,0,0,90.000,90.000,0.000,0.000
3030,0,0,90.000,90.000,0.000,0.000
3031,0,0,90.000,90.000,0.000,0.000
3032,0,0,90.000,90.000,0.000,0.000
3033,0,0,90.000,90.000,0.000,0.000
3034,0,0,90.000,90.000,0.000,0.000
3035,0,0,90.000,90.000,0.000,0.000
3036,0,0,90.000,90.000,0.000,0.000
3037,0,0,90.000,90.000,0.000,0.000
3038,0,0,97.500,97.500,0.000,0.000
3039,0,0,97.500,97.500,0.000,0.000
3040,0,0,97.500,97.500,0.000,0.000
3041,0,0,97.500,97.500,0.000,0.000
3042,0,0,97.500,97.500,0.000,0.000
3043,0,0,97.500,97.500,0.000,0.000
3044,0,0,97.500,97.500,0.000,0.000
3045,0,0,97.500,97.500,0.000,0.000
3046,0,0,97.500,97.500,0.000,0.000
3047,0,0,97.500,97.500,0.000,0.000
3048,0,0,97.500,97.500,0.000,0.000
3049,0,0,97.500,97.500,0.000,0.000
3050,0,0,97.500,97.500,0.000,0.000
3051,0,0,105.000,105.000,0.000,0.000
3052,0,0,105.000,105.000,0.000,0.000
3053,0,0,105.000,105.000,0.000,0.000
3054,0,0,105.000,105.000,0.000,0.000
3055,0,0,105.000,105.000,0.000,0.000
3056,0,0,105.000,105.000,0.000,0.000
3057,0,0,105.000,105.000,0.000,0.000
3058,0,0,105.000,105.000,0.000,0.000
3059,0,0,105.000,105.000,0.000,0.000
3060,0,0,105.000,105.000,0.000,0.000
3061,0,0,112.500,112.500,0.000,0.000
3062,0,0,112.500,112.500,0.000,0.000
3063,0,0,112.500,112.500,0.000,0.000
3064,0,0,112.500,112.500,0.000,0.000
3065,0,0,112.500,112.500,0.000,0.000
3066,0,0,112.500,112.500,0.000,0.000
3067,0,0,112.500,112.500,0.000,0.000
3068,0,0,112.500,112.500,0.000,0.000
3069,0,0,112.500,112.500,0.000,0.000
3070,0,0,112.500,112.500,0.000,0.000
3071,0,0,112.500,112.500,0.000,0.000
3072,0,0,112.500,112.500,0.000,0.000
3073,0,0,112.500,112.500,0.000,0.000
3074,0,0,120.000,120.000,0.000,0.000
3075,0,0,120.000,120.000,0.000,0.000
3076,0,0,120.000,120.000,0.000,0.000
3077,0,0,120.000,120.000,0.000,0.000
3078,0,0,120.000,120.000,0.000,0.000
3079,0,0,120.000,120.000,0.000,0.000
3080,0,0,120.000,120.000,0.000,0.000
3081,0,0,120.000,120.000,0.000,0.000
3082,0,0,120.000,120.000,0.000,0.000
3083,0,0,120.000,120.000,0.000,0.000
3084,0,0,127.500,127.500,0.000,0.000
3085,0,0,127.500,127.500,0.000,0.000
3086,0,0,127.500,127.500,0.000,0.000
3087,0,0,127.500,127.500,0.000,0.000
3088,0,0,127.500,127.500,0.000,0.000
3089,0,0,127.500,127.500,0.000,0.000
3090,0,0,127.500,127.500,0.000,0.000
3091,0,0,127.500,127.500,0.000,0.000
3092,0,0,127.500,127.500,0.000,0.000
3093,0,0,127.500,127.500,0.000,0.000
3094,0,0,127.500,127.500,0.000,0.000
3095,0,0,127.500,127.500,0.000,0.000
3096,0,0,127.500,127.500,0.000,0.000
3097,0,0,135.000,135.000,0.000,0.000
3098,0,0,135.000,135.000,0.000,0.000
3099,0,0,135.000,135.000,0.000,0.000
3100,0,0,135.000,135.000,0.000,0.000
3101,0,0,135.000,135.000,0.000,0.000
3102,0,0,135.000,135.000,0.000,0.000
3103,0,0,135.000,135.000,0.000,0.000
3104,0,0,135.000,135.000,0.000,0.000
3105,0,0,135.000,135.000,0.000,0.000
3106,0,0,135.000,135.000,0.000,0.000
3107,0,0,142.500,142.500,0.000,0.000
3108,0,0,142.500,142.500,0.000,0.000
3109,0,0,142.500,142.500,0.000,0.000
3110,0,0,142.500,142.500,0.000,0.000
3111,0,0,142.500,142.500,0.000,0.000
3112,0,0,142.500,142.500,0.000,0.000
3113,0,0,142.500,142.500,0.000,0.000
3114,0,0,142.500,142.500,0.000,0.000
3115,0,0,142.500,142.500,0.000,0.000
3116,0,0,142.500,142.500,0.000,0.000
3117,0,0,142.500,142.500,0.000,0.000
3118,0,0,142.500,142.500,0.000,0.000
3119,0,0,142.500,142.500,0.000,0.000
3120,0,0,150.000,150.000,0.000,0.000
3121,0,0,150.000,150.000,0.000,0.000
3122,0,0,150.000,150.000,0.000,0.000
3123,0,0,150.000,150.000,0.000,0.000
3124,0,0,150.000,150.000,0.000,0.000
3125,0,0,150.000,150.000,0.000,0.000
3126,0,0,150.000,150.000,0.000,0.000
3127,0,0,150.000,150.000,0.000,0.000
3128,0,0,150.000,150.000,0.000,0.000
3129,0,0,150.000,150.000,0.000,0.000
3130,0,0,157.500,157.500,0.000,0.000
3131,0,0,157.500,157.500,0.000,0.000
3132,0,0,157.500,157.500,0.000,0.000
3133,0,0,157.500,157.500,0.000,0.000
3134,0,0,157.500,157.500,0.000,0.000
3135,0,0,157.500,157.500,0.000,0.000
3136,0,0,157.500,157.500,0.000,0.000
3137,0,0,157.500,157.500,0.000,0.000
3138,0,0,157.500,157.500,0.000,0.000
3139,0,0,157.500,157.500,0.000,0.000
3140,0,0,157.500,157.500,0.000,0.000
3141,0,0,157.500,157.500,0.000,0.000
3142,0,0,157.500,157.500,0.000,0.000
3143,0,0,165.000,165.000,0.000,0.000
3144,0,0,165.000,165.000,0.000,0.000
3145,0,0,165.000,165.000,0.000,0.000
3146,0,0,165.000,165.000,0.000,0.000
3147,0,0,165.000,165.000,0.000,0.000
3148,0,0,165.000,165.000,0.000,0.000
3149,0,0,165.000,165.000,0.000,0.000
3150,0,0,165.000,165.000,0.000,0.000
3151,0,0,165.000,165.000,0.000,0.000
3152,0,0,165.000,165.000,0.000,0.000
3153,0,0,172.500,172.500,0.000,0.000
3154,0,0,172.500,172.500,0.000,0.000
3155,0,0,172.500,172.500,0.000,0.000
3156,0,0,172.500,172.500,0.000,0.000
3157,0,0,172.500,172.500,0.000,0.000
3158,0,0,172.500,172.500,0.000,0.000
3159,0,0,172.500,172.500,0.000,0.000
3160,0,0,172.500,172.500,0.000,0.000
3161,0,0,172.500,172.500,0.000,0.000
3162,0,0,172.500,172.500,0.000,0.000
3163,0,0,172.500,172.500,0.000,0.000
3164,0,0,172.500,172.500,0.000,0.000
3165,0,0,172.500,172.500,0.000,0.000
3166,0,0,180.000,180.000,0.000,0.000
3167,0,0,180.000,180.000,0.000,0.000
3168,0,0,180.000,180.000,0.000,0.000
3169,0,0,180.000,180.000,0.000,0.000
3170,0,0,180.000,180.000,0.000,0.000
3171,0,0,180.000,180.000,0.000,0.000
3172,0,0,180.000,180.000,0.000,0.000
3173,0,0,180.000,180.000,0.000,0.000
3174,0,0,180.000,180.000,0.000,0.000
3175,0,0,180.000,180.000,0.000,0.000
3176,0,0,187.500,187.500,0.000,0.000
3177,0,0,187.500,187.500,0.000,0.000
3178,0,0,187.500,187.500,0.000,0.000
3179,0,0,187.500,187.500,0.000,0.000
3180,0,0,187.500,187.500,0.000,0.000
3181,0,0,187.500,187.500,0.000,0.000
3182,0,0,187.500,187.500,0.000,0.000
3183,0,0,187.500,187.500,0.000,0.000
3184,0,0,187.500,187.500,0.000,0.000
3185,0,0,187.500,187.500,0.000,0.000
3186,0,0,187.500,187.500,0.000,0.000
3187,0,0,187.500,187.500,0.000,0.000
3188,0,0,187.500,187.500,0.000,0.000
3189,0,0,195.000,195.000,0.000,0.000
3190,0,0,195.000,195.000,0.000,0.000
3191,0,0,195.000,195.000,0.000,0.000
3192,0,0,195.000,195.000,0.000,0.000
3193,0,0,195.000,195.000,0.000,0.000
3194,0,0,195.000,195.000,0.000,0.000
3195,0,0,195.000,195.000,0.000,0.000
3196,0,0,195.000,195.000,0.000,0.000
3197,0,0,195.000,195.000,0.000,0.000
3198,0,0,195.000,195.000,0.000,0.000
3199,0,0,202.500,202.500,0.000,0.000
3200,0,0,202.500,202.500,0.000,0.000
3201,0,0,202.500,202.500,0.000,0.000
3202,0,0,202.500,202.500,0.000,0.000
3203,0,0,202.500,202.500,0.000,0.000
3204,0,0,202.500,202.500,0.000,0.000
3205,0,0,202.500,202.500,0.000,0.000
3206,0,0,202.500,202.500,0.000,0.000
3207,0,0,202.500,202.500,0.000,0.000
3208,0,0,202.500,202.500,0.000,0.000
3209,0,0,202.500,202.500,0.000,0.000
3210,0,0,202.500,202.500,0.000,0.000
3211,0,0,202.500,202.500,0.000,0.000
3212,0,0,210.000,210.000,0.000,0.000
3213,0,0,210.000,210.000,0.000,0.000
3214,0,0,210.000,210.000,0.000,0.000
3215,0,0,210.000,210.000,0.000,0.000
3216,0,0,210.000,210.000,0.000,0.000
3217,0,0,210.000,210.000,0.000,0.000
3218,0,0,210.000,210.000,0.000,0.000
3219,0,0,210.000,210.000,0.000,0.000
3220,0,0,217.500,217.500,0.000,0.000
3221,0,0,217.500,217.500,0.000,0.000
3222,0,0,217.500,217.500,0.000,0.000
3223,0,0,217.500,217.500,0.000,0.000
3224,0,0,217.500,217.500,0.000,0.000
3225,0,0,217.500,217.500,0.000,0.000
3226,0,0,217.500,217.500,0.000,0.000
3227,0,0,217.500,217.500,0.000,0.000
3228,0,0,217.500,217.500,0.000,0.000
3229,0,0,225.000,225.000,0.000,0.000
3230,0,0,225.000,225.000,0.000,0.000
3231,0,0,225.000,225.000,0.000,0.000
3232,0,0,225.000,225.000,0.000,0.000
3233,0,0,225.000,225.000,0.000,0.000
3234,0,0,225.000,225.000,0.000,0.000
3235,0,0,225.000,225.000,0.000,0.000
3236,0,0,225.000,225.000,0.000,0.000
3237,0,0,225.000,225.000,0.000,0.000
3238,0,0,225.000,225.000,0.000,0.000
3239,0,0,225.000,225.000,0.000,0.000
3240,0,0,225.000,225.000,0.000,0.000
3241,0,0,225.000,225.000,0.000,0.000
3242,0,0,225.000,225.000,0.000,0.000
3243,0,0,232.500,232.500,0.000,0.000
3244,0,0,232.500,232.500,0.000,0.000
3245,0,0,232.500,232.500,0.000,0.000
3246,0,0,232.500,232.500,0.000,0.000
3247,0,0,232.500,232.500,0.000,0.000
3248,0,0,232.500,232.500,0.000,0.000
3249,0,0,232.500,232.500,0.000,0.000
3250,0,0,232.500,232.500,0.000,0.000
3251,0,0,232.500,232.500,0.000,0.000
3252,0,0,232.500,232.500,0.000,0.000
3253,0,0,232.500,232.500,0.000,0.000
3254,0,0,232.500,232.500,0.000,0.000
3255,0,0,232.500,232.500,0.000,0.000
3256,0,0,232.500,232.500,0.000,0.000
3257,0,0,232.500,232.500,0.000,0.000
3258,0,0,240.000,240.000,0.000,0.000
3259,0,0,240.000,240.000,0.000,0.000
3260,0,0,240.000,240.000,0.000,0.000
3261,0,0,240.000,240.000,0.000,0.000
3262,0,0,240.000,240.000,0.000,0.000
3263,0,0,240.000,240.000,0.000,0.000
3264,0,0,240.000,240.000,0.000,0.000
3265,0,0,240.000,240.000,0.000,0.000
3266,0,0,240.000,240.000,0.000,0.000
3267,0,0,240.000,240.000,0.000,0.000
3268,0,0,240.000,240.000,0.000,0.000
3269,0,0,240.000,240.000,0.000,0.000
3270,0,0,240.000,240.000,0.000,0.000
3271,0,0,240.000,240.000,0.000,0.000
3272,0,0,247.500,247.500,0.000,0.000
3273,0,0,247.500,247.500,0.000,0.000
3274,0,0,247.500,247.500,0.000,0.000
3275,0,0,247.500,247.500,0.000,0.000
3276,0,0,247.500,247.500,0.000,0.000
3277,0,0,247.500,247.500,0.000,0.000
3278,0,0,247.500,247.500,0.000,0.000
3279,0,0,247.500,247.500,0.000,0.000
3280,0,0,255.000,255.000,0.000,0.000
3281,0,0,255.000,255.000,0.000,0.000
3282,0,0,255.000,255.000,0.000,0.000
3283,0,0,255.000,255.000,0.000,0.000
3284,0,0,255.000,255.000,0.000,0.000
3285,0,0,255.000,255.000,0.000,0.000
3286,0,0,255.000,255.000,0.000,0.000
3287,0,0,255.000,255.000,0.000,0.000
3288,0,0,255.000,255.000,0.000,0.000
3289,0,0,255.000,255.000,0.000,0.000
3290,0,0,255.000,255.000,0.000,0.000
3291,0,0,255.000,255.000,0.000,0.000
3292,0,0,255.000,255.000,0.000,0.000
3293,0,0,255.000,255.000,0.000,0.000
3294,0,0,262.500,262.500,0.000,0.000
3295,0,0,262.500,262.500,0.000,0.000
3296,0,0,262.500,262.500,0.000,0.000
3297,0,0,262.500,262.500,0.000,0.000
3298,0,0,262.500,262.500,0.000,0.000
3299,0,0,262.500,262.500,0.000,0.000
3300,0,0,262.500,262.500,0.000,0.000
3301,0,0,262.500,262.500,0.000,0.000
3302,0,0,262.500,262.500,0.000,0.000
3303,0,0,262.500,262.500,0.000,0.000
3304,0,0,262.500,262.500,0.000,0.000
3305,0,0,262.500,262.500,0.000,0.000
3306,0,0,262.500,262.500,0.000,0.000
3307,0,0,262.500,262.500,0.000,0.000
3308,0,0,262.500,262.500,0.000,0.000
3309,0,0,270.000,270.000,0.000,0.000
3310,0,0,270.000,270.000,0.000,0.000
3311,0,0,270.000,270.000,0.000,0.000
3312,0,0,270.000,270.000,0.000,0.000
3313,0,0,270.000,270.000,0.000,0.000
3314,0,0,270.000,270.000,0.000,0.000
3315,0,0,270.000,270.000,0.000,0.000
3316,0,0,270.000,270.000,0.000,0.000
3317,0,0,270.000,270.000,0.000,0.000
3318,0,0,270.000,270.000,0.000,0.000
3319,0,0,270.000,270.000,0.000,0.000
3320,0,0,270.000,270.000,0.000,0.000
3321,0,0,270.000,270.000,0.000,0.000
3322,0,0,270.000,270.000,0.000,0.000
3323,0,0,277.500,277.500,0.000,0.000
3324,0,0,277.500,277.500,0.000,0.000
3325,0,0,277.500,277.500,0.000,0.000
3326,0,0,277.500,277.500,0.000,0.000
3327,0,0,277.500,277.500,0.000,0.000
3328,0,0,277.500,277.500,0.000,0.000
3329,0,0,277.500,277.500,0.000,0.000
3330,0,0,277.500,277.500,0.000,0.000
3331,0,0,277.500,277.500,0.000,0.000
3332,0,0,277.500,277.500,0.000,0.000
3333,0,0,277.500,277.500,0.000,0.000
3334,0,0,285.000,285.000,0.000,0.000
3335,0,0,285.000,285.000,0.000,0.000
3336,0,0,285.000,285.000,0.000,0.000
3337,0,0,285.000,285.000,0.000,0.000
3338,0,0,285.000,285.000,0.000,0.000
3339,0,0,285.000,285.000,0.000,0.000
3340,0,0,285.000,285.000,0.000,0.000
3341,0,0,285.000,285.000,0.000,0.000
3342,0,0,285.000,285.000,0.000,0.000
3343,0,0,285.000,285.000,0.000,0.000
3344,0,0,292.500,292.500,0.000,0.000
3345,0,0,292.500,292.500,0.000,0.000
3346,0,0,292.500,292.500,0.000,0.000
3347,0,0,292.500,292.500,0.000,0.000
3348,0,0,292.500,292.500,0.000,0.000
3349,0,0,292.500,292.500,0.000,0.000
3350,0,0,292.500,292.500,0.000,0.000
3351,0,0,292.500,292.500,0.000,0.000
3352,0,0,292.500,292.500,0.000,0.000
3353,0,0,292.500,292.500,0.000,0.000
3354,0,0,292.500,292.500,0.000,0.000
3355,0,0,292.500,292.500,0.000,0.000
3356,0,0,292.500,292.500,0.000,0.000
3357,0,0,300.000,300.000,0.000,0.000
3358,0,0,300.000,300.000,0.000,0.000
3359,0,0,300.000,300.000,0.000,0.000
3360,0,0,300.000,300.000,0.000,0.000
3361,0,0,300.000,300.000,0.000,0.000
3362,0,0,300.000,300.000,0.000,0.000
3363,0,0,300.000,300.000,0.000,0.000
3364,0,0,300.000,300.000,0.000,0.000
3365,0,0,300.000,300.000,0.000,0.000
3366,0,0,300.000,300.000,0.000,0.000
3367,0,0,307.500,307.500,0.000,0.000
3368,0,0,307.500,307.500,0.000,0.000
3369,0,0,307.500,307.500,0.000,0.000
3370,0,0,307.500,307.500,0.000,0.000
3371,0,0,307.500,307.500,0.000,0.000
3372,0,0,307.500,307.500,0.000,0.000
3373,0,0,307.500,307.500,0.000,0.000
3374,0,0,307.500,307.500,0.000,0.000
3375,0,0,307.500,307.500,0.000,0.000
3376,0,0,307.500,307.500,0.000,0.000
3377,0,0,307.500,307.500,0.000,0.000
3378,0,0,307.500,307.500,0.000,0.000
3379,0,0,307.500,307.500,0.000,0.000
3380,0,0,315.000,315.000,0.000,0.000
3381,0,0,315.000,315.000,0.000,0.000
3382,0,0,315.000,315.000,0.000,0.000
3383,0,0,315.000,315.000,0.000,0.000
3384,0,0,315.000,315.000,0.000,0.000
3385,0,0,315.000,315.000,0.000,0.000
3386,0,0,315.000,315.000,0.000,0.000
3387,0,0,315.000,315.000,0.000,0.000
3388,0,0,315.000,315.000,0.000,0.000
3389,0,0,315.000,315.000,0.000,0.000
3390,0,0,322.500,322.500,0.000,0.000
3391,0,0,322.500,322.500,0.000,0.000
3392,0,0,322.500,322.500,0.000,0.000
3393,0,0,322.500,322.500,0.000,0.000
3394,0,0,322.500,322.500,0.000,0.000
3395,0,0,322.500,322.500,0.000,0.000
3396,0,0,322.500,322.500,0.000,0.000
3397,0,0,322.500,322.500,0.000,0.000
3398,0,0,322.500,322.500,0.000,0.000
3399,0,0,322.500,322.500,0.000,0.000
3400,0,0,322.500,322.500,0.000,0.000
3401,0,0,322.500,322.500,0.000,0.000
3402,0,0,322.500,322.500,0.000,0.000
3403,0,0,330.000,330.000,0.000,0.000
3404,0,0,330.000,330.000,0.000,0.000
3405,0,0,330.000,330.000,0.000,0.000
3406,0,0,330.000,330.000,0.000,0.000
3407,0,0,330.000,330.000,0.000,0.000
3408,0,0,330.000,330.000,0.000,0.000
3409,0,0,330.000,330.000,0.000,0.000
3410,0,0,330.000,330.000,0.000,0.000
3411,0,0,330.000,330.000,0.000,0.000
3412,0,0,330.000,330.000,0.000,0.000
3413,0,0,337.500,337.500,0.000,0.000
3414,0,0,337.500,337.500,0.000,0.000
3415,0,0,337.500,337.500,0.000,0.000
3416,0,0,337.500,337.500,0.000,0.000
3417,0,0,337.500,337.500,0.000,0.000
3418,0,0,337.500,337.500,0.000,0.000
3419,0,0,337.500,337.500,0.000,0.000
3420,0,0,337.500,337.500,0.000,0.000
3421,0,0,337.500,337.500,0.000,0.000
3422,0,0,337.500,337.500,0.000,0.000
3423,0,0,337.500,337.500,0.000,0.000
3424,0,0,337.500,337.500,0.000,0.000
3425,0,0,337.500,337.500,0.000,0.000
3426,0,0,345.000,345.000,0.000,0.000
3427,0,0,345.000,345.000,0.000,0.000
3428,0,0,345.000,345.000,0.000,0.000
3429,0,0,345.000,345.000,0.000,0.000
3430,0,0,345.000,345.000,0.000,0.000
3431,0,0,345.000,345.000,0.000,0.000
3432,0,0,345.000,345.000,0.000,0.000
3433,0,0,345.000,345.000,0.000,0.000
3434,0,0,345.000,345.000,0.000,0.000
3435,0,0,345.000,345.000,0.000,0.000
3436,0,0,352.500,352.500,0.000,0.000
3437,0,0,352.500,352.500,0.000,0.000
3438,0,0,352.500,352.500,0.000,0.000
3439,0,0,352.500,352.500,0.000,0.000
3440,0,0,352.500,352.500,0.000,0.000
3441,0,0,352.500,352.500,0.000,0.000
3442,0,0,352.500,352.500,0.000,0.000
3443,0,0,352.500,352.500,0.000,0.000
3444,0,0,352.500,352.500,0.000,0.000
3445,0,0,352.500,352.500,0.000,0.000
3446,0,0,352.500,352.500,0.000,0.000
3447,0,0,352.500,352.500,0.000,0.000
3448,0,0,352.500,352.500,0.000,0.000
3449,0,0,360.000,360.000,0.000,0.000
3450,0,0,360.000,360.000,0.000,0.000
3451,0,0,360.000,360.000,0.000,0.000
3452,0,0,360.000,360.000,0.000,0.000
3453,0,0,360.000,360.000,0.000,0.000
3454,0,0,360.000,360.000,0.000,0.000
3455,0,0,360.000,360.000,0.000,0.000
3456,0,0,360.000,360.000,0.000,0.000
3457,0,0,360.000,360.000,0.000,0.000
3458,0,0,360.000,360.000,0.000,0.000
3459,0,0,367.500,367.500,0.000,0.000
3460,0,0,367.500,367.500,0.000,0.000
3461,0,0,367.500,367.500,0.000,0.000
3462,0,0,367.500,367.500,0.000,0.000
3463,0,0,367.500,367.500,0.000,0.000
3464,0,0,367.500,367.500,0.000,0.000
3465,0,0,367.500,367.500,0.000,0.000
3466,0,0,367.500,367.500,0.000,0.000
3467,0,0,367.500,367.500,0.000,0.000
3468,0,0,367.500,367.500,0.000,0.000
3469,0,0,367.500,367.500,0.000,0.000
3470,0,0,367.500,367.500,0.000,0.000
3471,0,0,367.500,367.500,0.000,0.000
3472,0,0,375.000,375.000,0.000,0.000
3473,0,0,375.000,375.000,0.000,0.000
3474,0,0,375.000,375.000,0.000,0.000
3475,0,0,375.000,375.000,0.000,0.000
3476,0,0,375.000,375.000,0.000,0.000
3477,0,0,375.000,375.000,0.000,0.000
3478,0,0,375.000,375.000,0.000,0.000
3479,0,0,375.000,375.000,0.000,0.000
3480,0,0,375.000,375.000,0.000,0.000
3481,0,0,375.000,375.000,0.000,0.000
3482,0,0,382.500,382.500,0.000,0.000
3483,0,0,382.500,382.500,0.000,0.000
3484,0,0,382.500,382.500,0.000,0.000
3485,0,0,382.500,382.500,0.000,0.000
3486,0,0,382.500,382.500,0.000,0.000
3487,0,0,382.500,382.500,0.000,0.000
3488,0,0,382.500,382.500,0.000,0.000
3489,0,0,382.500,382.500,0.000,0.000
3490,0,0,382.500,382.500,0.000,0.000
3491,0,0,382.500,382.500,0.000,0.000
3492,0,0,382.500,382.500,0.000,0.000
3493,0,0,382.500,382.500,0.000,0.000
3494,0,0,382.500,382.500,0.000,0.000
3495,0,0,390.000,390.000,0.000,0.000
3496,0,0,390.000,390.000,0.000,0.000
3497,0,0,390.000,390.000,0.000,0.000
3498,0,0,390.000,390.000,0.000,0.000
3499,0,0,390.000,390.000,0.000,0.000
3500,0,0,390.000,390.000,0.000,0.000
3501,0,0,390.000,390.000,0.000,0.000
3502,0,0,390.000,390.000,0.000,0.000
3503,0,0,390.000,390.000,0.000,0.000
3504,0,0,390.000,390.000,0.000,0.000
3505,0,0,397.500,397.500,0.000,0.000
3506,0,0,397.500,397.500,0.000,0.000
3507,0,0,397.500,397.500,0.000,0.000
3508,0,0,397.500,397.500,0.000,0.000
3509,0,0,397.500,397.500,0.000,0.000
3510,0,0,397.500,397.500,0.000,0.000
3511,0,0,397.500,397.500,0.000,0.000
3512,0,0,397.500,397.500,0.000,0.000
3513,0,0,397.500,397.500,0.000,0.000
3514,0,0,397.500,397.500,0.000,0.000
3515,0,0,397.500,397.500,0.000,0.000
3516,0,0,397.500,397.500,0.000,0.000
3517,0,0,397.500,397.500,0.000,0.000
3518,0,0,405.000,405.000,0.000,0.000
3519,0,0,405.000,405.000,0.000,0.000
3520,0,0,405.000,405.000,0.000,0.000
3521,0,0,405.000,405.000,0.000,0.000
3522,0,0,405.000,405.000,0.000,0.000
3523,0,0,405.000,405.000,0.000,0.000
3524,0,0,405.000,405.000,0.000,0.000
3525,0,0,405.000,405.000,0.000,0.000
3526,0,0,412.500,412.500,0.000,0.000
3527,0,0,412.500,412.500,0.000,0.000
3528,0,0,412.500,412.500,0.000,0.000
3529,0,0,412.500,412.500,0.000,0.000
3530,0,0,412.500,412.500,0.000,0.000
3531,0,0,412.500,412.500,0.000,0.000
3532,0,0,412.500,412.500,0.000,0.000
3533,0,0,412.500,412.500,0.000,0.000
3534,0,0,412.500,412.500,0.000,0.000
3535,0,0,420.000,420.000,0.000,0.000
3536,0,0,420.000,420.000,0.000,0.000
3537,0,0,420.000,420.000,0.000,0.000
3538,0,0,420.000,420.000,0.000,0.000
3539,0,0,420.000,420.000,0.000,0.000
3540,0,0,420.000,420.000,0.000,0.000
3541,0,0,420.000,420.000,0.000,0.000
3542,0,0,420.000,420.000,0.000,0.000
3543,0,0,420.000,420.000,0.000,0.000
3544,0,0,420.000,420.000,0.000,0.000
3545,0,0,420.000,420.000,0.000,0.000
3546,0,0,420.000,420.000,0.000,0.000
3547,0,0,420.000,420.000,0.000,0.000
3548,0,0,420.000,420.000,0.000,0.000
3549,0,0,427.500,427.500,0.000,0.000
3550,0,0,427.500,427.500,0.000,0.000
3551,0,0,427.500,427.500,0.000,0.000
3552,0,0,427.500,427.500,0.000,0.000
3553,0,0,427.500,427.500,0.000,0.000
3554,0,0,427.500,427.500,0.000,0.000
3555,0,0,427.500,427.500,0.000,0.000
3556,0,0,427.500,427.500,0.000,0.000
3557,0,0,427.500,427.500,0.000,0.000
3558,0,0,427.500,427.500,0.000,0.000
3559,0,0,427.500,427.500,0.000,0.000
3560,0,0,427.500,427.500,0.000,0.000
3561,0,0,427.500,427.500,0.000,0.000
3562,0,0,427.500,427.500,0.000,0.000
3563,0,0,427.500,427.500,0.000,0.000
3564,0,0,435.000,435.000,0.000,0.000
3565,0,0,435.000,435.000,0.000,0.000
3566,0,0,435.000,435.000,0.000,0.000
3567,0,0,435.000,435.000,0.000,0.000
3568,0,0,435.000,435.000,0.000,0.000
3569,0,0,435.000,435.000,0.000,0.000
3570,0,0,435.000,435.000,0.000,0.000
3571,0,0,435.000,435.000,0.000,0.000
3572,0,0,435.000,435.000,0.000,0.000
3573,0,0,435.000,435.000,0.000,0.000
3574,0,0,435.000,435.000,0.000,0.000
3575,0,0,435.000,435.000,0.000,0.000
3576,0,0,435.000,435.000,0.000,0.000
3577,0,0,435.000,435.000,0.000,0.000
3578,0,0,442.500,442.500,0.000,0.000
3579,0,0,442.500,442.500,0.000,0.000
3580,0,0,442.500,442.500,0.000,0.000
3581,0,0,442.500,442.500,0.000,0.000
3582,0,0,442.500,442.500,0.000,0.000
3583,0,0,442.500,442.500,0.000,0.000
3584,0,0,442.500,442.500,0.000,0.000
3585,0,0,442.500,442.500,0.000,0.000
3586,0,0,442.500,442.500,0.000,0.000
3587,0,0,442.500,442.500,0.000,0.000
3588,0,0,442.500,442.500,0.000,0.000
3589,0,0,442.500,442.500,0.000,0.000
3590,0,0,442.500,442.500,0.000,0.000
3591,0,0,442.500,442.500,0.000,0.000
3592,0,0,442.500,442.500,0.000,0.000
3593,0,0,450.000,450.000,0.000,0.000
3594,0,0,450.000,450.000,0.000,0.000
3595,0,0,450.000,450.000,0.000,0.000
3596,0,0,450.000,450.000,0.000,0.000
3597,0,0,450.000,450.000,0.000,0.000
3598,0,0,450.000,450.000,0.000,0.000
3599,0,0,450.000,450.000,0.000,0.000
3600,0,0,450.000,450.000,0.000,0.000
3601,0,0,450.000,450.000,0.000,0.000
3602,0,0,450.000,450.000,0.000,0.000
3603,0,0,450.000,450.000,0.000,0.000
3604,0,0,450.000,450.000,0.000,0.000
3605,0,0,450.000,450.000,0.000,0.000
3606,0,0,450.000,450.000,0.000,0.000
3607,0,0,457.500,457.500,0.000,0.000
3608,0,0,457.500,457.500,0.000,0.000
3609,0,0,457.500,457.500,0.000,0.000
3610,0,0,457.500,457.500,0.000,0.000
3611,0,0,457.500,457.500,0.000,0.000
3612,0,0,457.500,457.500,0.000,0.000
3613,0,0,457.500,457.500,0.000,0.000
3614,0,0,457.500,457.500,0.000,0.000
3615,0,0,457.500,457.500,0.000,0.000
3616,0,0,457.500,457.500,0.000,0.000
3617,0,0,457.500,457.500,0.000,0.000
3618,0,0,457.500,457.500,0.000,0.000
3619,0,0,457.500,457.500,0.000,0.000
3620,0,0,457.500,457.500,0.000,0.000
3621,0,0,457.500,457.500,0.000,0.000
3622,0,0,465.000,465.000,0.000,0.000
3623,0,0,465.000,465.000,0.000,0.000
3624,0,0,465.000,465.000,0.000,0.000
3625,0,0,465.000,465.000,0.000,0.000
3626,0,0,465.000,465.000,0.000,0.000
3627,0,0,465.000,465.000,0.000,0.000
3628,0,0,465.000,465.000,0.000,0.000
3629,0,0,-0.000,-0.000,0.000,0.000
3630,0,0,-0.000,-0.000,0.000,0.000
3631,0,0,-0.000,-0.000,0.000,0.000
3632,0,0,-0.000,-0.000,0.000,0.000
3633,0,0,15.000,15.000,0.000,0.000
3634,0,0,15.000,15.000,0.000,0.000
3635,0,0,15.000,15.000,0.000,0.000
3636,0,0,15.000,15.000,0.000,0.000
3637,0,0,15.000,15.000,0.000,0.000
3638,0,0,15.000,15.000,0.000,0.000
3639,0,0,15.000,15.000,0.000,0.000
3640,0,0,15.000,15.000,0.000,0.000
3641,0,0,22.500,22.500,0.000,0.000
3642,0,0,22.500,22.500,0.000,0.000
3643,0,0,22.500,22.500,0.000,0.000
3644,0,0,22.500,22.500,0.000,0.000
3645,0,0,22.500,22.500,0.000,0.000
3646,0,0,22.500,22.500,0.000,0.000
3647,0,0,22.500,22.500,0.000,0.000
3648,0,0,22.500,22.500,0.000,0.000
3649,0,0,22.500,22.500,0.000,0.000
3650,0,0,22.500,22.500,0.000,0.000
3651,0,0,30.000,30.000,0.000,0.000
3652,0,0,30.000,30.000,0.000,0.000
3653,0,0,30.000,30.000,0.000,0.000
3654,0,0,30.000,30.000,0.000,0.000
3655,0,0,30.000,30.000,0.000,0.000
3656,0,0,30.000,30.000,0.000,0.000
3657,0,0,30.000,30.000,0.000,0.000
3658,0,0,30.000,30.000,0.000,0.000
3659,0,0,37.500,37.500,0.000,0.000
3660,0,0,37.500,37.500,0.000,0.000
3661,0,0,37.500,37.500,0.000,0.000
3662,0,0,37.500,37.500,0.000,0.000
3663,0,0,37.500,37.500,0.000,0.000
3664,0,0,37.500,37.500,0.000,0.000
3665,0,0,37.500,37.500,0.000,0.000
3666,0,0,37.500,37.500,0.000,0.000
3667,0,0,37.500,37.500,0.000,0.000
3668,0,0,37.500,37.500,0.000,0.000
3669,0,0,45.000,45.000,0.000,0.000
3670,0,0,45.000,45.000,0.000,0.000
3671,0,0,45.000,45.000,0.000,0.000
3672,0,0,45.000,45.000,0.000,0.000
3673,0,0,45.000,45.000,0.000,0.000
3674,0,0,45.000,45.000,0.000,0.000
3675,0,0,45.000,45.000,0.000,0.000
3676,0,0,45.000,45.000,0.000,0.000
3677,0,0,52.500,52.500,0.000,0.000
3678,0,0,52.500,52.500,0.000,0.000
3679,0,0,52.500,52.500,0.000,0.000
3680,0,0,52.500,52.500,0.000,0.000
3681,0,0,52.500,52.500,0.000,0.000
3682,0,0,52.500,52.500,0.000,0.000
3683,0,0,52.500,52.500,0.000,0.000
3684,0,0,52.500,52.500,0.000,0.000
3685,0,0,52.500,52.500,0.000,0.000
3686,0,0,52.500,52.500,0.000,0.000
3687,0,0,60.000,60.000,0.000,0.000
3688,0,0,60.000,60.000,0.000,0.000
3689,0,0,60.000,60.000,0.000,0.000
3690,0,0,60.000,60.000,0.000,0.000
3691,0,0,60.000,60.000,0.000,0.000
3692,0,0,60.000,60.000,0.000,0.000
3693,0,0,60.000,60.000,0.000,0.000
3694,0,0,60.000,60.000,0.000,0.000
3695,0,0,67.500,67.500,0.000,0.000
3696,0,0,67.500,67.500,0.000,0.000
3697,0,0,67.500,67.500,0.000,0.000
3698,0,0,67.500,67.500,0.000,0.000
3699,0,0,67.500,67.500,0.000,0.000
3700,0,0,67.500,67.500,0.000,0.000
3701,0,0,67.500,67.500,0.000,0.000
3702,0,0,67.500,67.500,0.000,0.000
3703,0,0,67.500,67.500,0.000,0.000
3704,0,0,67.500,67.500,0.000,0.000
3705,0,0,75.000,75.000,0.000,0.000
3706,0,0,75.000,75.000,0.000,0.000
3707,0,0,75.000,75.000,0.000,0.000
3708,0,0,75.000,75.000,0.000,0.000
3709,0,0,75.000,75.000,0.000,0.000
3710,0,0,75.000,75.000,0.000,0.000
3711,0,0,75.000,75.000,0.000,0.000
3712,0,0,75.000,75.000,0.000,0.000
3713,0,0,82.500,82.500,0.000,0.000
3714,0,0,82.500,82.500,0.000,0.000
3715,0,0,82.500,82.500,0.000,0.000
3716,0,0,82.500,82.500,0.000,0.000
3717,0,0,82.500,82.500,0.000,0.000
3718,0,0,82.500,82.500,0.000,0.000
3719,0,0,82.500,82.500,0.000,0.000
3720,0,0,82.500,82.500,0.000,0.000
3721,0,0,82.500,82.500,0.000,0.000
3722,0,0,82.500,82.500,0.000,0.000
3723,0,0,90.000,90.000,0.000,0.000
3724,0,0,90.000,90.000,0.000,0.000
3725,0,0,90.000,90.000,0.000,0.000
3726,0,0,90.000,90.000,0.000,0.000
3727,0,0,90.000,90.000,0.000,0.000
3728,0,0,90.000,90.000,0.000,0.000
3729,0,0,90.000,90.000,0.000,0.000
3730,0,0,90.000,90.000,0.000,0.000
3731,0,0,97.500,97.500,0.000,0.000
3732,0,0,97.500,97.500,0.000,0.000
3733,0,0,97.500,97.500,0.000,0.000
3734,0,0,97.500,97.500,0.000,0.000
3735,0,0,97.500,97.500,0.000,0.000
3736,0,0,97.500,97.500,0.000,0.000
3737,0,0,97.500,97.500,0.000,0.000
3738,0,0,97.500,97.500,0.000,0.000
3739,0,0,97.500,97.500,0.000,0.000
3740,0,0,97.500,97.500,0.000,0.000
3741,0,0,105.000,105.000,0.000,0.000
3742,0,0,105.000,105.000,0.000,0.000
3743,0,0,105.000,105.000,0.000,0.000
3744,0,0,105.000,105.000,0.000,0.000
3745,0,0,105.000,105.000,0.000,0.000
3746,0,0,105.000,105.000,0.000,0.000
3747,0,0,105.000,105.000,0.000,0.000
3748,0,0,105.000,105.000,0.000,0.000
3749,0,0,112.500,112.500,0.000,0.000
3750,0,0,112.500,112.500,0.000,0.000
3751,0,0,112.500,112.500,0.000,0.000
3752,0,0,112.500,112.500,0.000,0.000
3753,0,0,112.500,112.500,0.000,0.000
3754,0,0,112.500,112.500,0.000,0.000
3755,0,0,112.500,112.500,0.000,0.000
3756,0,0,112.500,112.500,0.000,0.000
3757,0,0,112.500,112.500,0.000,0.000
3758,0,0,112.500,112.500,0.000,0.000
3759,0,0,120.000,120.000,0.000,0.000
3760,0,0,120.000,120.000,0.000,0.000
3761,0,0,120.000,120.000,0.000,0.000
3762,0,0,120.000,120.000,0.000,0.000
3763,0,0,120.000,120.000,0.000,0.000
3764,0,0,120.000,120.000,0.000,0.000
3765,0,0,120.000,120.000,0.000,0.000
3766,0,0,120.000,120.000,0.000,0.000
3767,0,0,127.500,127.500,0.000,0.000
3768,0,0,127.500,127.500,0.000,0.000
3769,0,0,127.500,127.500,0.000,0.000
3770,0,0,127.500,127.500,0.000,0.000
3771,0,0,127.500,127.500,0.000,0.000
3772,0,0,127.500,127.500,0.000,0.000
3773,0,0,127.500,127.500,0.000,0.000
3774,0,0,127.500,127.500,0.000,0.000
3775,0,0,127.500,127.500,0.000,0.000
3776,0,0,127.500,127.500,0.000,0.000
3777,0,0,135.000,135.000,0.000,0.000
3778,0,0,135.000,135.000,0.000,0.000
3779,0,0,135.000,135.000,0.000,0.000
3780,0,0,135.000,135.000,0.000,0.000
3781,0,0,135.000,135.000,0.000,0.000
3782,0,0,135.000,135.000,0.000,0.000
3783,0,0,135.000,135.000,0.000,0.000
3784,0,0,135.000,135.000,0.000,0.000
3785,0,0,142.500,142.500,0.000,0.000
3786,0,0,142.500,142.500,0.000,0.000
3787,0,0,142.500,142.500,0.000,0.000
3788,0,0,142.500,142.500,0.000,0.000
3789,0,0,142.500,142.500,0.000,0.000
3790,0,0,142.500,142.500,0.000,0.000
3791,0,0,142.500,142.500,0.000,0.000
3792,0,0,142.500,142.500,0.000,0.000
3793,0,0,142.500,142.500,0.000,0.000
3794,0,0,142.500,142.500,0.000,0.000
3795,0,0,150.000,150.000,0.000,0.000
3796,0,0,150.000,150.000,0.000,0.000
3797,0,0,150.000,150.000,0.000,0.000
3798,0,0,150.000,150.000,0.000,0.000
3799,0,0,150.000,150.000,0.000,0.000
3800,0,0,150.000,150.000,0.000,0.000
3801,0,0,150.000,150.000,0.000,0.000
3802,0,0,150.000,150.000,0.000,0.000
3803,0,0,157.500,157.500,0.000,0.000
3804,0,0,157.500,157.500,0.000,0.000
3805,0,0,157.500,157.500,0.000,0.000
3806,0,0,157.500,157.500,0.000,0.000
3807,0,0,157.500,157.500,0.000,0.000
3808,0,0,157.500,157.500,0.000,0.000
3809,0,0,157.500,157.500,0.000,0.000
3810,0,0,157.500,157.500,0.000,0.000
3811,0,0,157.500,157.500,0.000,0.000
3812,0,0,157.500,157.500,0.000,0.000
3813,0,0,165.000,165.000,0.000,0.000
3814,0,0,165.000,165.000,0.000,0.000
3815,0,0,165.000,165.000,0.000,0.000
3816,0,0,165.000,165.000,0.000,0.000
3817,0,0,165.000,165.000,0.000,0.000
3818,0,0,165.000,165.000,0.000,0.000
3819,0,0,165.000,165.000,0.000,0.000
3820,0,0,165.000,165.000,0.000,0.000
3821,0,0,172.500,172.500,0.000,0.000
3822,0,0,172.500,172.500,0.000,0.000
3823,0,0,172.500,172.500,0.000,0.000
3824,0,0,172.500,172.500,0.000,0.000
3825,0,0,172.500,172.500,0.000,0.000
3826,0,0,172.500,172.500,0.000,0.000
3827,0,0,172.500,172.500,0.000,0.000
3828,0,0,172.500,172.500,0.000,0.000
3829,0,0,172.500,172.500,0.000,0.000
3830,0,0,172.500,172.500,0.000,0.000
3831,0,0,180.000,180.000,0.000,0.000
3832,0,0,180.000,180.000,0.000,0.000
3833,0,0,180.000,180.000,0.000,0.000
3834,0,0,180.000,180.000,0.000,0.000
3835,0,0,180.000,180.000,0.000,0.000
3836,0,0,180.000,180.000,0.000,0.000
3837,0,0,180.000,180.000,0.000,0.000
3838,0,0,180.000,180.000,0.000,0.000
3839,0,0,187.500,187.500,0.000,0.000
3840,0,0,187.500,187.500,0.000,0.000
3841,0,0,187.500,187.500,0.000,0.000
3842,0,0,187.500,187.500,0.000,0.000
3843,0,0,187.500,187.500,0.000,0.000
3844,0,0,187.500,187.500,0.000,0.000
3845,0,0,187.500,187.500,0.000,0.000
3846,0,0,187.500,187.500,0.000,0.000
3847,0,0,187.500,187.500,0.000,0.000
3848,0,0,187.500,187.500,0.000,0.000
3849,0,0,195.000,195.000,0.000,0.000
3850,0,0,195.000,195.000,0.000,0.000
3851,0,0,195.000,195.000,0.000,0.000
3852,0,0,195.000,195.000,0.000,0.000
3853,0,0,195.000,195.000,0.000,0.000
3854,0,0,195.000,195.000,0.000,0.000
3855,0,0,195.000,195.000,0.000,0.000
3856,0,0,195.000,195.000,0.000,0.000
3857,0,0,202.500,202.500,0.000,0.000
3858,0,0,202.500,202.500,0.000,0.000
3859,0,0,202.500,202.500,0.000,0.000
3860,0,0,202.500,202.500,0.000,0.000
3861,0,0,202.500,202.500,0.000,0.000
3862,0,0,202.500,202.500,0.000,0.000
3863,0,0,202.500,202.500,0.000,0.000
3864,0,0,202.500,202.500,0.000,0.000
3865,0,0,202.500,202.500,0.000,0.000
3866,0,0,202.500,202.500,0.000,0.000
3867,0,0,210.000,210.000,0.000,0.000
3868,0,0,210.000,210.000,0.000,0.000
3869,0,0,210.000,210.000,0.000,0.000
3870,0,0,210.000,210.000,0.000,0.000
3871,0,0,210.000,210.000,0.000,0.000
3872,0,0,210.000,210.000,0.000,0.000
3873,0,0,210.000,210.000,0.000,0.000
3874,0,0,210.000,210.000,0.000,0.000
3875,0,0,217.500,217.500,0.000,0.000
3876,0,0,217.500,217.500,0.000,0.000
3877,0,0,217.500,217.500,0.000,0.000
3878,0,0,217.500,217.500,0.000,0.000
3879,0,0,217.500,217.500,0.000,0.000
3880,0,0,217.500,217.500,0.000,0.000
3881,0,0,217.500,217.500,0.000,0.000
3882,0,0,217.500,217.500,0.000,0.000
3883,0,0,217.500,217.500,0.000,0.000
3884,0,0,217.500,217.500,0.000,0.000
3885,0,0,225.000,225.000,0.000,0.000
3886,0,0,225.000,225.000,0.000,0.000
3887,0,0,225.000,225.000,0.000,0.000
3888,0,0,225.000,225.000,0.000,0.000
3889,0,0,225.000,225.000,0.000,0.000
3890,0,0,225.000,225.000,0.000,0.000
3891,0,0,225.000,225.000,0.000,0.000
3892,0,0,232.500,232.500,0.000,0.000
3893,0,0,232.500,232.500,0.000,0.000
3894,0,0,232.500,232.500,0.000,0.000
3895,0,0,232.500,232.500,0.000,0.000
3896,0,0,232.500,232.500,0.000,0.000
3897,0,0,232.500,232.500,0.000,0.000
3898,0,0,232.500,232.500,0.000,0.000
3899,0,0,232.500,232.500,0.000,0.000
3900,0,0,240.000,240.000,0.000,0.000
3901,0,0,240.000,240.000,0.000,0.000
3902,0,0,240.000,240.000,0.000,0.000
3903,0,0,240.000,240.000,0.000,0.000
3904,0,0,240.000,240.000,0.000,0.000
3905,0,0,240.000,240.000,0.000,0.000
3906,0,0,240.000,240.000,0.000,0.000
3907,0,0,240.000,240.000,0.000,0.000
3908,0,0,240.000,240.000,0.000,0.000
3909,0,0,240.000,240.000,0.000,0.000
3910,0,0,240.000,240.000,0.000,0.000
3911,0,0,240.000,240.000,0.000,0.000
3912,0,0,240.000,240.000,0.000,0.000
3913,0,0,240.000,240.000,0.000,0.000
3914,0,0,247.500,247.500,0.000,0.000
3915,0,0,247.500,247.500,0.000,0.000
3916,0,0,247.500,247.500,0.000,0.000
3917,0,0,247.500,247.500,0.000,0.000
3918,0,0,247.500,247.500,0.000,0.000
3919,0,0,247.500,247.500,0.000,0.000
3920,0,0,247.500,247.500,0.000,0.000
3921,0,0,247.500,247.500,0.000,0.000
3922,0,0,255.000,255.000,0.000,0.000
3923,0,0,255.000,255.000,0.000,0.000
3924,0,0,255.000,255.000,0.000,0.000
3925,0,0,255.000,255.000,0.000,0.000
3926,0,0,255.000,255.000,0.000,0.000
3927,0,0,255.000,255.000,0.000,0.000
3928,0,0,255.000,255.000,0.000,0.000
3929,0,0,255.000,255.000,0.000,0.000
3930,0,0,255.000,255.000,0.000,0.000
3931,0,0,255.000,255.000,0.000,0.000
3932,0,0,255.000,255.000,0.000,0.000
3933,0,0,255.000,255.000,0.000,0.000
3934,0,0,255.000,255.000,0.000,0.000
3935,0,0,255.000,255.000,0.000,0.000
3936,0,0,262.500,262.500,0.000,0.000
3937,0,0,262.500,262.500,0.000,0.000
3938,0,0,262.500,262.500,0.000,0.000
3939,0,0,262.500,262.500,0.000,0.000
3940,0,0,262.500,262.500,0.000,0.000
3941,0,0,262.500,262.500,0.000,0.000
3942,0,0,262.500,262.500,0.000,0.000
3943,0,0,262.500,262.500,0.000,0.000
3944,0,0,262.500,262.500,0.000,0.000
3945,0,0,262.500,262.500,0.000,0.000
3946,0,0,262.500,262.500,0.000,0.000
3947,0,0,262.500,262.500,0.000,0.000
3948,0,0,262.500,262.500,0.000,0.000
3949,0,0,262.500,262.500,0.000,0.000
3950,0,0,262.500,262.500,0.000,0.000
3951,0,0,270.000,270.000,0.000,0.000
3952,0,0,270.000,270.000,0.000,0.000
3953,0,0,270.000,270.000,0.000,0.000
3954,0,0,270.000,270.000,0.000,0.000
3955,0,0,270.000,270.000,0.000,0.000
3956,0,0,270.000,270.000,0.000,0.000
3957,0,0,270.000,270.000,0.000,0.000
3958,0,0,270.000,270.000,0.000,0.000
3959,0,0,270.000,270.000,0.000,0.000
3960,0,0,270.000,270.000,0.000,0.000
3961,0,0,270.000,270.000,0.000,0.000
3962,0,0,270.000,270.000,0.000,0.000
3963,0,0,270.000,270.000,0.000,0.000
3964,0,0,270.000,270.000,0.000,0.000
3965,0,0,277.500,277.500,0.000,0.000
3966,0,0,277.500,277.500,0.000,0.000
3967,0,0,277.500,277.500,0.000,0.000
3968,0,0,277.500,277.500,0.000,0.000
3969,0,0,277.500,277.500,0.000,0.000
3970,0,0,277.500,277.500,0.000,0.000
3971,0,0,277.500,277.500,0.000,0.000
3972,0,0,277.500,277.500,0.000,0.000
3973,0,0,277.500,277.500,0.000,0.000
3974,0,0,277.500,277.500,0.000,0.000
3975,0,0,277.500,277.500,0.000,0.000
3976,0,0,285.000,285.000,0.000,0.000
3977,0,0,285.000,285.000,0.000,0.000
3978,0,0,285.000,285.000,0.000,0.000
3979,0,0,285.000,285.000,0.000,0.000
3980,0,0,285.000,285.000,0.000,0.000
3981,0,0,285.000,285.000,0.000,0.000
3982,0,0,285.000,285.000,0.000,0.000
3983,0,0,285.000,285.000,0.000,0.000
3984,0,0,285.000,285.000,0.000,0.000
3985,0,0,285.000,285.000,0.000,0.000
3986,0,0,292.500,292.500,0.000,0.000
3987,0,0,292.500,292.500,0.000,0.000
3988,0,0,292.500,292.500,0.000,0.000
3989,0,0,292.500,292.500,0.000,0.000
3990,0,0,292.500,292.500,0.000,0.000
3991,0,0,292.500,292.500,0.000,0.000
3992,0,0,292.500,292.500,0.000,0.000
3993,0,0,292.500,292.500,0.000,0.000
3994,0,0,292.500,292.500,0.000,0.000
3995,0,0,292.500,292.500,0.000,0.000
3996,0,0,292.500,292.500,0.000,0.000
3997,0,0,292.500,292.500,0.000,0.000
3998,0,0,292.500,292.500,0.000,0.000
3999,0,0,300.000,300.000,0.000,0.000
4000,0,0,300.000,300.000,0.000,0.000
4001,0,0,300.000,300.000,0.000,0.000
4002,0,0,300.000,300.000,0.000,0.000
4003,0,0,300.000,300.000,0.000,0.000
4004,0,0,300.000,300.000,0.000,0.000
4005,0,0,300.000,300.000,0.000,0.000
4006,0,0,300.000,300.000,0.000,0.000
4007,0,0,300.000,300.000,0.000,0.000
4008,0,0,300.000,300.000,0.000,0.000
4009,0,0,307.500,307.500,0.000,0.000
4010,0,0,307.500,307.500,0.000,0.000
4011,0,0,307.500,307.500,0.000,0.000
4012,0,0,307.500,307.500,0.000,0.000
4013,0,0,307.500,307.500,0.000,0.000
4014,0,0,307.500,307.500,0.000,0.000
4015,0,0,307.500,307.500,0.000,0.000
4016,0,0,307.500,307.500,0.000,0.000
4017,0,0,307.500,307.500,0.000,0.000
4018,0,0,307.500,307.500,0.000,0.000
4019,0,0,307.500,307.500,0.000,0.000
4020,0,0,307.500,307.500,0.000,0.000
4021,0,0,307.500,307.500,0.000,0.000
4022,0,0,315.000,315.000,0.000,0.000
4023,0,0,315.000,315.000,0.000,0.000
4024,0,0,315.000,315.000,0.000,0.000
4025,0,0,315.000,315.000,0.000,0.000
4026,0,0,315.000,315.000,0.000,0.000
4027,0,0,315.000,315.000,0.000,0.000
4028,0,0,315.000,315.000,0.000,0.000
4029,0,0,315.000,315.000,0.000,0.000
4030,0,0,315.000,315.000,0.000,0.000
4031,0,0,315.000,315.000,0.000,0.000
4032,0,0,322.500,322.500,0.000,0.000
4033,0,0,322.500,322.500,0.000,0.000
4034,0,0,322.500,322.500,0.000,0.000
4035,0,0,322.500,322.500,0.000,0.000
4036,0,0,322.500,322.500,0.000,0.000
4037,0,0,322.500,322.500,0.000,0.000
4038,0,0,322.500,322.500,0.000,0.000
4039,0,0,322.500,322.500,0.000,0.000
4040,0,0,322.500,322.500,0.000,0.000
4041,0,0,322.500,322.500,0.000,0.000
4042,0,0,322.500,322.500,0.000,0.000
4043,0,0,322.500,322.500,0.000,0.000
4044,0,0,322.500,322.500,0.000,0.000
4045,0,0,330.000,330.000,0.000,0.000
4046,0,0,330.000,330.000,0.000,0.000
4047,0,0,330.000,330.000,0.000,0.000
4048,0,0,330.000,330.000,0.000,0.000
4049,0,0,330.000,330.000,0.000,0.000
4050,0,0,330.000,330.000,0.000,0.000
4051,0,0,330.000,330.000,0.000,0.000
4052,0,0,330.000,330.000,0.000,0.000
4053,0,0,330.000,330.000,0.000,0.000
4054,0,0,330.000,330.000,0.000,0.000
4055,0,0,337.500,337.500,0.000,0.000
4056,0,0,337.500,337.500,0.000,0.000
4057,0,0,337.500,337.500,0.000,0.000
4058,0,0,337.500,337.500,0.000,0.000
4059,0,0,337.500,337.500,0.000,0.000
4060,0,0,337.500,337.500,0.000,0.000
4061,0,0,337.500,337.500,0.000,0.000
4062,0,0,337.500,337.500,0.000,0.000
4063,0,0,337.500,337.500,0.000,0.000
4064,0,0,337.500,337.500,0.000,0.000
4065,0,0,337.500,337.500,0.000,0.000
4066,0,0,337.500,337.500,0.000,0.000
4067,0,0,337.500,337.500,0.000,0.000
4068,0,0,345.000,345.000,0.000,0.000
4069,0,0,345.000,345.000,0.000,0.000
4070,0,0,345.000,345.000,0.000,0.000
4071,0,0,345.000,345.000,0.000,0.000
4072,0,0,345.000,345.000,0.000,0.000
4073,0,0,345.000,345.000,0.000,0.000
4074,0,0,345.000,345.000,0.000,0.000
4075,0,0,345.000,345.000,0.000,0.000
4076,0,0,345.000,345.000,0.000,0.000
4077,0,0,345.000,345.000,0.000,0.000
4078,0,0,352.500,352.500,0.000,0.000
4079,0,0,352.500,352.500,0.000,0.000
4080,0,0,352.500,352.500,0.000,0.000
4081,0,0,352.500,352.500,0.000,0.000
4082,0,0,352.500,352.500,0.000,0.000
4083,0,0,352.500,352.500,0.000,0.000
4084,0,0,352.500,352.500,0.000,0.000
4085,0,0,352.500,352.500,0.000,0.000
4086,0,0,352.500,352.500,0.000,0.000
4087,0,0,352.500,352.500,0.000,0.000
4088,0,0,352.500,352.500,0.000,0.000
4089,0,0,352.500,352.500,0.000,0.000
4090,0,0,352.500,352.500,0.000,0.000
4091,0,0,360.000,360.000,0.000,0.000
4092,0,0,360.000,360.000,0.000,0.000
4093,0,0,360.000,360.000,0.000,0.000
4094,0,0,360.000,360.000,0.000,0.000
4095,0,0,360.000,360.000,0.000,0.000
4096,0,0,360.000,360.000,0.000,0.000
4097,0,0,360.000,360.000,0.000,0.000
4098,0,0,360.000,360.000,0.000,0.000
4099,0,0,360.000,360.000,0.000,0.000
4100,0,0,360.000,360.000,0.000,0.000
4101,0,0,367.500,367.500,0.000,0.000
4102,0,0,367.500,367.500,0.000,0.000
4103,0,0,367.500,367.500,0.000,0.000
4104,0,0,367.500,367.500,0.000,0.000
4105,0,0,367.500,367.500,0.000,0.000
4106,0,0,367.500,367.500,0.000,0.000
4107,0,0,367.500,367.500,0.000,0.000
4108,0,0,367.500,367.500,0.000,0.000
4109,0,0,367.500,367.500,0.000,0.000
4110,0,0,367.500,367.500,0.000,0.000
4111,0,0,367.500,367.500,0.000,0.000
4112,0,0,367.500,367.500,0.000,0.000
4113,0,0,367.500,367.500,0.000,0.000
4114,0,0,375.000,375.000,0.000,0.000
4115,0,0,375.000,375.000,0.000,0.000
4116,0,0,375.000,375.000,0.000,0.000
4117,0,0,375.000,375.000,0.000,0.000
4118,0,0,375.000,375.000,0.000,0.000
4119,0,0,375.000,375.000,0.000,0.000
4120,0,0,375.000,375.000,0.000,0.000
4121,0,0,375.000,375.000,0.000,0.000
4122,0,0,375.000,375.000,0.000,0.000
4123,0,0,375.000,375.000,0.000,0.000
4124,0,0,382.500,382.500,0.000,0.000
4125,0,0,382.500,382.500,0.000,0.000
4126,0,0,382.500,382.500,0.000,0.000
4127,0,0,382.500,382.500,0.000,0.000
4128,0,0,382.500,382.500,0.000,0.000
4129,0,0,382.500,382.500,0.000,0.000
4130,0,0,382.500,382.500,0.000,0.000
4131,0,0,382.500,382.500,0.000,0.000
4132,0,0,382.500,382.500,0.000,0.000
4133,0,0,382.500,382.500,0.000,0.000
4134,0,0,382.500,382.500,0.000,0.000
4135,0,0,382.500,382.500,0.000,0.000
4136,0,0,382.500,382.500,0.000,0.000
4137,0,0,390.000,390.000,0.000,0.000
4138,0,0,390.000,390.000,0.000,0.000
4139,0,0,390.000,390.000,0.000,0.000
4140,0,0,390.000,390.000,0.000,0.000
4141,0,0,390.000,390.000,0.000,0.000
4142,0,0,390.000,390.000,0.000,0.000
4143,0,0,390.000,390.000,0.000,0.000
4144,0,0,390.000,390.000,0.000,0.000
4145,0,0,390.000,390.000,0.000,0.000
4146,0,0,390.000,390.000,0.000,0.000
4147,0,0,397.500,397.500,0.000,0.000
4148,0,0,397.500,397.500,0.000,0.000
4149,0,0,397.500,397.500,0.000,0.000
4150,0,0,397.500,397.500,0.000,0.000
4151,0,0,397.500,397.500,0.000,0.000
4152,0,0,397.500,397.500,0.000,0.000
4153,0,0,397.500,397.500,0.000,0.000
4154,0,0,397.500,397.500,0.000,0.000
4155,0,0,397.500,397.500,0.000,0.000
4156,0,0,397.500,397.500,0.000,0.000
4157,0,0,397.500,397.500,0.000,0.000
4158,0,0,397.500,397.500,0.000,0.000
4159,0,0,397.500,397.500,0.000,0.000
4160,0,0,405.000,405.000,0.000,0.000
4161,0,0,405.000,405.000,0.000,0.000
4162,0,0,405.000,405.000,0.000,0.000
4163,0,0,405.000,405.000,0.000,0.000
4164,0,0,405.000,405.000,0.000,0.000
4165,0,0,405.000,405.000,0.000,0.000
4166,0,0,405.000,405.000,0.000,0.000
4167,0,0,405.000,405.000,0.000,0.000
4168,0,0,412.500,412.500,0.000,0.000
4169,0,0,412.500,412.500,0.000,0.000
4170,0,0,412.500,412.500,0.000,0.000
4171,0,0,412.500,412.500,0.000,0.000
4172,0,0,412.500,412.500,0.000,0.000
4173,0,0,412.500,412.500,0.000,0.000
4174,0,0,412.500,412.500,0.000,0.000
4175,0,0,412.500,412.500,0.000,0.000
4176,0,0,412.500,412.500,0.000,0.000
4177,0,0,420.000,420.000,0.000,0.000
4178,0,0,420.000,420.000,0.000,0.000
4179,0,0,420.000,420.000,0.000,0.000
4180,0,0,420.000,420.000,0.000,0.000
4181,0,0,420.000,420.000,0.000,0.000
4182,0,0,420.000,420.000,0.000,0.000
4183,0,0,420.000,420.000,0.000,0.000
4184,0,0,420.000,420.000,0.000,0.000
4185,0,0,420.000,420.000,0.000,0.000
4186,0,0,420.000,420.000,0.000,0.000
4187,0,0,420.000,420.000,0.000,0.000
4188,0,0,420.000,420.000,0.000,0.000
4189,0,0,420.000,420.000,0.000,0.000
4190,0,0,420.000,420.000,0.000,0.000
4191,0,0,427.500,427.500,0.000,0.000
4192,0,0,427.500,427.500,0.000,0.000
4193,0,0,427.500,427.500,0.000,0.000
4194,0,0,427.500,427.500,0.000,0.000
4195,0,0,427.500,427.500,0.000,0.000
4196,0,0,427.500,427.500,0.000,0.000
4197,0,0,427.500,427.500,0.000,0.000
4198,0,0,427.500,427.500,0.000,0.000
4199,0,0,427.500,427.500,0.000,0.000
4200,0,0,427.500,427.500,0.000,0.000
4201,0,0,427.500,427.500,0.000,0.000
4202,0,0,427.500,427.500,0.000,0.000
4203,0,0,427.500,427.500,0.000,0.000
4204,0,0,427.500,427.500,0.000,0.000
4205,0,0,427.500,427.500,0.000,0.000
4206,0,0,435.000,435.000,0.000,0.000
4207,0,0,435.000,435.000,0.000,0.000
4208,0,0,435.000,435.000,0.000,0.000
4209,0,0,435.000,435.000,0.000,0.000
4210,0,0,435.000,435.000,0.000,0.000
4211,0,0,435.000,435.000,0.000,0.000
4212,0,0,435.000,435.000,0.000,0.000
4213,0,0,435.000,435.000,0.000,0.000
4214,0,0,435.000,435.000,0.000,0.000
4215,0,0,435.000,435.000,0.000,0.000
4216,0,0,435.000,435.000,0.000,0.000
4217,0,0,435.000,435.000,0.000,0.000
4218,0,0,435.000,435.000,0.000,0.000
4219,0,0,435.000,435.000,0.000,0.000
4220,0,0,442.500,442.500,0.000,0.000
4221,0,0,442.500,442.500,0.000,0.000
4222,0,0,442.500,442.500,0.000,0.000
4223,0,0,442.500,442.500,0.000,0.000
4224,0,0,442.500,442.500,0.000,0.000
4225,0,0,442.500,442.500,0.000,0.000
4226,0,0,442.500,442.500,0.000,0.000
4227,0,0,442.500,442.500,0.000,0.000
4228,0,0,442.500,442.500,0.000,0.000
4229,0,0,442.500,442.500,0.000,0.000
4230,0,0,442.500,442.500,0.000,0.000
4231,0,0,442.500,442.500,0.000,0.000
4232,0,0,442.500,442.500,0.000,0.000
4233,0,0,442.500,442.500,0.000,0.000
4234,0,0,442.500,442.500,0.000,0.000
4235,0,0,450.000,450.000,0.000,0.000
4236,0,0,450.000,450.000,0.000,0.000
4237,0,0,450.000,450.000,0.000,0.000
4238,0,0,450.000,450.000,0.000,0.000
4239,0,0,450.000,450.000,0.000,0.000
4240,0,0,450.000,450.000,0.000,0.000
4241,0,0,450.000,450.000,0.000,0.000
4242,0,0,450.000,450.000,0.000,0.000
4243,0,0,450.000,450.000,0.000,0.000
4244,0,0,450.000,450.000,0.000,0.000
4245,0,0,450.000,450.000,0.000,0.000
4246,0,0,450.000,450.000,0.000,0.000
4247,0,0,450.000,450.000,0.000,0.000
4248,0,0,450.000,450.000,0.000,0.000
4249,0,0,457.500,457.500,0.000,0.000
4250,0,0,457.500,457.500,0.000,0.000
4251,0,0,457.500,457.500,0.000,0.000
4252,0,0,457.500,457.500,0.000,0.000
4253,0,0,457.500,457.500,0.000,0.000
4254,0,0,457.500,457.500,0.000,0.000
4255,0,0,457.500,457.500,0.000,0.000
4256,0,0,457.500,457.500,0.000,0.000
4257,0,0,457.500,457.500,0.000,0.000
4258,0,0,457.500,457.500,0.000,0.000
4259,0,0,457.500,457.500,0.000,0.000
4260,0,0,457.500,457.500,0.000,0.000
4261,0,0,457.500,457.500,0.000,0.000
4262,0,0,457.500,457.500,0.000,0.000
4263,0,0,457.500,457.500,0.000,0.000
4264,0,0,465.000,465.000,0.000,0.000
4265,0,0,465.000,465.000,0.000,0.000
4266,0,0,465.000,465.000,0.000,0.000
4267,0,0,465.000,465.000,0.000,0.000
4268,0,0,465.000,465.000,0.000,0.000
4269,0,0,465.000,465.000,0.000,0.000
4270,0,0,465.000,465.000,0.000,0.000
4271,0,0,0.000,0.000,0.000,0.000
4272,0,0,0.000,0.000,0.000,0.000
4273,0,0,7.500,7.500,0.000,0.000
4274,0,0,7.500,7.500,0.000,0.000
4275,0,0,15.000,15.000,0.000,0.000
4276,0,0,15.000,15.000,0.000,0.000
4277,0,0,22.500,22.500,0.000,0.000
4278,0,0,22.500,22.500,0.000,0.000
4279,0,0,30.000,30.000,0.000,0.000
4280,0,0,30.000,30.000,0.000,0.000
4281,0,0,37.500,37.500,0.000,0.000
4282,0,0,37.500,37.500,0.000,0.000
4283,0,0,45.000,45.000,0.000,0.000
4284,0,0,45.000,45.000,0.000,0.000
4285,0,0,52.500,52.500,0.000,0.000
4286,0,0,52.500,52.500,0.000,0.000
4287,0,0,60.000,60.000,0.000,0.000
4288,0,0,60.000,60.000,0.000,0.000
4289,0,0,67.500,67.500,0.000,0.000
4290,0,0,67.500,67.500,0.000,0.000
4291,0,0,75.000,75.000,0.000,0.000
4292,0,0,75.000,75.000,0.000,0.000
4293,0,0,82.500,82.500,0.000,0.000
4294,0,0,82.500,82.500,0.000,0.000
4295,0,0,90.000,90.000,0.000,0.000
4296,0,0,90.000,90.000,0.000,0.000
4297,0,0,97.500,97.500,0.000,0.000
4298,0,0,97.500,97.500,0.000,0.000
4299,0,0,105.000,105.000,0.000,0.000
4300,0,0,105.000,105.000,0.000,0.000
4301,0,0,112.500,112.500,0.000,0.000
4302,0,0,112.500,112.500,0.000,0.000
4303,0,0,120.000,120.000,0.000,0.000
4304,0,0,120.000,120.000,0.000,0.000
4305,0,0,127.500,127.500,0.000,0.000
4306,0,0,127.500,127.500,0.000,0.000
4307,0,0,135.000,135.000,0.000,0.000
4308,0,0,135.000,135.000,0.000,0.000
4309,0,0,142.500,142.500,0.000,0.000
4310,0,0,142.500,142.500,0.000,0.000
4311,0,0,150.000,150.000,0.000,0.000
4312,0,0,150.000,150.000,0.000,0.000
4313,0,0,157.500,157.500,0.000,0.000
4314,0,0,157.500,157.500,0.000,0.000
4315,0,0,165.000,165.000,0.000,0.000
4316,0,0,165.000,165.000,0.000,0.000
4317,0,0,172.500,172.500,0.000,0.000
4318,0,0,172.500,172.500,0.000,0.000
4319,0,0,180.000,180.000,0.000,0.000
4320,0,0,180.000,180.000,0.000,0.000
4321,0,0,187.500,187.500,0.000,0.000
4322,0,0,187.500,187.500,0.000,0.000
4323,0,0,195.000,195.000,0.000,0.000
4324,0,0,195.000,195.000,0.000,0.000
4325,0,0,202.500,202.500,0.000,0.000
4326,0,0,202.500,202.500,0.000,0.000
4327,0,0,210.000,210.000,0.000,0.000
4328,0,0,210.000,210.000,0.000,0.000
4329,0,0,217.500,217.500,0.000,0.000
4330,0,0,217.500,217.500,0.000,0.000
4331,0,0,225.000,225.000,0.000,0.000
4332,0,0,225.000,225.000,0.000,0.000
4333,0,0,232.500,232.500,0.000,0.000
4334,0,0,232.500,232.500,0.000,0.000
4335,0,0,240.000,240.000,0.000,0.000
4336,0,0,240.000,240.000,0.000,0.000
4337,0,0,247.500,247.500,0.000,0.000
4338,0,0,247.500,247.500,0.000,0.000
4339,0,0,255.000,255.000,0.000,0.000
4340,0,0,255.000,255.000,0.000,0.000
4341,0,0,262.500,262.500,0.000,0.000
4342,0,0,262.500,262.500,0.000,0.000
4343,0,0,270.000,270.000,0.000,0.000
4344,0,0,270.000,270.000,0.000,0.000
4345,0,1,,,,
4346,0,1,,,,
4347,1,0,285.000,-0.488,287.103,285.488
4348,1,0,285.000,-0.494,366.573,285.494
4349,1,0,292.500,6.008,325.674,286.492
4350,1,0,292.500,6.008,325.615,286.492
4351,1,0,300.000,6.008,311.115,293.992
4352,1,0,300.000,-0.493,733.881,300.493
4353,1,0,307.500,-0.493,341.849,307.993
4354,1,0,307.500,-0.494,464.737,307.994
4355,1,0,315.000,6.008,511.974,308.992
4356,1,0,315.000,15.463,301.118,299.537
4357,1,0,322.500,-0.492,399.556,322.992
4358,1,0,322.500,-0.488,333.948,322.988
4359,1,0,330.000,6.008,387.821,323.992
4360,1,0,330.000,-0.524,332.972,330.524
4361,1,0,337.500,6.008,375.588,331.492
4362,1,0,337.500,6.060,342.016,331.440
4363,1,0,345.000,6.008,420.950,338.992
4364,1,0,345.000,10.649,358.517,334.351
4365,1,0,352.500,9.763,447.821,342.737
4366,1,0,352.500,-0.476,400.837,352.976
4367,1,0,360.000,-0.489,443.350,360.489
4368,1,0,360.000,5.992,361.843,354.008
4369,1,0,367.500,9.762,421.455,357.738
4370,1,0,367.500,-0.499,368.885,367.999
4371,1,0,375.000,9.763,374.838,365.237
4372,1,0,375.000,6.008,372.646,368.992
4373,1,0,382.500,-0.488,388.781,382.988
4374,1,0,382.500,-0.222,414.238,382.722
4375,1,0,390.000,6.031,386.366,383.969
4376,1,0,390.000,6.008,480.947,383.992
4377,1,0,397.500,0.513,407.865,396.987
4378,1,0,397.500,-0.490,452.141,397.990
4379,1,0,405.000,25.448,393.356,379.552
4380,1,0,405.000,-0.498,500.914,405.498
4381,1,0,412.500,6.048,419.165,406.452
4382,1,0,412.500,6.008,474.474,406.492
4383,1,0,420.000,18.197,404.868,401.803
4384,1,0,420.000,6.009,492.637,413.991
4385,1,0,427.500,12.498,421.249,415.002
4386,1,0,427.500,-0.478,443.010,427.978
4387,1,0,435.000,6.580,432.881,428.420
4388,1,0,435.000,-0.488,449.814,435.488
4389,1,0,442.500,6.013,441.123,436.487
4390,1,0,442.500,11.204,436.634,431.296
4391,1,0,450.000,3.733,449.090,446.267
4392,1,0,450.000,9.763,447.694,440.237
4393,1,0,457.500,6.042,462.882,451.458
4394,1,0,457.500,-0.494,462.604,457.994
4395,0,0,0.000,0.000,0.000,0.000
4396,0,0,0.000,0.000,0.000,0.000
4397,0,0,7.500,7.500,0.000,0.000
4398,0,0,7.500,7.500,0.000,0.000
4399,0,0,15.000,15.000,0.000,0.000
4400,0,0,15.000,15.000,0.000,0.000
4401,0,0,22.500,22.500,0.000,0.000
4402,0,0,22.500,22.500,0.000,0.000
4403,0,0,30.000,30.000,0.000,0.000
4404,0,0,30.000,30.000,0.000,0.000
4405,0,0,37.500,37.500,0.000,0.000
4406,0,0,37.500,37.500,0.000,0.000
4407,0,0,45.000,45.000,0.000,0.000
4408,0,0,45.000,45.000,0.000,0.000
4409,0,0,52.500,52.500,0.000,0.000
4410,0,0,52.500,52.500,0.000,0.000
4411,0,0,60.000,60.000,0.000,0.000
4412,0,0,60.000,60.000,0.000,0.000
4413,0,0,67.500,67.500,0.000,0.000
4414,0,0,67.500,67.500,0.000,0.000
4415,0,0,75.000,75.000,0.000,0.000
4416,0,0,75.000,75.000,0.000,0.000
4417,0,0,82.500,82.500,0.000,0.000
4418,0,0,82.500,82.500,0.000,0.000
4419,0,0,90.000,90.000,0.000,0.000
4420,0,0,90.000,90.000,0.000,0.000
4421,0,0,97.500,97.500,0.000,0.000
4422,0,0,97.500,97.500,0.000,0.000
4423,0,0,105.000,105.000,0.000,0.000
4424,0,0,105.000,105.000,0.000,0.000
4425,0,0,112.500,112.500,0.000,0.000
4426,0,0,112.500,112.500,0.000,0.000
4427,0,0,120.000,120.000,0.000,0.000
4428,0,0,120.000,120.000,0.000,0.000
4429,0,0,127.500,127.500,0.000,0.000
4430,0,0,127.500,127.500,0.000,0.000
4431,0,0,135.000,135.000,0.000,0.000
4432,0,0,135.000,135.000,0.000,0.000
4433,0,0,142.500,142.500,0.000,0.000
4434,0,0,142.500,142.500,0.000,0.000
4435,0,0,150.000,150.000,0.000,0.000
4436,0,0,150.000,150.000,0.000,0.000
4437,0,0,157.500,157.500,0.000,0.000
4438,0,0,157.500,157.500,0.000,0.000
4439,0,0,165.000,165.000,0.000,0.000
4440,0,0,165.000,165.000,0.000,0.000
4441,0,0,172.500,172.500,0.000,0.000
4442,0,0,172.500,172.500,0.000,0.000
4443,0,0,180.000,180.000,0.000,0.000
4444,0,0,180.000,180.000,0.000,0.000
4445,0,0,187.500,187.500,0.000,0.000
4446,0,0,187.500,187.500,0.000,0.000
4447,0,0,195.000,195.000,0.000,0.000
4448,0,0,195.000,195.000,0.000,0.000
4449,0,0,202.500,202.500,0.000,0.000
4450,0,0,202.500,202.500,0.000,0.000
4451,0,0,210.000,210.000,0.000,0.000
4452,0,0,210.000,210.000,0.000,0.000
4453,0,0,217.500,217.500,0.000,0.000
4454,0,0,217.500,217.500,0.000,0.000
4455,0,0,225.000,225.000,0.000,0.000
4456,0,0,225.000,225.000,0.000,0.000
4457,0,0,232.500,232.500,0.000,0.000
4458,0,0,232.500,232.500,0.000,0.000
4459,0,0,240.000,240.000,0.000,0.000
4460,0,0,240.000,240.000,0.000,0.000
4461,0,0,247.500,247.500,0.000,0.000
4462,0,0,247.500,247.500,0.000,0.000
4463,0,0,255.000,255.000,0.000,0.000
4464,0,0,255.000,255.000,0.000,0.000
4465,0,0,262.500,262.500,0.000,0.000
4466,0,0,262.500,262.500,0.000,0.000
4467,0,0,270.000,270.000,0.000,0.000
4468,0,0,270.000,270.000,0.000,0.000
4469,0,1,,,,
4470,0,1,,,,
4471,1,0,285.000,276.486,8.594,8.514
4472,1,0,285.000,276.523,8.618,8.477
4473,1,0,292.500,-0.859,296.855,293.359
4474,1,0,292.500,-0.505,293.766,293.005
4475,1,0,300.000,6.001,305.554,293.999
4476,1,0,300.000,-0.493,310.914,300.493
4477,1,0,307.500,6.033,322.569,301.467
4478,1,0,307.500,14.396,296.907,293.104
4479,1,0,315.000,-0.496,371.770,315.496
4480,1,0,315.000,283.031,32.214,31.969
4481,1,0,322.500,-0.494,446.693,322.994
4482,1,0,322.500,6.518,323.448,315.982
4483,1,0,330.000,9.763,493.908,320.237
4484,1,0,330.000,6.020,326.192,323.980
4485,1,0,337.500,6.008,441.535,331.492
4486,1,0,337.500,4.059,343.642,333.441
4487,1,0,345.000,-0.522,459.983,345.522
4488,1,0,345.000,-0.494,377.883,345.494
4489,1,0,352.500,-0.494,471.301,352.994
4490,1,0,352.500,-0.484,400.703,352.984
4491,1,0,360.000,-0.494,408.555,360.494
4492,1,0,360.000,-0.488,386.626,360.488
4493,1,0,367.500,-0.562,395.588,368.062
4494,1,0,367.500,-0.494,380.137,367.994
4495,1,0,375.000,9.773,389.040,365.227
4496,1,0,375.000,21.021,392.306,353.979
4497,1,0,382.500,294.806,88.304,87.694
4498,1,0,382.500,6.008,422.538,376.492
4499,1,0,390.000,6.021,409.860,383.979
4500,1,0,390.000,9.776,430.003,380.224
4501,1,0,397.500,6.496,402.484,391.004
4502,1,0,397.500,6.011,444.166,391.489
4503,1,0,405.000,11.119,406.255,393.881
4504,1,0,405.000,6.008,426.303,398.992
4505,1,0,412.500,-0.463,413.044,412.963
4506,1,0,412.500,5.987,427.877,406.513
4507,1,0,420.000,9.763,410.908,410.237
4508,1,0,420.000,-0.680,470.343,420.680
4509,1,0,427.500,-0.227,442.015,427.727
4510,1,0,427.500,-0.464,432.646,427.964
4511,1,0,435.000,-0.472,476.693,435.472
4512,1,0,435.000,9.379,439.210,425.621
4513,1,0,442.500,6.008,497.724,436.492
4514,1,0,442.500,11.044,432.433,431.456
4515,1,0,450.000,9.764,489.578,440.236
4516,1,0,450.000,-0.491,456.366,450.491
4517,1,0,457.500,5.986,466.739,451.514
4518,1,0,457.500,5.995,453.385,451.505
4519,0,0,0.000,0.000,0.000,0.000
4520,0,0,0.000,0.000,0.000,0.000
4521,0,0,7.500,7.500,0.000,0.000
4522,0,0,7.500,7.500,0.000,0.000
4523,0,0,15.000,15.000,0.000,0.000
4524,0,0,15.000,15.000,0.000,0.000
4525,0,0,22.500,22.500,0.000,0.000
4526,0,0,22.500,22.500,0.000,0.000
4527,0,0,30.000,30.000,0.000,0.000
4528,0,0,30.000,30.000,0.000,0.000
4529,0,0,37.500,37.500,0.000,0.000
4530,0,0,37.500,37.500,0.000,0.000
4531,0,0,45.000,45.000,0.000,0.000
4532,0,0,45.000,45.000,0.000,0.000
4533,0,0,52.500,52.500,0.000,0.000
4534,0,0,52.500,52.500,0.000,0.000
4535,0,0,60.000,60.000,0.000,0.000
4536,0,0,60.000,60.000,0.000,0.000
4537,0,0,67.500,67.500,0.000,0.000
4538,0,0,67.500,67.500,0.000,0.000
4539,0,0,75.000,75.000,0.000,0.000
4540,0,0,75.000,75.000,0.000,0.000
4541,0,0,82.500,82.500,0.000,0.000
4542,0,0,82.500,82.500,0.000,0.000
4543,0,0,90.000,90.000,0.000,0.000
4544,0,0,90.000,90.000,0.000,0.000
4545,0,0,97.500,97.500,0.000,0.000
4546,0,0,97.500,97.500,0.000,0.000
4547,0,0,105.000,105.000,0.000,0.000
4548,0,0,105.000,105.000,0.000,0.000
4549,0,0,112.500,112.500,0.000,0.000
4550,0,0,112.500,112.500,0.000,0.000
4551,0,0,120.000,120.000,0.000,0.000
4552,0,0,120.000,120.000,0.000,0.000
4553,0,0,127.500,127.500,0.000,0.000
4554,0,0,127.500,127.500,0.000,0.000
4555,0,0,135.000,135.000,0.000,0.000
4556,0,0,135.000,135.000,0.000,0.000
4557,0,0,142.500,142.500,0.000,0.000
4558,0,0,142.500,142.500,0.000,0.000
4559,0,0,150.000,150.000,0.000,0.000
4560,0,0,150.000,150.000,0.000,0.000
4561,0,0,157.500,157.500,0.000,0.000
4562,0,0,157.500,157.500,0.000,0.000
4563,0,0,165.000,165.000,0.000,0.000
4564,0,0,165.000,165.000,0.000,0.000
4565,0,0,172.500,172.500,0.000,0.000
4566,0,0,172.500,172.500,0.000,0.000
4567,0,0,180.000,180.000,0.000,0.000
4568,0,0,180.000,180.000,0.000,0.000
4569,0,0,187.500,187.500,0.000,0.000
4570,0,0,187.500,187.500,0.000,0.000
4571,0,0,195.000,195.000,0.000,0.000
4572,0,0,195.000,195.000,0.000,0.000
4573,0,0,202.500,202.500,0.000,0.000
4574,0,0,202.500,202.500,0.000,0.000
4575,0,0,210.000,210.000,0.000,0.000
4576,0,0,210.000,210.000,0.000,0.000
4577,0,0,217.500,217.500,0.000,0.000
4578,0,0,217.500,217.500,0.000,0.000
4579,0,0,225.000,225.000,0.000,0.000
4580,0,0,225.000,225.000,0.000,0.000
4581,0,0,232.500,232.500,0.000,0.000
4582,0,0,232.500,232.500,0.000,0.000
4583,0,0,240.000,240.000,0.000,0.000
4584,0,0,240.000,240.000,0.000,0.000
4585,0,0,247.500,247.500,0.000,0.000
4586,0,0,247.500,247.500,0.000,0.000
4587,0,0,255.000,255.000,0.000,0.000
4588,0,0,255.000,255.000,0.000,0.000
4589,0,0,262.500,262.500,0.000,0.000
4590,0,0,262.500,262.500,0.000,0.000
4591,0,0,270.000,270.000,0.000,0.000
4592,0,0,270.000,270.000,0.000,0.000
4593,0,1,,,,
4594,0,1,,,,
4595,1,0,285.000,276.516,8.698,8.484
4596,1,0,285.000,-0.504,286.995,285.504
4597,1,0,292.500,9.763,305.767,282.737
4598,1,0,292.500,6.059,293.472,286.441
4599,1,0,300.000,-0.493,304.897,300.493
4600,1,0,300.000,-0.551,306.674,300.551
4601,1,0,307.500,-0.488,326.588,307.988
4602,1,0,307.500,8.715,310.681,298.785
4603,1,0,315.000,6.103,394.728,308.897
4604,1,0,315.000,-0.946,335.678,315.946
4605,1,0,322.500,9.754,356.625,312.746
4606,1,0,322.500,6.039,317.022,316.461
4607,1,0,330.000,-0.485,426.388,330.485
4608,1,0,330.000,-0.434,339.090,330.434
4609,1,0,337.500,2.046,448.965,335.454
4610,1,0,337.500,6.008,365.302,331.492
4611,1,0,345.000,6.008,459.191,338.992
4612,1,0,345.000,-0.848,358.491,345.848
4613,1,0,352.500,6.008,421.293,346.492
4614,1,0,352.500,5.966,354.600,346.534
4615,1,0,360.000,-0.493,405.350,360.493
4616,1,0,360.000,-0.493,437.207,360.493
4617,1,0,367.500,9.762,412.903,357.738
4618,1,0,367.500,-0.482,412.916,367.982
4619,1,0,375.000,9.556,416.765,365.444
4620,1,0,375.000,9.746,410.971,365.254
4621,1,0,382.500,9.781,397.559,372.719
4622,1,0,382.500,-0.494,584.350,382.994
4623,1,0,390.000,9.763,391.299,380.237
4624,1,0,390.000,-0.494,447.228,390.494
4625,1,0,397.500,6.004,397.925,391.496
4626,1,0,397.500,9.753,427.512,387.747
4627,1,0,405.000,3.184,405.460,401.816
4628,1,0,405.000,-0.494,447.555,405.494
4629,1,0,412.500,6.977,417.812,405.523
4630,1,0,412.500,8.533,412.833,403.967
4631,1,0,420.000,-0.489,444.888,420.489
4632,1,0,420.000,283.038,136.969,136.962
4633,1,0,427.500,8.125,431.210,419.375
4634,1,0,427.500,11.794,447.143,415.706
4635,1,0,435.000,6.038,446.678,428.962
4636,1,0,435.000,22.395,421.397,412.605
4637,1,0,442.500,12.489,435.557,430.011
4638,1,0,442.500,-0.490,452.780,442.990
4639,1,0,450.000,-0.489,453.886,450.489
4640,1,0,450.000,5.302,447.012,444.698
4641,1,0,457.500,-0.494,465.440,457.994
4642,1,0,457.500,16.250,454.585,441.250
4643,0,0,0.000,0.000,0.000,0.000
4644,0,0,0.000,0.000,0.000,0.000
4645,0,0,7.500,7.500,0.000,0.000
4646,0,0,7.500,7.500,0.000,0.000
4647,0,0,15.000,15.000,0.000,0.000
4648,0,0,15.000,15.000,0.000,0.000
4649,0,0,22.500,22.500,0.000,0.000
4650,0,0,22.500,22.500,0.000,0.000
4651,0,0,30.000,30.000,0.000,0.000
4652,0,0,30.000,30.000,0.000,0.000
4653,0,0,37.500,37.500,0.000,0.000
4654,0,0,37.500,37.500,0.000,0.000
4655,0,0,45.000,45.000,0.000,0.000
4656,0,0,45.000,45.000,0.000,0.000
4657,0,0,52.500,52.500,0.000,0.000
4658,0,0,52.500,52.500,0.000,0.000
4659,0,0,60.000,60.000,0.000,0.000
4660,0,0,60.000,60.000,0.000,0.000
4661,0,0,67.500,67.500,0.000,0.000
4662,0,0,67.500,67.500,0.000,0.000
4663,0,0,75.000,75.000,0.000,0.000
4664,0,0,75.000,75.000,0.000,0.000
4665,0,0,82.500,82.500,0.000,0.000
4666,0,0,82.500,82.500,0.000,0.000
4667,0,0,90.000,90.000,0.000,0.000
4668,0,0,90.000,90.000,0.000,0.000
4669,0,0,97.500,97.500,0.000,0.000
4670,0,0,97.500,97.500,0.000,0.000
4671,0,0,105.000,105.000,0.000,0.000
4672,0,0,105.000,105.000,0.000,0.000
4673,0,0,112.500,112.500,0.000,0.000
4674,0,0,112.500,112.500,0.000,0.000
4675,0,0,120.000,120.000,0.000,0.000
4676,0,0,120.000,120.000,0.000,0.000
4677,0,0,127.500,127.500,0.000,0.000
4678,0,0,127.500,127.500,0.000,0.000
4679,0,0,135.000,135.000,0.000,0.000
4680,0,0,135.000,135.000,0.000,0.000
4681,0,0,142.500,142.500,0.000,0.000
4682,0,0,142.500,142.500,0.000,0.000
4683,0,0,150.000,150.000,0.000,0.000
4684,0,0,150.000,150.000,0.000,0.000
4685,0,0,157.500,157.500,0.000,0.000
4686,0,0,157.500,157.500,0.000,0.000
4687,0,0,165.000,165.000,0.000,0.000
4688,0,0,165.000,165.000,0.000,0.000
4689,0,0,172.500,172.500,0.000,0.000
4690,0,0,172.500,172.500,0.000,0.000
4691,0,0,180.000,180.000,0.000,0.000
4692,0,0,180.000,180.000,0.000,0.000
4693,0,0,187.500,187.500,0.000,0.000
4694,0,0,187.500,187.500,0.000,0.000
4695,0,0,195.000,195.000,0.000,0.000
4696,0,0,195.000,195.000,0.000,0.000
4697,0,0,202.500,202.500,0.000,0.000
4698,0,0,202.500,202.500,0.000,0.000
4699,0,0,210.000,210.000,0.000,0.000
4700,0,0,210.000,210.000,0.000,0.000
4701,0,0,217.500,217.500,0.000,0.000
4702,0,0,217.500,217.500,0.000,0.000
4703,0,0,225.000,225.000,0.000,0.000
4704,0,0,225.000,225.000,0.000,0.000
4705,0,0,232.500,232.500,0.000,0.000
4706,0,0,232.500,232.500,0.000,0.000
4707,0,0,240.000,240.000,0.000,0.000
4708,0,0,240.000,240.000,0.000,0.000
4709,0,0,247.500,247.500,0.000,0.000
4710,0,0,247.500,247.500,0.000,0.000
4711,0,0,255.000,255.000,0.000,0.000
4712,0,0,255.000,255.000,0.000,0.000
4713,0,0,262.500,262.500,0.000,0.000
4714,0,0,262.500,262.500,0.000,0.000
4715,0,0,270.000,270.000,0.000,0.000
4716,0,0,270.000,270.000,0.000,0.000
4717,0,1,,,,
4718,0,1,,,,
4719,1,0,285.000,276.486,8.520,8.514
4720,1,0,285.000,276.520,8.486,8.480
4721,1,0,292.500,285.956,8.626,6.544
4722,1,0,292.500,283.034,9.661,9.466
4723,1,0,300.000,6.027,295.006,293.973
4724,1,0,300.000,283.040,17.066,16.960
4725,1,0,307.500,-0.325,327.686,307.825
4726,1,0,307.500,14.914,298.783,292.586
4727,1,0,315.000,-0.493,357.905,315.493
4728,1,0,315.000,4.627,313.940,310.373
4729,1,0,322.500,-0.493,375.714,322.993
4730,1,0,322.500,9.069,320.017,313.431
4731,1,0,330.000,6.008,432.416,323.992
4732,1,0,330.000,-0.488,381.277,330.488
4733,1,0,337.500,5.491,363.996,332.009
4734,1,0,337.500,-0.491,356.842,337.991
4735,1,0,345.000,-0.494,419.714,345.494
4736,1,0,345.000,9.759,378.216,335.241
4737,1,0,352.500,-0.489,486.300,352.989
4738,1,0,352.500,-0.487,383.871,352.987
4739,1,0,360.000,6.008,457.821,353.992
4740,1,0,360.000,11.499,382.266,348.501
4741,1,0,367.500,6.005,576.577,361.495
4742,1,0,367.500,9.763,379.667,357.737
4743,1,0,375.000,-0.493,412.449,375.493
4744,1,0,375.000,-0.478,379.508,375.478
4745,1,0,382.500,-0.488,406.145,382.988
4746,1,0,382.500,13.775,390.634,368.725
4747,1,0,390.000,10.245,380.731,379.755
4748,1,0,390.000,9.762,420.368,380.238
4749,1,0,397.500,17.542,390.286,379.958
4750,1,0,397.500,9.764,561.413,387.736
4751,1,0,405.000,8.517,415.266,396.483
4752,1,0,405.000,-0.489,434.522,405.489
4753,1,0,412.500,16.273,426.287,396.227
4754,1,0,412.500,-0.456,434.338,412.956
4755,1,0,420.000,12.807,415.874,407.193
4756,1,0,420.000,5.619,435.258,414.381
4757,1,0,427.500,-0.503,439.135,428.003
4758,1,0,427.500,4.916,423.898,422.584
4759,1,0,435.000,9.763,427.850,425.237
4760,1,0,435.000,10.110,448.188,424.890
4761,1,0,442.500,6.030,438.772,436.470
4762,1,0,442.500,3.456,464.319,439.044
4763,1,0,450.000,6.589,449.970,443.411
4764,1,0,450.000,-0.264,451.060,450.264
4765,1,0,457.500,-0.500,476.327,458.000
4766,1,0,457.500,5.997,464.024,451.503
4767,0,0,0.000,0.000,0.000,0.000
4768,0,0,0.000,0.000,0.000,0.000
4769,0,0,7.500,7.500,0.000,0.000
4770,0,0,7.500,7.500,0.000,0.000
4771,0,0,15.000,15.000,0.000,0.000
4772,0,0,15.000,15.000,0.000,0.000
4773,0,0,22.500,22.500,0.000,0.000
4774,0,0,22.500,22.500,0.000,0.000
4775,0,0,30.000,30.000,0.000,0.000
4776,0,0,30.000,30.000,0.000,0.000
4777,0,0,37.500,37.500,0.000,0.000
4778,0,0,37.500,37.500,0.000,0.000
4779,0,0,45.000,45.000,0.000,0.000
4780,0,0,45.000,45.000,0.000,0.000
4781,0,0,52.500,52.500,0.000,0.000
4782,0,0,52.500,52.500,0.000,0.000
4783,0,0,60.000,60.000,0.000,0.000
4784,0,0,60.000,60.000,0.000,0.000
4785,0,0,67.500,67.500,0.000,0.000
4786,0,0,67.500,67.500,0.000,0.000
4787,0,0,75.000,75.000,0.000,0.000
4788,0,0,75.000,75.000,0.000,0.000
4789,0,0,82.500,82.500,0.000,0.000
4790,0,0,82.500,82.500,0.000,0.000
4791,0,0,90.000,90.000,0.000,0.000
4792,0,0,90.000,90.000,0.000,0.000
4793,0,0,97.500,97.500,0.000,0.000
4794,0,0,97.500,97.500,0.000,0.000
4795,0,0,105.000,105.000,0.000,0.000
4796,0,0,105.000,105.000,0.000,0.000
4797,0,0,112.500,112.500,0.000,0.000
4798,0,0,112.500,112.500,0.000,0.000
4799,0,0,120.000,120.000,0.000,0.000
4800,0,0,120.000,120.000,0.000,0.000
4801,0,0,127.500,127.500,0.000,0.000
4802,0,0,127.500,127.500,0.000,0.000
4803,0,0,135.000,135.000,0.000,0.000
4804,0,0,135.000,135.000,0.000,0.000
4805,0,0,142.500,142.500,0.000,0.000
4806,0,0,142.500,142.500,0.000,0.000
4807,0,0,150.000,150.000,0.000,0.000
4808,0,0,150.000,150.000,0.000,0.000
4809,0,0,157.500,157.500,0.000,0.000
4810,0,0,157.500,157.500,0.000,0.000
4811,0,0,165.000,165.000,0.000,0.000
4812,0,0,165.000,165.000,0.000,0.000
4813,0,0,172.500,172.500,0.000,0.000
4814,0,0,172.500,172.500,0.000,0.000
4815,0,0,180.000,180.000,0.000,0.000
4816,0,0,180.000,180.000,0.000,0.000
4817,0,0,187.500,187.500,0.000,0.000
4818,0,0,187.500,187.500,0.000,0.000
4819,0,0,195.000,195.000,0.000,0.000
4820,0,0,195.000,195.000,0.000,0.000
4821,0,0,202.500,202.500,0.000,0.000
4822,0,0,202.500,202.500,0.000,0.000
4823,0,0,210.000,210.000,0.000,0.000
4824,0,0,210.000,210.000,0.000,0.000
4825,0,0,217.500,217.500,0.000,0.000
4826,0,0,217.500,217.500,0.000,0.000
4827,0,0,225.000,225.000,0.000,0.000
4828,0,0,225.000,225.000,0.000,0.000
4829,0,0,232.500,232.500,0.000,0.000
4830,0,0,232.500,232.500,0.000,0.000
4831,0,0,240.000,240.000,0.000,0.000
4832,0,0,240.000,240.000,0.000,0.000
4833,0,0,247.500,247.500,0.000,0.000
4834,0,0,247.500,247.500,0.000,0.000
4835,0,0,255.000,255.000,0.000,0.000
4836,0,0,255.000,255.000,0.000,0.000
4837,0,0,262.500,262.500,0.000,0.000
4838,0,0,262.500,262.500,0.000,0.000
4839,0,0,270.000,270.000,0.000,0.000
4840,0,0,270.000,270.000,0.000,0.000
4841,0,1,,,,
4842,0,1,,,,
4843,1,0,285.000,276.516,8.714,8.484
4844,1,0,285.000,20.193,269.610,264.807
4845,1,0,292.500,-0.495,294.329,292.995
4846,1,0,292.500,0.017,308.168,292.483
4847,1,0,300.000,6.061,304.996,293.939
4848,1,0,300.000,4.643,308.621,295.357
4849,1,0,307.500,-0.493,339.112,307.993
4850,1,0,307.500,-0.483,319.578,307.983
4851,1,0,315.000,-0.488,420.525,315.488
4852,1,0,315.000,6.019,343.290,308.981
4853,1,0,322.500,6.008,504.633,316.492
4854,1,0,322.500,5.861,338.533,316.639
4855,1,0,330.000,6.008,386.269,323.992
4856,1,0,330.000,15.885,320.302,314.115
4857,1,0,337.500,6.008,389.718,331.492
4858,1,0,337.500,7.910,349.078,329.590
4859,1,0,345.000,-0.514,390.118,345.514
4860,1,0,345.000,2.008,373.031,342.992
4861,1,0,352.500,9.764,419.316,342.736
4862,1,0,352.500,-0.559,361.942,353.059
4863,1,0,360.000,6.008,376.455,353.992
4864,1,0,360.000,9.861,362.561,350.139
4865,1,0,367.500,-0.493,427.109,367.993
4866,1,0,367.500,-0.525,403.257,368.025
4867,1,0,375.000,15.143,363.869,359.857
4868,1,0,375.000,-0.488,401.681,375.488
4869,1,0,382.500,5.303,386.743,377.197
4870,1,0,382.500,-0.488,413.695,382.988
4871,1,0,390.000,-0.510,395.839,390.510
4872,1,0,390.000,6.020,422.716,383.980
4873,1,0,397.500,11.497,408.110,386.003
4874,1,0,397.500,-0.496,468.747,397.996
4875,1,0,405.000,12.191,406.783,392.809
4876,1,0,405.000,-0.494,436.500,405.494
4877,1,0,412.500,13.346,415.814,399.154
4878,1,0,412.500,-0.488,427.132,412.988
4879,1,0,420.000,27.549,406.598,392.451
4880,1,0,420.000,-0.493,566.398,420.493
4881,1,0,427.500,4.237,423.282,423.263
4882,1,0,427.500,4.760,428.462,422.740
4883,1,0,435.000,9.753,425.522,425.247
4884,1,0,435.000,12.103,441.194,422.897
4885,1,0,442.500,18.788,431.425,423.712
4886,1,0,442.500,-0.493,443.085,442.993
4887,1,0,450.000,0.247,461.372,449.753
4888,1,0,450.000,8.956,458.045,441.044
4889,1,0,457.500,16.248,470.225,441.252
4890,1,0,457.500,5.146,468.316,452.354
4891,0,0,0.000,0.000,0.000,0.000
4892,0,0,0.000,0.000,0.000,0.000
4893,0,0,7.500,7.500,0.000,0.000
4894,0,0,7.500,7.500,0.000,0.000
4895,0,0,15.000,15.000,0.000,0.000
4896,0,0,15.000,15.000,0.000,0.000
4897,0,0,22.500,22.500,0.000,0.000
4898,0,0,22.500,22.500,0.000,0.000
4899,0,0,30.000,30.000,0.000,0.000
4900,0,0,30.000,30.000,0.000,0.000
4901,0,0,37.500,37.500,0.000,0.000
4902,0,0,37.500,37.500,0.000,0.000
4903,0,0,45.000,45.000,0.000,0.000
4904,0,0,45.000,45.000,0.000,0.000
4905,0,0,52.500,52.500,0.000,0.000
4906,0,0,52.500,52.500,0.000,0.000
4907,0,0,60.000,60.000,0.000,0.000
4908,0,0,60.000,60.000,0.000,0.000
4909,0,0,67.500,67.500,0.000,0.000
4910,0,0,67.500,67.500,0.000,0.000
4911,0,0,75.000,75.000,0.000,0.000
4912,0,0,75.000,75.000,0.000,0.000
4913,0,0,82.500,82.500,0.000,0.000
4914,0,0,82.500,82.500,0.000,0.000
4915,0,0,90.000,90.000,0.000,0.000
4916,0,0,90.000,90.000,0.000,0.000
4917,0,0,97.500,97.500,0.000,0.000
4918,0,0,97.500,97.500,0.000,0.000
4919,0,0,105.000,105.000,0.000,0.000
4920,0,0,105.000,105.000,0.000,0.000
4921,0,0,112.500,112.500,0.000,0.000
4922,0,0,112.500,112.500,0.000,0.000
4923,0,0,120.000,120.000,0.000,0.000
4924,0,0,120.000,120.000,0.000,0.000
4925,0,0,127.500,127.500,0.000,0.000
4926,0,0,127.500,127.500,0.000,0.000
4927,0,0,135.000,135.000,0.000,0.000
4928,0,0,135.000,135.000,0.000,0.000
4929,0,0,142.500,142.500,0.000,0.000
4930,0,0,142.500,142.500,0.000,0.000
4931,0,0,150.000,150.000,0.000,0.000
4932,0,0,150.000,150.000,0.000,0.000
4933,0,0,157.500,157.500,0.000,0.000
4934,0,0,157.500,157.500,0.000,0.000
4935,0,0,165.000,165.000,0.000,0.000
4936,0,0,165.000,165.000,0.000,0.000
4937,0,0,172.500,172.500,0.000,0.000
4938,0,0,172.500,172.500,0.000,0.000
4939,0,0,180.000,180.000,0.000,0.000
4940,0,0,180.000,180.000,0.000,0.000
4941,0,0,187.500,187.500,0.000,0.000
4942,0,0,187.500,187.500,0.000,0.000
4943,0,0,195.000,195.000,0.000,0.000
4944,0,0,195.000,195.000,0.000,0.000
4945,0,0,202.500,202.500,0.000,0.000
4946,0,0,202.500,202.500,0.000,0.000
4947,0,0,210.000,210.000,0.000,0.000
4948,0,0,210.000,210.000,0.000,0.000
4949,0,0,217.500,217.500,0.000,0.000
4950,0,0,217.500,217.500,0.000,0.000
4951,0,0,225.000,225.000,0.000,0.000
4952,0,0,225.000,225.000,0.000,0.000
4953,0,0,232.500,232.500,0.000,0.000
4954,0,0,232.500,232.500,0.000,0.000
4955,0,0,240.000,240.000,0.000,0.000
4956,0,0,240.000,240.000,0.000,0.000
4957,0,0,247.500,247.500,0.000,0.000
4958,0,0,247.500,247.500,0.000,0.000
4959,0,0,255.000,255.000,0.000,0.000
4960,0,0,255.000,255.000,0.000,0.000
4961,0,0,262.500,262.500,0.000,0.000
4962,0,0,262.500,262.500,0.000,0.000
4963,0,0,270.000,270.000,0.000,0.000
4964,0,0,270.000,270.000,0.000,0.000
4965,0,1,,,,
4966,0,1,,,,
4967,1,0,285.000,5.320,284.913,279.680
4968,1,0,285.000,6.023,297.495,278.977
4969,1,0,292.500,5.894,298.836,286.606
4970,1,0,292.500,5.926,305.535,286.574
4971,1,0,300.000,6.008,343.294,293.992
4972,1,0,300.000,21.022,307.437,278.978
4973,1,0,307.500,9.651,338.966,297.849
4974,1,0,307.500,-0.479,318.171,307.979
4975,1,0,315.000,21.022,383.688,293.978
4976,1,0,315.000,276.516,38.496,38.484
4977,1,0,322.500,9.763,370.363,312.737
4978,1,0,322.500,16.716,316.656,305.784
4979,1,0,330.000,6.008,435.241,323.992
4980,1,0,330.000,6.022,327.312,323.978
4981,1,0,337.500,9.763,433.421,327.737
4982,1,0,337.500,-0.523,364.571,338.023
4983,1,0,345.000,6.008,561.567,338.992
4984,1,0,345.000,12.805,356.132,332.195
4985,1,0,352.500,6.008,445.294,346.492
4986,1,0,352.500,-0.496,359.220,352.996
4987,1,0,360.000,20.884,345.904,339.116
4988,1,0,360.000,10.871,370.430,349.129
4989,1,0,367.500,9.989,362.721,357.511
4990,1,0,367.500,-0.482,375.795,367.982
4991,1,0,375.000,6.034,377.639,368.966
4992,1,0,375.000,5.781,389.144,369.219
4993,1,0,382.500,-0.507,416.134,383.007
4994,1,0,382.500,6.036,409.470,376.464
4995,1,0,390.000,-0.492,408.556,390.492
4996,1,0,390.000,6.008,557.320,383.992
4997,1,0,397.500,-0.489,400.209,397.989
4998,1,0,397.500,9.764,499.033,387.736
4999,1,0,405.000,9.754,405.081,395.246
5000,1,0,405.000,-0.494,461.280,405.494
5001,1,0,412.500,6.008,411.556,406.492
5002,1,0,412.500,12.474,419.642,400.026
5003,1,0,420.000,283.075,137.071,136.925
5004,1,0,420.000,6.008,435.383,413.992
5005,1,0,427.500,286.825,140.812,140.675
5006,1,0,427.500,12.513,422.297,414.987
5007,1,0,435.000,20.164,415.326,414.836
5008,1,0,435.000,9.763,430.428,425.237
5009,1,0,442.500,-0.494,454.209,442.994
5010,1,0,442.500,-0.488,445.013,442.988
5011,1,0,450.000,-0.493,464.175,450.493
5012,1,0,450.000,9.979,447.479,440.021
5013,1,0,457.500,6.008,497.117,451.492
5014,1,0,457.500,7.039,459.486,450.461
5015,0,0,480.000,480.000,0.000,0.000
5016,0,0,480.000,480.000,0.000,0.000
5017,0,0,480.000,480.000,0.000,0.000
5018,0,0,480.000,480.000,0.000,0.000
5019,0,0,480.000,480.000,0.000,0.000
5020,0,0,480.000,480.000,0.000,0.000
5021,0,0,480.000,480.000,0.000,0.000
5022,0,0,480.000,480.000,0.000,0.000
5023,0,0,480.000,480.000,0.000,0.000
5024,0,0,480.000,480.000,0.000,0.000
5025,0,0,480.000,480.000,0.000,0.000
5026,0,0,480.000,480.000,0.000,0.000
5027,0,0,480.000,480.000,0.000,0.000
5028,0,0,480.000,480.000,0.000,0.000
5029,0,0,487.500,487.500,0.000,0.000
5030,0,0,487.500,487.500,0.000,0.000
5031,0,0,487.500,487.500,0.000,0.000
5032,0,0,487.500,487.500,0.000,0.000
5033,0,0,487.500,487.500,0.000,0.000
5034,0,0,487.500,487.500,0.000,0.000
5035,0,0,487.500,487.500,0.000,0.000
5036,0,0,487.500,487.500,0.000,0.000
5037,0,0,487.500,487.500,0.000,0.000
5038,0,0,487.500,487.500,0.000,0.000
5039,0,0,487.500,487.500,0.000,0.000
5040,0,0,487.500,487.500,0.000,0.000
5041,0,0,487.500,487.500,0.000,0.000
5042,0,0,495.000,495.000,0.000,0.000
5043,0,0,495.000,495.000,0.000,0.000
5044,0,0,495.000,495.000,0.000,0.000
5045,0,0,495.000,495.000,0.000,0.000
5046,0,0,495.000,495.000,0.000,0.000
5047,0,0,495.000,495.000,0.000,0.000
5048,0,0,495.000,495.000,0.000,0.000
5049,0,0,495.000,495.000,0.000,0.000
5050,0,0,495.000,495.000,0.000,0.000
5051,0,0,495.000,495.000,0.000,0.000
5052,0,0,495.000,495.000,0.000,0.000
5053,0,0,495.000,495.000,0.000,0.000
5054,0,0,502.500,502.500,0.000,0.000
5055,0,0,502.500,502.500,0.000,0.000
5056,0,0,502.500,502.500,0.000,0.000
5057,0,0,502.500,502.500,0.000,0.000
5058,0,0,502.500,502.500,0.000,0.000
5059,0,0,502.500,502.500,0.000,0.000
5060,0,0,502.500,502.500,0.000,0.000
5061,0,0,502.500,502.500,0.000,0.000
5062,0,0,502.500,502.500,0.000,0.000
5063,0,0,502.500,502.500,0.000,0.000
5064,0,0,502.500,502.500,0.000,0.000
5065,0,0,510.000,510.000,0.000,0.000
5066,0,0,510.000,510.000,0.000,0.000
5067,0,0,510.000,510.000,0.000,0.000
5068,0,0,510.000,510.000,0.000,0.000
5069,0,0,510.000,510.000,0.000,0.000
5070,0,0,510.000,510.000,0.000,0.000
5071,0,0,510.000,510.000,0.000,0.000
5072,0,0,510.000,510.000,0.000,0.000
5073,0,0,510.000,510.000,0.000,0.000
5074,0,0,510.000,510.000,0.000,0.000
5075,0,0,517.500,517.500,0.000,0.000
5076,0,0,517.500,517.500,0.000,0.000
5077,0,0,517.500,517.500,0.000,0.000
5078,0,0,517.500,517.500,0.000,0.000
5079,0,0,517.500,517.500,0.000,0.000
5080,0,0,517.500,517.500,0.000,0.000
5081,0,0,517.500,517.500,0.000,0.000
5082,0,0,517.500,517.500,0.000,0.000
5083,0,0,517.500,517.500,0.000,0.000
5084,0,0,525.000,525.000,0.000,0.000
5085,0,0,525.000,525.000,0.000,0.000
5086,0,0,525.000,525.000,0.000,0.000
5087,0,0,525.000,525.000,0.000,0.000
5088,0,0,525.000,525.000,0.000,0.000
5089,0,0,525.000,525.000,0.000,0.000
5090,0,0,525.000,525.000,0.000,0.000
5091,0,0,525.000,525.000,0.000,0.000
5092,0,0,532.500,532.500,0.000,0.000
5093,0,0,532.500,532.500,0.000,0.000
5094,0,0,532.500,532.500,0.000,0.000
5095,0,0,532.500,532.500,0.000,0.000
5096,0,0,532.500,532.500,0.000,0.000
5097,0,0,532.500,532.500,0.000,0.000
5098,0,0,532.500,532.500,0.000,0.000
5099,0,0,540.000,540.000,0.000,0.000
5100,0,0,540.000,540.000,0.000,0.000
5101,0,0,540.000,540.000,0.000,0.000
5102,0,0,540.000,540.000,0.000,0.000
5103,0,0,540.000,540.000,0.000,0.000
5104,0,0,540.000,540.000,0.000,0.000
5105,0,0,547.500,547.500,0.000,0.000
5106,0,0,547.500,547.500,0.000,0.000
5107,0,0,547.500,547.500,0.000,0.000
5108,0,0,547.500,547.500,0.000,0.000
5109,0,0,547.500,547.500,0.000,0.000
5110,0,0,555.000,555.000,0.000,0.000
5111,0,0,555.000,555.000,0.000,0.000
5112,0,0,555.000,555.000,0.000,0.000
5113,0,0,555.000,555.000,0.000,0.000
5114,0,0,562.500,562.500,0.000,0.000
5115,0,0,562.500,562.500,0.000,0.000
5116,0,0,562.500,562.500,0.000,0.000
5117,0,0,570.000,570.000,0.000,0.000
5118,0,0,570.000,570.000,0.000,0.000
5119,0,0,480.000,480.000,0.000,0.000
5120,0,0,480.000,480.000,0.000,0.000
5121,0,0,480.000,480.000,0.000,0.000
5122,0,0,480.000,480.000,0.000,0.000
5123,0,0,480.000,480.000,0.000,0.000
5124,0,0,480.000,480.000,0.000,0.000
5125,0,0,480.000,480.000,0.000,0.000
5126,0,0,480.000,480.000,0.000,0.000
5127,0,0,480.000,480.000,0.000,0.000
5128,0,0,480.000,480.000,0.000,0.000
5129,0,0,480.000,480.000,0.000,0.000
5130,0,0,480.000,480.000,0.000,0.000
5131,0,0,480.000,480.000,0.000,0.000
5132,0,0,480.000,480.000,0.000,0.000
5133,0,0,487.500,487.500,0.000,0.000
5134,0,0,487.500,487.500,0.000,0.000
5135,0,0,487.500,487.500,0.000,0.000
5136,0,0,487.500,487.500,0.000,0.000
5137,0,0,487.500,487.500,0.000,0.000
5138,0,0,487.500,487.500,0.000,0.000
5139,0,0,487.500,487.500,0.000,0.000
5140,0,0,487.500,487.500,0.000,0.000
5141,0,0,487.500,487.500,0.000,0.000
5142,0,0,487.500,487.500,0.000,0.000
5143,0,0,487.500,487.500,0.000,0.000
5144,0,0,487.500,487.500,0.000,0.000
5145,0,0,487.500,487.500,0.000,0.000
5146,0,0,495.000,495.000,0.000,0.000
5147,0,0,495.000,495.000,0.000,0.000
5148,0,0,495.000,495.000,0.000,0.000
5149,0,0,495.000,495.000,0.000,0.000
5150,0,0,495.000,495.000,0.000,0.000
5151,0,0,495.000,495.000,0.000,0.000
5152,0,0,495.000,495.000,0.000,0.000
5153,0,0,495.000,495.000,0.000,0.000
5154,0,0,495.000,495.000,0.000,0.000
5155,0,0,495.000,495.000,0.000,0.000
5156,0,0,495.000,495.000,0.000,0.000
5157,0,0,495.000,495.000,0.000,0.000
5158,0,0,502.500,502.500,0.000,0.000
5159,0,0,502.500,502.500,0.000,0.000
5160,0,0,502.500,502.500,0.000,0.000
5161,0,0,502.500,502.500,0.000,0.000
5162,0,0,502.500,502.500,0.000,0.000
5163,0,0,502.500,502.500,0.000,0.000
5164,0,0,502.500,502.500,0.000,0.000
5165,0,0,502.500,502.500,0.000,0.000
5166,0,0,502.500,502.500,0.000,0.000
5167,0,0,502.500,502.500,0.000,0.000
5168,0,0,502.500,502.500,0.000,0.000
5169,0,0,510.000,510.000,0.000,0.000
5170,0,0,510.000,510.000,0.000,0.000
5171,0,0,510.000,510.000,0.000,0.000
5172,0,0,510.000,510.000,0.000,0.000
5173,0,0,510.000,510.000,0.000,0.000
5174,0,0,510.000,510.000,0.000,0.000
5175,0,0,510.000,510.000,0.000,0.000
5176,0,0,510.000,510.000,0.000,0.000
5177,0,0,510.000,510.000,0.000,0.000
5178,0,0,510.000,510.000,0.000,0.000
5179,0,0,517.500,517.500,0.000,0.000
5180,0,0,517.500,517.500,0.000,0.000
5181,0,0,517.500,517.500,0.000,0.000
5182,0,0,517.500,517.500,0.000,0.000
5183,0,0,517.500,517.500,0.000,0.000
5184,0,0,517.500,517.500,0.000,0.000
5185,0,0,517.500,517.500,0.000,0.000
5186,0,0,517.500,517.500,0.000,0.000
5187,0,0,517.500,517.500,0.000,0.000
5188,0,0,525.000,525.000,0.000,0.000
5189,0,0,525.000,525.000,0.000,0.000
5190,0,0,525.000,525.000,0.000,0.000
5191,0,0,525.000,525.000,0.000,0.000
5192,0,0,525.000,525.000,0.000,0.000
5193,0,0,525.000,525.000,0.000,0.000
5194,0,0,525.000,525.000,0.000,0.000
5195,0,0,525.000,525.000,0.000,0.000
5196,0,0,532.500,532.500,0.000,0.000
5197,0,0,532.500,532.500,0.000,0.000
5198,0,0,532.500,532.500,0.000,0.000
5199,0,0,532.500,532.500,0.000,0.000
5200,0,0,532.500,532.500,0.000,0.000
5201,0,0,532.500,532.500,0.000,0.000
5202,0,0,532.500,532.500,0.000,0.000
5203,0,0,540.000,540.000,0.000,0.000
5204,0,0,540.000,540.000,0.000,0.000
5205,0,0,540.000,540.000,0.000,0.000
5206,0,0,540.000,540.000,0.000,0.000
5207,0,0,540.000,540.000,0.000,0.000
5208,0,0,540.000,540.000,0.000,0.000
5209,0,0,547.500,547.500,0.000,0.000
5210,0,0,547.500,547.500,0.000,0.000
5211,0,0,547.500,547.500,0.000,0.000
5212,0,0,547.500,547.500,0.000,0.000
5213,0,0,547.500,547.500,0.000,0.000
5214,0,0,555.000,555.000,0.000,0.000
5215,0,0,555.000,555.000,0.000,0.000
5216,0,0,555.000,555.000,0.000,0.000
5217,0,0,555.000,555.000,0.000,0.000
5218,0,0,562.500,562.500,0.000,0.000
5219,0,0,562.500,562.500,0.000,0.000
5220,0,0,562.500,562.500,0.000,0.000
5221,0,0,570.000,570.000,0.000,0.000
5222,0,0,570.000,570.000,0.000,0.000
5223,1,0,480.000,20.286,482.670,459.714
5224,1,0,480.000,15.824,478.683,464.176
5225,0,0,487.500,487.500,0.000,0.000
5226,0,0,487.500,487.500,0.000,0.000
5227,0,0,495.000,495.000,0.000,0.000
5228,0,0,495.000,495.000,0.000,0.000
5229,0,0,502.500,502.500,0.000,0.000
5230,0,0,502.500,502.500,0.000,0.000
5231,0,0,510.000,510.000,0.000,0.000
5232,0,0,510.000,510.000,0.000,0.000
5233,0,0,517.500,517.500,0.000,0.000
5234,0,0,517.500,517.500,0.000,0.000
5235,0,0,525.000,525.000,0.000,0.000
5236,0,0,525.000,525.000,0.000,0.000
5237,0,0,532.500,532.500,0.000,0.000
5238,0,0,532.500,532.500,0.000,0.000
5239,0,0,540.000,540.000,0.000,0.000
5240,0,0,540.000,540.000,0.000,0.000
5241,0,0,547.500,547.500,0.000,0.000
5242,0,0,547.500,547.500,0.000,0.000
5243,0,0,555.000,555.000,0.000,0.000
5244,0,0,555.000,555.000,0.000,0.000
5245,0,0,562.500,562.500,0.000,0.000
5246,0,0,562.500,562.500,0.000,0.000
5247,0,0,570.000,570.000,0.000,0.000
5248,0,0,570.000,570.000,0.000,0.000
5249,0,0,577.500,577.500,0.000,0.000
5250,0,0,0.000,0.000,0.000,0.000
5251,0,0,0.000,0.000,0.000,0.000
5252,0,0,7.500,7.500,0.000,0.000
5253,0,0,7.500,7.500,0.000,0.000
5254,0,0,15.000,15.000,0.000,0.000
5255,0,0,15.000,15.000,0.000,0.000
5256,0,0,22.500,22.500,0.000,0.000
5257,0,0,22.500,22.500,0.000,0.000
5258,0,0,30.000,30.000,0.000,0.000
5259,0,0,30.000,30.000,0.000,0.000
5260,0,0,37.500,37.500,0.000,0.000
5261,0,0,37.500,37.500,0.000,0.000
5262,0,0,45.000,45.000,0.000,0.000
5263,0,0,45.000,45.000,0.000,0.000
5264,0,0,52.500,52.500,0.000,0.000
5265,0,0,52.500,52.500,0.000,0.000
5266,0,0,60.000,60.000,0.000,0.000
5267,0,0,60.000,60.000,0.000,0.000
5268,0,0,67.500,67.500,0.000,0.000
5269,0,0,67.500,67.500,0.000,0.000
5270,0,0,75.000,75.000,0.000,0.000
5271,0,0,75.000,75.000,0.000,0.000
5272,0,0,82.500,82.500,0.000,0.000
5273,0,0,82.500,82.500,0.000,0.000
5274,0,0,90.000,90.000,0.000,0.000
5275,0,0,90.000,90.000,0.000,0.000
5276,0,0,97.500,97.500,0.000,0.000
5277,0,0,97.500,97.500,0.000,0.000
5278,0,0,105.000,105.000,0.000,0.000
5279,0,0,105.000,105.000,0.000,0.000
5280,0,0,112.500,112.500,0.000,0.000
5281,0,0,112.500,112.500,0.000,0.000
5282,0,0,120.000,120.000,0.000,0.000
5283,0,0,120.000,120.000,0.000,0.000
5284,0,0,127.500,127.500,0.000,0.000
5285,0,0,127.500,127.500,0.000,0.000
5286,0,0,135.000,135.000,0.000,0.000
5287,0,0,135.000,135.000,0.000,0.000
5288,0,0,142.500,142.500,0.000,0.000
5289,0,0,142.500,142.500,0.000,0.000
5290,0,0,150.000,150.000,0.000,0.000
5291,0,0,150.000,150.000,0.000,0.000
5292,0,0,157.500,157.500,0.000,0.000
5293,0,0,157.500,157.500,0.000,0.000
5294,0,0,165.000,165.000,0.000,0.000
5295,0,0,165.000,165.000,0.000,0.000
5296,0,0,172.500,172.500,0.000,0.000
5297,0,0,172.500,172.500,0.000,0.000
5298,0,0,180.000,180.000,0.000,0.000
5299,0,0,180.000,180.000,0.000,0.000
5300,0,0,187.500,187.500,0.000,0.000
5301,0,0,187.500,187.500,0.000,0.000
5302,0,0,195.000,195.000,0.000,0.000
5303,0,0,195.000,195.000,0.000,0.000
5304,0,0,202.500,202.500,0.000,0.000
5305,0,0,202.500,202.500,0.000,0.000
5306,0,0,210.000,210.000,0.000,0.000
5307,0,0,210.000,210.000,0.000,0.000
5308,0,0,217.500,217.500,0.000,0.000
5309,0,0,217.500,217.500,0.000,0.000
5310,0,0,225.000,225.000,0.000,0.000
5311,0,0,225.000,225.000,0.000,0.000
5312,0,0,232.500,232.500,0.000,0.000
5313,0,0,232.500,232.500,0.000,0.000
5314,0,0,240.000,240.000,0.000,0.000
5315,0,0,240.000,240.000,0.000,0.000
5316,0,0,247.500,247.500,0.000,0.000
5317,0,0,247.500,247.500,0.000,0.000
5318,0,0,255.000,255.000,0.000,0.000
5319,0,0,255.000,255.000,0.000,0.000
5320,0,0,262.500,262.500,0.000,0.000
5321,0,0,262.500,262.500,0.000,0.000
5322,0,0,270.000,270.000,0.000,0.000
5323,0,0,270.000,270.000,0.000,0.000
5324,0,0,277.500,277.500,0.000,0.000
5325,0,0,277.500,277.500,0.000,0.000
5326,0,0,285.000,285.000,0.000,0.000
5327,0,0,285.000,285.000,0.000,0.000
5328,0,0,292.500,292.500,0.000,0.000
5329,0,0,292.500,292.500,0.000,0.000
5330,0,0,300.000,300.000,0.000,0.000
5331,0,0,300.000,300.000,0.000,0.000
5332,0,0,307.500,307.500,0.000,0.000
5333,0,0,307.500,307.500,0.000,0.000
5334,0,0,315.000,315.000,0.000,0.000
5335,0,0,315.000,315.000,0.000,0.000
5336,0,0,322.500,322.500,0.000,0.000
5337,0,0,322.500,322.500,0.000,0.000
5338,0,0,330.000,330.000,0.000,0.000
5339,0,0,330.000,330.000,0.000,0.000
5340,0,0,337.500,337.500,0.000,0.000
5341,0,0,337.500,337.500,0.000,0.000
5342,0,0,345.000,345.000,0.000,0.000
5343,0,0,345.000,345.000,0.000,0.000
5344,0,0,352.500,352.500,0.000,0.000
5345,0,0,352.500,352.500,0.000,0.000
5346,0,0,360.000,360.000,0.000,0.000
5347,0,0,360.000,360.000,0.000,0.000
5348,0,0,367.500,367.500,0.000,0.000
5349,0,0,367.500,367.500,0.000,0.000
5350,0,0,375.000,375.000,0.000,0.000
5351,0,0,375.000,375.000,0.000,0.000
5352,0,0,382.500,382.500,0.000,0.000
5353,0,0,382.500,382.500,0.000,0.000
5354,0,0,390.000,390.000,0.000,0.000
5355,0,0,390.000,390.000,0.000,0.000
5356,0,0,397.500,397.500,0.000,0.000
5357,0,0,397.500,397.500,0.000,0.000
5358,0,0,405.000,405.000,0.000,0.000
5359,0,0,405.000,405.000,0.000,0.000
5360,0,0,412.500,412.500,0.000,0.000
5361,0,0,412.500,412.500,0.000,0.000
5362,0,0,420.000,420.000,0.000,0.000
5363,0,0,420.000,420.000,0.000,0.000
5364,0,0,427.500,427.500,0.000,0.000
5365,0,0,427.500,427.500,0.000,0.000
5366,0,0,435.000,435.000,0.000,0.000
5367,0,0,435.000,435.000,0.000,0.000
5368,0,0,442.500,442.500,0.000,0.000
5369,0,0,442.500,442.500,0.000,0.000
5370,0,0,450.000,450.000,0.000,0.000
5371,0,0,450.000,450.000,0.000,0.000
5372,0,0,457.500,457.500,0.000,0.000
5373,0,0,457.500,457.500,0.000,0.000
5374,0,0,465.000,465.000,0.000,0.000
5375,0,0,465.000,465.000,0.000,0.000
5376,0,0,472.500,472.500,0.000,0.000
5377,0,0,472.500,472.500,0.000,0.000
5378,0,0,480.000,480.000,0.000,0.000
5379,0,0,480.000,480.000,0.000,0.000
5380,0,0,487.500,487.500,0.000,0.000
5381,0,0,487.500,487.500,0.000,0.000
5382,0,0,495.000,495.000,0.000,0.000
5383,0,0,495.000,495.000,0.000,0.000
5384,0,0,502.500,502.500,0.000,0.000
5385,0,0,502.500,502.500,0.000,0.000
5386,0,0,510.000,510.000,0.000,0.000
5387,0,0,510.000,510.000,0.000,0.000
5388,0,0,517.500,517.500,0.000,0.000
5389,0,0,517.500,517.500,0.000,0.000
5390,0,0,525.000,525.000,0.000,0.000
5391,0,0,525.000,525.000,0.000,0.000
5392,0,0,532.500,532.500,0.000,0.000
5393,0,0,532.500,532.500,0.000,0.000
5394,0,0,540.000,540.000,0.000,0.000
5395,0,0,540.000,540.000,0.000,0.000
5396,0,0,547.500,547.500,0.000,0.000
5397,0,0,547.500,547.500,0.000,0.000
5398,0,0,555.000,555.000,0.000,0.000
5399,0,0,555.000,555.000,0.000,0.000
5400,0,0,562.500,562.500,0.000,0.000
5401,0,0,562.500,562.500,0.000,0.000
5402,0,0,570.000,570.000,0.000,0.000
5403,0,0,570.000,570.000,0.000,0.000
5404,0,0,577.500,577.500,0.000,0.000
5405,0,0,577.500,577.500,0.000,0.000
5406,0,0,585.000,585.000,0.000,0.000
5407,0,0,585.000,585.000,0.000,0.000
5408,0,0,592.500,592.500,0.000,0.000
5409,0,0,592.500,592.500,0.000,0.000
5410,0,0,600.000,600.000,0.000,0.000
5411,0,0,600.000,600.000,0.000,0.000
5412,0,0,607.500,607.500,0.000,0.000
5413,0,0,607.500,607.500,0.000,0.000
5414,0,0,615.000,615.000,0.000,0.000
5415,0,0,615.000,615.000,0.000,0.000
5416,0,0,622.500,622.500,0.000,0.000
5417,0,0,622.500,622.500,0.000,0.000
5418,0,0,630.000,630.000,0.000,0.000
5419,0,0,630.000,630.000,0.000,0.000
5420,0,0,637.500,637.500,0.000,0.000
5421,0,0,637.500,637.500,0.000,0.000
5422,0,0,645.000,645.000,0.000,0.000
5423,0,0,645.000,645.000,0.000,0.000
5424,0,0,652.500,652.500,0.000,0.000
5425,0,0,652.500,652.500,0.000,0.000
5426,0,0,660.000,660.000,0.000,0.000
5427,0,0,660.000,660.000,0.000,0.000
5428,0,0,667.500,667.500,0.000,0.000
5429,0,0,667.500,667.500,0.000,0.000
5430,0,0,675.000,675.000,0.000,0.000
5431,0,0,0.000,0.000,0.000,0.000
5432,0,0,0.000,0.000,0.000,0.000
5433,0,0,7.500,7.500,0.000,0.000
5434,0,0,7.500,7.500,0.000,0.000
5435,0,0,15.000,15.000,0.000,0.000
5436,0,0,15.000,15.000,0.000,0.000
5437,0,0,22.500,22.500,0.000,0.000
5438,0,0,22.500,22.500,0.000,0.000
5439,0,0,30.000,30.000,0.000,0.000
5440,0,0,30.000,30.000,0.000,0.000
5441,0,0,37.500,37.500,0.000,0.000
5442,0,0,37.500,37.500,0.000,0.000
5443,0,0,45.000,45.000,0.000,0.000
5444,0,0,45.000,45.000,0.000,0.000
5445,0,0,52.500,52.500,0.000,0.000
5446,0,0,52.500,52.500,0.000,0.000
5447,0,0,60.000,60.000,0.000,0.000
5448,0,0,60.000,60.000,0.000,0.000
5449,0,0,67.500,67.500,0.000,0.000
5450,0,0,67.500,67.500,0.000,0.000
5451,0,0,75.000,75.000,0.000,0.000
5452,0,0,75.000,75.000,0.000,0.000
5453,0,0,82.500,82.500,0.000,0.000
5454,0,0,82.500,82.500,0.000,0.000
5455,0,0,90.000,90.000,0.000,0.000
5456,0,0,90.000,90.000,0.000,0.000
5457,0,0,97.500,97.500,0.000,0.000
5458,0,0,97.500,97.500,0.000,0.000
5459,0,0,105.000,105.000,0.000,0.000
5460,0,0,105.000,105.000,0.000,0.000
5461,0,0,112.500,112.500,0.000,0.000
5462,0,0,112.500,112.500,0.000,0.000
5463,0,0,120.000,120.000,0.000,0.000
5464,0,0,120.000,120.000,0.000,0.000
5465,0,0,127.500,127.500,0.000,0.000
5466,0,0,127.500,127.500,0.000,0.000
5467,0,0,135.000,135.000,0.000,0.000
5468,0,0,135.000,135.000,0.000,0.000
5469,0,0,142.500,142.500,0.000,0.000
5470,0,0,142.500,142.500,0.000,0.000
5471,0,0,150.000,150.000,0.000,0.000
5472,0,0,150.000,150.000,0.000,0.000
5473,0,0,157.500,157.500,0.000,0.000
5474,0,0,157.500,157.500,0.000,0.000
5475,0,0,165.000,165.000,0.000,0.000
5476,0,0,165.000,165.000,0.000,0.000
5477,0,0,172.500,172.500,0.000,0.000
5478,0,0,172.500,172.500,0.000,0.000
5479,0,0,180.000,180.000,0.000,0.000
5480,0,0,180.000,180.000,0.000,0.000
5481,0,0,187.500,187.500,0.000,0.000
5482,0,0,187.500,187.500,0.000,0.000
5483,0,0,195.000,195.000,0.000,0.000
5484,0,0,195.000,195.000,0.000,0.000
5485,0,0,202.500,202.500,0.000,0.000
5486,0,0,202.500,202.500,0.000,0.000
5487,0,0,210.000,210.000,0.000,0.000
5488,0,0,210.000,210.000,0.000,0.000
5489,0,0,217.500,217.500,0.000,0.000
5490,0,0,217.500,217.500,0.000,0.000
5491,0,0,225.000,225.000,0.000,0.000
5492,0,0,225.000,225.000,0.000,0.000
5493,0,0,232.500,232.500,0.000,0.000
5494,0,0,232.500,232.500,0.000,0.000
5495,0,0,240.000,240.000,0.000,0.000
5496,0,0,240.000,240.000,0.000,0.000
5497,0,0,247.500,247.500,0.000,0.000
5498,0,0,247.500,247.500,0.000,0.000
5499,0,0,255.000,255.000,0.000,0.000
5500,0,0,255.000,255.000,0.000,0.000
5501,0,0,262.500,262.500,0.000,0.000
5502,0,0,262.500,262.500,0.000,0.000
5503,0,0,270.000,270.000,0.000,0.000
5504,0,0,270.000,270.000,0.000,0.000
5505,0,0,277.500,277.500,0.000,0.000
5506,0,0,277.500,277.500,0.000,0.000
5507,0,0,285.000,285.000,0.000,0.000
5508,0,0,285.000,285.000,0.000,0.000
5509,0,0,292.500,292.500,0.000,0.000
5510,0,0,292.500,292.500,0.000,0.000
5511,0,0,300.000,300.000,0.000,0.000
5512,0,0,300.000,300.000,0.000,0.000
5513,0,0,307.500,307.500,0.000,0.000
5514,0,0,307.500,307.500,0.000,0.000
5515,0,0,315.000,315.000,0.000,0.000
5516,0,0,315.000,315.000,0.000,0.000
5517,0,0,322.500,322.500,0.000,0.000
5518,0,0,322.500,322.500,0.000,0.000
5519,0,0,330.000,330.000,0.000,0.000
5520,0,0,330.000,330.000,0.000,0.000
5521,0,0,337.500,337.500,0.000,0.000
5522,0,0,337.500,337.500,0.000,0.000
5523,0,0,345.000,345.000,0.000,0.000
5524,0,0,345.000,345.000,0.000,0.000
5525,0,0,352.500,352.500,0.000,0.000
5526,0,0,352.500,352.500,0.000,0.000
5527,0,0,360.000,360.000,0.000,0.000
5528,0,0,360.000,360.000,0.000,0.000
5529,0,0,367.500,367.500,0.000,0.000
5530,0,0,367.500,367.500,0.000,0.000
5531,0,0,375.000,375.000,0.000,0.000
5532,0,0,375.000,375.000,0.000,0.000
5533,0,0,382.500,382.500,0.000,0.000
5534,0,0,382.500,382.500,0.000,0.000
5535,0,0,390.000,390.000,0.000,0.000
5536,0,0,390.000,390.000,0.000,0.000
5537,0,0,397.500,397.500,0.000,0.000
5538,0,0,397.500,397.500,0.000,0.000
5539,0,0,405.000,405.000,0.000,0.000
5540,0,0,405.000,405.000,0.000,0.000
5541,0,0,412.500,412.500,0.000,0.000
5542,0,0,412.500,412.500,0.000,0.000
5543,0,0,420.000,420.000,0.000,0.000
5544,0,0,420.000,420.000,0.000,0.000
5545,0,0,427.500,427.500,0.000,0.000
5546,0,0,427.500,427.500,0.000,0.000
5547,0,0,435.000,435.000,0.000,0.000
5548,0,0,435.000,435.000,0.000,0.000
5549,0,0,442.500,442.500,0.000,0.000
5550,0,0,442.500,442.500,0.000,0.000
5551,0,0,450.000,450.000,0.000,0.000
5552,0,0,450.000,450.000,0.000,0.000
5553,0,0,457.500,457.500,0.000,0.000
5554,0,0,457.500,457.500,0.000,0.000
5555,0,0,465.000,465.000,0.000,0.000
5556,0,0,465.000,465.000,0.000,0.000
5557,0,0,472.500,472.500,0.000,0.000
5558,0,0,472.500,472.500,0.000,0.000
5559,0,0,480.000,480.000,0.000,0.000
5560,0,0,480.000,480.000,0.000,0.000
5561,0,0,487.500,487.500,0.000,0.000
5562,0,0,487.500,487.500,0.000,0.000
5563,0,0,495.000,495.000,0.000,0.000
5564,0,0,495.000,495.000,0.000,0.000
5565,0,0,502.500,502.500,0.000,0.000
5566,0,0,502.500,502.500,0.000,0.000
5567,0,0,510.000,510.000,0.000,0.000
5568,0,0,510.000,510.000,0.000,0.000
5569,0,0,517.500,517.500,0.000,0.000
5570,0,0,517.500,517.500,0.000,0.000
5571,0,0,525.000,525.000,0.000,0.000
5572,0,0,525.000,525.000,0.000,0.000
5573,0,0,532.500,532.500,0.000,0.000
5574,0,0,532.500,532.500,0.000,0.000
5575,0,0,540.000,540.000,0.000,0.000
5576,0,0,540.000,540.000,0.000,0.000
5577,0,0,547.500,547.500,0.000,0.000
5578,0,0,547.500,547.500,0.000,0.000
5579,0,0,555.000,555.000,0.000,0.000
5580,0,0,555.000,555.000,0.000,0.000
5581,0,0,562.500,562.500,0.000,0.000
5582,0,0,562.500,562.500,0.000,0.000
5583,0,0,570.000,570.000,0.000,0.000
5584,0,0,570.000,570.000,0.000,0.000
5585,0,0,577.500,577.500,0.000,0.000
5586,0,0,577.500,577.500,0.000,0.000
5587,0,0,585.000,585.000,0.000,0.000
5588,0,0,585.000,585.000,0.000,0.000
5589,0,0,592.500,592.500,0.000,0.000
5590,0,0,592.500,592.500,0.000,0.000
5591,0,0,600.000,600.000,0.000,0.000
5592,0,0,600.000,600.000,0.000,0.000
5593,0,0,607.500,607.500,0.000,0.000
5594,0,0,607.500,607.500,0.000,0.000
5595,0,0,615.000,615.000,0.000,0.000
5596,0,0,615.000,615.000,0.000,0.000
5597,0,0,622.500,622.500,0.000,0.000
5598,0,0,622.500,622.500,0.000,0.000
5599,0,0,630.000,630.000,0.000,0.000
5600,0,0,630.000,630.000,0.000,0.000
5601,0,0,637.500,637.500,0.000,0.000
5602,0,0,637.500,637.500,0.000,0.000
5603,0,0,645.000,645.000,0.000,0.000
5604,0,0,645.000,645.000,0.000,0.000
5605,0,0,652.500,652.500,0.000,0.000
5606,0,0,652.500,652.500,0.000,0.000
5607,0,0,660.000,660.000,0.000,0.000
5608,0,0,660.000,660.000,0.000,0.000
5609,0,0,667.500,667.500,0.000,0.000
5610,0,0,667.500,667.500,0.000,0.000
5611,0,0,675.000,675.000,0.000,0.000
