joint,pieceA,pieceB,nx,ny,nz,areaSqCm,breakPass,severedBy,utilisationAfterCut
0,0,1,1.0000,0.0000,0.0000,143.500,-1,0,0.0000
1,0,2892,0.0000,1.0000,0.0000,143.500,-1,0,0.0000
2,4271,0,0.0000,1.0000,0.0000,66.625,-1,0,0.0000
3,0,4273,0.0000,-1.0000,0.0000,66.625,-1,0,0.0000
4,0,15,0.0000,0.0000,1.0000,220.375,-1,0,0.0083
5,0,16,0.0000,0.0000,1.0000,220.375,-1,0,0.0085
6,1,2,1.0000,0.0000,0.0000,143.500,-1,0,0.0000
7,4271,1,0.0000,1.0000,0.0000,66.625,-1,0,0.0000
8,1,4273,0.0000,-1.0000,0.0000,66.625,-1,0,0.0000
9,1,17,0.0000,0.0000,1.0000,220.375,-1,0,0.0083
10,1,18,0.0000,0.0000,1.0000,220.375,-1,0,0.0065
11,2,3,1.0000,0.0000,0.0000,143.500,-1,0,0.0000
12,2,19,0.0000,0.0000,1.0000,220.375,-1,0,0.0042
13,2,20,0.0000,0.0000,1.0000,220.375,-1,0,0.0069
14,3,4,1.0000,0.0000,0.0000,143.500,-1,0,0.0000
15,4395,3,0.0000,1.0000,0.0000,139.750,-1,0,0.0000
16,3,4397,0.0000,-1.0000,0.0000,139.750,-1,0,0.0000
17,3,21,0.0000,0.0000,1.0000,220.375,-1,0,0.0081
18,3,22,0.0000,0.0000,1.0000,220.375,-1,0,0.0081
19,4,5,1.0000,0.0000,0.0000,143.500,-1,0,0.0000
20,4,23,0.0000,0.0000,1.0000,220.375,-1,0,0.0069
21,4,24,0.0000,0.0000,1.0000,220.375,-1,0,0.0043
22,5,6,1.0000,0.0000,0.0000,143.500,-1,0,0.0000
23,4519,5,0.0000,1.0000,0.0000,66.625,-1,0,0.0000
24,5,4521,0.0000,-1.0000,0.0000,66.625,-1,0,0.0000
25,5,25,0.0000,0.0000,1.0000,220.375,-1,0,0.0069
26,5,26,0.0000,0.0000,1.0000,220.375,-1,0,0.0081
27,6,7,1.0000,0.0000,0.0000,143.500,-1,0,0.0000
28,4519,6,0.0000,1.0000,0.0000,66.625,-1,0,0.0000
29,6,4521,0.0000,-1.0000,0.0000,66.625,-1,0,0.0000
30,6,27,0.0000,0.0000,1.0000,220.375,-1,0,0.0081
31,6,28,0.0000,0.0000,1.0000,220.375,-1,0,0.0069
32,7,8,1.0000,0.0000,0.0000,143.500,-1,0,0.0000
33,7,29,0.0000,0.0000,1.0000,220.375,-1,0,0.0043
34,7,30,0.0000,0.0000,1.0000,220.375,-1,0,0.0069
35,8,9,1.0000,0.0000,0.0000,143.500,-1,0,0.0000
36,4643,8,0.0000,1.0000,0.0000,139.750,-1,0,0.0000
37,8,4645,0.0000,-1.0000,0.0000,139.750,-1,0,0.0000
38,8,31,0.0000,0.0000,1.0000,220.375,-1,0,0.0081
39,8,32,0.0000,0.0000,1.0000,220.375,-1,0,0.0081
40,9,10,1.0000,0.0000,0.0000,143.500,-1,0,0.0000
41,9,33,0.0000,0.0000,1.0000,220.375,-1,0,0.0070
42,9,34,0.0000,0.0000,1.0000,220.375,-1,0,0.0043
43,10,11,1.0000,0.0000,0.0000,143.500,-1,0,0.0000
44,4767,10,0.0000,1.0000,0.0000,66.625,-1,0,0.0000
45,10,4769,0.0000,-1.0000,0.0000,66.625,-1,0,0.0000
46,10,35,0.0000,0.0000,1.0000,220.375,-1,0,0.0071
47,10,36,0.0000,0.0000,1.0000,220.375,-1,0,0.0083
48,11,12,1.0000,0.0000,0.0000,143.500,-1,0,0.0000
49,4767,11,0.0000,1.0000,0.0000,66.625,-1,0,0.0000
50,11,4769,0.0000,-1.0000,0.0000,66.625,-1,0,0.0000
51,11,37,0.0000,0.0000,1.0000,220.375,-1,0,0.0083
52,11,38,0.0000,0.0000,1.0000,220.375,-1,0,0.0071
53,12,13,1.0000,0.0000,0.0000,143.500,-1,0,0.0000
54,12,39,0.0000,0.0000,1.0000,220.375,-1,0,0.0047
55,12,40,0.0000,0.0000,1.0000,220.375,-1,0,0.0079
56,13,14,1.0000,0.0000,0.0000,143.500,-1,0,0.0000
57,4891,13,0.0000,1.0000,0.0000,139.750,-1,0,0.0000
58,13,4893,0.0000,-1.0000,0.0000,139.750,-1,0,0.0000
59,13,41,0.0000,0.0000,1.0000,220.375,-1,0,0.0104
60,13,42,0.0000,0.0000,1.0000,220.375,-1,0,0.0108
61,14,3629,0.0000,1.0000,0.0000,143.500,-1,0,0.0000
62,14,43,0.0000,0.0000,1.0000,220.375,-1,0,0.0105
63,15,16,1.0000,0.0000,0.0000,66.625,-1,0,0.0000
64,15,44,0.0000,0.0000,1.0000,105.062,-1,0,0.0085
65,15,45,0.0000,0.0000,1.0000,105.062,-1,0,0.0086
66,15,2899,0.0000,1.0000,0.0000,66.625,-1,0,0.0000
67,16,17,1.0000,0.0000,0.0000,66.625,-1,0,0.0000
68,16,45,0.0000,0.0000,1.0000,105.062,-1,0,0.0086
69,16,46,0.0000,0.0000,1.0000,105.062,-1,0,0.0080
70,16,4275,0.0000,-1.0000,0.0000,66.625,-1,0,0.0000
71,17,18,1.0000,0.0000,0.0000,66.625,-1,0,0.0000
72,17,46,0.0000,0.0000,1.0000,105.062,-1,0,0.0080
73,17,47,0.0000,0.0000,1.0000,105.062,-1,0,0.0061
74,17,4275,0.0000,-1.0000,0.0000,66.625,-1,0,0.0000
75,18,19,1.0000,0.0000,0.0000,66.625,-1,0,0.0000
76,18,47,0.0000,0.0000,1.0000,105.062,-1,0,0.0061
77,18,48,0.0000,0.0000,1.0000,105.062,-1,0,0.0041
78,19,20,1.0000,0.0000,0.0000,66.625,-1,0,0.0000
79,19,48,0.0000,0.0000,1.0000,105.062,-1,0,0.0041
80,19,49,0.0000,0.0000,1.0000,105.062,-1,0,0.0042
81,20,21,1.0000,0.0000,0.0000,66.625,-1,0,0.0000
82,20,49,0.0000,0.0000,1.0000,105.062,-1,0,0.0042
83,20,50,0.0000,0.0000,1.0000,105.062,-1,0,0.0065
84,21,22,1.0000,0.0000,0.0000,66.625,-1,0,0.0000
85,21,50,0.0000,0.0000,1.0000,105.062,-1,0,0.0065
86,21,51,0.0000,0.0000,1.0000,105.062,-1,0,0.0079
87,21,4399,0.0000,-1.0000,0.0000,66.625,-1,0,0.0000
88,22,23,1.0000,0.0000,0.0000,66.625,-1,0,0.0000
89,22,51,0.0000,0.0000,1.0000,105.062,-1,0,0.0079
90,22,52,0.0000,0.0000,1.0000,105.062,-1,0,0.0065
91,22,4399,0.0000,-1.0000,0.0000,66.625,-1,0,0.0000
92,23,24,1.0000,0.0000,0.0000,66.625,-1,0,0.0000
93,23,52,0.0000,0.0000,1.0000,105.062,-1,0,0.0065
94,23,53,0.0000,0.0000,1.0000,105.062,-1,0,0.0043
95,24,25,1.0000,0.0000,0.0000,66.625,-1,0,0.0000
96,24,53,0.0000,0.0000,1.0000,105.062,-1,0,0.0043
97,24,54,0.0000,0.0000,1.0000,105.062,-1,0,0.0043
98,25,26,1.0000,0.0000,0.0000,66.625,-1,0,0.0000
99,25,54,0.0000,0.0000,1.0000,105.062,-1,0,0.0043
100,25,55,0.0000,0.0000,1.0000,105.062,-1,0,0.0065
101,26,27,1.0000,0.0000,0.0000,66.625,-1,0,0.0000
102,26,55,0.0000,0.0000,1.0000,105.062,-1,0,0.0065
103,26,56,0.0000,0.0000,1.0000,105.062,-1,0,0.0080
104,26,4523,0.0000,-1.0000,0.0000,66.625,-1,0,0.0000
105,27,28,1.0000,0.0000,0.0000,66.625,-1,0,0.0000
106,27,56,0.0000,0.0000,1.0000,105.062,-1,0,0.0080
107,27,57,0.0000,0.0000,1.0000,105.062,-1,0,0.0065
108,27,4523,0.0000,-1.0000,0.0000,66.625,-1,0,0.0000
109,28,29,1.0000,0.0000,0.0000,66.625,-1,0,0.0000
110,28,57,0.0000,0.0000,1.0000,105.062,-1,0,0.0065
111,28,58,0.0000,0.0000,1.0000,105.062,-1,0,0.0043
112,29,30,1.0000,0.0000,0.0000,66.625,-1,0,0.0000
113,29,58,0.0000,0.0000,1.0000,105.062,-1,0,0.0043
114,29,59,0.0000,0.0000,1.0000,105.062,-1,0,0.0043
115,30,31,1.0000,0.0000,0.0000,66.625,-1,0,0.0000
116,30,59,0.0000,0.0000,1.0000,105.062,-1,0,0.0043
117,30,60,0.0000,0.0000,1.0000,105.062,-1,0,0.0065
118,31,32,1.0000,0.0000,0.0000,66.625,-1,0,0.0000
119,31,60,0.0000,0.0000,1.0000,105.062,-1,0,0.0065
120,31,61,0.0000,0.0000,1.0000,105.062,-1,0,0.0080
121,31,4647,0.0000,-1.0000,0.0000,66.625,-1,0,0.0000
122,32,33,1.0000,0.0000,0.0000,66.625,-1,0,0.0000
123,32,61,0.0000,0.0000,1.0000,105.062,-1,0,0.0080
124,32,62,0.0000,0.0000,1.0000,105.062,-1,0,0.0065
125,32,4647,0.0000,-1.0000,0.0000,66.625,-1,0,0.0000
126,33,34,1.0000,0.0000,0.0000,66.625,-1,0,0.0000
127,33,62,0.0000,0.0000,1.0000,105.062,-1,0,0.0065
128,33,63,0.0000,0.0000,1.0000,105.062,-1,0,0.0044
129,34,35,1.0000,0.0000,0.0000,66.625,-1,0,0.0000
130,34,63,0.0000,0.0000,1.0000,105.062,-1,0,0.0044
131,34,64,0.0000,0.0000,1.0000,105.062,-1,0,0.0044
132,35,36,1.0000,0.0000,0.0000,66.625,-1,0,0.0000
133,35,64,0.0000,0.0000,1.0000,105.062,-1,0,0.0044
134,35,65,0.0000,0.0000,1.0000,105.062,-1,0,0.0066
135,36,37,1.0000,0.0000,0.0000,66.625,-1,0,0.0000
136,36,65,0.0000,0.0000,1.0000,105.062,-1,0,0.0066
137,36,66,0.0000,0.0000,1.0000,105.062,-1,0,0.0082
138,36,4771,0.0000,-1.0000,0.0000,66.625,-1,0,0.0000
139,37,38,1.0000,0.0000,0.0000,66.625,-1,0,0.0000
140,37,66,0.0000,0.0000,1.0000,105.062,-1,0,0.0082
141,37,67,0.0000,0.0000,1.0000,105.062,-1,0,0.0067
142,37,4771,0.0000,-1.0000,0.0000,66.625,-1,0,0.0000
143,38,39,1.0000,0.0000,0.0000,66.625,-1,0,0.0000
144,38,67,0.0000,0.0000,1.0000,105.062,-1,0,0.0067
145,38,68,0.0000,0.0000,1.0000,105.062,-1,0,0.0046
146,39,40,1.0000,0.0000,0.0000,66.625,-1,0,0.0000
147,39,68,0.0000,0.0000,1.0000,105.062,-1,0,0.0046
148,39,69,0.0000,0.0000,1.0000,105.062,-1,0,0.0047
149,40,41,1.0000,0.0000,0.0000,66.625,-1,0,0.0000
150,40,69,0.0000,0.0000,1.0000,105.062,-1,0,0.0047
151,40,70,0.0000,0.0000,1.0000,105.062,-1,0,0.0074
152,41,42,1.0000,0.0000,0.0000,66.625,-1,0,0.0000
153,41,70,0.0000,0.0000,1.0000,105.062,-1,0,0.0074
154,41,71,0.0000,0.0000,1.0000,105.062,-1,0,0.0100
155,41,4895,0.0000,-1.0000,0.0000,66.625,-1,0,0.0000
156,42,43,1.0000,0.0000,0.0000,66.625,-1,0,0.0000
157,42,71,0.0000,0.0000,1.0000,105.062,-1,0,0.0100
158,42,72,0.0000,0.0000,1.0000,105.062,-1,0,0.0109
159,42,4895,0.0000,-1.0000,0.0000,66.625,-1,0,0.0000
160,43,72,0.0000,0.0000,1.0000,105.062,-1,0,0.0109
161,43,73,0.0000,0.0000,1.0000,105.062,-1,0,0.0109
162,43,3633,0.0000,1.0000,0.0000,66.625,-1,0,0.0000
163,44,45,1.0000,0.0000,0.0000,66.625,-1,0,0.0000
164,44,2913,0.0000,1.0000,0.0000,66.625,-1,0,0.0000
165,44,74,0.0000,0.0000,1.0000,105.062,-1,0,0.0084
166,45,46,1.0000,0.0000,0.0000,66.625,-1,0,0.0000
167,45,74,0.0000,0.0000,1.0000,105.062,-1,0,0.0084
168,45,75,0.0000,0.0000,1.0000,105.062,-1,0,0.0085
169,46,47,1.0000,0.0000,0.0000,66.625,-1,0,0.0000
170,46,4277,0.0000,-1.0000,0.0000,139.750,-1,0,0.0000
171,46,75,0.0000,0.0000,1.0000,105.062,-1,0,0.0085
172,46,76,0.0000,0.0000,1.0000,105.062,-1,0,0.0073
173,47,48,1.0000,0.0000,0.0000,66.625,-1,0,0.0000
174,47,76,0.0000,0.0000,1.0000,105.062,-1,0,0.0073
175,47,77,0.0000,0.0000,1.0000,105.062,-1,0,0.0047
176,48,49,1.0000,0.0000,0.0000,66.625,-1,0,0.0000
177,48,77,0.0000,0.0000,1.0000,105.062,-1,0,0.0047
178,48,78,0.0000,0.0000,1.0000,105.062,-1,0,0.0034
179,49,50,1.0000,0.0000,0.0000,66.625,-1,0,0.0000
180,49,78,0.0000,0.0000,1.0000,105.062,-1,0,0.0034
181,49,79,0.0000,0.0000,1.0000,105.062,-1,0,0.0048
182,50,51,1.0000,0.0000,0.0000,66.625,-1,0,0.0000
183,50,79,0.0000,0.0000,1.0000,105.062,-1,0,0.0048
184,50,80,0.0000,0.0000,1.0000,105.062,-1,0,0.0078
185,51,52,1.0000,0.0000,0.0000,66.625,-1,0,0.0000
186,51,4401,0.0000,-1.0000,0.0000,139.750,-1,0,0.0000
187,51,80,0.0000,0.0000,1.0000,105.062,-1,0,0.0078
188,51,81,0.0000,0.0000,1.0000,105.062,-1,0,0.0078
189,52,53,1.0000,0.0000,0.0000,66.625,-1,0,0.0000
190,52,81,0.0000,0.0000,1.0000,105.062,-1,0,0.0078
191,52,82,0.0000,0.0000,1.0000,105.062,-1,0,0.0049
192,53,54,1.0000,0.0000,0.0000,66.625,-1,0,0.0000
193,53,82,0.0000,0.0000,1.0000,105.062,-1,0,0.0049
194,53,83,0.0000,0.0000,1.0000,105.062,-1,0,0.0035
195,54,55,1.0000,0.0000,0.0000,66.625,-1,0,0.0000
196,54,83,0.0000,0.0000,1.0000,105.062,-1,0,0.0035
197,54,84,0.0000,0.0000,1.0000,105.062,-1,0,0.0049
198,55,56,1.0000,0.0000,0.0000,66.625,-1,0,0.0000
199,55,84,0.0000,0.0000,1.0000,105.062,-1,0,0.0049
200,55,85,0.0000,0.0000,1.0000,105.062,-1,0,0.0079
201,56,57,1.0000,0.0000,0.0000,66.625,-1,0,0.0000
202,56,4525,0.0000,-1.0000,0.0000,139.750,-1,0,0.0000
203,56,85,0.0000,0.0000,1.0000,105.062,-1,0,0.0079
204,56,86,0.0000,0.0000,1.0000,105.062,-1,0,0.0079
205,57,58,1.0000,0.0000,0.0000,66.625,-1,0,0.0000
206,57,86,0.0000,0.0000,1.0000,105.062,-1,0,0.0079
207,57,87,0.0000,0.0000,1.0000,105.062,-1,0,0.0049
208,58,59,1.0000,0.0000,0.0000,66.625,-1,0,0.0000
209,58,87,0.0000,0.0000,1.0000,105.062,-1,0,0.0049
210,58,88,0.0000,0.0000,1.0000,105.062,-1,0,0.0035
211,59,60,1.0000,0.0000,0.0000,66.625,-1,0,0.0000
212,59,88,0.0000,0.0000,1.0000,105.062,-1,0,0.0035
213,59,89,0.0000,0.0000,1.0000,105.062,-1,0,0.0049
214,60,61,1.0000,0.0000,0.0000,66.625,-1,0,0.0000
215,60,89,0.0000,0.0000,1.0000,105.062,-1,0,0.0049
216,60,90,0.0000,0.0000,1.0000,105.062,-1,0,0.0079
217,61,62,1.0000,0.0000,0.0000,66.625,-1,0,0.0000
218,61,4649,0.0000,-1.0000,0.0000,139.750,-1,0,0.0000
219,61,90,0.0000,0.0000,1.0000,105.062,-1,0,0.0079
220,61,91,0.0000,0.0000,1.0000,105.062,-1,0,0.0079
221,62,63,1.0000,0.0000,0.0000,66.625,-1,0,0.0000
222,62,91,0.0000,0.0000,1.0000,105.062,-1,0,0.0079
223,62,92,0.0000,0.0000,1.0000,105.062,-1,0,0.0050
224,63,64,1.0000,0.0000,0.0000,66.625,-1,0,0.0000
225,63,92,0.0000,0.0000,1.0000,105.062,-1,0,0.0050
226,63,93,0.0000,0.0000,1.0000,105.062,-1,0,0.0035
227,64,65,1.0000,0.0000,0.0000,66.625,-1,0,0.0000
228,64,93,0.0000,0.0000,1.0000,105.062,-1,0,0.0035
229,64,94,0.0000,0.0000,1.0000,105.062,-1,0,0.0050
230,65,66,1.0000,0.0000,0.0000,66.625,-1,0,0.0000
231,65,94,0.0000,0.0000,1.0000,105.062,-1,0,0.0050
232,65,95,0.0000,0.0000,1.0000,105.062,-1,0,0.0080
233,66,67,1.0000,0.0000,0.0000,66.625,-1,0,0.0000
234,66,4773,0.0000,-1.0000,0.0000,139.750,-1,0,0.0000
235,66,95,0.0000,0.0000,1.0000,105.062,-1,0,0.0080
236,66,96,0.0000,0.0000,1.0000,105.062,-1,0,0.0081
237,67,68,1.0000,0.0000,0.0000,66.625,-1,0,0.0000
238,67,96,0.0000,0.0000,1.0000,105.062,-1,0,0.0081
239,67,97,0.0000,0.0000,1.0000,105.062,-1,0,0.0052
240,68,69,1.0000,0.0000,0.0000,66.625,-1,0,0.0000
241,68,97,0.0000,0.0000,1.0000,105.062,-1,0,0.0052
242,68,98,0.0000,0.0000,1.0000,105.062,-1,0,0.0037
243,69,70,1.0000,0.0000,0.0000,66.625,-1,0,0.0000
244,69,98,0.0000,0.0000,1.0000,105.062,-1,0,0.0037
245,69,99,0.0000,0.0000,1.0000,105.062,-1,0,0.0055
246,70,71,1.0000,0.0000,0.0000,66.625,-1,0,0.0000
247,70,99,0.0000,0.0000,1.0000,105.062,-1,0,0.0055
248,70,100,0.0000,0.0000,1.0000,105.062,-1,0,0.0090
249,71,72,1.0000,0.0000,0.0000,66.625,-1,0,0.0000
250,71,4897,0.0000,-1.0000,0.0000,139.750,-1,0,0.0000
251,71,100,0.0000,0.0000,1.0000,105.062,-1,0,0.0090
252,71,101,0.0000,0.0000,1.0000,105.062,-1,0,0.0108
253,72,73,1.0000,0.0000,0.0000,66.625,-1,0,0.0000
254,72,101,0.0000,0.0000,1.0000,105.062,-1,0,0.0108
255,72,102,0.0000,0.0000,1.0000,105.062,-1,0,0.0108
256,73,3641,0.0000,1.0000,0.0000,66.625,-1,0,0.0000
257,73,102,0.0000,0.0000,1.0000,105.062,-1,0,0.0108
258,74,75,1.0000,0.0000,0.0000,66.625,-1,0,0.0000
259,74,103,0.0000,0.0000,1.0000,105.062,-1,0,0.0083
260,74,104,0.0000,0.0000,1.0000,105.062,-1,0,0.0083
261,74,2928,0.0000,1.0000,0.0000,66.625,-1,0,0.0000
262,75,76,1.0000,0.0000,0.0000,66.625,-1,0,0.0000
263,75,104,0.0000,0.0000,1.0000,105.062,-1,0,0.0083
264,75,105,0.0000,0.0000,1.0000,105.062,-1,0,0.0084
265,75,4279,0.0000,-1.0000,0.0000,66.625,-1,0,0.0000
266,76,77,1.0000,0.0000,0.0000,66.625,-1,0,0.0000
267,76,105,0.0000,0.0000,1.0000,105.062,-1,0,0.0084
268,76,106,0.0000,0.0000,1.0000,105.062,-1,0,0.0059
269,76,4279,0.0000,-1.0000,0.0000,66.625,-1,0,0.0000
270,77,78,1.0000,0.0000,0.0000,66.625,-1,0,0.0000
271,77,106,0.0000,0.0000,1.0000,105.062,-1,0,0.0059
272,77,107,0.0000,0.0000,1.0000,105.062,-1,0,0.0032
273,78,79,1.0000,0.0000,0.0000,66.625,-1,0,0.0000
274,78,107,0.0000,0.0000,1.0000,105.062,-1,0,0.0032
275,78,108,0.0000,0.0000,1.0000,105.062,-1,0,0.0032
276,79,80,1.0000,0.0000,0.0000,66.625,-1,0,0.0000
277,79,108,0.0000,0.0000,1.0000,105.062,-1,0,0.0032
278,79,109,0.0000,0.0000,1.0000,105.062,-1,0,0.0062
279,80,81,1.0000,0.0000,0.0000,66.625,-1,0,0.0000
280,80,109,0.0000,0.0000,1.0000,105.062,-1,0,0.0062
281,80,110,0.0000,0.0000,1.0000,105.062,-1,0,0.0092
282,80,4403,0.0000,-1.0000,0.0000,66.625,-1,0,0.0000
283,81,82,1.0000,0.0000,0.0000,66.625,-1,0,0.0000
284,81,110,0.0000,0.0000,1.0000,105.062,-1,0,0.0092
285,81,111,0.0000,0.0000,1.0000,105.062,-1,0,0.0063
286,81,4403,0.0000,-1.0000,0.0000,66.625,-1,0,0.0000
287,82,83,1.0000,0.0000,0.0000,66.625,-1,0,0.0000
288,82,111,0.0000,0.0000,1.0000,105.062,-1,0,0.0063
289,82,112,0.0000,0.0000,1.0000,105.062,-1,0,0.0034
290,83,84,1.0000,0.0000,0.0000,66.625,-1,0,0.0000
291,83,112,0.0000,0.0000,1.0000,105.062,-1,0,0.0034
292,83,113,0.0000,0.0000,1.0000,105.062,-1,0,0.0034
293,84,85,1.0000,0.0000,0.0000,66.625,-1,0,0.0000
294,84,113,0.0000,0.0000,1.0000,105.062,-1,0,0.0034
295,84,114,0.0000,0.0000,1.0000,105.062,-1,0,0.0063
296,85,86,1.0000,0.0000,0.0000,66.625,-1,0,0.0000
297,85,114,0.0000,0.0000,1.0000,105.062,-1,0,0.0063
298,85,115,0.0000,0.0000,1.0000,105.062,-1,0,0.0092
299,85,4527,0.0000,-1.0000,0.0000,66.625,-1,0,0.0000
300,86,87,1.0000,0.0000,0.0000,66.625,-1,0,0.0000
301,86,115,0.0000,0.0000,1.0000,105.062,-1,0,0.0092
302,86,116,0.0000,0.0000,1.0000,105.062,-1,0,0.0063
303,86,4527,0.0000,-1.0000,0.0000,66.625,-1,0,0.0000
304,87,88,1.0000,0.0000,0.0000,66.625,-1,0,0.0000
305,87,116,0.0000,0.0000,1.0000,105.062,-1,0,0.0063
306,87,117,0.0000,0.0000,1.0000,105.062,-1,0,0.0034
307,88,89,1.0000,0.0000,0.0000,66.625,-1,0,0.0000
308,88,117,0.0000,0.0000,1.0000,105.062,-1,0,0.0034
309,88,118,0.0000,0.0000,1.0000,105.062,-1,0,0.0034
310,89,90,1.0000,0.0000,0.0000,66.625,-1,0,0.0000
311,89,118,0.0000,0.0000,1.0000,105.062,-1,0,0.0034
312,89,119,0.0000,0.0000,1.0000,105.062,-1,0,0.0063
313,90,91,1.0000,0.0000,0.0000,66.625,-1,0,0.0000
314,90,119,0.0000,0.0000,1.0000,105.062,-1,0,0.0063
315,90,120,0.0000,0.0000,1.0000,105.062,-1,0,0.0092
316,90,4651,0.0000,-1.0000,0.0000,66.625,-1,0,0.0000
317,91,92,1.0000,0.0000,0.0000,66.625,-1,0,0.0000
318,91,120,0.0000,0.0000,1.0000,105.062,-1,0,0.0092
319,91,121,0.0000,0.0000,1.0000,105.062,-1,0,0.0063
320,91,4651,0.0000,-1.0000,0.0000,66.625,-1,0,0.0000
321,92,93,1.0000,0.0000,0.0000,66.625,-1,0,0.0000
322,92,121,0.0000,0.0000,1.0000,105.062,-1,0,0.0063
323,92,122,0.0000,0.0000,1.0000,105.062,-1,0,0.0034
324,93,94,1.0000,0.0000,0.0000,66.625,-1,0,0.0000
325,93,122,0.0000,0.0000,1.0000,105.062,-1,0,0.0034
326,93,123,0.0000,0.0000,1.0000,105.062,-1,0,0.0034
327,94,95,1.0000,0.0000,0.0000,66.625,-1,0,0.0000
328,94,123,0.0000,0.0000,1.0000,105.062,-1,0,0.0034
329,94,124,0.0000,0.0000,1.0000,105.062,-1,0,0.0064
330,95,96,1.0000,0.0000,0.0000,66.625,-1,0,0.0000
331,95,124,0.0000,0.0000,1.0000,105.062,-1,0,0.0064
332,95,125,0.0000,0.0000,1.0000,105.062,-1,0,0.0094
333,95,4775,0.0000,-1.0000,0.0000,66.625,-1,0,0.0000
334,96,97,1.0000,0.0000,0.0000,66.625,-1,0,0.0000
335,96,125,0.0000,0.0000,1.0000,105.062,-1,0,0.0094
336,96,126,0.0000,0.0000,1.0000,105.062,-1,0,0.0065
337,96,4775,0.0000,-1.0000,0.0000,66.625,-1,0,0.0000
338,97,98,1.0000,0.0000,0.0000,66.625,-1,0,0.0000
339,97,126,0.0000,0.0000,1.0000,105.062,-1,0,0.0065
340,97,127,0.0000,0.0000,1.0000,105.062,-1,0,0.0036
341,98,99,1.0000,0.0000,0.0000,66.625,-1,0,0.0000
342,98,127,0.0000,0.0000,1.0000,105.062,-1,0,0.0036
343,98,128,0.0000,0.0000,1.0000,105.062,-1,0,0.0036
344,99,100,1.0000,0.0000,0.0000,66.625,-1,0,0.0000
345,99,128,0.0000,0.0000,1.0000,105.062,-1,0,0.0036
346,99,129,0.0000,0.0000,1.0000,105.062,-1,0,0.0071
347,100,101,1.0000,0.0000,0.0000,66.625,-1,0,0.0000
348,100,129,0.0000,0.0000,1.0000,105.062,-1,0,0.0071
349,100,130,0.0000,0.0000,1.0000,105.062,-1,0,0.0106
350,100,4899,0.0000,-1.0000,0.0000,66.625,-1,0,0.0000
351,101,102,1.0000,0.0000,0.0000,66.625,-1,0,0.0000
352,101,130,0.0000,0.0000,1.0000,105.062,-1,0,0.0106
353,101,131,0.0000,0.0000,1.0000,105.062,-1,0,0.0107
354,101,4899,0.0000,-1.0000,0.0000,66.625,-1,0,0.0000
355,102,131,0.0000,0.0000,1.0000,105.062,-1,0,0.0107
356,102,132,0.0000,0.0000,1.0000,105.062,-1,0,0.0107
357,102,3651,0.0000,1.0000,0.0000,66.625,-1,0,0.0000
358,103,104,1.0000,0.0000,0.0000,66.625,-1,0,0.0000
359,103,2942,0.0000,1.0000,0.0000,66.625,-1,0,0.0000
360,103,133,0.0000,0.0000,1.0000,105.062,-1,0,0.0082
361,104,105,1.0000,0.0000,0.0000,66.625,-1,0,0.0000
362,104,133,0.0000,0.0000,1.0000,105.062,-1,0,0.0082
363,104,134,0.0000,0.0000,1.0000,105.062,-1,0,0.0082
364,105,106,1.0000,0.0000,0.0000,66.625,-1,0,0.0000
365,105,4281,0.0000,-1.0000,0.0000,139.750,-1,0,0.0000
366,105,134,0.0000,0.0000,1.0000,105.062,-1,0,0.0082
367,105,135,0.0000,0.0000,1.0000,105.062,-1,0,0.0083
368,106,107,1.0000,0.0000,0.0000,66.625,-1,0,0.0000
369,106,135,0.0000,0.0000,1.0000,105.062,-1,0,0.0083
370,106,136,0.0000,0.0000,1.0000,105.062,-1,0,0.0031
371,107,108,1.0000,0.0000,0.0000,66.625,-1,0,0.0000
372,107,136,0.0000,0.0000,1.0000,105.062,-1,0,0.0031
373,107,137,0.0000,0.0000,1.0000,105.062,-1,0,0.0031
374,108,109,1.0000,0.0000,0.0000,66.625,-1,0,0.0000
375,108,137,0.0000,0.0000,1.0000,105.062,-1,0,0.0031
376,108,138,0.0000,0.0000,1.0000,105.062,-1,0,0.0031
377,109,110,1.0000,0.0000,0.0000,66.625,-1,0,0.0000
378,109,138,0.0000,0.0000,1.0000,105.062,-1,0,0.0031
379,109,139,0.0000,0.0000,1.0000,105.062,-1,0,0.0090
380,110,111,1.0000,0.0000,0.0000,66.625,-1,0,0.0000
381,110,4405,0.0000,-1.0000,0.0000,139.750,-1,0,0.0000
382,110,139,0.0000,0.0000,1.0000,105.062,-1,0,0.0090
383,110,140,0.0000,0.0000,1.0000,105.062,-1,0,0.0090
384,111,112,1.0000,0.0000,0.0000,66.625,-1,0,0.0000
385,111,140,0.0000,0.0000,1.0000,105.062,-1,0,0.0090
386,111,141,0.0000,0.0000,1.0000,105.062,-1,0,0.0032
387,112,113,1.0000,0.0000,0.0000,66.625,-1,0,0.0000
388,112,141,0.0000,0.0000,1.0000,105.062,-1,0,0.0032
389,112,142,0.0000,0.0000,1.0000,105.062,-1,0,0.0032
390,113,114,1.0000,0.0000,0.0000,66.625,-1,0,0.0000
391,113,142,0.0000,0.0000,1.0000,105.062,-1,0,0.0032
392,113,143,0.0000,0.0000,1.0000,105.062,-1,0,0.0032
393,114,115,1.0000,0.0000,0.0000,66.625,-1,0,0.0000
394,114,143,0.0000,0.0000,1.0000,105.062,-1,0,0.0032
395,114,144,0.0000,0.0000,1.0000,105.062,-1,0,0.0091
396,115,116,1.0000,0.0000,0.0000,66.625,-1,0,0.0000
397,115,4529,0.0000,-1.0000,0.0000,139.750,-1,0,0.0000
398,115,144,0.0000,0.0000,1.0000,105.062,-1,0,0.0091
399,115,145,0.0000,0.0000,1.0000,105.062,-1,0,0.0091
400,116,117,1.0000,0.0000,0.0000,66.625,-1,0,0.0000
401,116,145,0.0000,0.0000,1.0000,105.062,-1,0,0.0091
402,116,146,0.0000,0.0000,1.0000,105.062,-1,0,0.0032
403,117,118,1.0000,0.0000,0.0000,66.625,-1,0,0.0000
404,117,146,0.0000,0.0000,1.0000,105.062,-1,0,0.0032
405,117,147,0.0000,0.0000,1.0000,105.062,-1,0,0.0032
406,118,119,1.0000,0.0000,0.0000,66.625,-1,0,0.0000
407,118,147,0.0000,0.0000,1.0000,105.062,-1,0,0.0032
408,118,148,0.0000,0.0000,1.0000,105.062,-1,0,0.0032
409,119,120,1.0000,0.0000,0.0000,66.625,-1,0,0.0000
410,119,148,0.0000,0.0000,1.0000,105.062,-1,0,0.0032
411,119,149,0.0000,0.0000,1.0000,105.062,-1,0,0.0091
412,120,121,1.0000,0.0000,0.0000,66.625,-1,0,0.0000
413,120,4653,0.0000,-1.0000,0.0000,139.750,-1,0,0.0000
414,120,149,0.0000,0.0000,1.0000,105.062,-1,0,0.0091
415,120,150,0.0000,0.0000,1.0000,105.062,-1,0,0.0091
416,121,122,1.0000,0.0000,0.0000,66.625,-1,0,0.0000
417,121,150,0.0000,0.0000,1.0000,105.062,-1,0,0.0091
418,121,151,0.0000,0.0000,1.0000,105.062,-1,0,0.0033
419,122,123,1.0000,0.0000,0.0000,66.625,-1,0,0.0000
420,122,151,0.0000,0.0000,1.0000,105.062,-1,0,0.0033
421,122,152,0.0000,0.0000,1.0000,105.062,-1,0,0.0033
422,123,124,1.0000,0.0000,0.0000,66.625,-1,0,0.0000
423,123,152,0.0000,0.0000,1.0000,105.062,-1,0,0.0033
424,123,153,0.0000,0.0000,1.0000,105.062,-1,0,0.0033
425,124,125,1.0000,0.0000,0.0000,66.625,-1,0,0.0000
426,124,153,0.0000,0.0000,1.0000,105.062,-1,0,0.0033
427,124,154,0.0000,0.0000,1.0000,105.062,-1,0,0.0092
428,125,126,1.0000,0.0000,0.0000,66.625,-1,0,0.0000
429,125,4777,0.0000,-1.0000,0.0000,139.750,-1,0,0.0000
430,125,154,0.0000,0.0000,1.0000,105.062,-1,0,0.0092
431,125,155,0.0000,0.0000,1.0000,105.062,-1,0,0.0092
432,126,127,1.0000,0.0000,0.0000,66.625,-1,0,0.0000
433,126,155,0.0000,0.0000,1.0000,105.062,-1,0,0.0092
434,126,156,0.0000,0.0000,1.0000,105.062,-1,0,0.0035
435,127,128,1.0000,0.0000,0.0000,66.625,-1,0,0.0000
436,127,156,0.0000,0.0000,1.0000,105.062,-1,0,0.0035
437,127,157,0.0000,0.0000,1.0000,105.062,-1,0,0.0035
438,128,129,1.0000,0.0000,0.0000,66.625,-1,0,0.0000
439,128,157,0.0000,0.0000,1.0000,105.062,-1,0,0.0035
440,128,158,0.0000,0.0000,1.0000,105.062,-1,0,0.0035
441,129,130,1.0000,0.0000,0.0000,66.625,-1,0,0.0000
442,129,158,0.0000,0.0000,1.0000,105.062,-1,0,0.0035
443,129,159,0.0000,0.0000,1.0000,105.062,-1,0,0.0105
444,130,131,1.0000,0.0000,0.0000,66.625,-1,0,0.0000
445,130,4901,0.0000,-1.0000,0.0000,139.750,-1,0,0.0000
446,130,159,0.0000,0.0000,1.0000,105.062,-1,0,0.0105
447,130,160,0.0000,0.0000,1.0000,105.062,-1,0,0.0105
448,131,132,1.0000,0.0000,0.0000,66.625,-1,0,0.0000
449,131,160,0.0000,0.0000,1.0000,105.062,-1,0,0.0105
450,131,161,0.0000,0.0000,1.0000,105.062,-1,0,0.0105
451,132,3659,0.0000,1.0000,0.0000,66.625,-1,0,0.0000
452,132,161,0.0000,0.0000,1.0000,105.062,-1,0,0.0105
453,133,134,1.0000,0.0000,0.0000,66.625,-1,0,0.0000
454,133,162,0.0000,0.0000,1.0000,105.062,-1,0,0.0080
455,133,163,0.0000,0.0000,1.0000,105.062,-1,0,0.0081
456,133,2957,0.0000,1.0000,0.0000,66.625,-1,0,0.0000
457,134,135,1.0000,0.0000,0.0000,66.625,-1,0,0.0000
458,134,163,0.0000,0.0000,1.0000,105.062,-1,0,0.0081
459,134,164,0.0000,0.0000,1.0000,105.062,-1,0,0.0082
460,134,4283,0.0000,-1.0000,0.0000,66.625,-1,0,0.0000
461,135,136,1.0000,0.0000,0.0000,66.625,-1,0,0.0000
462,135,164,0.0000,0.0000,1.0000,105.062,-1,0,0.0082
463,135,165,0.0000,0.0000,1.0000,105.062,-1,0,0.0082
464,135,4283,0.0000,-1.0000,0.0000,66.625,-1,0,0.0000
465,136,137,1.0000,0.0000,0.0000,66.625,-1,0,0.0000
466,136,182,0.0000,0.0000,1.0000,220.375,-1,0,0.0029
467,137,138,1.0000,0.0000,0.0000,66.625,-1,0,0.0000
468,137,182,0.0000,0.0000,1.0000,220.375,-1,0,0.0029
469,138,139,1.0000,0.0000,0.0000,66.625,-1,0,0.0000
470,138,182,0.0000,0.0000,1.0000,220.375,-1,0,0.0029
471,139,140,1.0000,0.0000,0.0000,66.625,-1,0,0.0000
472,139,166,0.0000,0.0000,1.0000,105.062,-1,0,0.0089
473,139,167,0.0000,0.0000,1.0000,105.062,-1,0,0.0089
474,139,4407,0.0000,-1.0000,0.0000,66.625,-1,0,0.0000
475,140,141,1.0000,0.0000,0.0000,66.625,-1,0,0.0000
476,140,167,0.0000,0.0000,1.0000,105.062,-1,0,0.0089
477,140,168,0.0000,0.0000,1.0000,105.062,-1,0,0.0089
478,140,4407,0.0000,-1.0000,0.0000,66.625,-1,0,0.0000
479,141,142,1.0000,0.0000,0.0000,66.625,-1,0,0.0000
480,141,183,0.0000,0.0000,1.0000,220.375,-1,0,0.0030
481,142,143,1.0000,0.0000,0.0000,66.625,-1,0,0.0000
482,142,183,0.0000,0.0000,1.0000,220.375,-1,0,0.0030
483,143,144,1.0000,0.0000,0.0000,66.625,-1,0,0.0000
484,143,183,0.0000,0.0000,1.0000,220.375,-1,0,0.0030
485,144,145,1.0000,0.0000,0.0000,66.625,-1,0,0.0000
486,144,169,0.0000,0.0000,1.0000,105.062,-1,0,0.0089
487,144,170,0.0000,0.0000,1.0000,105.062,-1,0,0.0089
488,144,4531,0.0000,-1.0000,0.0000,66.625,-1,0,0.0000
489,145,146,1.0000,0.0000,0.0000,66.625,-1,0,0.0000
490,145,170,0.0000,0.0000,1.0000,105.062,-1,0,0.0089
491,145,171,0.0000,0.0000,1.0000,105.062,-1,0,0.0089
492,145,4531,0.0000,-1.0000,0.0000,66.625,-1,0,0.0000
493,146,147,1.0000,0.0000,0.0000,66.625,-1,0,0.0000
494,146,184,0.0000,0.0000,1.0000,220.375,-1,0,0.0030
495,147,148,1.0000,0.0000,0.0000,66.625,-1,0,0.0000
496,147,184,0.0000,0.0000,1.0000,220.375,-1,0,0.0030
497,148,149,1.0000,0.0000,0.0000,66.625,-1,0,0.0000
498,148,184,0.0000,0.0000,1.0000,220.375,-1,0,0.0030
499,149,150,1.0000,0.0000,0.0000,66.625,-1,0,0.0000
500,149,172,0.0000,0.0000,1.0000,105.062,-1,0,0.0089
501,149,173,0.0000,0.0000,1.0000,105.062,-1,0,0.0089
502,149,4655,0.0000,-1.0000,0.0000,66.625,-1,0,0.0000
503,150,151,1.0000,0.0000,0.0000,66.625,-1,0,0.0000
504,150,173,0.0000,0.0000,1.0000,105.062,-1,0,0.0089
505,150,174,0.0000,0.0000,1.0000,105.062,-1,0,0.0089
506,150,4655,0.0000,-1.0000,0.0000,66.625,-1,0,0.0000
507,151,152,1.0000,0.0000,0.0000,66.625,-1,0,0.0000
508,151,185,0.0000,0.0000,1.0000,220.375,-1,0,0.0030
509,152,153,1.0000,0.0000,0.0000,66.625,-1,0,0.0000
510,152,185,0.0000,0.0000,1.0000,220.375,-1,0,0.0030
511,153,154,1.0000,0.0000,0.0000,66.625,-1,0,0.0000
512,153,185,0.0000,0.0000,1.0000,220.375,-1,0,0.0030
513,154,155,1.0000,0.0000,0.0000,66.625,-1,0,0.0000
514,154,175,0.0000,0.0000,1.0000,105.062,-1,0,0.0091
515,154,176,0.0000,0.0000,1.0000,105.062,-1,0,0.0091
516,154,4779,0.0000,-1.0000,0.0000,66.625,-1,0,0.0000
517,155,156,1.0000,0.0000,0.0000,66.625,-1,0,0.0000
518,155,176,0.0000,0.0000,1.0000,105.062,-1,0,0.0091
519,155,177,0.0000,0.0000,1.0000,105.062,-1,0,0.0091
520,155,4779,0.0000,-1.0000,0.0000,66.625,-1,0,0.0000
521,156,157,1.0000,0.0000,0.0000,66.625,-1,0,0.0000
522,156,186,0.0000,0.0000,1.0000,220.375,-1,0,0.0032
523,157,158,1.0000,0.0000,0.0000,66.625,-1,0,0.0000
524,157,186,0.0000,0.0000,1.0000,220.375,-1,0,0.0032
525,158,159,1.0000,0.0000,0.0000,66.625,-1,0,0.0000
526,158,186,0.0000,0.0000,1.0000,220.375,-1,0,0.0032
527,159,160,1.0000,0.0000,0.0000,66.625,-1,0,0.0000
528,159,178,0.0000,0.0000,1.0000,105.062,-1,0,0.0104
529,159,179,0.0000,0.0000,1.0000,105.062,-1,0,0.0104
530,159,4903,0.0000,-1.0000,0.0000,66.625,-1,0,0.0000
531,160,161,1.0000,0.0000,0.0000,66.625,-1,0,0.0000
532,160,179,0.0000,0.0000,1.0000,105.062,-1,0,0.0104
533,160,180,0.0000,0.0000,1.0000,105.062,-1,0,0.0104
534,160,4903,0.0000,-1.0000,0.0000,66.625,-1,0,0.0000
535,161,180,0.0000,0.0000,1.0000,105.062,-1,0,0.0104
536,161,181,0.0000,0.0000,1.0000,105.062,-1,0,0.0104
537,161,3669,0.0000,1.0000,0.0000,66.625,-1,0,0.0000
538,162,163,1.0000,0.0000,0.0000,66.625,-1,0,0.0000
539,162,2971,0.0000,1.0000,0.0000,66.625,-1,0,0.0000
540,162,187,0.0000,0.0000,1.0000,105.062,-1,0,0.0079
541,163,164,1.0000,0.0000,0.0000,66.625,-1,0,0.0000
542,163,187,0.0000,0.0000,1.0000,105.062,-1,0,0.0079
543,163,188,0.0000,0.0000,1.0000,105.062,-1,0,0.0080
544,164,165,1.0000,0.0000,0.0000,66.625,-1,0,0.0000
545,164,4285,0.0000,-1.0000,0.0000,139.750,-1,0,0.0000
546,164,188,0.0000,0.0000,1.0000,105.062,-1,0,0.0080
547,164,189,0.0000,0.0000,1.0000,105.062,-1,0,0.0081
548,165,182,1.0000,0.0000,0.0000,66.625,-1,0,0.0000
549,165,189,0.0000,0.0000,1.0000,105.062,-1,0,0.0081
550,166,167,1.0000,0.0000,0.0000,66.625,-1,0,0.0000
551,166,182,-1.0000,0.0000,0.0000,66.625,-1,0,0.0000
552,166,192,0.0000,0.0000,1.0000,105.062,-1,0,0.0088
553,167,168,1.0000,0.0000,0.0000,66.625,-1,0,0.0000
554,167,4409,0.0000,-1.0000,0.0000,139.750,-1,0,0.0000
555,167,192,0.0000,0.0000,1.0000,105.062,-1,0,0.0088
556,167,193,0.0000,0.0000,1.0000,105.062,-1,0,0.0088
557,168,183,1.0000,0.0000,0.0000,66.625,-1,0,0.0000
558,168,193,0.0000,0.0000,1.0000,105.062,-1,0,0.0088
559,169,170,1.0000,0.0000,0.0000,66.625,-1,0,0.0000
560,169,183,-1.0000,0.0000,0.0000,66.625,-1,0,0.0000
561,169,196,0.0000,0.0000,1.0000,105.062,-1,0,0.0088
562,170,171,1.0000,0.0000,0.0000,66.625,-1,0,0.0000
563,170,4533,0.0000,-1.0000,0.0000,139.750,-1,0,0.0000
564,170,196,0.0000,0.0000,1.0000,105.062,-1,0,0.0088
565,170,197,0.0000,0.0000,1.0000,105.062,-1,0,0.0088
566,171,184,1.0000,0.0000,0.0000,66.625,-1,0,0.0000
567,171,197,0.0000,0.0000,1.0000,105.062,-1,0,0.0088
568,172,173,1.0000,0.0000,0.0000,66.625,-1,0,0.0000
569,172,184,-1.0000,0.0000,0.0000,66.625,-1,0,0.0000
570,172,200,0.0000,0.0000,1.0000,105.062,-1,0,0.0088
571,173,174,1.0000,0.0000,0.0000,66.625,-1,0,0.0000
572,173,4657,0.0000,-1.0000,0.0000,139.750,-1,0,0.0000
573,173,200,0.0000,0.0000,1.0000,105.062,-1,0,0.0088
574,173,201,0.0000,0.0000,1.0000,105.062,-1,0,0.0088
575,174,185,1.0000,0.0000,0.0000,66.625,-1,0,0.0000
576,174,201,0.0000,0.0000,1.0000,105.062,-1,0,0.0088
577,175,176,1.0000,0.0000,0.0000,66.625,-1,0,0.0000
578,175,185,-1.0000,0.0000,0.0000,66.625,-1,0,0.0000
579,175,204,0.0000,0.0000,1.0000,105.062,-1,0,0.0090
580,176,177,1.0000,0.0000,0.0000,66.625,-1,0,0.0000
581,176,4781,0.0000,-1.0000,0.0000,139.750,-1,0,0.0000
582,176,204,0.0000,0.0000,1.0000,105.062,-1,0,0.0090
583,176,205,0.0000,0.0000,1.0000,105.062,-1,0,0.0090
584,177,186,1.0000,0.0000,0.0000,66.625,-1,0,0.0000
585,177,205,0.0000,0.0000,1.0000,105.062,-1,0,0.0090
586,178,179,1.0000,0.0000,0.0000,66.625,-1,0,0.0000
587,178,186,-1.0000,0.0000,0.0000,66.625,-1,0,0.0000
588,178,208,0.0000,0.0000,1.0000,105.062,-1,0,0.0102
589,179,180,1.0000,0.0000,0.0000,66.625,-1,0,0.0000
590,179,4905,0.0000,-1.0000,0.0000,139.750,-1,0,0.0000
591,179,208,0.0000,0.0000,1.0000,105.062,-1,0,0.0102
592,179,209,0.0000,0.0000,1.0000,105.062,-1,0,0.0103
593,180,181,1.0000,0.0000,0.0000,66.625,-1,0,0.0000
594,180,209,0.0000,0.0000,1.0000,105.062,-1,0,0.0103
595,180,210,0.0000,0.0000,1.0000,105.062,-1,0,0.0103
596,181,3677,0.0000,1.0000,0.0000,66.625,-1,0,0.0000
597,181,210,0.0000,0.0000,1.0000,105.062,-1,0,0.0103
598,182,190,0.0000,0.0000,1.0000,105.062,-1,0,0.0082
599,182,191,0.0000,0.0000,1.0000,105.062,-1,0,0.0088
600,183,194,0.0000,0.0000,1.0000,105.062,-1,0,0.0088
601,183,195,0.0000,0.0000,1.0000,105.062,-1,0,0.0088
602,184,198,0.0000,0.0000,1.0000,105.062,-1,0,0.0088
603,184,199,0.0000,0.0000,1.0000,105.062,-1,0,0.0088
604,185,202,0.0000,0.0000,1.0000,105.062,-1,0,0.0088
605,185,203,0.0000,0.0000,1.0000,105.062,-1,0,0.0090
606,186,206,0.0000,0.0000,1.0000,105.062,-1,0,0.0090
607,186,207,0.0000,0.0000,1.0000,105.062,-1,0,0.0102
608,187,188,1.0000,0.0000,0.0000,66.625,-1,0,0.0000
609,187,211,0.0000,0.0000,1.0000,105.062,-1,0,0.0077
610,187,212,0.0000,0.0000,1.0000,105.062,-1,0,0.0078
611,187,2982,0.0000,1.0000,0.0000,66.625,-1,0,0.0000
612,188,189,1.0000,0.0000,0.0000,66.625,-1,0,0.0000
613,188,212,0.0000,0.0000,1.0000,105.062,-1,0,0.0078
614,188,213,0.0000,0.0000,1.0000,105.062,-1,0,0.0079
615,188,4287,0.0000,-1.0000,0.0000,66.625,-1,0,0.0000
616,189,190,1.0000,0.0000,0.0000,66.625,-1,0,0.0000
617,189,213,0.0000,0.0000,1.0000,105.062,-1,0,0.0079
618,189,214,0.0000,0.0000,1.0000,105.062,-1,0,0.0081
619,189,4287,0.0000,-1.0000,0.0000,66.625,-1,0,0.0000
620,190,214,0.0000,0.0000,1.0000,105.062,-1,0,0.0081
621,191,192,1.0000,0.0000,0.0000,66.625,-1,0,0.0000
622,191,215,0.0000,0.0000,1.0000,105.062,-1,0,0.0086
623,192,193,1.0000,0.0000,0.0000,66.625,-1,0,0.0000
624,192,215,0.0000,0.0000,1.0000,105.062,-1,0,0.0086
625,192,216,0.0000,0.0000,1.0000,105.062,-1,0,0.0087
626,192,4411,0.0000,-1.0000,0.0000,66.625,-1,0,0.0000
627,193,194,1.0000,0.0000,0.0000,66.625,-1,0,0.0000
628,193,216,0.0000,0.0000,1.0000,105.062,-1,0,0.0087
629,193,217,0.0000,0.0000,1.0000,105.062,-1,0,0.0087
630,193,4411,0.0000,-1.0000,0.0000,66.625,-1,0,0.0000
631,194,217,0.0000,0.0000,1.0000,105.062,-1,0,0.0087
632,195,196,1.0000,0.0000,0.0000,66.625,-1,0,0.0000
633,195,218,0.0000,0.0000,1.0000,105.062,-1,0,0.0087
634,196,197,1.0000,0.0000,0.0000,66.625,-1,0,0.0000
635,196,218,0.0000,0.0000,1.0000,105.062,-1,0,0.0087
636,196,219,0.0000,0.0000,1.0000,105.062,-1,0,0.0087
637,196,4535,0.0000,-1.0000,0.0000,66.625,-1,0,0.0000
638,197,198,1.0000,0.0000,0.0000,66.625,-1,0,0.0000
639,197,219,0.0000,0.0000,1.0000,105.062,-1,0,0.0087
640,197,220,0.0000,0.0000,1.0000,105.062,-1,0,0.0087
641,197,4535,0.0000,-1.0000,0.0000,66.625,-1,0,0.0000
642,198,220,0.0000,0.0000,1.0000,105.062,-1,0,0.0087
643,199,200,1.0000,0.0000,0.0000,66.625,-1,0,0.0000
644,199,221,0.0000,0.0000,1.0000,105.062,-1,0,0.0087
645,200,201,1.0000,0.0000,0.0000,66.625,-1,0,0.0000
646,200,221,0.0000,0.0000,1.0000,105.062,-1,0,0.0087
647,200,222,0.0000,0.0000,1.0000,105.062,-1,0,0.0087
648,200,4659,0.0000,-1.0000,0.0000,66.625,-1,0,0.0000
649,201,202,1.0000,0.0000,0.0000,66.625,-1,0,0.0000
650,201,222,0.0000,0.0000,1.0000,105.062,-1,0,0.0087
651,201,223,0.0000,0.0000,1.0000,105.062,-1,0,0.0087
652,201,4659,0.0000,-1.0000,0.0000,66.625,-1,0,0.0000
653,202,223,0.0000,0.0000,1.0000,105.062,-1,0,0.0087
654,203,204,1.0000,0.0000,0.0000,66.625,-1,0,0.0000
655,203,224,0.0000,0.0000,1.0000,105.062,-1,0,0.0088
656,204,205,1.0000,0.0000,0.0000,66.625,-1,0,0.0000
657,204,224,0.0000,0.0000,1.0000,105.062,-1,0,0.0088
658,204,225,0.0000,0.0000,1.0000,105.062,-1,0,0.0089
659,204,4783,0.0000,-1.0000,0.0000,66.625,-1,0,0.0000
660,205,206,1.0000,0.0000,0.0000,66.625,-1,0,0.0000
661,205,225,0.0000,0.0000,1.0000,105.062,-1,0,0.0089
662,205,226,0.0000,0.0000,1.0000,105.062,-1,0,0.0089
663,205,4783,0.0000,-1.0000,0.0000,66.625,-1,0,0.0000
664,206,226,0.0000,0.0000,1.0000,105.062,-1,0,0.0089
665,207,208,1.0000,0.0000,0.0000,66.625,-1,0,0.0000
666,207,227,0.0000,0.0000,1.0000,105.062,-1,0,0.0101
667,208,209,1.0000,0.0000,0.0000,66.625,-1,0,0.0000
668,208,227,0.0000,0.0000,1.0000,105.062,-1,0,0.0101
669,208,228,0.0000,0.0000,1.0000,105.062,-1,0,0.0101
670,208,4907,0.0000,-1.0000,0.0000,66.625,-1,0,0.0000
671,209,210,1.0000,0.0000,0.0000,66.625,-1,0,0.0000
672,209,228,0.0000,0.0000,1.0000,105.062,-1,0,0.0101
673,209,229,0.0000,0.0000,1.0000,105.062,-1,0,0.0102
674,209,4907,0.0000,-1.0000,0.0000,66.625,-1,0,0.0000
675,210,229,0.0000,0.0000,1.0000,105.062,-1,0,0.0102
676,210,230,0.0000,0.0000,1.0000,105.062,-1,0,0.0102
677,210,3687,0.0000,1.0000,0.0000,66.625,-1,0,0.0000
678,211,212,1.0000,0.0000,0.0000,66.625,-1,0,0.0000
679,211,2992,0.0000,1.0000,0.0000,66.625,-1,0,0.0000
680,211,231,0.0000,0.0000,1.0000,105.062,-1,0,0.0076
681,212,213,1.0000,0.0000,0.0000,66.625,-1,0,0.0000
682,212,231,0.0000,0.0000,1.0000,105.062,-1,0,0.0076
683,212,232,0.0000,0.0000,1.0000,105.062,-1,0,0.0077
684,213,214,1.0000,0.0000,0.0000,66.625,-1,0,0.0000
685,213,4289,0.0000,-1.0000,0.0000,139.750,-1,0,0.0000
686,213,232,0.0000,0.0000,1.0000,105.062,-1,0,0.0077
687,213,233,0.0000,0.0000,1.0000,105.062,-1,0,0.0079
688,214,233,0.0000,0.0000,1.0000,105.062,-1,0,0.0079
689,214,234,0.0000,0.0000,1.0000,105.062,-1,0,0.0080
690,215,216,1.0000,0.0000,0.0000,66.625,-1,0,0.0000
691,215,235,0.0000,0.0000,1.0000,105.062,-1,0,0.0085
692,215,236,0.0000,0.0000,1.0000,105.062,-1,0,0.0085
693,216,217,1.0000,0.0000,0.0000,66.625,-1,0,0.0000
694,216,4413,0.0000,-1.0000,0.0000,139.750,-1,0,0.0000
695,216,236,0.0000,0.0000,1.0000,105.062,-1,0,0.0085
696,216,237,0.0000,0.0000,1.0000,105.062,-1,0,0.0085
697,217,237,0.0000,0.0000,1.0000,105.062,-1,0,0.0085
698,217,238,0.0000,0.0000,1.0000,105.062,-1,0,0.0085
699,218,219,1.0000,0.0000,0.0000,66.625,-1,0,0.0000
700,218,239,0.0000,0.0000,1.0000,105.062,-1,0,0.0086
701,218,240,0.0000,0.0000,1.0000,105.062,-1,0,0.0086
702,219,220,1.0000,0.0000,0.0000,66.625,-1,0,0.0000
703,219,4537,0.0000,-1.0000,0.0000,139.750,-1,0,0.0000
704,219,240,0.0000,0.0000,1.0000,105.062,-1,0,0.0086
705,219,241,0.0000,0.0000,1.0000,105.062,-1,0,0.0086
706,220,241,0.0000,0.0000,1.0000,105.062,-1,0,0.0086
707,220,242,0.0000,0.0000,1.0000,105.062,-1,0,0.0086
708,221,222,1.0000,0.0000,0.0000,66.625,-1,0,0.0000
709,221,243,0.0000,0.0000,1.0000,105.062,-1,0,0.0086
710,221,244,0.0000,0.0000,1.0000,105.062,-1,0,0.0086
711,222,223,1.0000,0.0000,0.0000,66.625,-1,0,0.0000
712,222,4661,0.0000,-1.0000,0.0000,139.750,-1,0,0.0000
713,222,244,0.0000,0.0000,1.0000,105.062,-1,0,0.0086
714,222,245,0.0000,0.0000,1.0000,105.062,-1,0,0.0086
715,223,245,0.0000,0.0000,1.0000,105.062,-1,0,0.0086
716,223,246,0.0000,0.0000,1.0000,105.062,-1,0,0.0086
717,224,225,1.0000,0.0000,0.0000,66.625,-1,0,0.0000
718,224,247,0.0000,0.0000,1.0000,105.062,-1,0,0.0087
719,224,248,0.0000,0.0000,1.0000,105.062,-1,0,0.0087
720,225,226,1.0000,0.0000,0.0000,66.625,-1,0,0.0000
721,225,4785,0.0000,-1.0000,0.0000,139.750,-1,0,0.0000
722,225,248,0.0000,0.0000,1.0000,105.062,-1,0,0.0087
723,225,249,0.0000,0.0000,1.0000,105.062,-1,0,0.0088
724,226,249,0.0000,0.0000,1.0000,105.062,-1,0,0.0088
725,226,250,0.0000,0.0000,1.0000,105.062,-1,0,0.0088
726,227,228,1.0000,0.0000,0.0000,66.625,-1,0,0.0000
727,227,251,0.0000,0.0000,1.0000,105.062,-1,0,0.0099
728,227,252,0.0000,0.0000,1.0000,105.062,-1,0,0.0100
729,228,229,1.0000,0.0000,0.0000,66.625,-1,0,0.0000
730,228,4909,0.0000,-1.0000,0.0000,139.750,-1,0,0.0000
731,228,252,0.0000,0.0000,1.0000,105.062,-1,0,0.0100
732,228,253,0.0000,0.0000,1.0000,105.062,-1,0,0.0100
733,229,230,1.0000,0.0000,0.0000,66.625,-1,0,0.0000
734,229,253,0.0000,0.0000,1.0000,105.062,-1,0,0.0100
735,229,254,0.0000,0.0000,1.0000,105.062,-1,0,0.0100
736,230,3695,0.0000,1.0000,0.0000,66.625,-1,0,0.0000
737,230,254,0.0000,0.0000,1.0000,105.062,-1,0,0.0100
738,231,232,1.0000,0.0000,0.0000,66.625,-1,0,0.0000
739,231,255,0.0000,0.0000,1.0000,105.062,-1,0,0.0074
740,231,256,0.0000,0.0000,1.0000,105.062,-1,0,0.0075
741,231,3005,0.0000,1.0000,0.0000,66.625,-1,0,0.0000
742,232,233,1.0000,0.0000,0.0000,66.625,-1,0,0.0000
743,232,256,0.0000,0.0000,1.0000,105.062,-1,0,0.0075
744,232,257,0.0000,0.0000,1.0000,105.062,-1,0,0.0077
745,232,4291,0.0000,-1.0000,0.0000,66.625,-1,0,0.0000
746,233,234,1.0000,0.0000,0.0000,66.625,-1,0,0.0000
747,233,257,0.0000,0.0000,1.0000,105.062,-1,0,0.0077
748,233,258,0.0000,0.0000,1.0000,105.062,-1,0,0.0078
749,233,4291,0.0000,-1.0000,0.0000,66.625,-1,0,0.0000
750,234,258,0.0000,0.0000,1.0000,105.062,-1,0,0.0078
751,235,236,1.0000,0.0000,0.0000,66.625,-1,0,0.0000
752,235,259,0.0000,0.0000,1.0000,105.062,-1,0,0.0084
753,236,237,1.0000,0.0000,0.0000,66.625,-1,0,0.0000
754,236,259,0.0000,0.0000,1.0000,105.062,-1,0,0.0084
755,236,260,0.0000,0.0000,1.0000,105.062,-1,0,0.0084
756,236,4415,0.0000,-1.0000,0.0000,66.625,-1,0,0.0000
757,237,238,1.0000,0.0000,0.0000,66.625,-1,0,0.0000
758,237,260,0.0000,0.0000,1.0000,105.062,-1,0,0.0084
759,237,261,0.0000,0.0000,1.0000,105.062,-1,0,0.0084
760,237,4415,0.0000,-1.0000,0.0000,66.625,-1,0,0.0000
761,238,261,0.0000,0.0000,1.0000,105.062,-1,0,0.0084
762,239,240,1.0000,0.0000,0.0000,66.625,-1,0,0.0000
763,239,262,0.0000,0.0000,1.0000,105.062,-1,0,0.0084
764,240,241,1.0000,0.0000,0.0000,66.625,-1,0,0.0000
765,240,262,0.0000,0.0000,1.0000,105.062,-1,0,0.0084
766,240,263,0.0000,0.0000,1.0000,105.062,-1,0,0.0084
767,240,4539,0.0000,-1.0000,0.0000,66.625,-1,0,0.0000
768,241,242,1.0000,0.0000,0.0000,66.625,-1,0,0.0000
769,241,263,0.0000,0.0000,1.0000,105.062,-1,0,0.0084
770,241,264,0.0000,0.0000,1.0000,105.062,-1,0,0.0084
771,241,4539,0.0000,-1.0000,0.0000,66.625,-1,0,0.0000
772,242,264,0.0000,0.0000,1.0000,105.062,-1,0,0.0084
773,243,244,1.0000,0.0000,0.0000,66.625,-1,0,0.0000
774,243,265,0.0000,0.0000,1.0000,105.062,-1,0,0.0084
775,244,245,1.0000,0.0000,0.0000,66.625,-1,0,0.0000
776,244,265,0.0000,0.0000,1.0000,105.062,-1,0,0.0084
777,244,266,0.0000,0.0000,1.0000,105.062,-1,0,0.0084
778,244,4663,0.0000,-1.0000,0.0000,66.625,-1,0,0.0000
779,245,246,1.0000,0.0000,0.0000,66.625,-1,0,0.0000
780,245,266,0.0000,0.0000,1.0000,105.062,-1,0,0.0084
781,245,267,0.0000,0.0000,1.0000,105.062,-1,0,0.0084
782,245,4663,0.0000,-1.0000,0.0000,66.625,-1,0,0.0000
783,246,267,0.0000,0.0000,1.0000,105.062,-1,0,0.0084
784,247,248,1.0000,0.0000,0.0000,66.625,-1,0,0.0000
785,247,268,0.0000,0.0000,1.0000,105.062,-1,0,0.0086
786,248,249,1.0000,0.0000,0.0000,66.625,-1,0,0.0000
787,248,268,0.0000,0.0000,1.0000,105.062,-1,0,0.0086
788,248,269,0.0000,0.0000,1.0000,105.062,-1,0,0.0086
789,248,4787,0.0000,-1.0000,0.0000,66.625,-1,0,0.0000
790,249,250,1.0000,0.0000,0.0000,66.625,-1,0,0.0000
791,249,269,0.0000,0.0000,1.0000,105.062,-1,0,0.0086
792,249,270,0.0000,0.0000,1.0000,105.062,-1,0,0.0086
793,249,4787,0.0000,-1.0000,0.0000,66.625,-1,0,0.0000
794,250,270,0.0000,0.0000,1.0000,105.062,-1,0,0.0086
795,251,252,1.0000,0.0000,0.0000,66.625,-1,0,0.0000
796,251,271,0.0000,0.0000,1.0000,105.062,-1,0,0.0098
797,252,253,1.0000,0.0000,0.0000,66.625,-1,0,0.0000
798,252,271,0.0000,0.0000,1.0000,105.062,-1,0,0.0098
799,252,272,0.0000,0.0000,1.0000,105.062,-1,0,0.0099
800,252,4911,0.0000,-1.0000,0.0000,66.625,-1,0,0.0000
801,253,254,1.0000,0.0000,0.0000,66.625,-1,0,0.0000
802,253,272,0.0000,0.0000,1.0000,105.062,-1,0,0.0099
803,253,273,0.0000,0.0000,1.0000,105.062,-1,0,0.0099
804,253,4911,0.0000,-1.0000,0.0000,66.625,-1,0,0.0000
805,254,273,0.0000,0.0000,1.0000,105.062,-1,0,0.0099
806,254,274,0.0000,0.0000,1.0000,105.062,-1,0,0.0099
807,254,3705,0.0000,1.0000,0.0000,66.625,-1,0,0.0000
808,255,256,1.0000,0.0000,0.0000,66.625,-1,0,0.0000
809,255,3015,0.0000,1.0000,0.0000,66.625,-1,0,0.0000
810,255,275,0.0000,0.0000,1.0000,105.062,-1,0,0.0073
811,256,257,1.0000,0.0000,0.0000,66.625,-1,0,0.0000
812,256,275,0.0000,0.0000,1.0000,105.062,-1,0,0.0073
813,256,276,0.0000,0.0000,1.0000,105.062,-1,0,0.0075
814,257,258,1.0000,0.0000,0.0000,66.625,-1,0,0.0000
815,257,4293,0.0000,-1.0000,0.0000,139.750,-1,0,0.0000
816,257,276,0.0000,0.0000,1.0000,105.062,-1,0,0.0075
817,257,277,0.0000,0.0000,1.0000,105.062,-1,0,0.0077
818,258,277,0.0000,0.0000,1.0000,105.062,-1,0,0.0077
819,258,278,0.0000,0.0000,1.0000,105.062,-1,0,0.0078
820,259,260,1.0000,0.0000,0.0000,66.625,-1,0,0.0000
821,259,279,0.0000,0.0000,1.0000,105.062,-1,0,0.0083
822,259,280,0.0000,0.0000,1.0000,105.062,-1,0,0.0083
823,260,261,1.0000,0.0000,0.0000,66.625,-1,0,0.0000
824,260,4417,0.0000,-1.0000,0.0000,139.750,-1,0,0.0000
825,260,280,0.0000,0.0000,1.0000,105.062,-1,0,0.0083
826,260,281,0.0000,0.0000,1.0000,105.062,-1,0,0.0083
827,261,281,0.0000,0.0000,1.0000,105.062,-1,0,0.0083
828,261,282,0.0000,0.0000,1.0000,105.062,-1,0,0.0083
829,262,263,1.0000,0.0000,0.0000,66.625,-1,0,0.0000
830,262,283,0.0000,0.0000,1.0000,105.062,-1,0,0.0083
831,262,284,0.0000,0.0000,1.0000,105.062,-1,0,0.0083
832,263,264,1.0000,0.0000,0.0000,66.625,-1,0,0.0000
833,263,4541,0.0000,-1.0000,0.0000,139.750,-1,0,0.0000
834,263,284,0.0000,0.0000,1.0000,105.062,-1,0,0.0083
835,263,285,0.0000,0.0000,1.0000,105.062,-1,0,0.0083
836,264,285,0.0000,0.0000,1.0000,105.062,-1,0,0.0083
837,264,286,0.0000,0.0000,1.0000,105.062,-1,0,0.0083
838,265,266,1.0000,0.0000,0.0000,66.625,-1,0,0.0000
839,265,287,0.0000,0.0000,1.0000,105.062,-1,0,0.0083
840,265,288,0.0000,0.0000,1.0000,105.062,-1,0,0.0083
841,266,267,1.0000,0.0000,0.0000,66.625,-1,0,0.0000
842,266,4665,0.0000,-1.0000,0.0000,139.750,-1,0,0.0000
843,266,288,0.0000,0.0000,1.0000,105.062,-1,0,0.0083
844,266,289,0.0000,0.0000,1.0000,105.062,-1,0,0.0083
845,267,289,0.0000,0.0000,1.0000,105.062,-1,0,0.0083
846,267,290,0.0000,0.0000,1.0000,105.062,-1,0,0.0083
847,268,269,1.0000,0.0000,0.0000,66.625,-1,0,0.0000
848,268,291,0.0000,0.0000,1.0000,105.062,-1,0,0.0084
849,268,292,0.0000,0.0000,1.0000,105.062,-1,0,0.0085
850,269,270,1.0000,0.0000,0.0000,66.625,-1,0,0.0000
851,269,4789,0.0000,-1.0000,0.0000,139.750,-1,0,0.0000
852,269,292,0.0000,0.0000,1.0000,105.062,-1,0,0.0085
853,269,293,0.0000,0.0000,1.0000,105.062,-1,0,0.0085
854,270,293,0.0000,0.0000,1.0000,105.062,-1,0,0.0085
855,270,294,0.0000,0.0000,1.0000,105.062,-1,0,0.0085
856,271,272,1.0000,0.0000,0.0000,66.625,-1,0,0.0000
857,271,295,0.0000,0.0000,1.0000,105.062,-1,0,0.0097
858,271,296,0.0000,0.0000,1.0000,105.062,-1,0,0.0097
859,272,273,1.0000,0.0000,0.0000,66.625,-1,0,0.0000
860,272,4913,0.0000,-1.0000,0.0000,139.750,-1,0,0.0000
861,272,296,0.0000,0.0000,1.0000,105.062,-1,0,0.0097
862,272,297,0.0000,0.0000,1.0000,105.062,-1,0,0.0098
863,273,274,1.0000,0.0000,0.0000,66.625,-1,0,0.0000
864,273,297,0.0000,0.0000,1.0000,105.062,-1,0,0.0098
865,273,298,0.0000,0.0000,1.0000,105.062,-1,0,0.0098
866,274,3713,0.0000,1.0000,0.0000,66.625,-1,0,0.0000
867,274,298,0.0000,0.0000,1.0000,105.062,-1,0,0.0098
868,275,276,1.0000,0.0000,0.0000,66.625,-1,0,0.0000
869,275,299,0.0000,0.0000,1.0000,105.062,-1,0,0.0071
870,275,300,0.0000,0.0000,1.0000,105.062,-1,0,0.0072
871,275,3028,0.0000,1.0000,0.0000,66.625,-1,0,0.0000
872,276,277,1.0000,0.0000,0.0000,66.625,-1,0,0.0000
873,276,300,0.0000,0.0000,1.0000,105.062,-1,0,0.0072
874,276,301,0.0000,0.0000,1.0000,105.062,-1,0,0.0075
875,276,4295,0.0000,-1.0000,0.0000,66.625,-1,0,0.0000
876,277,278,1.0000,0.0000,0.0000,66.625,-1,0,0.0000
877,277,301,0.0000,0.0000,1.0000,105.062,-1,0,0.0075
878,277,302,0.0000,0.0000,1.0000,105.062,-1,0,0.0076
879,277,4295,0.0000,-1.0000,0.0000,66.625,-1,0,0.0000
880,278,302,0.0000,0.0000,1.0000,105.062,-1,0,0.0076
881,279,280,1.0000,0.0000,0.0000,66.625,-1,0,0.0000
882,279,303,0.0000,0.0000,1.0000,105.062,-1,0,0.0081
883,280,281,1.0000,0.0000,0.0000,66.625,-1,0,0.0000
884,280,303,0.0000,0.0000,1.0000,105.062,-1,0,0.0081
885,280,304,0.0000,0.0000,1.0000,105.062,-1,0,0.0082
886,280,4419,0.0000,-1.0000,0.0000,66.625,-1,0,0.0000
887,281,282,1.0000,0.0000,0.0000,66.625,-1,0,0.0000
888,281,304,0.0000,0.0000,1.0000,105.062,-1,0,0.0082
889,281,305,0.0000,0.0000,1.0000,105.062,-1,0,0.0082
890,281,4419,0.0000,-1.0000,0.0000,66.625,-1,0,0.0000
891,282,305,0.0000,0.0000,1.0000,105.062,-1,0,0.0082
892,283,284,1.0000,0.0000,0.0000,66.625,-1,0,0.0000
893,283,306,0.0000,0.0000,1.0000,105.062,-1,0,0.0082
894,284,285,1.0000,0.0000,0.0000,66.625,-1,0,0.0000
895,284,306,0.0000,0.0000,1.0000,105.062,-1,0,0.0082
896,284,307,0.0000,0.0000,1.0000,105.062,-1,0,0.0082
897,284,4543,0.0000,-1.0000,0.0000,66.625,-1,0,0.0000
898,285,286,1.0000,0.0000,0.0000,66.625,-1,0,0.0000
899,285,307,0.0000,0.0000,1.0000,105.062,-1,0,0.0082
900,285,308,0.0000,0.0000,1.0000,105.062,-1,0,0.0082
901,285,4543,0.0000,-1.0000,0.0000,66.625,-1,0,0.0000
902,286,308,0.0000,0.0000,1.0000,105.062,-1,0,0.0082
903,287,288,1.0000,0.0000,0.0000,66.625,-1,0,0.0000
904,287,309,0.0000,0.0000,1.0000,105.062,-1,0,0.0082
905,288,289,1.0000,0.0000,0.0000,66.625,-1,0,0.0000
906,288,309,0.0000,0.0000,1.0000,105.062,-1,0,0.0082
907,288,310,0.0000,0.0000,1.0000,105.062,-1,0,0.0082
908,288,4667,0.0000,-1.0000,0.0000,66.625,-1,0,0.0000
909,289,290,1.0000,0.0000,0.0000,66.625,-1,0,0.0000
910,289,310,0.0000,0.0000,1.0000,105.062,-1,0,0.0082
911,289,311,0.0000,0.0000,1.0000,105.062,-1,0,0.0082
912,289,4667,0.0000,-1.0000,0.0000,66.625,-1,0,0.0000
913,290,311,0.0000,0.0000,1.0000,105.062,-1,0,0.0082
914,291,292,1.0000,0.0000,0.0000,66.625,-1,0,0.0000
915,291,312,0.0000,0.0000,1.0000,105.062,-1,0,0.0083
916,292,293,1.0000,0.0000,0.0000,66.625,-1,0,0.0000
917,292,312,0.0000,0.0000,1.0000,105.062,-1,0,0.0083
918,292,313,0.0000,0.0000,1.0000,105.062,-1,0,0.0084
919,292,4791,0.0000,-1.0000,0.0000,66.625,-1,0,0.0000
920,293,294,1.0000,0.0000,0.0000,66.625,-1,0,0.0000
921,293,313,0.0000,0.0000,1.0000,105.062,-1,0,0.0084
922,293,314,0.0000,0.0000,1.0000,105.062,-1,0,0.0084
923,293,4791,0.0000,-1.0000,0.0000,66.625,-1,0,0.0000
924,294,314,0.0000,0.0000,1.0000,105.062,-1,0,0.0084
925,295,296,1.0000,0.0000,0.0000,66.625,-1,0,0.0000
926,295,315,0.0000,0.0000,1.0000,105.062,-1,0,0.0096
927,296,297,1.0000,0.0000,0.0000,66.625,-1,0,0.0000
928,296,315,0.0000,0.0000,1.0000,105.062,-1,0,0.0096
929,296,316,0.0000,0.0000,1.0000,105.062,-1,0,0.0096
930,296,4915,0.0000,-1.0000,0.0000,66.625,-1,0,0.0000
931,297,298,1.0000,0.0000,0.0000,66.625,-1,0,0.0000
932,297,316,0.0000,0.0000,1.0000,105.062,-1,0,0.0096
933,297,317,0.0000,0.0000,1.0000,105.062,-1,0,0.0097
934,297,4915,0.0000,-1.0000,0.0000,66.625,-1,0,0.0000
935,298,317,0.0000,0.0000,1.0000,105.062,-1,0,0.0097
936,298,318,0.0000,0.0000,1.0000,105.062,-1,0,0.0097
937,298,3723,0.0000,1.0000,0.0000,66.625,-1,0,0.0000
938,299,300,1.0000,0.0000,0.0000,66.625,-1,0,0.0000
939,299,3038,0.0000,1.0000,0.0000,66.625,-1,0,0.0000
940,299,319,0.0000,0.0000,1.0000,105.062,-1,0,0.0070
941,300,301,1.0000,0.0000,0.0000,66.625,-1,0,0.0000
942,300,319,0.0000,0.0000,1.0000,105.062,-1,0,0.0070
943,300,320,0.0000,0.0000,1.0000,105.062,-1,0,0.0072
944,301,302,1.0000,0.0000,0.0000,66.625,-1,0,0.0000
945,301,4297,0.0000,-1.0000,0.0000,139.750,-1,0,0.0000
946,301,320,0.0000,0.0000,1.0000,105.062,-1,0,0.0072
947,301,321,0.0000,0.0000,1.0000,105.062,-1,0,0.0075
948,302,321,0.0000,0.0000,1.0000,105.062,-1,0,0.0075
949,302,322,0.0000,0.0000,1.0000,105.062,-1,0,0.0076
950,303,304,1.0000,0.0000,0.0000,66.625,-1,0,0.0000
951,303,323,0.0000,0.0000,1.0000,105.062,-1,0,0.0080
952,303,324,0.0000,0.0000,1.0000,105.062,-1,0,0.0080
953,304,305,1.0000,0.0000,0.0000,66.625,-1,0,0.0000
954,304,4421,0.0000,-1.0000,0.0000,139.750,-1,0,0.0000
955,304,324,0.0000,0.0000,1.0000,105.062,-1,0,0.0080
956,304,325,0.0000,0.0000,1.0000,105.062,-1,0,0.0080
957,305,325,0.0000,0.0000,1.0000,105.062,-1,0,0.0080
958,305,326,0.0000,0.0000,1.0000,105.062,-1,0,0.0080
959,306,307,1.0000,0.0000,0.0000,66.625,-1,0,0.0000
960,306,327,0.0000,0.0000,1.0000,105.062,-1,0,0.0081
961,306,328,0.0000,0.0000,1.0000,105.062,-1,0,0.0081
962,307,308,1.0000,0.0000,0.0000,66.625,-1,0,0.0000
963,307,4545,0.0000,-1.0000,0.0000,139.750,-1,0,0.0000
964,307,328,0.0000,0.0000,1.0000,105.062,-1,0,0.0081
965,307,329,0.0000,0.0000,1.0000,105.062,-1,0,0.0081
966,308,329,0.0000,0.0000,1.0000,105.062,-1,0,0.0081
967,308,330,0.0000,0.0000,1.0000,105.062,-1,0,0.0080
968,309,310,1.0000,0.0000,0.0000,66.625,-1,0,0.0000
969,309,331,0.0000,0.0000,1.0000,105.062,-1,0,0.0080
970,309,332,0.0000,0.0000,1.0000,105.062,-1,0,0.0081
971,310,311,1.0000,0.0000,0.0000,66.625,-1,0,0.0000
972,310,4669,0.0000,-1.0000,0.0000,139.750,-1,0,0.0000
973,310,332,0.0000,0.0000,1.0000,105.062,-1,0,0.0081
974,310,333,0.0000,0.0000,1.0000,105.062,-1,0,0.0081
975,311,333,0.0000,0.0000,1.0000,105.062,-1,0,0.0081
976,311,334,0.0000,0.0000,1.0000,105.062,-1,0,0.0081
977,312,313,1.0000,0.0000,0.0000,66.625,-1,0,0.0000
978,312,335,0.0000,0.0000,1.0000,105.062,-1,0,0.0082
979,312,336,0.0000,0.0000,1.0000,105.062,-1,0,0.0082
980,313,314,1.0000,0.0000,0.0000,66.625,-1,0,0.0000
981,313,4793,0.0000,-1.0000,0.0000,139.750,-1,0,0.0000
982,313,336,0.0000,0.0000,1.0000,105.062,-1,0,0.0082
983,313,337,0.0000,0.0000,1.0000,105.062,-1,0,0.0083
984,314,337,0.0000,0.0000,1.0000,105.062,-1,0,0.0083
985,314,338,0.0000,0.0000,1.0000,105.062,-1,0,0.0083
986,315,316,1.0000,0.0000,0.0000,66.625,-1,0,0.0000
987,315,339,0.0000,0.0000,1.0000,105.062,-1,0,0.0094
988,315,340,0.0000,0.0000,1.0000,105.062,-1,0,0.0095
989,316,317,1.0000,0.0000,0.0000,66.625,-1,0,0.0000
990,316,4917,0.0000,-1.0000,0.0000,139.750,-1,0,0.0000
991,316,340,0.0000,0.0000,1.0000,105.062,-1,0,0.0095
992,316,341,0.0000,0.0000,1.0000,105.062,-1,0,0.0095
993,317,318,1.0000,0.0000,0.0000,66.625,-1,0,0.0000
994,317,341,0.0000,0.0000,1.0000,105.062,-1,0,0.0095
995,317,342,0.0000,0.0000,1.0000,105.062,-1,0,0.0096
996,318,3731,0.0000,1.0000,0.0000,66.625,-1,0,0.0000
997,318,342,0.0000,0.0000,1.0000,105.062,-1,0,0.0096
998,319,320,1.0000,0.0000,0.0000,66.625,-1,0,0.0000
999,319,3051,0.0000,1.0000,0.0000,66.625,-1,0,0.0000
1000,319,343,0.0000,0.0000,1.0000,105.062,-1,0,0.0068
1001,319,344,0.0000,0.0000,1.0000,105.062,-1,0,0.0069
1002,320,321,1.0000,0.0000,0.0000,66.625,-1,0,0.0000
1003,320,4299,0.0000,-1.0000,0.0000,66.625,-1,0,0.0000
1004,320,344,0.0000,0.0000,1.0000,105.062,-1,0,0.0069
1005,320,345,0.0000,0.0000,1.0000,105.062,-1,0,0.0072
1006,321,322,1.0000,0.0000,0.0000,66.625,-1,0,0.0000
1007,321,4299,0.0000,-1.0000,0.0000,66.625,-1,0,0.0000
1008,321,345,0.0000,0.0000,1.0000,105.062,-1,0,0.0072
1009,321,346,0.0000,0.0000,1.0000,105.062,-1,0,0.0074
1010,322,346,0.0000,0.0000,1.0000,105.062,-1,0,0.0074
1011,323,324,1.0000,0.0000,0.0000,66.625,-1,0,0.0000
1012,323,347,0.0000,0.0000,1.0000,105.062,-1,0,0.0079
1013,324,325,1.0000,0.0000,0.0000,66.625,-1,0,0.0000
1014,324,4423,0.0000,-1.0000,0.0000,66.625,-1,0,0.0000
1015,324,347,0.0000,0.0000,1.0000,105.062,-1,0,0.0079
1016,324,348,0.0000,0.0000,1.0000,105.062,-1,0,0.0079
1017,325,326,1.0000,0.0000,0.0000,66.625,-1,0,0.0000
1018,325,4423,0.0000,-1.0000,0.0000,66.625,-1,0,0.0000
1019,325,348,0.0000,0.0000,1.0000,105.062,-1,0,0.0079
1020,325,349,0.0000,0.0000,1.0000,105.062,-1,0,0.0079
1021,326,349,0.0000,0.0000,1.0000,105.062,-1,0,0.0079
1022,327,328,1.0000,0.0000,0.0000,66.625,-1,0,0.0000
1023,327,350,0.0000,0.0000,1.0000,105.062,-1,0,0.0079
1024,328,329,1.0000,0.0000,0.0000,66.625,-1,0,0.0000
1025,328,4547,0.0000,-1.0000,0.0000,66.625,-1,0,0.0000
1026,328,350,0.0000,0.0000,1.0000,105.062,-1,0,0.0079
1027,328,351,0.0000,0.0000,1.0000,105.062,-1,0,0.0079
1028,329,330,1.0000,0.0000,0.0000,66.625,-1,0,0.0000
1029,329,4547,0.0000,-1.0000,0.0000,66.625,-1,0,0.0000
1030,329,351,0.0000,0.0000,1.0000,105.062,-1,0,0.0079
1031,329,352,0.0000,0.0000,1.0000,105.062,-1,0,0.0079
1032,330,352,0.0000,0.0000,1.0000,105.062,-1,0,0.0079
1033,331,332,1.0000,0.0000,0.0000,66.625,-1,0,0.0000
1034,331,353,0.0000,0.0000,1.0000,105.062,-1,0,0.0079
1035,332,333,1.0000,0.0000,0.0000,66.625,-1,0,0.0000
1036,332,4671,0.0000,-1.0000,0.0000,66.625,-1,0,0.0000
1037,332,353,0.0000,0.0000,1.0000,105.062,-1,0,0.0079
1038,332,354,0.0000,0.0000,1.0000,105.062,-1,0,0.0079
1039,333,334,1.0000,0.0000,0.0000,66.625,-1,0,0.0000
1040,333,4671,0.0000,-1.0000,0.0000,66.625,-1,0,0.0000
1041,333,354,0.0000,0.0000,1.0000,105.062,-1,0,0.0079
1042,333,355,0.0000,0.0000,1.0000,105.062,-1,0,0.0079
1043,334,355,0.0000,0.0000,1.0000,105.062,-1,0,0.0079
1044,335,336,1.0000,0.0000,0.0000,66.625,-1,0,0.0000
1045,335,356,0.0000,0.0000,1.0000,105.062,-1,0,0.0081
1046,336,337,1.0000,0.0000,0.0000,66.625,-1,0,0.0000
1047,336,4795,0.0000,-1.0000,0.0000,66.625,-1,0,0.0000
1048,336,356,0.0000,0.0000,1.0000,105.062,-1,0,0.0081
1049,336,357,0.0000,0.0000,1.0000,105.062,-1,0,0.0081
1050,337,338,1.0000,0.0000,0.0000,66.625,-1,0,0.0000
1051,337,4795,0.0000,-1.0000,0.0000,66.625,-1,0,0.0000
1052,337,357,0.0000,0.0000,1.0000,105.062,-1,0,0.0081
1053,337,358,0.0000,0.0000,1.0000,105.062,-1,0,0.0081
1054,338,358,0.0000,0.0000,1.0000,105.062,-1,0,0.0081
1055,339,340,1.0000,0.0000,0.0000,66.625,-1,0,0.0000
1056,339,359,0.0000,0.0000,1.0000,105.062,-1,0,0.0093
1057,340,341,1.0000,0.0000,0.0000,66.625,-1,0,0.0000
1058,340,4919,0.0000,-1.0000,0.0000,66.625,-1,0,0.0000
1059,340,359,0.0000,0.0000,1.0000,105.062,-1,0,0.0093
1060,340,360,0.0000,0.0000,1.0000,105.062,-1,0,0.0094
1061,341,342,1.0000,0.0000,0.0000,66.625,-1,0,0.0000
1062,341,4919,0.0000,-1.0000,0.0000,66.625,-1,0,0.0000
1063,341,360,0.0000,0.0000,1.0000,105.062,-1,0,0.0094
1064,341,361,0.0000,0.0000,1.0000,105.062,-1,0,0.0094
1065,342,3741,0.0000,1.0000,0.0000,66.625,-1,0,0.0000
1066,342,361,0.0000,0.0000,1.0000,105.062,-1,0,0.0094
1067,342,362,0.0000,0.0000,1.0000,105.062,-1,0,0.0095
1068,343,344,1.0000,0.0000,0.0000,66.625,-1,0,0.0000
1069,343,363,0.0000,0.0000,1.0000,105.062,-1,0,0.0067
1070,343,3061,0.0000,1.0000,0.0000,66.625,-1,0,0.0000
1071,344,345,1.0000,0.0000,0.0000,66.625,-1,0,0.0000
1072,344,363,0.0000,0.0000,1.0000,105.062,-1,0,0.0067
1073,344,364,0.0000,0.0000,1.0000,105.062,-1,0,0.0069
1074,345,346,1.0000,0.0000,0.0000,66.625,-1,0,0.0000
1075,345,364,0.0000,0.0000,1.0000,105.062,-1,0,0.0069
1076,345,365,0.0000,0.0000,1.0000,105.062,-1,0,0.0072
1077,345,4301,0.0000,-1.0000,0.0000,139.750,-1,0,0.0000
1078,346,365,0.0000,0.0000,1.0000,105.062,-1,0,0.0072
1079,346,366,0.0000,0.0000,1.0000,105.062,-1,0,0.0074
1080,347,348,1.0000,0.0000,0.0000,66.625,-1,0,0.0000
1081,347,367,0.0000,0.0000,1.0000,105.062,-1,0,0.0078
1082,347,368,0.0000,0.0000,1.0000,105.062,-1,0,0.0078
1083,348,349,1.0000,0.0000,0.0000,66.625,-1,0,0.0000
1084,348,368,0.0000,0.0000,1.0000,105.062,-1,0,0.0078
1085,348,369,0.0000,0.0000,1.0000,105.062,-1,0,0.0078
1086,348,4425,0.0000,-1.0000,0.0000,139.750,-1,0,0.0000
1087,349,369,0.0000,0.0000,1.0000,105.062,-1,0,0.0078
1088,349,370,0.0000,0.0000,1.0000,105.062,-1,0,0.0078
1089,350,351,1.0000,0.0000,0.0000,66.625,-1,0,0.0000
1090,350,371,0.0000,0.0000,1.0000,105.062,-1,0,0.0078
1091,350,372,0.0000,0.0000,1.0000,105.062,-1,0,0.0078
1092,351,352,1.0000,0.0000,0.0000,66.625,-1,0,0.0000
1093,351,372,0.0000,0.0000,1.0000,105.062,-1,0,0.0078
1094,351,373,0.0000,0.0000,1.0000,105.062,-1,0,0.0078
1095,351,4549,0.0000,-1.0000,0.0000,139.750,-1,0,0.0000
1096,352,373,0.0000,0.0000,1.0000,105.062,-1,0,0.0078
1097,352,374,0.0000,0.0000,1.0000,105.062,-1,0,0.0078
1098,353,354,1.0000,0.0000,0.0000,66.625,-1,0,0.0000
1099,353,375,0.0000,0.0000,1.0000,105.062,-1,0,0.0078
1100,353,376,0.0000,0.0000,1.0000,105.062,-1,0,0.0078
1101,354,355,1.0000,0.0000,0.0000,66.625,-1,0,0.0000
1102,354,376,0.0000,0.0000,1.0000,105.062,-1,0,0.0078
1103,354,377,0.0000,0.0000,1.0000,105.062,-1,0,0.0078
1104,354,4673,0.0000,-1.0000,0.0000,139.750,-1,0,0.0000
1105,355,377,0.0000,0.0000,1.0000,105.062,-1,0,0.0078
1106,355,378,0.0000,0.0000,1.0000,105.062,-1,0,0.0078
1107,356,357,1.0000,0.0000,0.0000,66.625,-1,0,0.0000
1108,356,379,0.0000,0.0000,1.0000,105.062,-1,0,0.0079
1109,356,380,0.0000,0.0000,1.0000,105.062,-1,0,0.0080
1110,357,358,1.0000,0.0000,0.0000,66.625,-1,0,0.0000
1111,357,380,0.0000,0.0000,1.0000,105.062,-1,0,0.0080
1112,357,381,0.0000,0.0000,1.0000,105.062,-1,0,0.0080
1113,357,4797,0.0000,-1.0000,0.0000,139.750,-1,0,0.0000
1114,358,381,0.0000,0.0000,1.0000,105.062,-1,0,0.0080
1115,358,382,0.0000,0.0000,1.0000,105.062,-1,0,0.0080
1116,359,360,1.0000,0.0000,0.0000,66.625,-1,0,0.0000
1117,359,383,0.0000,0.0000,1.0000,105.062,-1,0,0.0091
1118,359,384,0.0000,0.0000,1.0000,105.062,-1,0,0.0092
1119,360,361,1.0000,0.0000,0.0000,66.625,-1,0,0.0000
1120,360,384,0.0000,0.0000,1.0000,105.062,-1,0,0.0092
1121,360,385,0.0000,0.0000,1.0000,105.062,-1,0,0.0093
1122,360,4921,0.0000,-1.0000,0.0000,139.750,-1,0,0.0000
1123,361,362,1.0000,0.0000,0.0000,66.625,-1,0,0.0000
1124,361,385,0.0000,0.0000,1.0000,105.062,-1,0,0.0093
1125,361,386,0.0000,0.0000,1.0000,105.062,-1,0,0.0093
1126,362,386,0.0000,0.0000,1.0000,105.062,-1,0,0.0093
1127,362,3749,0.0000,1.0000,0.0000,66.625,-1,0,0.0000
1128,363,364,1.0000,0.0000,0.0000,66.625,-1,0,0.0000
1129,363,3074,0.0000,1.0000,0.0000,66.625,-1,0,0.0000
1130,363,387,0.0000,0.0000,1.0000,105.062,-1,0,0.0065
1131,363,388,0.0000,0.0000,1.0000,105.062,-1,0,0.0066
1132,364,365,1.0000,0.0000,0.0000,66.625,-1,0,0.0000
1133,364,4303,0.0000,-1.0000,0.0000,66.625,-1,0,0.0000
1134,364,388,0.0000,0.0000,1.0000,105.062,-1,0,0.0066
1135,364,389,0.0000,0.0000,1.0000,105.062,-1,0,0.0070
1136,365,366,1.0000,0.0000,0.0000,66.625,-1,0,0.0000
1137,365,4303,0.0000,-1.0000,0.0000,66.625,-1,0,0.0000
1138,365,389,0.0000,0.0000,1.0000,105.062,-1,0,0.0070
1139,365,390,0.0000,0.0000,1.0000,105.062,-1,0,0.0073
1140,366,390,0.0000,0.0000,1.0000,105.062,-1,0,0.0073
1141,367,368,1.0000,0.0000,0.0000,66.625,-1,0,0.0000
1142,367,391,0.0000,0.0000,1.0000,105.062,-1,0,0.0076
1143,368,369,1.0000,0.0000,0.0000,66.625,-1,0,0.0000
1144,368,4427,0.0000,-1.0000,0.0000,66.625,-1,0,0.0000
1145,368,391,0.0000,0.0000,1.0000,105.062,-1,0,0.0076
1146,368,392,0.0000,0.0000,1.0000,105.062,-1,0,0.0076
1147,369,370,1.0000,0.0000,0.0000,66.625,-1,0,0.0000
1148,369,4427,0.0000,-1.0000,0.0000,66.625,-1,0,0.0000
1149,369,392,0.0000,0.0000,1.0000,105.062,-1,0,0.0076
1150,369,393,0.0000,0.0000,1.0000,105.062,-1,0,0.0077
1151,370,393,0.0000,0.0000,1.0000,105.062,-1,0,0.0077
1152,371,372,1.0000,0.0000,0.0000,66.625,-1,0,0.0000
1153,371,394,0.0000,0.0000,1.0000,105.062,-1,0,0.0077
1154,372,373,1.0000,0.0000,0.0000,66.625,-1,0,0.0000
1155,372,4551,0.0000,-1.0000,0.0000,66.625,-1,0,0.0000
1156,372,394,0.0000,0.0000,1.0000,105.062,-1,0,0.0077
1157,372,395,0.0000,0.0000,1.0000,105.062,-1,0,0.0077
1158,373,374,1.0000,0.0000,0.0000,66.625,-1,0,0.0000
1159,373,4551,0.0000,-1.0000,0.0000,66.625,-1,0,0.0000
1160,373,395,0.0000,0.0000,1.0000,105.062,-1,0,0.0077
1161,373,396,0.0000,0.0000,1.0000,105.062,-1,0,0.0077
1162,374,396,0.0000,0.0000,1.0000,105.062,-1,0,0.0077
1163,375,376,1.0000,0.0000,0.0000,66.625,-1,0,0.0000
1164,375,397,0.0000,0.0000,1.0000,105.062,-1,0,0.0077
1165,376,377,1.0000,0.0000,0.0000,66.625,-1,0,0.0000
1166,376,4675,0.0000,-1.0000,0.0000,66.625,-1,0,0.0000
1167,376,397,0.0000,0.0000,1.0000,105.062,-1,0,0.0077
1168,376,398,0.0000,0.0000,1.0000,105.062,-1,0,0.0077
1169,377,378,1.0000,0.0000,0.0000,66.625,-1,0,0.0000
1170,377,4675,0.0000,-1.0000,0.0000,66.625,-1,0,0.0000
1171,377,398,0.0000,0.0000,1.0000,105.062,-1,0,0.0077
1172,377,399,0.0000,0.0000,1.0000,105.062,-1,0,0.0077
1173,378,399,0.0000,0.0000,1.0000,105.062,-1,0,0.0077
1174,379,380,1.0000,0.0000,0.0000,66.625,-1,0,0.0000
1175,379,400,0.0000,0.0000,1.0000,105.062,-1,0,0.0078
1176,380,381,1.0000,0.0000,0.0000,66.625,-1,0,0.0000
1177,380,4799,0.0000,-1.0000,0.0000,66.625,-1,0,0.0000
1178,380,400,0.0000,0.0000,1.0000,105.062,-1,0,0.0078
1179,380,401,0.0000,0.0000,1.0000,105.062,-1,0,0.0079
1180,381,382,1.0000,0.0000,0.0000,66.625,-1,0,0.0000
1181,381,4799,0.0000,-1.0000,0.0000,66.625,-1,0,0.0000
1182,381,401,0.0000,0.0000,1.0000,105.062,-1,0,0.0079
1183,381,402,0.0000,0.0000,1.0000,105.062,-1,0,0.0079
1184,382,402,0.0000,0.0000,1.0000,105.062,-1,0,0.0079
1185,383,384,1.0000,0.0000,0.0000,66.625,-1,0,0.0000
1186,383,403,0.0000,0.0000,1.0000,105.062,-1,0,0.0090
1187,384,385,1.0000,0.0000,0.0000,66.625,-1,0,0.0000
1188,384,4923,0.0000,-1.0000,0.0000,66.625,-1,0,0.0000
1189,384,403,0.0000,0.0000,1.0000,105.062,-1,0,0.0090
1190,384,404,0.0000,0.0000,1.0000,105.062,-1,0,0.0091
1191,385,386,1.0000,0.0000,0.0000,66.625,-1,0,0.0000
1192,385,4923,0.0000,-1.0000,0.0000,66.625,-1,0,0.0000
1193,385,404,0.0000,0.0000,1.0000,105.062,-1,0,0.0091
1194,385,405,0.0000,0.0000,1.0000,105.062,-1,0,0.0092
1195,386,3759,0.0000,1.0000,0.0000,66.625,-1,0,0.0000
1196,386,405,0.0000,0.0000,1.0000,105.062,-1,0,0.0092
1197,386,406,0.0000,0.0000,1.0000,105.062,-1,0,0.0092
1198,387,388,1.0000,0.0000,0.0000,66.625,-1,0,0.0000
1199,387,407,0.0000,0.0000,1.0000,105.062,-1,0,0.0064
1200,387,3084,0.0000,1.0000,0.0000,66.625,-1,0,0.0000
1201,388,389,1.0000,0.0000,0.0000,66.625,-1,0,0.0000
1202,388,407,0.0000,0.0000,1.0000,105.062,-1,0,0.0064
1203,388,408,0.0000,0.0000,1.0000,105.062,-1,0,0.0066
1204,389,390,1.0000,0.0000,0.0000,66.625,-1,0,0.0000
1205,389,408,0.0000,0.0000,1.0000,105.062,-1,0,0.0066
1206,389,409,0.0000,0.0000,1.0000,105.062,-1,0,0.0070
1207,389,4305,0.0000,-1.0000,0.0000,139.750,-1,0,0.0000
1208,390,409,0.0000,0.0000,1.0000,105.062,-1,0,0.0070
1209,390,410,0.0000,0.0000,1.0000,105.062,-1,0,0.0072
1210,391,392,1.0000,0.0000,0.0000,66.625,-1,0,0.0000
1211,391,411,0.0000,0.0000,1.0000,105.062,-1,0,0.0075
1212,391,412,0.0000,0.0000,1.0000,105.062,-1,0,0.0075
1213,392,393,1.0000,0.0000,0.0000,66.625,-1,0,0.0000
1214,392,412,0.0000,0.0000,1.0000,105.062,-1,0,0.0075
1215,392,413,0.0000,0.0000,1.0000,105.062,-1,0,0.0075
1216,392,4429,0.0000,-1.0000,0.0000,139.750,-1,0,0.0000
1217,393,413,0.0000,0.0000,1.0000,105.062,-1,0,0.0075
1218,393,414,0.0000,0.0000,1.0000,105.062,-1,0,0.0075
1219,394,395,1.0000,0.0000,0.0000,66.625,-1,0,0.0000
1220,394,415,0.0000,0.0000,1.0000,105.062,-1,0,0.0076
1221,394,416,0.0000,0.0000,1.0000,105.062,-1,0,0.0076
1222,395,396,1.0000,0.0000,0.0000,66.625,-1,0,0.0000
1223,395,416,0.0000,0.0000,1.0000,105.062,-1,0,0.0076
1224,395,417,0.0000,0.0000,1.0000,105.062,-1,0,0.0076
1225,395,4553,0.0000,-1.0000,0.0000,139.750,-1,0,0.0000
1226,396,417,0.0000,0.0000,1.0000,105.062,-1,0,0.0076
1227,396,418,0.0000,0.0000,1.0000,105.062,-1,0,0.0075
1228,397,398,1.0000,0.0000,0.0000,66.625,-1,0,0.0000
1229,397,419,0.0000,0.0000,1.0000,105.062,-1,0,0.0075
1230,397,420,0.0000,0.0000,1.0000,105.062,-1,0,0.0075
1231,398,399,1.0000,0.0000,0.0000,66.625,-1,0,0.0000
1232,398,420,0.0000,0.0000,1.0000,105.062,-1,0,0.0075
1233,398,421,0.0000,0.0000,1.0000,105.062,-1,0,0.0076
1234,398,4677,0.0000,-1.0000,0.0000,139.750,-1,0,0.0000
1235,399,421,0.0000,0.0000,1.0000,105.062,-1,0,0.0076
1236,399,422,0.0000,0.0000,1.0000,105.062,-1,0,0.0076
1237,400,401,1.0000,0.0000,0.0000,66.625,-1,0,0.0000
1238,400,423,0.0000,0.0000,1.0000,105.062,-1,0,0.0077
1239,400,424,0.0000,0.0000,1.0000,105.062,-1,0,0.0077
1240,401,402,1.0000,0.0000,0.0000,66.625,-1,0,0.0000
1241,401,424,0.0000,0.0000,1.0000,105.062,-1,0,0.0077
1242,401,425,0.0000,0.0000,1.0000,105.062,-1,0,0.0078
1243,401,4801,0.0000,-1.0000,0.0000,139.750,-1,0,0.0000
1244,402,425,0.0000,0.0000,1.0000,105.062,-1,0,0.0078
1245,402,426,0.0000,0.0000,1.0000,105.062,-1,0,0.0078
1246,403,404,1.0000,0.0000,0.0000,66.625,-1,0,0.0000
1247,403,427,0.0000,0.0000,1.0000,105.062,-1,0,0.0089
1248,403,428,0.0000,0.0000,1.0000,105.062,-1,0,0.0089
1249,404,405,1.0000,0.0000,0.0000,66.625,-1,0,0.0000
1250,404,428,0.0000,0.0000,1.0000,105.062,-1,0,0.0089
1251,404,429,0.0000,0.0000,1.0000,105.062,-1,0,0.0090
1252,404,4925,0.0000,-1.0000,0.0000,139.750,-1,0,0.0000
1253,405,406,1.0000,0.0000,0.0000,66.625,-1,0,0.0000
1254,405,429,0.0000,0.0000,1.0000,105.062,-1,0,0.0090
1255,405,430,0.0000,0.0000,1.0000,105.062,-1,0,0.0091
1256,406,430,0.0000,0.0000,1.0000,105.062,-1,0,0.0091
1257,406,3767,0.0000,1.0000,0.0000,66.625,-1,0,0.0000
1258,407,408,1.0000,0.0000,0.0000,66.625,-1,0,0.0000
1259,407,3097,0.0000,1.0000,0.0000,66.625,-1,0,0.0000
1260,407,431,0.0000,0.0000,1.0000,105.062,-1,0,0.0061
1261,407,432,0.0000,0.0000,1.0000,105.062,-1,0,0.0063
1262,408,409,1.0000,0.0000,0.0000,66.625,-1,0,0.0000
1263,408,4307,0.0000,-1.0000,0.0000,66.625,-1,0,0.0000
1264,408,432,0.0000,0.0000,1.0000,105.062,-1,0,0.0063
1265,408,433,0.0000,0.0000,1.0000,105.062,-1,0,0.0067
1266,409,410,1.0000,0.0000,0.0000,66.625,-1,0,0.0000
1267,409,4307,0.0000,-1.0000,0.0000,66.625,-1,0,0.0000
1268,409,433,0.0000,0.0000,1.0000,105.062,-1,0,0.0067
1269,409,434,0.0000,0.0000,1.0000,105.062,-1,0,0.0071
1270,410,434,0.0000,0.0000,1.0000,105.062,-1,0,0.0071
1271,411,412,1.0000,0.0000,0.0000,66.625,-1,0,0.0000
1272,411,435,0.0000,0.0000,1.0000,105.062,-1,0,0.0074
1273,412,413,1.0000,0.0000,0.0000,66.625,-1,0,0.0000
1274,412,4431,0.0000,-1.0000,0.0000,66.625,-1,0,0.0000
1275,412,435,0.0000,0.0000,1.0000,105.062,-1,0,0.0074
1276,412,436,0.0000,0.0000,1.0000,105.062,-1,0,0.0074
1277,413,414,1.0000,0.0000,0.0000,66.625,-1,0,0.0000
1278,413,4431,0.0000,-1.0000,0.0000,66.625,-1,0,0.0000
1279,413,436,0.0000,0.0000,1.0000,105.062,-1,0,0.0074
1280,413,437,0.0000,0.0000,1.0000,105.062,-1,0,0.0074
1281,414,437,0.0000,0.0000,1.0000,105.062,-1,0,0.0074
1282,415,416,1.0000,0.0000,0.0000,66.625,-1,0,0.0000
1283,415,438,0.0000,0.0000,1.0000,105.062,-1,0,0.0074
1284,416,417,1.0000,0.0000,0.0000,66.625,-1,0,0.0000
1285,416,4555,0.0000,-1.0000,0.0000,66.625,-1,0,0.0000
1286,416,438,0.0000,0.0000,1.0000,105.062,-1,0,0.0074
1287,416,439,0.0000,0.0000,1.0000,105.062,-1,0,0.0074
1288,417,418,1.0000,0.0000,0.0000,66.625,-1,0,0.0000
1289,417,4555,0.0000,-1.0000,0.0000,66.625,-1,0,0.0000
1290,417,439,0.0000,0.0000,1.0000,105.062,-1,0,0.0074
1291,417,440,0.0000,0.0000,1.0000,105.062,-1,0,0.0074
1292,418,440,0.0000,0.0000,1.0000,105.062,-1,0,0.0074
1293,419,420,1.0000,0.0000,0.0000,66.625,-1,0,0.0000
1294,419,441,0.0000,0.0000,1.0000,105.062,-1,0,0.0074
1295,420,421,1.0000,0.0000,0.0000,66.625,-1,0,0.0000
1296,420,4679,0.0000,-1.0000,0.0000,66.625,-1,0,0.0000
1297,420,441,0.0000,0.0000,1.0000,105.062,-1,0,0.0074
1298,420,442,0.0000,0.0000,1.0000,105.062,-1,0,0.0074
1299,421,422,1.0000,0.0000,0.0000,66.625,-1,0,0.0000
1300,421,4679,0.0000,-1.0000,0.0000,66.625,-1,0,0.0000
1301,421,442,0.0000,0.0000,1.0000,105.062,-1,0,0.0074
1302,421,443,0.0000,0.0000,1.0000,105.062,-1,0,0.0074
1303,422,443,0.0000,0.0000,1.0000,105.062,-1,0,0.0074
1304,423,424,1.0000,0.0000,0.0000,66.625,-1,0,0.0000
1305,423,444,0.0000,0.0000,1.0000,105.062,-1,0,0.0075
1306,424,425,1.0000,0.0000,0.0000,66.625,-1,0,0.0000
1307,424,4803,0.0000,-1.0000,0.0000,66.625,-1,0,0.0000
1308,424,444,0.0000,0.0000,1.0000,105.062,-1,0,0.0075
1309,424,445,0.0000,0.0000,1.0000,105.062,-1,0,0.0076
1310,425,426,1.0000,0.0000,0.0000,66.625,-1,0,0.0000
1311,425,4803,0.0000,-1.0000,0.0000,66.625,-1,0,0.0000
1312,425,445,0.0000,0.0000,1.0000,105.062,-1,0,0.0076
1313,425,446,0.0000,0.0000,1.0000,105.062,-1,0,0.0077
1314,426,446,0.0000,0.0000,1.0000,105.062,-1,0,0.0077
1315,427,428,1.0000,0.0000,0.0000,66.625,-1,0,0.0000
1316,427,447,0.0000,0.0000,1.0000,105.062,-1,0,0.0088
1317,428,429,1.0000,0.0000,0.0000,66.625,-1,0,0.0000
1318,428,4927,0.0000,-1.0000,0.0000,66.625,-1,0,0.0000
1319,428,447,0.0000,0.0000,1.0000,105.062,-1,0,0.0088
1320,428,448,0.0000,0.0000,1.0000,105.062,-1,0,0.0088
1321,429,430,1.0000,0.0000,0.0000,66.625,-1,0,0.0000
1322,429,4927,0.0000,-1.0000,0.0000,66.625,-1,0,0.0000
1323,429,448,0.0000,0.0000,1.0000,105.062,-1,0,0.0088
1324,429,449,0.0000,0.0000,1.0000,105.062,-1,0,0.0089
1325,430,3777,0.0000,1.0000,0.0000,66.625,-1,0,0.0000
1326,430,449,0.0000,0.0000,1.0000,105.062,-1,0,0.0089
1327,430,450,0.0000,0.0000,1.0000,105.062,-1,0,0.0090
1328,431,432,1.0000,0.0000,0.0000,66.625,-1,0,0.0000
1329,431,451,0.0000,0.0000,1.0000,105.062,-1,0,0.0060
1330,431,3107,0.0000,1.0000,0.0000,66.625,-1,0,0.0000
1331,432,433,1.0000,0.0000,0.0000,66.625,-1,0,0.0000
1332,432,451,0.0000,0.0000,1.0000,105.062,-1,0,0.0060
1333,432,452,0.0000,0.0000,1.0000,105.062,-1,0,0.0064
1334,433,434,1.0000,0.0000,0.0000,66.625,-1,0,0.0000
1335,433,452,0.0000,0.0000,1.0000,105.062,-1,0,0.0064
1336,433,453,0.0000,0.0000,1.0000,105.062,-1,0,0.0068
1337,433,4309,0.0000,-1.0000,0.0000,139.750,-1,0,0.0000
1338,434,453,0.0000,0.0000,1.0000,105.062,-1,0,0.0068
1339,434,454,0.0000,0.0000,1.0000,105.062,-1,0,0.0071
1340,435,436,1.0000,0.0000,0.0000,66.625,-1,0,0.0000
1341,435,455,0.0000,0.0000,1.0000,105.062,-1,0,0.0073
1342,435,456,0.0000,0.0000,1.0000,105.062,-1,0,0.0072
1343,436,437,1.0000,0.0000,0.0000,66.625,-1,0,0.0000
1344,436,456,0.0000,0.0000,1.0000,105.062,-1,0,0.0072
1345,436,457,0.0000,0.0000,1.0000,105.062,-1,0,0.0073
1346,436,4433,0.0000,-1.0000,0.0000,139.750,-1,0,0.0000
1347,437,457,0.0000,0.0000,1.0000,105.062,-1,0,0.0073
1348,437,458,0.0000,0.0000,1.0000,105.062,-1,0,0.0073
1349,438,439,1.0000,0.0000,0.0000,66.625,-1,0,0.0000
1350,438,459,0.0000,0.0000,1.0000,105.062,-1,0,0.0073
1351,438,460,0.0000,0.0000,1.0000,105.062,-1,0,0.0073
1352,439,440,1.0000,0.0000,0.0000,66.625,-1,0,0.0000
1353,439,460,0.0000,0.0000,1.0000,105.062,-1,0,0.0073
1354,439,461,0.0000,0.0000,1.0000,105.062,-1,0,0.0073
1355,439,4557,0.0000,-1.0000,0.0000,139.750,-1,0,0.0000
1356,440,461,0.0000,0.0000,1.0000,105.062,-1,0,0.0073
1357,440,462,0.0000,0.0000,1.0000,105.062,-1,0,0.0073
1358,441,442,1.0000,0.0000,0.0000,66.625,-1,0,0.0000
1359,441,463,0.0000,0.0000,1.0000,105.062,-1,0,0.0073
1360,441,464,0.0000,0.0000,1.0000,105.062,-1,0,0.0073
1361,442,443,1.0000,0.0000,0.0000,66.625,-1,0,0.0000
1362,442,464,0.0000,0.0000,1.0000,105.062,-1,0,0.0073
1363,442,465,0.0000,0.0000,1.0000,105.062,-1,0,0.0073
1364,442,4681,0.0000,-1.0000,0.0000,139.750,-1,0,0.0000
1365,443,465,0.0000,0.0000,1.0000,105.062,-1,0,0.0073
1366,443,466,0.0000,0.0000,1.0000,105.062,-1,0,0.0073
1367,444,445,1.0000,0.0000,0.0000,66.625,-1,0,0.0000
1368,444,467,0.0000,0.0000,1.0000,105.062,-1,0,0.0074
1369,444,468,0.0000,0.0000,1.0000,105.062,-1,0,0.0074
1370,445,446,1.0000,0.0000,0.0000,66.625,-1,0,0.0000
1371,445,468,0.0000,0.0000,1.0000,105.062,-1,0,0.0074
1372,445,469,0.0000,0.0000,1.0000,105.062,-1,0,0.0075
1373,445,4805,0.0000,-1.0000,0.0000,139.750,-1,0,0.0000
1374,446,469,0.0000,0.0000,1.0000,105.062,-1,0,0.0075
1375,446,470,0.0000,0.0000,1.0000,105.062,-1,0,0.0076
1376,447,448,1.0000,0.0000,0.0000,66.625,-1,0,0.0000
1377,447,471,0.0000,0.0000,1.0000,105.062,-1,0,0.0086
1378,447,472,0.0000,0.0000,1.0000,105.062,-1,0,0.0086
1379,448,449,1.0000,0.0000,0.0000,66.625,-1,0,0.0000
1380,448,472,0.0000,0.0000,1.0000,105.062,-1,0,0.0086
1381,448,473,0.0000,0.0000,1.0000,105.062,-1,0,0.0088
1382,448,4929,0.0000,-1.0000,0.0000,139.750,-1,0,0.0000
1383,449,450,1.0000,0.0000,0.0000,66.625,-1,0,0.0000
1384,449,473,0.0000,0.0000,1.0000,105.062,-1,0,0.0088
1385,449,474,0.0000,0.0000,1.0000,105.062,-1,0,0.0089
1386,450,474,0.0000,0.0000,1.0000,105.062,-1,0,0.0089
1387,450,3785,0.0000,1.0000,0.0000,66.625,-1,0,0.0000
1388,451,452,1.0000,0.0000,0.0000,66.625,-1,0,0.0000
1389,451,3120,0.0000,1.0000,0.0000,66.625,-1,0,0.0000
1390,451,475,0.0000,0.0000,1.0000,105.062,-1,0,0.0058
1391,451,476,0.0000,0.0000,1.0000,105.062,-1,0,0.0060
1392,452,453,1.0000,0.0000,0.0000,66.625,-1,0,0.0000
1393,452,4311,0.0000,-1.0000,0.0000,66.625,-1,0,0.0000
1394,452,476,0.0000,0.0000,1.0000,105.062,-1,0,0.0060
1395,452,477,0.0000,0.0000,1.0000,105.062,-1,0,0.0065
1396,453,454,1.0000,0.0000,0.0000,66.625,-1,0,0.0000
1397,453,4311,0.0000,-1.0000,0.0000,66.625,-1,0,0.0000
1398,453,477,0.0000,0.0000,1.0000,105.062,-1,0,0.0065
1399,453,478,0.0000,0.0000,1.0000,105.062,-1,0,0.0070
1400,454,478,0.0000,0.0000,1.0000,105.062,-1,0,0.0070
1401,455,456,1.0000,0.0000,0.0000,66.625,-1,0,0.0000
1402,455,479,0.0000,0.0000,1.0000,105.062,-1,0,0.0071
1403,456,457,1.0000,0.0000,0.0000,66.625,-1,0,0.0000
1404,456,4435,0.0000,-1.0000,0.0000,66.625,-1,0,0.0000
1405,456,479,0.0000,0.0000,1.0000,105.062,-1,0,0.0071
1406,456,480,0.0000,0.0000,1.0000,105.062,-1,0,0.0071
1407,457,458,1.0000,0.0000,0.0000,66.625,-1,0,0.0000
1408,457,4435,0.0000,-1.0000,0.0000,66.625,-1,0,0.0000
1409,457,480,0.0000,0.0000,1.0000,105.062,-1,0,0.0071
1410,457,481,0.0000,0.0000,1.0000,105.062,-1,0,0.0072
1411,458,481,0.0000,0.0000,1.0000,105.062,-1,0,0.0072
1412,459,460,1.0000,0.0000,0.0000,66.625,-1,0,0.0000
1413,459,482,0.0000,0.0000,1.0000,105.062,-1,0,0.0072
1414,460,461,1.0000,0.0000,0.0000,66.625,-1,0,0.0000
1415,460,4559,0.0000,-1.0000,0.0000,66.625,-1,0,0.0000
1416,460,482,0.0000,0.0000,1.0000,105.062,-1,0,0.0072
1417,460,483,0.0000,0.0000,1.0000,105.062,-1,0,0.0071
1418,461,462,1.0000,0.0000,0.0000,66.625,-1,0,0.0000
1419,461,4559,0.0000,-1.0000,0.0000,66.625,-1,0,0.0000
1420,461,483,0.0000,0.0000,1.0000,105.062,-1,0,0.0071
1421,461,484,0.0000,0.0000,1.0000,105.062,-1,0,0.0072
1422,462,484,0.0000,0.0000,1.0000,105.062,-1,0,0.0072
1423,463,464,1.0000,0.0000,0.0000,66.625,-1,0,0.0000
1424,463,485,0.0000,0.0000,1.0000,105.062,-1,0,0.0072
1425,464,465,1.0000,0.0000,0.0000,66.625,-1,0,0.0000
1426,464,4683,0.0000,-1.0000,0.0000,66.625,-1,0,0.0000
1427,464,485,0.0000,0.0000,1.0000,105.062,-1,0,0.0072
1428,464,486,0.0000,0.0000,1.0000,105.062,-1,0,0.0071
1429,465,466,1.0000,0.0000,0.0000,66.625,-1,0,0.0000
1430,465,4683,0.0000,-1.0000,0.0000,66.625,-1,0,0.0000
1431,465,486,0.0000,0.0000,1.0000,105.062,-1,0,0.0071
1432,465,487,0.0000,0.0000,1.0000,105.062,-1,0,0.0072
1433,466,487,0.0000,0.0000,1.0000,105.062,-1,0,0.0072
1434,467,468,1.0000,0.0000,0.0000,66.625,-1,0,0.0000
1435,467,488,0.0000,0.0000,1.0000,105.062,-1,0,0.0073
1436,468,469,1.0000,0.0000,0.0000,66.625,-1,0,0.0000
1437,468,4807,0.0000,-1.0000,0.0000,66.625,-1,0,0.0000
1438,468,488,0.0000,0.0000,1.0000,105.062,-1,0,0.0073
1439,468,489,0.0000,0.0000,1.0000,105.062,-1,0,0.0073
1440,469,470,1.0000,0.0000,0.0000,66.625,-1,0,0.0000
1441,469,4807,0.0000,-1.0000,0.0000,66.625,-1,0,0.0000
1442,469,489,0.0000,0.0000,1.0000,105.062,-1,0,0.0073
1443,469,490,0.0000,0.0000,1.0000,105.062,-1,0,0.0075
1444,470,490,0.0000,0.0000,1.0000,105.062,-1,0,0.0075
1445,471,472,1.0000,0.0000,0.0000,66.625,-1,0,0.0000
1446,471,491,0.0000,0.0000,1.0000,105.062,-1,0,0.0085
1447,472,473,1.0000,0.0000,0.0000,66.625,-1,0,0.0000
1448,472,4931,0.0000,-1.0000,0.0000,66.625,-1,0,0.0000
1449,472,491,0.0000,0.0000,1.0000,105.062,-1,0,0.0085
1450,472,492,0.0000,0.0000,1.0000,105.062,-1,0,0.0086
1451,473,474,1.0000,0.0000,0.0000,66.625,-1,0,0.0000
1452,473,4931,0.0000,-1.0000,0.0000,66.625,-1,0,0.0000
1453,473,492,0.0000,0.0000,1.0000,105.062,-1,0,0.0086
1454,473,493,0.0000,0.0000,1.0000,105.062,-1,0,0.0087
1455,474,3795,0.0000,1.0000,0.0000,66.625,-1,0,0.0000
1456,474,493,0.0000,0.0000,1.0000,105.062,-1,0,0.0087
1457,474,494,0.0000,0.0000,1.0000,105.062,-1,0,0.0088
1458,475,476,1.0000,0.0000,0.0000,66.625,-1,0,0.0000
1459,475,495,0.0000,0.0000,1.0000,105.062,-1,0,0.0057
1460,475,3130,0.0000,1.0000,0.0000,66.625,-1,0,0.0000
1461,476,477,1.0000,0.0000,0.0000,66.625,-1,0,0.0000
1462,476,495,0.0000,0.0000,1.0000,105.062,-1,0,0.0057
1463,476,496,0.0000,0.0000,1.0000,105.062,-1,0,0.0060
1464,477,478,1.0000,0.0000,0.0000,66.625,-1,0,0.0000
1465,477,496,0.0000,0.0000,1.0000,105.062,-1,0,0.0060
1466,477,497,0.0000,0.0000,1.0000,105.062,-1,0,0.0067
1467,477,4313,0.0000,-1.0000,0.0000,139.750,-1,0,0.0000
1468,478,497,0.0000,0.0000,1.0000,105.062,-1,0,0.0067
1469,478,498,0.0000,0.0000,1.0000,105.062,-1,0,0.0070
1470,479,480,1.0000,0.0000,0.0000,66.625,-1,0,0.0000
1471,479,499,0.0000,0.0000,1.0000,105.062,-1,0,0.0070
1472,479,500,0.0000,0.0000,1.0000,105.062,-1,0,0.0070
1473,480,481,1.0000,0.0000,0.0000,66.625,-1,0,0.0000
1474,480,500,0.0000,0.0000,1.0000,105.062,-1,0,0.0070
1475,480,501,0.0000,0.0000,1.0000,105.062,-1,0,0.0070
1476,480,4437,0.0000,-1.0000,0.0000,139.750,-1,0,0.0000
1477,481,501,0.0000,0.0000,1.0000,105.062,-1,0,0.0070
1478,481,502,0.0000,0.0000,1.0000,105.062,-1,0,0.0071
1479,482,483,1.0000,0.0000,0.0000,66.625,-1,0,0.0000
1480,482,503,0.0000,0.0000,1.0000,105.062,-1,0,0.0071
1481,482,504,0.0000,0.0000,1.0000,105.062,-1,0,0.0070
1482,483,484,1.0000,0.0000,0.0000,66.625,-1,0,0.0000
1483,483,504,0.0000,0.0000,1.0000,105.062,-1,0,0.0070
1484,483,505,0.0000,0.0000,1.0000,105.062,-1,0,0.0070
1485,483,4561,0.0000,-1.0000,0.0000,139.750,-1,0,0.0000
1486,484,505,0.0000,0.0000,1.0000,105.062,-1,0,0.0070
1487,484,506,0.0000,0.0000,1.0000,105.062,-1,0,0.0071
1488,485,486,1.0000,0.0000,0.0000,66.625,-1,0,0.0000
1489,485,507,0.0000,0.0000,1.0000,105.062,-1,0,0.0071
1490,485,508,0.0000,0.0000,1.0000,105.062,-1,0,0.0070
1491,486,487,1.0000,0.0000,0.0000,66.625,-1,0,0.0000
1492,486,508,0.0000,0.0000,1.0000,105.062,-1,0,0.0070
1493,486,509,0.0000,0.0000,1.0000,105.062,-1,0,0.0070
1494,486,4685,0.0000,-1.0000,0.0000,139.750,-1,0,0.0000
1495,487,509,0.0000,0.0000,1.0000,105.062,-1,0,0.0070
1496,487,510,0.0000,0.0000,1.0000,105.062,-1,0,0.0071
1497,488,489,1.0000,0.0000,0.0000,66.625,-1,0,0.0000
1498,488,511,0.0000,0.0000,1.0000,105.062,-1,0,0.0072
1499,488,512,0.0000,0.0000,1.0000,105.062,-1,0,0.0071
1500,489,490,1.0000,0.0000,0.0000,66.625,-1,0,0.0000
1501,489,512,0.0000,0.0000,1.0000,105.062,-1,0,0.0071
1502,489,513,0.0000,0.0000,1.0000,105.062,-1,0,0.0073
1503,489,4809,0.0000,-1.0000,0.0000,139.750,-1,0,0.0000
1504,490,513,0.0000,0.0000,1.0000,105.062,-1,0,0.0073
1505,490,514,0.0000,0.0000,1.0000,105.062,-1,0,0.0074
1506,491,492,1.0000,0.0000,0.0000,66.625,-1,0,0.0000
1507,491,515,0.0000,0.0000,1.0000,105.062,-1,0,0.0084
1508,491,516,0.0000,0.0000,1.0000,105.062,-1,0,0.0084
1509,492,493,1.0000,0.0000,0.0000,66.625,-1,0,0.0000
1510,492,516,0.0000,0.0000,1.0000,105.062,-1,0,0.0084
1511,492,517,0.0000,0.0000,1.0000,105.062,-1,0,0.0085
1512,492,4933,0.0000,-1.0000,0.0000,139.750,-1,0,0.0000
1513,493,494,1.0000,0.0000,0.0000,66.625,-1,0,0.0000
1514,493,517,0.0000,0.0000,1.0000,105.062,-1,0,0.0085
1515,493,518,0.0000,0.0000,1.0000,105.062,-1,0,0.0087
1516,494,518,0.0000,0.0000,1.0000,105.062,-1,0,0.0087
1517,494,3803,0.0000,1.0000,0.0000,66.625,-1,0,0.0000
1518,495,496,1.0000,0.0000,0.0000,66.625,-1,0,0.0000
1519,495,3143,0.0000,1.0000,0.0000,66.625,-1,0,0.0000
1520,495,519,0.0000,0.0000,1.0000,105.062,-1,0,0.0055
1521,495,520,0.0000,0.0000,1.0000,105.062,-1,0,0.0056
1522,496,497,1.0000,0.0000,0.0000,66.625,-1,0,0.0000
1523,496,4315,0.0000,-1.0000,0.0000,66.625,-1,0,0.0000
1524,496,520,0.0000,0.0000,1.0000,105.062,-1,0,0.0056
1525,496,521,0.0000,0.0000,1.0000,105.062,-1,0,0.0062
1526,497,498,1.0000,0.0000,0.0000,66.625,-1,0,0.0000
1527,497,4315,0.0000,-1.0000,0.0000,66.625,-1,0,0.0000
1528,497,521,0.0000,0.0000,1.0000,105.062,-1,0,0.0062
1529,497,522,0.0000,0.0000,1.0000,105.062,-1,0,0.0069
1530,498,522,0.0000,0.0000,1.0000,105.062,-1,0,0.0069
1531,499,500,1.0000,0.0000,0.0000,66.625,-1,0,0.0000
1532,499,523,0.0000,0.0000,1.0000,105.062,-1,0,0.0069
1533,500,501,1.0000,0.0000,0.0000,66.625,-1,0,0.0000
1534,500,4439,0.0000,-1.0000,0.0000,66.625,-1,0,0.0000
1535,500,523,0.0000,0.0000,1.0000,105.062,-1,0,0.0069
1536,500,524,0.0000,0.0000,1.0000,105.062,-1,0,0.0068
1537,501,502,1.0000,0.0000,0.0000,66.625,-1,0,0.0000
1538,501,4439,0.0000,-1.0000,0.0000,66.625,-1,0,0.0000
1539,501,524,0.0000,0.0000,1.0000,105.062,-1,0,0.0068
1540,501,525,0.0000,0.0000,1.0000,105.062,-1,0,0.0070
1541,502,525,0.0000,0.0000,1.0000,105.062,-1,0,0.0070
1542,503,504,1.0000,0.0000,0.0000,66.625,-1,0,0.0000
1543,503,526,0.0000,0.0000,1.0000,105.062,-1,0,0.0070
1544,504,505,1.0000,0.0000,0.0000,66.625,-1,0,0.0000
1545,504,4563,0.0000,-1.0000,0.0000,66.625,-1,0,0.0000
1546,504,526,0.0000,0.0000,1.0000,105.062,-1,0,0.0070
1547,504,527,0.0000,0.0000,1.0000,105.062,-1,0,0.0068
1548,505,506,1.0000,0.0000,0.0000,66.625,-1,0,0.0000
1549,505,4563,0.0000,-1.0000,0.0000,66.625,-1,0,0.0000
1550,505,527,0.0000,0.0000,1.0000,105.062,-1,0,0.0068
1551,505,528,0.0000,0.0000,1.0000,105.062,-1,0,0.0070
1552,506,528,0.0000,0.0000,1.0000,105.062,-1,0,0.0070
1553,507,508,1.0000,0.0000,0.0000,66.625,-1,0,0.0000
1554,507,529,0.0000,0.0000,1.0000,105.062,-1,0,0.0070
1555,508,509,1.0000,0.0000,0.0000,66.625,-1,0,0.0000
1556,508,4687,0.0000,-1.0000,0.0000,66.625,-1,0,0.0000
1557,508,529,0.0000,0.0000,1.0000,105.062,-1,0,0.0070
1558,508,530,0.0000,0.0000,1.0000,105.062,-1,0,0.0068
1559,509,510,1.0000,0.0000,0.0000,66.625,-1,0,0.0000
1560,509,4687,0.0000,-1.0000,0.0000,66.625,-1,0,0.0000
1561,509,530,0.0000,0.0000,1.0000,105.062,-1,0,0.0068
1562,509,531,0.0000,0.0000,1.0000,105.062,-1,0,0.0070
1563,510,531,0.0000,0.0000,1.0000,105.062,-1,0,0.0070
1564,511,512,1.0000,0.0000,0.0000,66.625,-1,0,0.0000
1565,511,532,0.0000,0.0000,1.0000,105.062,-1,0,0.0070
1566,512,513,1.0000,0.0000,0.0000,66.625,-1,0,0.0000
1567,512,4811,0.0000,-1.0000,0.0000,66.625,-1,0,0.0000
1568,512,532,0.0000,0.0000,1.0000,105.062,-1,0,0.0070
1569,512,533,0.0000,0.0000,1.0000,105.062,-1,0,0.0070
1570,513,514,1.0000,0.0000,0.0000,66.625,-1,0,0.0000
1571,513,4811,0.0000,-1.0000,0.0000,66.625,-1,0,0.0000
1572,513,533,0.0000,0.0000,1.0000,105.062,-1,0,0.0070
1573,513,534,0.0000,0.0000,1.0000,105.062,-1,0,0.0073
1574,514,534,0.0000,0.0000,1.0000,105.062,-1,0,0.0073
1575,515,516,1.0000,0.0000,0.0000,66.625,-1,0,0.0000
1576,515,535,0.0000,0.0000,1.0000,105.062,-1,0,0.0082
1577,516,517,1.0000,0.0000,0.0000,66.625,-1,0,0.0000
1578,516,4935,0.0000,-1.0000,0.0000,66.625,-1,0,0.0000
1579,516,535,0.0000,0.0000,1.0000,105.062,-1,0,0.0082
1580,516,536,0.0000,0.0000,1.0000,105.062,-1,0,0.0082
1581,517,518,1.0000,0.0000,0.0000,66.625,-1,0,0.0000
1582,517,4935,0.0000,-1.0000,0.0000,66.625,-1,0,0.0000
1583,517,536,0.0000,0.0000,1.0000,105.062,-1,0,0.0082
1584,517,537,0.0000,0.0000,1.0000,105.062,-1,0,0.0085
1585,518,3813,0.0000,1.0000,0.0000,66.625,-1,0,0.0000
1586,518,537,0.0000,0.0000,1.0000,105.062,-1,0,0.0085
1587,518,538,0.0000,0.0000,1.0000,105.062,-1,0,0.0086
1588,519,520,1.0000,0.0000,0.0000,66.625,-1,0,0.0000
1589,519,539,0.0000,0.0000,1.0000,105.062,-1,0,0.0054
1590,519,3153,0.0000,1.0000,0.0000,66.625,-1,0,0.0000
1591,520,521,1.0000,0.0000,0.0000,66.625,-1,0,0.0000
1592,520,539,0.0000,0.0000,1.0000,105.062,-1,0,0.0054
1593,520,540,0.0000,0.0000,1.0000,105.062,-1,0,0.0056
1594,521,522,1.0000,0.0000,0.0000,66.625,-1,0,0.0000
1595,521,540,0.0000,0.0000,1.0000,105.062,-1,0,0.0056
1596,521,541,0.0000,0.0000,1.0000,105.062,-1,0,0.0065
1597,521,4317,0.0000,-1.0000,0.0000,139.750,-1,0,0.0000
1598,522,541,0.0000,0.0000,1.0000,105.062,-1,0,0.0065
1599,522,542,0.0000,0.0000,1.0000,105.062,-1,0,0.0071
1600,523,524,1.0000,0.0000,0.0000,66.625,-1,0,0.0000
1601,523,543,0.0000,0.0000,1.0000,105.062,-1,0,0.0070
1602,523,544,0.0000,0.0000,1.0000,105.062,-1,0,0.0066
1603,524,525,1.0000,0.0000,0.0000,66.625,-1,0,0.0000
1604,524,544,0.0000,0.0000,1.0000,105.062,-1,0,0.0066
1605,524,545,0.0000,0.0000,1.0000,105.062,-1,0,0.0067
1606,524,4441,0.0000,-1.0000,0.0000,139.750,-1,0,0.0000
1607,525,545,0.0000,0.0000,1.0000,105.062,-1,0,0.0067
1608,525,546,0.0000,0.0000,1.0000,105.062,-1,0,0.0071
1609,526,527,1.0000,0.0000,0.0000,66.625,-1,0,0.0000
1610,526,547,0.0000,0.0000,1.0000,105.062,-1,0,0.0071
1611,526,548,0.0000,0.0000,1.0000,105.062,-1,0,0.0067
1612,527,528,1.0000,0.0000,0.0000,66.625,-1,0,0.0000
1613,527,548,0.0000,0.0000,1.0000,105.062,-1,0,0.0067
1614,527,549,0.0000,0.0000,1.0000,105.062,-1,0,0.0067
1615,527,4565,0.0000,-1.0000,0.0000,139.750,-1,0,0.0000
1616,528,549,0.0000,0.0000,1.0000,105.062,-1,0,0.0067
1617,528,550,0.0000,0.0000,1.0000,105.062,-1,0,0.0070
1618,529,530,1.0000,0.0000,0.0000,66.625,-1,0,0.0000
1619,529,551,0.0000,0.0000,1.0000,105.062,-1,0,0.0070
1620,529,552,0.0000,0.0000,1.0000,105.062,-1,0,0.0067
1621,530,531,1.0000,0.0000,0.0000,66.625,-1,0,0.0000
1622,530,552,0.0000,0.0000,1.0000,105.062,-1,0,0.0067
1623,530,553,0.0000,0.0000,1.0000,105.062,-1,0,0.0067
1624,530,4689,0.0000,-1.0000,0.0000,139.750,-1,0,0.0000
1625,531,553,0.0000,0.0000,1.0000,105.062,-1,0,0.0067
1626,531,554,0.0000,0.0000,1.0000,105.062,-1,0,0.0071
1627,532,533,1.0000,0.0000,0.0000,66.625,-1,0,0.0000
1628,532,555,0.0000,0.0000,1.0000,105.062,-1,0,0.0071
1629,532,556,0.0000,0.0000,1.0000,105.062,-1,0,0.0067
1630,533,534,1.0000,0.0000,0.0000,66.625,-1,0,0.0000
1631,533,556,0.0000,0.0000,1.0000,105.062,-1,0,0.0067
1632,533,557,0.0000,0.0000,1.0000,105.062,-1,0,0.0069
1633,533,4813,0.0000,-1.0000,0.0000,139.750,-1,0,0.0000
1634,534,557,0.0000,0.0000,1.0000,105.062,-1,0,0.0069
1635,534,558,0.0000,0.0000,1.0000,105.062,-1,0,0.0074
1636,535,536,1.0000,0.0000,0.0000,66.625,-1,0,0.0000
1637,535,559,0.0000,0.0000,1.0000,105.062,-1,0,0.0081
1638,535,560,0.0000,0.0000,1.0000,105.062,-1,0,0.0081
1639,536,537,1.0000,0.0000,0.0000,66.625,-1,0,0.0000
1640,536,560,0.0000,0.0000,1.0000,105.062,-1,0,0.0081
1641,536,561,0.0000,0.0000,1.0000,105.062,-1,0,0.0082
1642,536,4937,0.0000,-1.0000,0.0000,139.750,-1,0,0.0000
1643,537,538,1.0000,0.0000,0.0000,66.625,-1,0,0.0000
1644,537,561,0.0000,0.0000,1.0000,105.062,-1,0,0.0082
1645,537,562,0.0000,0.0000,1.0000,105.062,-1,0,0.0085
1646,538,562,0.0000,0.0000,1.0000,105.062,-1,0,0.0085
1647,538,3821,0.0000,1.0000,0.0000,66.625,-1,0,0.0000
1648,539,540,1.0000,0.0000,0.0000,66.625,-1,0,0.0000
1649,539,3166,0.0000,1.0000,0.0000,66.625,-1,0,0.0000
1650,539,563,0.0000,0.0000,1.0000,105.062,-1,0,0.0053
1651,539,564,0.0000,0.0000,1.0000,105.062,-1,0,0.0052
1652,540,541,1.0000,0.0000,0.0000,66.625,-1,0,0.0000
1653,540,4319,0.0000,-1.0000,0.0000,66.625,-1,0,0.0000
1654,540,564,0.0000,0.0000,1.0000,105.062,-1,0,0.0052
1655,540,565,0.0000,0.0000,1.0000,105.062,-1,0,0.0057
1656,541,542,1.0000,0.0000,0.0000,66.625,-1,0,0.0000
1657,541,4319,0.0000,-1.0000,0.0000,66.625,-1,0,0.0000
1658,541,565,0.0000,0.0000,1.0000,105.062,-1,0,0.0057
1659,541,566,0.0000,0.0000,1.0000,105.062,-1,0,0.0070
1660,542,566,0.0000,0.0000,1.0000,105.062,-1,0,0.0070
1661,543,544,1.0000,0.0000,0.0000,66.625,-1,0,0.0000
1662,543,567,0.0000,0.0000,1.0000,105.062,-1,0,0.0068
1663,544,545,1.0000,0.0000,0.0000,66.625,-1,0,0.0000
1664,544,4443,0.0000,-1.0000,0.0000,66.625,-1,0,0.0000
1665,544,567,0.0000,0.0000,1.0000,105.062,-1,0,0.0068
1666,544,568,0.0000,0.0000,1.0000,105.062,-1,0,0.0061
1667,545,546,1.0000,0.0000,0.0000,66.625,-1,0,0.0000
1668,545,4443,0.0000,-1.0000,0.0000,66.625,-1,0,0.0000
1669,545,568,0.0000,0.0000,1.0000,105.062,-1,0,0.0061
1670,545,569,0.0000,0.0000,1.0000,105.062,-1,0,0.0070
1671,546,569,0.0000,0.0000,1.0000,105.062,-1,0,0.0070
1672,547,548,1.0000,0.0000,0.0000,66.625,-1,0,0.0000
1673,547,570,0.0000,0.0000,1.0000,105.062,-1,0,0.0070
1674,548,549,1.0000,0.0000,0.0000,66.625,-1,0,0.0000
1675,548,4567,0.0000,-1.0000,0.0000,66.625,-1,0,0.0000
1676,548,570,0.0000,0.0000,1.0000,105.062,-1,0,0.0070
1677,548,571,0.0000,0.0000,1.0000,105.062,-1,0,0.0062
1678,549,550,1.0000,0.0000,0.0000,66.625,-1,0,0.0000
1679,549,4567,0.0000,-1.0000,0.0000,66.625,-1,0,0.0000
1680,549,571,0.0000,0.0000,1.0000,105.062,-1,0,0.0062
1681,549,572,0.0000,0.0000,1.0000,105.062,-1,0,0.0069
1682,550,572,0.0000,0.0000,1.0000,105.062,-1,0,0.0069
1683,551,552,1.0000,0.0000,0.0000,66.625,-1,0,0.0000
1684,551,573,0.0000,0.0000,1.0000,105.062,-1,0,0.0069
1685,552,553,1.0000,0.0000,0.0000,66.625,-1,0,0.0000
1686,552,4691,0.0000,-1.0000,0.0000,66.625,-1,0,0.0000
1687,552,573,0.0000,0.0000,1.0000,105.062,-1,0,0.0069
1688,552,574,0.0000,0.0000,1.0000,105.062,-1,0,0.0062
1689,553,554,1.0000,0.0000,0.0000,66.625,-1,0,0.0000
1690,553,4691,0.0000,-1.0000,0.0000,66.625,-1,0,0.0000
1691,553,574,0.0000,0.0000,1.0000,105.062,-1,0,0.0062
1692,553,575,0.0000,0.0000,1.0000,105.062,-1,0,0.0070
1693,554,575,0.0000,0.0000,1.0000,105.062,-1,0,0.0070
1694,555,556,1.0000,0.0000,0.0000,66.625,-1,0,0.0000
1695,555,576,0.0000,0.0000,1.0000,105.062,-1,0,0.0070
1696,556,557,1.0000,0.0000,0.0000,66.625,-1,0,0.0000
1697,556,4815,0.0000,-1.0000,0.0000,66.625,-1,0,0.0000
1698,556,576,0.0000,0.0000,1.0000,105.062,-1,0,0.0070
1699,556,577,0.0000,0.0000,1.0000,105.062,-1,0,0.0063
1700,557,558,1.0000,0.0000,0.0000,66.625,-1,0,0.0000
1701,557,4815,0.0000,-1.0000,0.0000,66.625,-1,0,0.0000
1702,557,577,0.0000,0.0000,1.0000,105.062,-1,0,0.0063
1703,557,578,0.0000,0.0000,1.0000,105.062,-1,0,0.0073
1704,558,578,0.0000,0.0000,1.0000,105.062,-1,0,0.0073
1705,559,560,1.0000,0.0000,0.0000,66.625,-1,0,0.0000
1706,559,579,0.0000,0.0000,1.0000,105.062,-1,0,0.0080
1707,560,561,1.0000,0.0000,0.0000,66.625,-1,0,0.0000
1708,560,4939,0.0000,-1.0000,0.0000,66.625,-1,0,0.0000
1709,560,579,0.0000,0.0000,1.0000,105.062,-1,0,0.0080
1710,560,580,0.0000,0.0000,1.0000,105.062,-1,0,0.0079
1711,561,562,1.0000,0.0000,0.0000,66.625,-1,0,0.0000
1712,561,4939,0.0000,-1.0000,0.0000,66.625,-1,0,0.0000
1713,561,580,0.0000,0.0000,1.0000,105.062,-1,0,0.0079
1714,561,581,0.0000,0.0000,1.0000,105.062,-1,0,0.0082
1715,562,3831,0.0000,1.0000,0.0000,66.625,-1,0,0.0000
1716,562,581,0.0000,0.0000,1.0000,105.062,-1,0,0.0082
1717,562,582,0.0000,0.0000,1.0000,105.062,-1,0,0.0086
1718,563,564,1.0000,0.0000,0.0000,66.625,-1,0,0.0000
1719,563,583,0.0000,0.0000,1.0000,105.062,-1,0,0.0052
1720,563,3176,0.0000,1.0000,0.0000,66.625,-1,0,0.0000
1721,564,565,1.0000,0.0000,0.0000,66.625,-1,0,0.0000
1722,564,583,0.0000,0.0000,1.0000,105.062,-1,0,0.0052
1723,564,584,0.0000,0.0000,1.0000,105.062,-1,0,0.0050
1724,565,566,1.0000,0.0000,0.0000,66.625,-1,0,0.0000
1725,565,584,0.0000,0.0000,1.0000,105.062,-1,0,0.0050
1726,565,585,0.0000,0.0000,1.0000,105.062,-1,0,0.0062
1727,565,4321,0.0000,-1.0000,0.0000,139.750,-1,0,0.0000
1728,566,585,0.0000,0.0000,1.0000,105.062,-1,0,0.0062
1729,566,586,0.0000,0.0000,1.0000,105.062,-1,0,0.0075
1730,567,568,1.0000,0.0000,0.0000,66.625,-1,0,0.0000
1731,567,587,0.0000,0.0000,1.0000,105.062,-1,0,0.0075
1732,567,588,0.0000,0.0000,1.0000,105.062,-1,0,0.0060
1733,568,569,1.0000,0.0000,0.0000,66.625,-1,0,0.0000
1734,568,588,0.0000,0.0000,1.0000,105.062,-1,0,0.0060
1735,568,589,0.0000,0.0000,1.0000,105.062,-1,0,0.0060
1736,568,4445,0.0000,-1.0000,0.0000,139.750,-1,0,0.0000
1737,569,589,0.0000,0.0000,1.0000,105.062,-1,0,0.0060
1738,569,590,0.0000,0.0000,1.0000,105.062,-1,0,0.0076
1739,570,571,1.0000,0.0000,0.0000,66.625,-1,0,0.0000
1740,570,591,0.0000,0.0000,1.0000,105.062,-1,0,0.0076
1741,570,592,0.0000,0.0000,1.0000,105.062,-1,0,0.0060
1742,571,572,1.0000,0.0000,0.0000,66.625,-1,0,0.0000
1743,571,592,0.0000,0.0000,1.0000,105.062,-1,0,0.0060
1744,571,593,0.0000,0.0000,1.0000,105.062,-1,0,0.0060
1745,571,4569,0.0000,-1.0000,0.0000,139.750,-1,0,0.0000
1746,572,593,0.0000,0.0000,1.0000,105.062,-1,0,0.0060
1747,572,594,0.0000,0.0000,1.0000,105.062,-1,0,0.0076
1748,573,574,1.0000,0.0000,0.0000,66.625,-1,0,0.0000
1749,573,595,0.0000,0.0000,1.0000,105.062,-1,0,0.0076
1750,573,596,0.0000,0.0000,1.0000,105.062,-1,0,0.0060
1751,574,575,1.0000,0.0000,0.0000,66.625,-1,0,0.0000
1752,574,596,0.0000,0.0000,1.0000,105.062,-1,0,0.0060
1753,574,597,0.0000,0.0000,1.0000,105.062,-1,0,0.0060
1754,574,4693,0.0000,-1.0000,0.0000,139.750,-1,0,0.0000
1755,575,597,0.0000,0.0000,1.0000,105.062,-1,0,0.0060
1756,575,598,0.0000,0.0000,1.0000,105.062,-1,0,0.0076
1757,576,577,1.0000,0.0000,0.0000,66.625,-1,0,0.0000
1758,576,599,0.0000,0.0000,1.0000,105.062,-1,0,0.0076
1759,576,600,0.0000,0.0000,1.0000,105.062,-1,0,0.0060
1760,577,578,1.0000,0.0000,0.0000,66.625,-1,0,0.0000
1761,577,600,0.0000,0.0000,1.0000,105.062,-1,0,0.0060
1762,577,601,0.0000,0.0000,1.0000,105.062,-1,0,0.0063
1763,577,4817,0.0000,-1.0000,0.0000,139.750,-1,0,0.0000
1764,578,601,0.0000,0.0000,1.0000,105.062,-1,0,0.0063
1765,578,602,0.0000,0.0000,1.0000,105.062,-1,0,0.0081
1766,579,580,1.0000,0.0000,0.0000,66.625,-1,0,0.0000
1767,579,603,0.0000,0.0000,1.0000,105.062,-1,0,0.0081
1768,579,604,0.0000,0.0000,1.0000,105.062,-1,0,0.0077
1769,580,581,1.0000,0.0000,0.0000,66.625,-1,0,0.0000
1770,580,604,0.0000,0.0000,1.0000,105.062,-1,0,0.0077
1771,580,605,0.0000,0.0000,1.0000,105.062,-1,0,0.0077
1772,580,4941,0.0000,-1.0000,0.0000,139.750,-1,0,0.0000
1773,581,582,1.0000,0.0000,0.0000,66.625,-1,0,0.0000
1774,581,605,0.0000,0.0000,1.0000,105.062,-1,0,0.0077
1775,581,606,0.0000,0.0000,1.0000,105.062,-1,0,0.0084
1776,582,606,0.0000,0.0000,1.0000,105.062,-1,0,0.0084
1777,582,3839,0.0000,1.0000,0.0000,66.625,-1,0,0.0000
1778,583,584,1.0000,0.0000,0.0000,66.625,-1,0,0.0000
1779,583,3189,0.0000,1.0000,0.0000,66.625,-1,0,0.0000
1780,583,607,0.0000,0.0000,1.0000,105.062,-1,0,0.0051
1781,583,608,0.0000,0.0000,1.0000,105.062,-1,0,0.0050
1782,584,585,1.0000,0.0000,0.0000,66.625,-1,0,0.0000
1783,584,4323,0.0000,-1.0000,0.0000,66.625,-1,0,0.0000
1784,584,608,0.0000,0.0000,1.0000,105.062,-1,0,0.0050
1785,584,609,0.0000,0.0000,1.0000,105.062,-1,0,0.0048
1786,585,586,1.0000,0.0000,0.0000,66.625,-1,0,0.0000
1787,585,4323,0.0000,-1.0000,0.0000,66.625,-1,0,0.0000
1788,585,609,0.0000,0.0000,1.0000,105.062,-1,0,0.0048
1789,585,610,0.0000,0.0000,1.0000,105.062,-1,0,0.0074
1790,586,610,0.0000,0.0000,1.0000,105.062,-1,0,0.0074
1791,587,588,1.0000,0.0000,0.0000,66.625,-1,0,0.0000
1792,587,611,0.0000,0.0000,1.0000,105.062,-1,0,0.0074
1793,588,589,1.0000,0.0000,0.0000,66.625,-1,0,0.0000
1794,588,4447,0.0000,-1.0000,0.0000,66.625,-1,0,0.0000
1795,588,611,0.0000,0.0000,1.0000,105.062,-1,0,0.0074
1796,588,612,0.0000,0.0000,1.0000,105.062,-1,0,0.0043
1797,589,590,1.0000,0.0000,0.0000,66.625,-1,0,0.0000
1798,589,4447,0.0000,-1.0000,0.0000,66.625,-1,0,0.0000
1799,589,612,0.0000,0.0000,1.0000,105.062,-1,0,0.0043
1800,589,613,0.0000,0.0000,1.0000,105.062,-1,0,0.0075
1801,590,613,0.0000,0.0000,1.0000,105.062,-1,0,0.0075
1802,591,592,1.0000,0.0000,0.0000,66.625,-1,0,0.0000
1803,591,614,0.0000,0.0000,1.0000,105.062,-1,0,0.0075
1804,592,593,1.0000,0.0000,0.0000,66.625,-1,0,0.0000
1805,592,4571,0.0000,-1.0000,0.0000,66.625,-1,0,0.0000
1806,592,614,0.0000,0.0000,1.0000,105.062,-1,0,0.0075
1807,592,615,0.0000,0.0000,1.0000,105.062,-1,0,0.0043
1808,593,594,1.0000,0.0000,0.0000,66.625,-1,0,0.0000
1809,593,4571,0.0000,-1.0000,0.0000,66.625,-1,0,0.0000
1810,593,615,0.0000,0.0000,1.0000,105.062,-1,0,0.0043
1811,593,616,0.0000,0.0000,1.0000,105.062,-1,0,0.0074
1812,594,616,0.0000,0.0000,1.0000,105.062,-1,0,0.0074
1813,595,596,1.0000,0.0000,0.0000,66.625,-1,0,0.0000
1814,595,617,0.0000,0.0000,1.0000,105.062,-1,0,0.0074
1815,596,597,1.0000,0.0000,0.0000,66.625,-1,0,0.0000
1816,596,4695,0.0000,-1.0000,0.0000,66.625,-1,0,0.0000
1817,596,617,0.0000,0.0000,1.0000,105.062,-1,0,0.0074
1818,596,618,0.0000,0.0000,1.0000,105.062,-1,0,0.0043
1819,597,598,1.0000,0.0000,0.0000,66.625,-1,0,0.0000
1820,597,4695,0.0000,-1.0000,0.0000,66.625,-1,0,0.0000
1821,597,618,0.0000,0.0000,1.0000,105.062,-1,0,0.0043
1822,597,619,0.0000,0.0000,1.0000,105.062,-1,0,0.0075
1823,598,619,0.0000,0.0000,1.0000,105.062,-1,0,0.0075
1824,599,600,1.0000,0.0000,0.0000,66.625,-1,0,0.0000
1825,599,620,0.0000,0.0000,1.0000,105.062,-1,0,0.0075
1826,600,601,1.0000,0.0000,0.0000,66.625,-1,0,0.0000
1827,600,4819,0.0000,-1.0000,0.0000,66.625,-1,0,0.0000
1828,600,620,0.0000,0.0000,1.0000,105.062,-1,0,0.0075
1829,600,621,0.0000,0.0000,1.0000,105.062,-1,0,0.0043
1830,601,602,1.0000,0.0000,0.0000,66.625,-1,0,0.0000
1831,601,4819,0.0000,-1.0000,0.0000,66.625,-1,0,0.0000
1832,601,621,0.0000,0.0000,1.0000,105.062,-1,0,0.0043
1833,601,622,0.0000,0.0000,1.0000,105.062,-1,0,0.0080
1834,602,622,0.0000,0.0000,1.0000,105.062,-1,0,0.0080
1835,603,604,1.0000,0.0000,0.0000,66.625,-1,0,0.0000
1836,603,623,0.0000,0.0000,1.0000,105.062,-1,0,0.0080
1837,604,605,1.0000,0.0000,0.0000,66.625,-1,0,0.0000
1838,604,4943,0.0000,-1.0000,0.0000,66.625,-1,0,0.0000
1839,604,623,0.0000,0.0000,1.0000,105.062,-1,0,0.0080
1840,604,624,0.0000,0.0000,1.0000,105.062,-1,0,0.0072
1841,605,606,1.0000,0.0000,0.0000,66.625,-1,0,0.0000
1842,605,4943,0.0000,-1.0000,0.0000,66.625,-1,0,0.0000
1843,605,624,0.0000,0.0000,1.0000,105.062,-1,0,0.0072
1844,605,625,0.0000,0.0000,1.0000,105.062,-1,0,0.0081
1845,606,3849,0.0000,1.0000,0.0000,66.625,-1,0,0.0000
1846,606,625,0.0000,0.0000,1.0000,105.062,-1,0,0.0081
1847,606,626,0.0000,0.0000,1.0000,105.062,-1,0,0.0086
1848,607,608,1.0000,0.0000,0.0000,66.625,-1,0,0.0000
1849,607,3199,0.0000,1.0000,0.0000,66.625,-1,0,0.0000
1850,607,627,0.0000,0.0000,1.0000,105.062,-1,0,0.0050
1851,608,609,1.0000,0.0000,0.0000,66.625,-1,0,0.0000
1852,608,627,0.0000,0.0000,1.0000,105.062,-1,0,0.0050
1853,608,628,0.0000,0.0000,1.0000,105.062,-1,0,0.0048
1854,609,610,1.0000,0.0000,0.0000,66.625,-1,0,0.0000
1855,609,4325,0.0000,-1.0000,0.0000,139.750,-1,0,0.0000
1856,609,628,0.0000,0.0000,1.0000,105.062,-1,0,0.0048
1857,609,629,0.0000,0.0000,1.0000,105.062,-1,0,0.0046
1858,610,641,0.0000,0.0000,1.0000,220.375,-1,0,0.0034
1859,611,612,1.0000,0.0000,0.0000,66.625,-1,0,0.0000
1860,611,641,0.0000,0.0000,1.0000,220.375,-1,0,0.0034
1861,612,613,1.0000,0.0000,0.0000,66.625,-1,0,0.0000
1862,612,4449,0.0000,-1.0000,0.0000,139.750,-1,0,0.0000
1863,612,630,0.0000,0.0000,1.0000,105.062,-1,0,0.0042
1864,612,631,0.0000,0.0000,1.0000,105.062,-1,0,0.0042
1865,613,642,0.0000,0.0000,1.0000,220.375,-1,0,0.0035
1866,614,615,1.0000,0.0000,0.0000,66.625,-1,0,0.0000
1867,614,642,0.0000,0.0000,1.0000,220.375,-1,0,0.0035
1868,615,616,1.0000,0.0000,0.0000,66.625,-1,0,0.0000
1869,615,4573,0.0000,-1.0000,0.0000,139.750,-1,0,0.0000
1870,615,632,0.0000,0.0000,1.0000,105.062,-1,0,0.0042
1871,615,633,0.0000,0.0000,1.0000,105.062,-1,0,0.0042
1872,616,643,0.0000,0.0000,1.0000,220.375,-1,0,0.0035
1873,617,618,1.0000,0.0000,0.0000,66.625,-1,0,0.0000
1874,617,643,0.0000,0.0000,1.0000,220.375,-1,0,0.0035
1875,618,619,1.0000,0.0000,0.0000,66.625,-1,0,0.0000
1876,618,4697,0.0000,-1.0000,0.0000,139.750,-1,0,0.0000
1877,618,634,0.0000,0.0000,1.0000,105.062,-1,0,0.0042
1878,618,635,0.0000,0.0000,1.0000,105.062,-1,0,0.0042
1879,619,644,0.0000,0.0000,1.0000,220.375,-1,0,0.0035
1880,620,621,1.0000,0.0000,0.0000,66.625,-1,0,0.0000
1881,620,644,0.0000,0.0000,1.0000,220.375,-1,0,0.0035
1882,621,622,1.0000,0.0000,0.0000,66.625,-1,0,0.0000
1883,621,4821,0.0000,-1.0000,0.0000,139.750,-1,0,0.0000
1884,621,636,0.0000,0.0000,1.0000,105.062,-1,0,0.0042
1885,621,637,0.0000,0.0000,1.0000,105.062,-1,0,0.0042
1886,622,645,0.0000,0.0000,1.0000,220.375,-1,0,0.0037
1887,623,624,1.0000,0.0000,0.0000,66.625,-1,0,0.0000
1888,623,645,0.0000,0.0000,1.0000,220.375,-1,0,0.0037
1889,624,625,1.0000,0.0000,0.0000,66.625,-1,0,0.0000
1890,624,4945,0.0000,-1.0000,0.0000,139.750,-1,0,0.0000
1891,624,638,0.0000,0.0000,1.0000,105.062,-1,0,0.0067
1892,624,639,0.0000,0.0000,1.0000,105.062,-1,0,0.0074
1893,625,626,1.0000,0.0000,0.0000,66.625,-1,0,0.0000
1894,625,639,0.0000,0.0000,1.0000,105.062,-1,0,0.0074
1895,625,640,0.0000,0.0000,1.0000,105.062,-1,0,0.0085
1896,626,3857,0.0000,1.0000,0.0000,66.625,-1,0,0.0000
1897,626,640,0.0000,0.0000,1.0000,105.062,-1,0,0.0085
1898,627,628,1.0000,0.0000,0.0000,66.625,-1,0,0.0000
1899,627,646,0.0000,0.0000,1.0000,105.062,-1,0,0.0049
1900,627,647,0.0000,0.0000,1.0000,105.062,-1,0,0.0048
1901,627,3212,0.0000,1.0000,0.0000,66.625,-1,0,0.0000
1902,628,629,1.0000,0.0000,0.0000,66.625,-1,0,0.0000
1903,628,647,0.0000,0.0000,1.0000,105.062,-1,0,0.0048
1904,628,648,0.0000,0.0000,1.0000,105.062,-1,0,0.0044
1905,628,4327,0.0000,-1.0000,0.0000,66.625,-1,0,0.0000
1906,629,641,1.0000,0.0000,0.0000,66.625,-1,0,0.0000
1907,629,648,0.0000,0.0000,1.0000,105.062,-1,0,0.0044
1908,629,4327,0.0000,-1.0000,0.0000,66.625,-1,0,0.0000
1909,630,631,1.0000,0.0000,0.0000,66.625,-1,0,0.0000
1910,630,641,-1.0000,0.0000,0.0000,66.625,-1,0,0.0000
1911,630,649,0.0000,0.0000,1.0000,105.062,-1,0,0.0041
1912,630,4451,0.0000,-1.0000,0.0000,66.625,-1,0,0.0000
1913,631,642,1.0000,0.0000,0.0000,66.625,-1,0,0.0000
1914,631,649,0.0000,0.0000,1.0000,105.062,-1,0,0.0041
1915,631,4451,0.0000,-1.0000,0.0000,66.625,-1,0,0.0000
1916,632,633,1.0000,0.0000,0.0000,66.625,-1,0,0.0000
1917,632,642,-1.0000,0.0000,0.0000,66.625,-1,0,0.0000
1918,632,650,0.0000,0.0000,1.0000,105.062,-1,0,0.0041
1919,632,4575,0.0000,-1.0000,0.0000,66.625,-1,0,0.0000
1920,633,643,1.0000,0.0000,0.0000,66.625,-1,0,0.0000
1921,633,650,0.0000,0.0000,1.0000,105.062,-1,0,0.0041
1922,633,4575,0.0000,-1.0000,0.0000,66.625,-1,0,0.0000
1923,634,635,1.0000,0.0000,0.0000,66.625,-1,0,0.0000
1924,634,643,-1.0000,0.0000,0.0000,66.625,-1,0,0.0000
1925,634,651,0.0000,0.0000,1.0000,105.062,-1,0,0.0041
1926,634,4699,0.0000,-1.0000,0.0000,66.625,-1,0,0.0000
1927,635,644,1.0000,0.0000,0.0000,66.625,-1,0,0.0000
1928,635,651,0.0000,0.0000,1.0000,105.062,-1,0,0.0041
1929,635,4699,0.0000,-1.0000,0.0000,66.625,-1,0,0.0000
1930,636,637,1.0000,0.0000,0.0000,66.625,-1,0,0.0000
1931,636,644,-1.0000,0.0000,0.0000,66.625,-1,0,0.0000
1932,636,652,0.0000,0.0000,1.0000,105.062,-1,0,0.0041
1933,636,4823,0.0000,-1.0000,0.0000,66.625,-1,0,0.0000
1934,637,645,1.0000,0.0000,0.0000,66.625,-1,0,0.0000
1935,637,652,0.0000,0.0000,1.0000,105.062,-1,0,0.0041
1936,637,4823,0.0000,-1.0000,0.0000,66.625,-1,0,0.0000
1937,638,639,1.0000,0.0000,0.0000,66.625,-1,0,0.0000
1938,638,645,-1.0000,0.0000,0.0000,66.625,-1,0,0.0000
1939,638,653,0.0000,0.0000,1.0000,105.062,-1,0,0.0065
1940,638,4947,0.0000,-1.0000,0.0000,66.625,-1,0,0.0000
1941,639,640,1.0000,0.0000,0.0000,66.625,-1,0,0.0000
1942,639,653,0.0000,0.0000,1.0000,105.062,-1,0,0.0065
1943,639,654,0.0000,0.0000,1.0000,105.062,-1,0,0.0081
1944,639,4947,0.0000,-1.0000,0.0000,66.625,-1,0,0.0000
1945,640,654,0.0000,0.0000,1.0000,105.062,-1,0,0.0081
1946,640,655,0.0000,0.0000,1.0000,105.062,-1,0,0.0086
1947,640,3867,0.0000,1.0000,0.0000,66.625,-1,0,0.0000
1948,641,648,-1.0000,0.0000,0.0000,66.625,-1,0,0.0000
1949,641,649,1.0000,0.0000,0.0000,66.625,-1,0,0.0000
1950,641,658,0.0000,0.0000,1.0000,105.062,-1,0,0.0020
1951,641,659,0.0000,0.0000,1.0000,220.375,-1,0,0.0018
1952,641,660,0.0000,0.0000,1.0000,220.375,-1,0,0.0016
1953,641,661,0.0000,0.0000,1.0000,220.375,-1,0,0.0018
1954,641,662,0.0000,0.0000,1.0000,105.062,-1,0,0.0019
1955,642,649,-1.0000,0.0000,0.0000,66.625,-1,0,0.0000
1956,642,650,1.0000,0.0000,0.0000,66.625,-1,0,0.0000
1957,642,663,0.0000,0.0000,1.0000,105.062,-1,0,0.0020
1958,642,664,0.0000,0.0000,1.0000,220.375,-1,0,0.0020
1959,642,665,0.0000,0.0000,1.0000,220.375,-1,0,0.0015
1960,642,666,0.0000,0.0000,1.0000,220.375,-1,0,0.0020
1961,642,667,0.0000,0.0000,1.0000,105.062,-1,0,0.0020
1962,643,650,-1.0000,0.0000,0.0000,66.625,-1,0,0.0000
1963,643,651,1.0000,0.0000,0.0000,66.625,-1,0,0.0000
1964,643,668,0.0000,0.0000,1.0000,105.062,-1,0,0.0019
1965,643,669,0.0000,0.0000,1.0000,220.375,-1,0,0.0018
1966,643,670,0.0000,0.0000,1.0000,220.375,-1,0,0.0016
1967,643,671,0.0000,0.0000,1.0000,220.375,-1,0,0.0018
1968,643,672,0.0000,0.0000,1.0000,105.062,-1,0,0.0019
1969,644,651,-1.0000,0.0000,0.0000,66.625,-1,0,0.0000
1970,644,652,1.0000,0.0000,0.0000,66.625,-1,0,0.0000
1971,644,673,0.0000,0.0000,1.0000,105.062,-1,0,0.0020
1972,644,674,0.0000,0.0000,1.0000,220.375,-1,0,0.0020
1973,644,675,0.0000,0.0000,1.0000,220.375,-1,0,0.0015
1974,644,676,0.0000,0.0000,1.0000,220.375,-1,0,0.0020
1975,644,677,0.0000,0.0000,1.0000,105.062,-1,0,0.0020
1976,645,652,-1.0000,0.0000,0.0000,66.625,-1,0,0.0000
1977,645,653,1.0000,0.0000,0.0000,66.625,-1,0,0.0000
1978,645,678,0.0000,0.0000,1.0000,105.062,-1,0,0.0019
1979,645,679,0.0000,0.0000,1.0000,220.375,-1,0,0.0018
1980,645,680,0.0000,0.0000,1.0000,220.375,-1,0,0.0016
1981,645,681,0.0000,0.0000,1.0000,220.375,-1,0,0.0022
1982,645,682,0.0000,0.0000,1.0000,105.062,-1,0,0.0027
1983,646,647,1.0000,0.0000,0.0000,66.625,-1,0,0.0000
1984,646,3220,0.0000,1.0000,0.0000,66.625,-1,0,0.0000
1985,646,656,0.0000,0.0000,1.0000,105.062,-1,0,0.0048
1986,647,648,1.0000,0.0000,0.0000,66.625,-1,0,0.0000
1987,647,656,0.0000,0.0000,1.0000,105.062,-1,0,0.0048
1988,647,657,0.0000,0.0000,1.0000,105.062,-1,0,0.0046
1989,648,4329,0.0000,-1.0000,0.0000,139.750,-1,0,0.0000
1990,648,657,0.0000,0.0000,1.0000,105.062,-1,0,0.0046
1991,648,658,0.0000,0.0000,1.0000,105.062,-1,0,0.0040
1992,649,4453,0.0000,-1.0000,0.0000,139.750,-1,0,0.0000
1993,649,662,0.0000,0.0000,1.0000,105.062,-1,0,0.0039
1994,649,663,0.0000,0.0000,1.0000,105.062,-1,0,0.0040
1995,650,4577,0.0000,-1.0000,0.0000,139.750,-1,0,0.0000
1996,650,667,0.0000,0.0000,1.0000,105.062,-1,0,0.0040
1997,650,668,0.0000,0.0000,1.0000,105.062,-1,0,0.0039
1998,651,4701,0.0000,-1.0000,0.0000,139.750,-1,0,0.0000
1999,651,672,0.0000,0.0000,1.0000,105.062,-1,0,0.0039
2000,651,673,0.0000,0.0000,1.0000,105.062,-1,0,0.0040
2001,652,4825,0.0000,-1.0000,0.0000,139.750,-1,0,0.0000
2002,652,677,0.0000,0.0000,1.0000,105.062,-1,0,0.0040
2003,652,678,0.0000,0.0000,1.0000,105.062,-1,0,0.0039
2004,653,654,1.0000,0.0000,0.0000,66.625,-1,0,0.0000
2005,653,4949,0.0000,-1.0000,0.0000,139.750,-1,0,0.0000
2006,653,682,0.0000,0.0000,1.0000,105.062,-1,0,0.0055
2007,653,683,0.0000,0.0000,1.0000,105.062,-1,0,0.0074
2008,654,655,1.0000,0.0000,0.0000,66.625,-1,0,0.0000
2009,654,683,0.0000,0.0000,1.0000,105.062,-1,0,0.0074
2010,654,684,0.0000,0.0000,1.0000,105.062,-1,0,0.0085
2011,655,3875,0.0000,1.0000,0.0000,66.625,-1,0,0.0000
2012,655,684,0.0000,0.0000,1.0000,105.062,-1,0,0.0085
2013,656,657,1.0000,0.0000,0.0000,66.625,-1,0,0.0000
2014,656,685,0.0000,0.0000,1.0000,105.062,-1,0,0.0046
2015,656,686,0.0000,0.0000,1.0000,105.062,-1,0,0.0047
2016,656,3229,0.0000,1.0000,0.0000,66.625,-1,0,0.0000
2017,657,658,1.0000,0.0000,0.0000,66.625,-1,0,0.0000
2018,657,686,0.0000,0.0000,1.0000,105.062,-1,0,0.0047
2019,657,687,0.0000,0.0000,1.0000,105.062,-1,0,0.0043
2020,657,4331,0.0000,-1.0000,0.0000,66.625,-1,0,0.0000
2021,658,659,1.0000,0.0000,0.0000,66.625,-1,0,0.0000
2022,658,687,0.0000,0.0000,1.0000,105.062,-1,0,0.0043
2023,658,688,0.0000,0.0000,1.0000,105.062,-1,0,0.0035
2024,658,4331,0.0000,-1.0000,0.0000,66.625,-1,0,0.0000
2025,659,660,1.0000,0.0000,0.0000,66.625,-1,0,0.0000
2026,659,688,0.0000,0.0000,1.0000,105.062,-1,0,0.0035
2027,659,689,0.0000,0.0000,1.0000,105.062,-1,0,0.0032
2028,660,661,1.0000,0.0000,0.0000,66.625,-1,0,0.0000
2029,660,689,0.0000,0.0000,1.0000,105.062,-1,0,0.0032
2030,660,690,0.0000,0.0000,1.0000,105.062,-1,0,0.0032
2031,661,662,1.0000,0.0000,0.0000,66.625,-1,0,0.0000
2032,661,690,0.0000,0.0000,1.0000,105.062,-1,0,0.0032
2033,661,691,0.0000,0.0000,1.0000,105.062,-1,0,0.0035
2034,662,663,1.0000,0.0000,0.0000,66.625,-1,0,0.0000
2035,662,691,0.0000,0.0000,1.0000,105.062,-1,0,0.0035
2036,662,692,0.0000,0.0000,1.0000,105.062,-1,0,0.0040
2037,662,4455,0.0000,-1.0000,0.0000,66.625,-1,0,0.0000
2038,663,664,1.0000,0.0000,0.0000,66.625,-1,0,0.0000
2039,663,692,0.0000,0.0000,1.0000,105.062,-1,0,0.0040
2040,663,693,0.0000,0.0000,1.0000,105.062,-1,0,0.0038
2041,663,4455,0.0000,-1.0000,0.0000,66.625,-1,0,0.0000
2042,664,665,1.0000,0.0000,0.0000,66.625,-1,0,0.0000
2043,664,693,0.0000,0.0000,1.0000,105.062,-1,0,0.0038
2044,664,694,0.0000,0.0000,1.0000,105.062,-1,0,0.0031
2045,665,666,1.0000,0.0000,0.0000,66.625,-1,0,0.0000
2046,665,694,0.0000,0.0000,1.0000,105.062,-1,0,0.0031
2047,665,695,0.0000,0.0000,1.0000,105.062,-1,0,0.0031
2048,666,667,1.0000,0.0000,0.0000,66.625,-1,0,0.0000
2049,666,695,0.0000,0.0000,1.0000,105.062,-1,0,0.0031
2050,666,696,0.0000,0.0000,1.0000,105.062,-1,0,0.0038
2051,667,668,1.0000,0.0000,0.0000,66.625,-1,0,0.0000
2052,667,696,0.0000,0.0000,1.0000,105.062,-1,0,0.0038
2053,667,697,0.0000,0.0000,1.0000,105.062,-1,0,0.0040
2054,667,4579,0.0000,-1.0000,0.0000,66.625,-1,0,0.0000
2055,668,669,1.0000,0.0000,0.0000,66.625,-1,0,0.0000
2056,668,697,0.0000,0.0000,1.0000,105.062,-1,0,0.0040
2057,668,698,0.0000,0.0000,1.0000,105.062,-1,0,0.0035
2058,668,4579,0.0000,-1.0000,0.0000,66.625,-1,0,0.0000
2059,669,670,1.0000,0.0000,0.0000,66.625,-1,0,0.0000
2060,669,698,0.0000,0.0000,1.0000,105.062,-1,0,0.0035
2061,669,699,0.0000,0.0000,1.0000,105.062,-1,0,0.0033
2062,670,671,1.0000,0.0000,0.0000,66.625,-1,0,0.0000
2063,670,699,0.0000,0.0000,1.0000,105.062,-1,0,0.0033
2064,670,700,0.0000,0.0000,1.0000,105.062,-1,0,0.0033
2065,671,672,1.0000,0.0000,0.0000,66.625,-1,0,0.0000
2066,671,700,0.0000,0.0000,1.0000,105.062,-1,0,0.0033
2067,671,701,0.0000,0.0000,1.0000,105.062,-1,0,0.0035
2068,672,673,1.0000,0.0000,0.0000,66.625,-1,0,0.0000
2069,672,701,0.0000,0.0000,1.0000,105.062,-1,0,0.0035
2070,672,702,0.0000,0.0000,1.0000,105.062,-1,0,0.0040
2071,672,4703,0.0000,-1.0000,0.0000,66.625,-1,0,0.0000
2072,673,674,1.0000,0.0000,0.0000,66.625,-1,0,0.0000
2073,673,702,0.0000,0.0000,1.0000,105.062,-1,0,0.0040
2074,673,703,0.0000,0.0000,1.0000,105.062,-1,0,0.0038
2075,673,4703,0.0000,-1.0000,0.0000,66.625,-1,0,0.0000
2076,674,675,1.0000,0.0000,0.0000,66.625,-1,0,0.0000
2077,674,703,0.0000,0.0000,1.0000,105.062,-1,0,0.0038
2078,674,704,0.0000,0.0000,1.0000,105.062,-1,0,0.0031
2079,675,676,1.0000,0.0000,0.0000,66.625,-1,0,0.0000
2080,675,704,0.0000,0.0000,1.0000,105.062,-1,0,0.0031
2081,675,705,0.0000,0.0000,1.0000,105.062,-1,0,0.0031
2082,676,677,1.0000,0.0000,0.0000,66.625,-1,0,0.0000
2083,676,705,0.0000,0.0000,1.0000,105.062,-1,0,0.0031
2084,676,706,0.0000,0.0000,1.0000,105.062,-1,0,0.0038
2085,677,678,1.0000,0.0000,0.0000,66.625,-1,0,0.0000
2086,677,706,0.0000,0.0000,1.0000,105.062,-1,0,0.0038
2087,677,707,0.0000,0.0000,1.0000,105.062,-1,0,0.0040
2088,677,4827,0.0000,-1.0000,0.0000,66.625,-1,0,0.0000
2089,678,679,1.0000,0.0000,0.0000,66.625,-1,0,0.0000
2090,678,707,0.0000,0.0000,1.0000,105.062,-1,0,0.0040
2091,678,708,0.0000,0.0000,1.0000,105.062,-1,0,0.0035
2092,678,4827,0.0000,-1.0000,0.0000,66.625,-1,0,0.0000
2093,679,680,1.0000,0.0000,0.0000,66.625,-1,0,0.0000
2094,679,708,0.0000,0.0000,1.0000,105.062,-1,0,0.0035
2095,679,709,0.0000,0.0000,1.0000,105.062,-1,0,0.0033
2096,680,681,1.0000,0.0000,0.0000,66.625,-1,0,0.0000
2097,680,709,0.0000,0.0000,1.0000,105.062,-1,0,0.0033
2098,680,710,0.0000,0.0000,1.0000,105.062,-1,0,0.0033
2099,681,682,1.0000,0.0000,0.0000,66.625,-1,0,0.0000
2100,681,710,0.0000,0.0000,1.0000,105.062,-1,0,0.0033
2101,681,711,0.0000,0.0000,1.0000,105.062,-1,0,0.0043
2102,682,683,1.0000,0.0000,0.0000,66.625,-1,0,0.0000
2103,682,711,0.0000,0.0000,1.0000,105.062,-1,0,0.0043
2104,682,712,0.0000,0.0000,1.0000,105.062,-1,0,0.0064
2105,682,4951,0.0000,-1.0000,0.0000,66.625,-1,0,0.0000
2106,683,684,1.0000,0.0000,0.0000,66.625,-1,0,0.0000
2107,683,712,0.0000,0.0000,1.0000,105.062,-1,0,0.0064
2108,683,713,0.0000,0.0000,1.0000,105.062,-1,0,0.0081
2109,683,4951,0.0000,-1.0000,0.0000,66.625,-1,0,0.0000
2110,684,713,0.0000,0.0000,1.0000,105.062,-1,0,0.0081
2111,684,714,0.0000,0.0000,1.0000,105.062,-1,0,0.0086
2112,684,3885,0.0000,1.0000,0.0000,66.625,-1,0,0.0000
2113,685,686,1.0000,0.0000,0.0000,66.625,-1,0,0.0000
2114,685,3243,0.0000,1.0000,0.0000,66.625,-1,0,0.0000
2115,685,715,0.0000,0.0000,1.0000,105.062,-1,0,0.0045
2116,686,687,1.0000,0.0000,0.0000,66.625,-1,0,0.0000
2117,686,715,0.0000,0.0000,1.0000,105.062,-1,0,0.0045
2118,686,716,0.0000,0.0000,1.0000,105.062,-1,0,0.0046
2119,687,688,1.0000,0.0000,0.0000,66.625,-1,0,0.0000
2120,687,4333,0.0000,-1.0000,0.0000,139.750,-1,0,0.0000
2121,687,716,0.0000,0.0000,1.0000,105.062,-1,0,0.0046
2122,687,717,0.0000,0.0000,1.0000,105.062,-1,0,0.0037
2123,688,689,1.0000,0.0000,0.0000,66.625,-1,0,0.0000
2124,688,717,0.0000,0.0000,1.0000,105.062,-1,0,0.0037
2125,688,718,0.0000,0.0000,1.0000,105.062,-1,0,0.0031
2126,689,690,1.0000,0.0000,0.0000,66.625,-1,0,0.0000
2127,689,718,0.0000,0.0000,1.0000,105.062,-1,0,0.0031
2128,689,719,0.0000,0.0000,1.0000,105.062,-1,0,0.0030
2129,690,691,1.0000,0.0000,0.0000,66.625,-1,0,0.0000
2130,690,719,0.0000,0.0000,1.0000,105.062,-1,0,0.0030
2131,690,720,0.0000,0.0000,1.0000,105.062,-1,0,0.0032
2132,691,692,1.0000,0.0000,0.0000,66.625,-1,0,0.0000
2133,691,720,0.0000,0.0000,1.0000,105.062,-1,0,0.0032
2134,691,721,0.0000,0.0000,1.0000,105.062,-1,0,0.0035
2135,692,693,1.0000,0.0000,0.0000,66.625,-1,0,0.0000
2136,692,4457,0.0000,-1.0000,0.0000,139.750,-1,0,0.0000
2137,692,721,0.0000,0.0000,1.0000,105.062,-1,0,0.0035
2138,692,722,0.0000,0.0000,1.0000,105.062,-1,0,0.0042
2139,693,694,1.0000,0.0000,0.0000,66.625,-1,0,0.0000
2140,693,722,0.0000,0.0000,1.0000,105.062,-1,0,0.0042
2141,693,723,0.0000,0.0000,1.0000,105.062,-1,0,0.0033
2142,694,695,1.0000,0.0000,0.0000,66.625,-1,0,0.0000
2143,694,723,0.0000,0.0000,1.0000,105.062,-1,0,0.0033
2144,694,724,0.0000,0.0000,1.0000,105.062,-1,0,0.0027
2145,695,696,1.0000,0.0000,0.0000,66.625,-1,0,0.0000
2146,695,724,0.0000,0.0000,1.0000,105.062,-1,0,0.0027
2147,695,725,0.0000,0.0000,1.0000,105.062,-1,0,0.0033
2148,696,697,1.0000,0.0000,0.0000,66.625,-1,0,0.0000
2149,696,725,0.0000,0.0000,1.0000,105.062,-1,0,0.0033
2150,696,726,0.0000,0.0000,1.0000,105.062,-1,0,0.0042
2151,697,698,1.0000,0.0000,0.0000,66.625,-1,0,0.0000
2152,697,4581,0.0000,-1.0000,0.0000,139.750,-1,0,0.0000
2153,697,726,0.0000,0.0000,1.0000,105.062,-1,0,0.0042
2154,697,727,0.0000,0.0000,1.0000,105.062,-1,0,0.0035
2155,698,699,1.0000,0.0000,0.0000,66.625,-1,0,0.0000
2156,698,727,0.0000,0.0000,1.0000,105.062,-1,0,0.0035
2157,698,728,0.0000,0.0000,1.0000,105.062,-1,0,0.0032
2158,699,700,1.0000,0.0000,0.0000,66.625,-1,0,0.0000
2159,699,728,0.0000,0.0000,1.0000,105.062,-1,0,0.0032
2160,699,729,0.0000,0.0000,1.0000,105.062,-1,0,0.0031
2161,700,701,1.0000,0.0000,0.0000,66.625,-1,0,0.0000
2162,700,729,0.0000,0.0000,1.0000,105.062,-1,0,0.0031
2163,700,730,0.0000,0.0000,1.0000,105.062,-1,0,0.0032
2164,701,702,1.0000,0.0000,0.0000,66.625,-1,0,0.0000
2165,701,730,0.0000,0.0000,1.0000,105.062,-1,0,0.0032
2166,701,731,0.0000,0.0000,1.0000,105.062,-1,0,0.0035
2167,702,703,1.0000,0.0000,0.0000,66.625,-1,0,0.0000
2168,702,4705,0.0000,-1.0000,0.0000,139.750,-1,0,0.0000
2169,702,731,0.0000,0.0000,1.0000,105.062,-1,0,0.0035
2170,702,732,0.0000,0.0000,1.0000,105.062,-1,0,0.0042
2171,703,704,1.0000,0.0000,0.0000,66.625,-1,0,0.0000
2172,703,732,0.0000,0.0000,1.0000,105.062,-1,0,0.0042
2173,703,733,0.0000,0.0000,1.0000,105.062,-1,0,0.0033
2174,704,705,1.0000,0.0000,0.0000,66.625,-1,0,0.0000
2175,704,733,0.0000,0.0000,1.0000,105.062,-1,0,0.0033
2176,704,734,0.0000,0.0000,1.0000,105.062,-1,0,0.0027
2177,705,706,1.0000,0.0000,0.0000,66.625,-1,0,0.0000
2178,705,734,0.0000,0.0000,1.0000,105.062,-1,0,0.0027
2179,705,735,0.0000,0.0000,1.0000,105.062,-1,0,0.0033
2180,706,707,1.0000,0.0000,0.0000,66.625,-1,0,0.0000
2181,706,735,0.0000,0.0000,1.0000,105.062,-1,0,0.0033
2182,706,736,0.0000,0.0000,1.0000,105.062,-1,0,0.0042
2183,707,708,1.0000,0.0000,0.0000,66.625,-1,0,0.0000
2184,707,4829,0.0000,-1.0000,0.0000,139.750,-1,0,0.0000
2185,707,736,0.0000,0.0000,1.0000,105.062,-1,0,0.0042
2186,707,737,0.0000,0.0000,1.0000,105.062,-1,0,0.0035
2187,708,709,1.0000,0.0000,0.0000,66.625,-1,0,0.0000
2188,708,737,0.0000,0.0000,1.0000,105.062,-1,0,0.0035
2189,708,738,0.0000,0.0000,1.0000,105.062,-1,0,0.0032
2190,709,710,1.0000,0.0000,0.0000,66.625,-1,0,0.0000
2191,709,738,0.0000,0.0000,1.0000,105.062,-1,0,0.0032
2192,709,739,0.0000,0.0000,1.0000,105.062,-1,0,0.0031
2193,710,711,1.0000,0.0000,0.0000,66.625,-1,0,0.0000
2194,710,739,0.0000,0.0000,1.0000,105.062,-1,0,0.0031
2195,710,740,0.0000,0.0000,1.0000,105.062,-1,0,0.0032
2196,711,712,1.0000,0.0000,0.0000,66.625,-1,0,0.0000
2197,711,740,0.0000,0.0000,1.0000,105.062,-1,0,0.0032
2198,711,741,0.0000,0.0000,1.0000,105.062,-1,0,0.0051
2199,712,713,1.0000,0.0000,0.0000,66.625,-1,0,0.0000
2200,712,4953,0.0000,-1.0000,0.0000,139.750,-1,0,0.0000
2201,712,741,0.0000,0.0000,1.0000,105.062,-1,0,0.0051
2202,712,742,0.0000,0.0000,1.0000,105.062,-1,0,0.0074
2203,713,714,1.0000,0.0000,0.0000,66.625,-1,0,0.0000
2204,713,742,0.0000,0.0000,1.0000,105.062,-1,0,0.0074
2205,713,743,0.0000,0.0000,1.0000,105.062,-1,0,0.0085
2206,714,3892,0.0000,1.0000,0.0000,66.625,-1,0,0.0000
2207,714,743,0.0000,0.0000,1.0000,105.062,-1,0,0.0085
2208,715,716,1.0000,0.0000,0.0000,66.625,-1,0,0.0000
2209,715,744,0.0000,0.0000,1.0000,105.062,-1,0,0.0045
2210,715,745,0.0000,0.0000,1.0000,105.062,-1,0,0.0043
2211,715,3258,0.0000,1.0000,0.0000,66.625,-1,0,0.0000
2212,716,717,1.0000,0.0000,0.0000,66.625,-1,0,0.0000
2213,716,745,0.0000,0.0000,1.0000,220.375,-1,0,0.0043
2214,716,4335,0.0000,-1.0000,0.0000,66.625,-1,0,0.0000
2215,717,718,1.0000,0.0000,0.0000,66.625,-1,0,0.0000
2216,717,745,0.0000,0.0000,1.0000,105.062,-1,0,0.0043
2217,717,746,0.0000,0.0000,1.0000,105.062,-1,0,0.0028
2218,717,4335,0.0000,-1.0000,0.0000,66.625,-1,0,0.0000
2219,718,719,1.0000,0.0000,0.0000,66.625,-1,0,0.0000
2220,718,746,0.0000,0.0000,1.0000,220.375,-1,0,0.0028
2221,719,720,1.0000,0.0000,0.0000,66.625,-1,0,0.0000
2222,719,746,0.0000,0.0000,1.0000,105.062,-1,0,0.0028
2223,719,747,0.0000,0.0000,1.0000,105.062,-1,0,0.0029
2224,720,721,1.0000,0.0000,0.0000,66.625,-1,0,0.0000
2225,720,747,0.0000,0.0000,1.0000,220.375,-1,0,0.0029
2226,721,722,1.0000,0.0000,0.0000,66.625,-1,0,0.0000
2227,721,747,0.0000,0.0000,1.0000,105.062,-1,0,0.0029
2228,721,748,0.0000,0.0000,1.0000,105.062,-1,0,0.0038
2229,721,4459,0.0000,-1.0000,0.0000,66.625,-1,0,0.0000
2230,722,723,1.0000,0.0000,0.0000,66.625,-1,0,0.0000
2231,722,748,0.0000,0.0000,1.0000,220.375,-1,0,0.0038
2232,722,4459,0.0000,-1.0000,0.0000,66.625,-1,0,0.0000
2233,723,724,1.0000,0.0000,0.0000,66.625,-1,0,0.0000
2234,723,748,0.0000,0.0000,1.0000,105.062,-1,0,0.0038
2235,723,749,0.0000,0.0000,1.0000,105.062,-1,0,0.0025
2236,724,725,1.0000,0.0000,0.0000,66.625,-1,0,0.0000
2237,724,749,0.0000,0.0000,1.0000,220.375,-1,0,0.0025
2238,725,726,1.0000,0.0000,0.0000,66.625,-1,0,0.0000
2239,725,749,0.0000,0.0000,1.0000,105.062,-1,0,0.0025
2240,725,750,0.0000,0.0000,1.0000,105.062,-1,0,0.0038
2241,726,727,1.0000,0.0000,0.0000,66.625,-1,0,0.0000
2242,726,750,0.0000,0.0000,1.0000,220.375,-1,0,0.0038
2243,726,4583,0.0000,-1.0000,0.0000,66.625,-1,0,0.0000
2244,727,728,1.0000,0.0000,0.0000,66.625,-1,0,0.0000
2245,727,750,0.0000,0.0000,1.0000,105.062,-1,0,0.0038
2246,727,751,0.0000,0.0000,1.0000,105.062,-1,0,0.0030
2247,727,4583,0.0000,-1.0000,0.0000,66.625,-1,0,0.0000
2248,728,729,1.0000,0.0000,0.0000,66.625,-1,0,0.0000
2249,728,751,0.0000,0.0000,1.0000,220.375,-1,0,0.0030
2250,729,730,1.0000,0.0000,0.0000,66.625,-1,0,0.0000
2251,729,751,0.0000,0.0000,1.0000,105.062,-1,0,0.0030
2252,729,752,0.0000,0.0000,1.0000,105.062,-1,0,0.0030
2253,730,731,1.0000,0.0000,0.0000,66.625,-1,0,0.0000
2254,730,752,0.0000,0.0000,1.0000,220.375,-1,0,0.0030
2255,731,732,1.0000,0.0000,0.0000,66.625,-1,0,0.0000
2256,731,752,0.0000,0.0000,1.0000,105.062,-1,0,0.0030
2257,731,753,0.0000,0.0000,1.0000,105.062,-1,0,0.0038
2258,731,4707,0.0000,-1.0000,0.0000,66.625,-1,0,0.0000
2259,732,733,1.0000,0.0000,0.0000,66.625,-1,0,0.0000
2260,732,753,0.0000,0.0000,1.0000,220.375,-1,0,0.0038
2261,732,4707,0.0000,-1.0000,0.0000,66.625,-1,0,0.0000
2262,733,734,1.0000,0.0000,0.0000,66.625,-1,0,0.0000
2263,733,753,0.0000,0.0000,1.0000,105.062,-1,0,0.0038
2264,733,754,0.0000,0.0000,1.0000,105.062,-1,0,0.0025
2265,734,735,1.0000,0.0000,0.0000,66.625,-1,0,0.0000
2266,734,754,0.0000,0.0000,1.0000,220.375,-1,0,0.0025
2267,735,736,1.0000,0.0000,0.0000,66.625,-1,0,0.0000
2268,735,754,0.0000,0.0000,1.0000,105.062,-1,0,0.0025
2269,735,755,0.0000,0.0000,1.0000,105.062,-1,0,0.0038
2270,736,737,1.0000,0.0000,0.0000,66.625,-1,0,0.0000
2271,736,755,0.0000,0.0000,1.0000,220.375,-1,0,0.0038
2272,736,4831,0.0000,-1.0000,0.0000,66.625,-1,0,0.0000
2273,737,738,1.0000,0.0000,0.0000,66.625,-1,0,0.0000
2274,737,755,0.0000,0.0000,1.0000,105.062,-1,0,0.0038
2275,737,756,0.0000,0.0000,1.0000,105.062,-1,0,0.0029
2276,737,4831,0.0000,-1.0000,0.0000,66.625,-1,0,0.0000
2277,738,739,1.0000,0.0000,0.0000,66.625,-1,0,0.0000
2278,738,756,0.0000,0.0000,1.0000,220.375,-1,0,0.0029
2279,739,740,1.0000,0.0000,0.0000,66.625,-1,0,0.0000
2280,739,756,0.0000,0.0000,1.0000,105.062,-1,0,0.0029
2281,739,757,0.0000,0.0000,1.0000,105.062,-1,0,0.0029
2282,740,741,1.0000,0.0000,0.0000,66.625,-1,0,0.0000
2283,740,757,0.0000,0.0000,1.0000,220.375,-1,0,0.0029
2284,741,742,1.0000,0.0000,0.0000,66.625,-1,0,0.0000
2285,741,757,0.0000,0.0000,1.0000,105.062,-1,0,0.0029
2286,741,758,0.0000,0.0000,1.0000,105.062,-1,0,0.0070
2287,741,4955,0.0000,-1.0000,0.0000,66.625,-1,0,0.0000
2288,742,743,1.0000,0.0000,0.0000,66.625,-1,0,0.0000
2289,742,758,0.0000,0.0000,1.0000,220.375,-1,0,0.0070
2290,742,4955,0.0000,-1.0000,0.0000,66.625,-1,0,0.0000
2291,743,758,0.0000,0.0000,1.0000,105.062,-1,0,0.0070
2292,743,759,0.0000,0.0000,1.0000,105.062,-1,0,0.0097
2293,743,3900,0.0000,1.0000,0.0000,66.625,-1,0,0.0000
2294,744,745,1.0000,0.0000,0.0000,66.625,-1,0,0.0000
2295,744,3272,0.0000,1.0000,0.0000,66.625,-1,0,0.0000
2296,744,760,0.0000,0.0000,1.0000,105.062,-1,0,0.0043
2297,745,746,1.0000,0.0000,0.0000,66.625,-1,0,0.0000
2298,745,4337,0.0000,-1.0000,0.0000,139.750,-1,0,0.0000
2299,745,760,0.0000,0.0000,1.0000,105.062,-1,0,0.0043
2300,745,761,0.0000,0.0000,1.0000,220.375,-1,0,0.0042
2301,745,762,0.0000,0.0000,1.0000,105.062,-1,0,0.0038
2302,746,747,1.0000,0.0000,0.0000,66.625,-1,0,0.0000
2303,746,762,0.0000,0.0000,1.0000,105.062,-1,0,0.0038
2304,746,763,0.0000,0.0000,1.0000,220.375,-1,0,0.0034
2305,746,764,0.0000,0.0000,1.0000,105.062,-1,0,0.0019
2306,747,748,1.0000,0.0000,0.0000,66.625,-1,0,0.0000
2307,747,764,0.0000,0.0000,1.0000,105.062,-1,0,0.0019
2308,747,765,0.0000,0.0000,1.0000,220.375,-1,0,0.0036
2309,747,766,0.0000,0.0000,1.0000,105.062,-1,0,0.0041
2310,748,749,1.0000,0.0000,0.0000,66.625,-1,0,0.0000
2311,748,4461,0.0000,-1.0000,0.0000,139.750,-1,0,0.0000
2312,748,766,0.0000,0.0000,1.0000,105.062,-1,0,0.0041
2313,748,767,0.0000,0.0000,1.0000,220.375,-1,0,0.0050
2314,748,768,0.0000,0.0000,1.0000,105.062,-1,0,0.0027
2315,749,750,1.0000,0.0000,0.0000,66.625,-1,0,0.0000
2316,749,768,0.0000,0.0000,1.0000,105.062,-1,0,0.0027
2317,749,769,0.0000,0.0000,1.0000,220.375,-1,0,0.0019
2318,749,770,0.0000,0.0000,1.0000,105.062,-1,0,0.0027
2319,750,751,1.0000,0.0000,0.0000,66.625,-1,0,0.0000
2320,750,4585,0.0000,-1.0000,0.0000,139.750,-1,0,0.0000
2321,750,770,0.0000,0.0000,1.0000,105.062,-1,0,0.0027
2322,750,771,0.0000,0.0000,1.0000,220.375,-1,0,0.0050
2323,750,772,0.0000,0.0000,1.0000,105.062,-1,0,0.0041
2324,751,752,1.0000,0.0000,0.0000,66.625,-1,0,0.0000
2325,751,772,0.0000,0.0000,1.0000,105.062,-1,0,0.0041
2326,751,773,0.0000,0.0000,1.0000,220.375,-1,0,0.0036
2327,751,774,0.0000,0.0000,1.0000,105.062,-1,0,0.0020
2328,752,753,1.0000,0.0000,0.0000,66.625,-1,0,0.0000
2329,752,774,0.0000,0.0000,1.0000,105.062,-1,0,0.0020
2330,752,775,0.0000,0.0000,1.0000,220.375,-1,0,0.0036
2331,752,776,0.0000,0.0000,1.0000,105.062,-1,0,0.0041
2332,753,754,1.0000,0.0000,0.0000,66.625,-1,0,0.0000
2333,753,4709,0.0000,-1.0000,0.0000,139.750,-1,0,0.0000
2334,753,776,0.0000,0.0000,1.0000,105.062,-1,0,0.0041
2335,753,777,0.0000,0.0000,1.0000,220.375,-1,0,0.0050
2336,753,778,0.0000,0.0000,1.0000,105.062,-1,0,0.0027
2337,754,755,1.0000,0.0000,0.0000,66.625,-1,0,0.0000
2338,754,778,0.0000,0.0000,1.0000,105.062,-1,0,0.0027
2339,754,779,0.0000,0.0000,1.0000,220.375,-1,0,0.0019
2340,754,780,0.0000,0.0000,1.0000,105.062,-1,0,0.0027
2341,755,756,1.0000,0.0000,0.0000,66.625,-1,0,0.0000
2342,755,4833,0.0000,-1.0000,0.0000,139.750,-1,0,0.0000
2343,755,780,0.0000,0.0000,1.0000,105.062,-1,0,0.0027
2344,755,781,0.0000,0.0000,1.0000,220.375,-1,0,0.0050
2345,755,782,0.0000,0.0000,1.0000,105.062,-1,0,0.0041
2346,756,757,1.0000,0.0000,0.0000,66.625,-1,0,0.0000
2347,756,782,0.0000,0.0000,1.0000,105.062,-1,0,0.0041
2348,756,783,0.0000,0.0000,1.0000,220.375,-1,0,0.0036
2349,756,784,0.0000,0.0000,1.0000,105.062,-1,0,0.0019
2350,757,758,1.0000,0.0000,0.0000,66.625,-1,0,0.0000
2351,757,784,0.0000,0.0000,1.0000,105.062,-1,0,0.0019
2352,757,785,0.0000,0.0000,1.0000,220.375,-1,0,0.0034
2353,757,786,0.0000,0.0000,1.0000,105.062,-1,0,0.0043
2354,758,759,1.0000,0.0000,0.0000,66.625,-1,0,0.0000
2355,758,4957,0.0000,-1.0000,0.0000,139.750,-1,0,0.0000
2356,758,786,0.0000,0.0000,1.0000,105.062,-1,0,0.0043
2357,758,787,0.0000,0.0000,1.0000,220.375,-1,0,0.0090
2358,758,788,0.0000,0.0000,1.0000,105.062,-1,0,0.0096
2359,759,3914,0.0000,1.0000,0.0000,66.625,-1,0,0.0000
2360,759,788,0.0000,0.0000,1.0000,105.062,-1,0,0.0096
2361,760,761,1.0000,0.0000,0.0000,66.625,-1,0,0.0000
2362,760,789,0.0000,0.0000,1.0000,105.062,-1,0,0.0042
2363,760,790,0.0000,0.0000,1.0000,105.062,-1,0,0.0042
2364,760,3280,0.0000,1.0000,0.0000,66.625,-1,0,0.0000
2365,761,762,1.0000,0.0000,0.0000,66.625,-1,0,0.0000
2366,761,790,0.0000,0.0000,1.0000,105.062,-1,0,0.0042
2367,761,791,0.0000,0.0000,1.0000,105.062,-1,0,0.0043
2368,761,4339,0.0000,-1.0000,0.0000,66.625,-1,0,0.0000
2369,762,763,1.0000,0.0000,0.0000,66.625,-1,0,0.0000
2370,762,791,0.0000,0.0000,1.0000,105.062,-1,0,0.0043
2371,762,792,0.0000,0.0000,1.0000,105.062,-1,0,0.0031
2372,762,4339,0.0000,-1.0000,0.0000,66.625,-1,0,0.0000
2373,763,764,1.0000,0.0000,0.0000,66.625,-1,0,0.0000
2374,763,792,0.0000,0.0000,1.0000,105.062,-1,0,0.0031
2375,763,793,0.0000,0.0000,1.0000,105.062,-1,0,0.0018
2376,764,765,1.0000,0.0000,0.0000,66.625,-1,0,0.0000
2377,764,793,0.0000,0.0000,1.0000,105.062,-1,0,0.0018
2378,764,794,0.0000,0.0000,1.0000,105.062,-1,0,0.0018
2379,765,766,1.0000,0.0000,0.0000,66.625,-1,0,0.0000
2380,765,794,0.0000,0.0000,1.0000,105.062,-1,0,0.0018
2381,765,795,0.0000,0.0000,1.0000,105.062,-1,0,0.0033
2382,766,767,1.0000,0.0000,0.0000,66.625,-1,0,0.0000
2383,766,795,0.0000,0.0000,1.0000,105.062,-1,0,0.0033
2384,766,796,0.0000,0.0000,1.0000,105.062,-1,0,0.0047
2385,766,4463,0.0000,-1.0000,0.0000,66.625,-1,0,0.0000
2386,767,768,1.0000,0.0000,0.0000,66.625,-1,0,0.0000
2387,767,796,0.0000,0.0000,1.0000,105.062,-1,0,0.0047
2388,767,797,0.0000,0.0000,1.0000,105.062,-1,0,0.0033
2389,767,4463,0.0000,-1.0000,0.0000,66.625,-1,0,0.0000
2390,768,769,1.0000,0.0000,0.0000,66.625,-1,0,0.0000
2391,768,797,0.0000,0.0000,1.0000,105.062,-1,0,0.0033
2392,768,798,0.0000,0.0000,1.0000,105.062,-1,0,0.0019
2393,769,770,1.0000,0.0000,0.0000,66.625,-1,0,0.0000
2394,769,798,0.0000,0.0000,1.0000,105.062,-1,0,0.0019
2395,769,799,0.0000,0.0000,1.0000,105.062,-1,0,0.0019
2396,770,771,1.0000,0.0000,0.0000,66.625,-1,0,0.0000
2397,770,799,0.0000,0.0000,1.0000,105.062,-1,0,0.0019
2398,770,800,0.0000,0.0000,1.0000,105.062,-1,0,0.0033
2399,771,772,1.0000,0.0000,0.0000,66.625,-1,0,0.0000
2400,771,800,0.0000,0.0000,1.0000,105.062,-1,0,0.0033
2401,771,801,0.0000,0.0000,1.0000,105.062,-1,0,0.0047
2402,771,4587,0.0000,-1.0000,0.0000,66.625,-1,0,0.0000
2403,772,773,1.0000,0.0000,0.0000,66.625,-1,0,0.0000
2404,772,801,0.0000,0.0000,1.0000,105.062,-1,0,0.0047
2405,772,802,0.0000,0.0000,1.0000,105.062,-1,0,0.0033
2406,772,4587,0.0000,-1.0000,0.0000,66.625,-1,0,0.0000
2407,773,774,1.0000,0.0000,0.0000,66.625,-1,0,0.0000
2408,773,802,0.0000,0.0000,1.0000,105.062,-1,0,0.0033
2409,773,803,0.0000,0.0000,1.0000,105.062,-1,0,0.0019
2410,774,775,1.0000,0.0000,0.0000,66.625,-1,0,0.0000
2411,774,803,0.0000,0.0000,1.0000,105.062,-1,0,0.0019
2412,774,804,0.0000,0.0000,1.0000,105.062,-1,0,0.0019
2413,775,776,1.0000,0.0000,0.0000,66.625,-1,0,0.0000
2414,775,804,0.0000,0.0000,1.0000,105.062,-1,0,0.0019
2415,775,805,0.0000,0.0000,1.0000,105.062,-1,0,0.0033
2416,776,777,1.0000,0.0000,0.0000,66.625,-1,0,0.0000
2417,776,805,0.0000,0.0000,1.0000,105.062,-1,0,0.0033
2418,776,806,0.0000,0.0000,1.0000,105.062,-1,0,0.0047
2419,776,4711,0.0000,-1.0000,0.0000,66.625,-1,0,0.0000
2420,777,778,1.0000,0.0000,0.0000,66.625,-1,0,0.0000
2421,777,806,0.0000,0.0000,1.0000,105.062,-1,0,0.0047
2422,777,807,0.0000,0.0000,1.0000,105.062,-1,0,0.0033
2423,777,4711,0.0000,-1.0000,0.0000,66.625,-1,0,0.0000
2424,778,779,1.0000,0.0000,0.0000,66.625,-1,0,0.0000
2425,778,807,0.0000,0.0000,1.0000,105.062,-1,0,0.0033
2426,778,808,0.0000,0.0000,1.0000,105.062,-1,0,0.0019
2427,779,780,1.0000,0.0000,0.0000,66.625,-1,0,0.0000
2428,779,808,0.0000,0.0000,1.0000,105.062,-1,0,0.0019
2429,779,809,0.0000,0.0000,1.0000,105.062,-1,0,0.0019
2430,780,781,1.0000,0.0000,0.0000,66.625,-1,0,0.0000
2431,780,809,0.0000,0.0000,1.0000,105.062,-1,0,0.0019
2432,780,810,0.0000,0.0000,1.0000,105.062,-1,0,0.0033
2433,781,782,1.0000,0.0000,0.0000,66.625,-1,0,0.0000
2434,781,810,0.0000,0.0000,1.0000,105.062,-1,0,0.0033
2435,781,811,0.0000,0.0000,1.0000,105.062,-1,0,0.0047
2436,781,4835,0.0000,-1.0000,0.0000,66.625,-1,0,0.0000
2437,782,783,1.0000,0.0000,0.0000,66.625,-1,0,0.0000
2438,782,811,0.0000,0.0000,1.0000,105.062,-1,0,0.0047
2439,782,812,0.0000,0.0000,1.0000,105.062,-1,0,0.0033
2440,782,4835,0.0000,-1.0000,0.0000,66.625,-1,0,0.0000
2441,783,784,1.0000,0.0000,0.0000,66.625,-1,0,0.0000
2442,783,812,0.0000,0.0000,1.0000,105.062,-1,0,0.0033
2443,783,813,0.0000,0.0000,1.0000,105.062,-1,0,0.0018
2444,784,785,1.0000,0.0000,0.0000,66.625,-1,0,0.0000
2445,784,813,0.0000,0.0000,1.0000,105.062,-1,0,0.0018
2446,784,814,0.0000,0.0000,1.0000,105.062,-1,0,0.0018
2447,785,786,1.0000,0.0000,0.0000,66.625,-1,0,0.0000
2448,785,814,0.0000,0.0000,1.0000,105.062,-1,0,0.0018
2449,785,815,0.0000,0.0000,1.0000,105.062,-1,0,0.0031
2450,786,787,1.0000,0.0000,0.0000,66.625,-1,0,0.0000
2451,786,815,0.0000,0.0000,1.0000,105.062,-1,0,0.0031
2452,786,816,0.0000,0.0000,1.0000,105.062,-1,0,0.0053
2453,786,4959,0.0000,-1.0000,0.0000,66.625,-1,0,0.0000
2454,787,788,1.0000,0.0000,0.0000,66.625,-1,0,0.0000
2455,787,816,0.0000,0.0000,1.0000,105.062,-1,0,0.0053
2456,787,817,0.0000,0.0000,1.0000,105.062,-1,0,0.0084
2457,787,4959,0.0000,-1.0000,0.0000,66.625,-1,0,0.0000
2458,788,817,0.0000,0.0000,1.0000,105.062,-1,0,0.0084
2459,788,818,0.0000,0.0000,1.0000,105.062,-1,0,0.0105
2460,788,3922,0.0000,1.0000,0.0000,66.625,-1,0,0.0000
2461,789,790,1.0000,0.0000,0.0000,66.625,-1,0,0.0000
2462,789,3294,0.0000,1.0000,0.0000,66.625,-1,0,0.0000
2463,789,819,0.0000,0.0000,1.0000,105.062,-1,0,0.0040
2464,790,791,1.0000,0.0000,0.0000,66.625,-1,0,0.0000
2465,790,819,0.0000,0.0000,1.0000,105.062,-1,0,0.0040
2466,790,820,0.0000,0.0000,1.0000,105.062,-1,0,0.0041
2467,791,792,1.0000,0.0000,0.0000,66.625,-1,0,0.0000
2468,791,4341,0.0000,-1.0000,0.0000,139.750,-1,0,0.0000
2469,791,820,0.0000,0.0000,1.0000,105.062,-1,0,0.0041
2470,791,821,0.0000,0.0000,1.0000,105.062,-1,0,0.0042
2471,792,793,1.0000,0.0000,0.0000,66.625,-1,0,0.0000
2472,792,821,0.0000,0.0000,1.0000,105.062,-1,0,0.0042
2473,792,822,0.0000,0.0000,1.0000,105.062,-1,0,0.0017
2474,793,794,1.0000,0.0000,0.0000,66.625,-1,0,0.0000
2475,793,822,0.0000,0.0000,1.0000,105.062,-1,0,0.0017
2476,793,823,0.0000,0.0000,1.0000,105.062,-1,0,0.0017
2477,794,795,1.0000,0.0000,0.0000,66.625,-1,0,0.0000
2478,794,823,0.0000,0.0000,1.0000,105.062,-1,0,0.0017
2479,794,824,0.0000,0.0000,1.0000,105.062,-1,0,0.0017
2480,795,796,1.0000,0.0000,0.0000,66.625,-1,0,0.0000
2481,795,824,0.0000,0.0000,1.0000,105.062,-1,0,0.0017
2482,795,825,0.0000,0.0000,1.0000,105.062,-1,0,0.0046
2483,796,797,1.0000,0.0000,0.0000,66.625,-1,0,0.0000
2484,796,4465,0.0000,-1.0000,0.0000,139.750,-1,0,0.0000
2485,796,825,0.0000,0.0000,1.0000,105.062,-1,0,0.0046
2486,796,826,0.0000,0.0000,1.0000,105.062,-1,0,0.0046
2487,797,798,1.0000,0.0000,0.0000,66.625,-1,0,0.0000
2488,797,826,0.0000,0.0000,1.0000,105.062,-1,0,0.0046
2489,797,827,0.0000,0.0000,1.0000,105.062,-1,0,0.0017
2490,798,799,1.0000,0.0000,0.0000,66.625,-1,0,0.0000
2491,798,827,0.0000,0.0000,1.0000,105.062,-1,0,0.0017
2492,798,828,0.0000,0.0000,1.0000,105.062,-1,0,0.0017
2493,799,800,1.0000,0.0000,0.0000,66.625,-1,0,0.0000
2494,799,828,0.0000,0.0000,1.0000,105.062,-1,0,0.0017
2495,799,829,0.0000,0.0000,1.0000,105.062,-1,0,0.0017
2496,800,801,1.0000,0.0000,0.0000,66.625,-1,0,0.0000
2497,800,829,0.0000,0.0000,1.0000,105.062,-1,0,0.0017
2498,800,830,0.0000,0.0000,1.0000,105.062,-1,0,0.0046
2499,801,802,1.0000,0.0000,0.0000,66.625,-1,0,0.0000
2500,801,4589,0.0000,-1.0000,0.0000,139.750,-1,0,0.0000
2501,801,830,0.0000,0.0000,1.0000,105.062,-1,0,0.0046
2502,801,831,0.0000,0.0000,1.0000,105.062,-1,0,0.0046
2503,802,803,1.0000,0.0000,0.0000,66.625,-1,0,0.0000
2504,802,831,0.0000,0.0000,1.0000,105.062,-1,0,0.0046
2505,802,832,0.0000,0.0000,1.0000,105.062,-1,0,0.0017
2506,803,804,1.0000,0.0000,0.0000,66.625,-1,0,0.0000
2507,803,832,0.0000,0.0000,1.0000,105.062,-1,0,0.0017
2508,803,833,0.0000,0.0000,1.0000,105.062,-1,0,0.0017
2509,804,805,1.0000,0.0000,0.0000,66.625,-1,0,0.0000
2510,804,833,0.0000,0.0000,1.0000,105.062,-1,0,0.0017
2511,804,834,0.0000,0.0000,1.0000,105.062,-1,0,0.0017
2512,805,806,1.0000,0.0000,0.0000,66.625,-1,0,0.0000
2513,805,834,0.0000,0.0000,1.0000,105.062,-1,0,0.0017
2514,805,835,0.0000,0.0000,1.0000,105.062,-1,0,0.0046
2515,806,807,1.0000,0.0000,0.0000,66.625,-1,0,0.0000
2516,806,4713,0.0000,-1.0000,0.0000,139.750,-1,0,0.0000
2517,806,835,0.0000,0.0000,1.0000,105.062,-1,0,0.0046
2518,806,836,0.0000,0.0000,1.0000,105.062,-1,0,0.0046
2519,807,808,1.0000,0.0000,0.0000,66.625,-1,0,0.0000
2520,807,836,0.0000,0.0000,1.0000,105.062,-1,0,0.0046
2521,807,837,0.0000,0.0000,1.0000,105.062,-1,0,0.0017
2522,808,809,1.0000,0.0000,0.0000,66.625,-1,0,0.0000
2523,808,837,0.0000,0.0000,1.0000,105.062,-1,0,0.0017
2524,808,838,0.0000,0.0000,1.0000,105.062,-1,0,0.0017
2525,809,810,1.0000,0.0000,0.0000,66.625,-1,0,0.0000
2526,809,838,0.0000,0.0000,1.0000,105.062,-1,0,0.0017
2527,809,839,0.0000,0.0000,1.0000,105.062,-1,0,0.0017
2528,810,811,1.0000,0.0000,0.0000,66.625,-1,0,0.0000
2529,810,839,0.0000,0.0000,1.0000,105.062,-1,0,0.0017
2530,810,840,0.0000,0.0000,1.0000,105.062,-1,0,0.0046
2531,811,812,1.0000,0.0000,0.0000,66.625,-1,0,0.0000
2532,811,4837,0.0000,-1.0000,0.0000,139.750,-1,0,0.0000
2533,811,840,0.0000,0.0000,1.0000,105.062,-1,0,0.0046
2534,811,841,0.0000,0.0000,1.0000,105.062,-1,0,0.0046
2535,812,813,1.0000,0.0000,0.0000,66.625,-1,0,0.0000
2536,812,841,0.0000,0.0000,1.0000,105.062,-1,0,0.0046
2537,812,842,0.0000,0.0000,1.0000,105.062,-1,0,0.0017
2538,813,814,1.0000,0.0000,0.0000,66.625,-1,0,0.0000
2539,813,842,0.0000,0.0000,1.0000,105.062,-1,0,0.0017
2540,813,843,0.0000,0.0000,1.0000,105.062,-1,0,0.0017
2541,814,815,1.0000,0.0000,0.0000,66.625,-1,0,0.0000
2542,814,843,0.0000,0.0000,1.0000,105.062,-1,0,0.0017
2543,814,844,0.0000,0.0000,1.0000,105.062,-1,0,0.0017
2544,815,816,1.0000,0.0000,0.0000,66.625,-1,0,0.0000
2545,815,844,0.0000,0.0000,1.0000,105.062,-1,0,0.0017
2546,815,845,0.0000,0.0000,1.0000,105.062,-1,0,0.0042
2547,816,817,1.0000,0.0000,0.0000,66.625,-1,0,0.0000
2548,816,4961,0.0000,-1.0000,0.0000,139.750,-1,0,0.0000
2549,816,845,0.0000,0.0000,1.0000,105.062,-1,0,0.0042
2550,816,846,0.0000,0.0000,1.0000,105.062,-1,0,0.0062
2551,817,818,1.0000,0.0000,0.0000,66.625,-1,0,0.0000
2552,817,846,0.0000,0.0000,1.0000,105.062,-1,0,0.0062
2553,817,847,0.0000,0.0000,1.0000,105.062,-1,0,0.0104
2554,818,3936,0.0000,1.0000,0.0000,66.625,-1,0,0.0000
2555,818,847,0.0000,0.0000,1.0000,105.062,-1,0,0.0104
2556,819,820,1.0000,0.0000,0.0000,66.625,-1,0,0.0000
2557,819,848,0.0000,0.0000,1.0000,105.062,-1,0,0.0039
2558,819,849,0.0000,0.0000,1.0000,105.062,-1,0,0.0039
2559,819,3309,0.0000,1.0000,0.0000,66.625,-1,0,0.0000
2560,820,821,1.0000,0.0000,0.0000,66.625,-1,0,0.0000
2561,820,849,0.0000,0.0000,1.0000,105.062,-1,0,0.0039
2562,820,850,0.0000,0.0000,1.0000,105.062,-1,0,0.0040
2563,820,4343,0.0000,-1.0000,0.0000,66.625,-1,0,0.0000
2564,821,822,1.0000,0.0000,0.0000,66.625,-1,0,0.0000
2565,821,850,0.0000,0.0000,1.0000,105.062,-1,0,0.0040
2566,821,851,0.0000,0.0000,1.0000,105.062,-1,0,0.0041
2567,821,4343,0.0000,-1.0000,0.0000,66.625,-1,0,0.0000
2568,822,823,1.0000,0.0000,0.0000,66.625,-1,0,0.0000
2569,822,868,0.0000,0.0000,1.0000,220.375,-1,0,0.0015
2570,823,824,1.0000,0.0000,0.0000,66.625,-1,0,0.0000
2571,823,868,0.0000,0.0000,1.0000,220.375,-1,0,0.0015
2572,824,825,1.0000,0.0000,0.0000,66.625,-1,0,0.0000
2573,824,868,0.0000,0.0000,1.0000,220.375,-1,0,0.0015
2574,825,826,1.0000,0.0000,0.0000,66.625,-1,0,0.0000
2575,825,852,0.0000,0.0000,1.0000,105.062,-1,0,0.0045
2576,825,853,0.0000,0.0000,1.0000,105.062,-1,0,0.0045
2577,825,4467,0.0000,-1.0000,0.0000,66.625,-1,0,0.0000
2578,826,827,1.0000,0.0000,0.0000,66.625,-1,0,0.0000
2579,826,853,0.0000,0.0000,1.0000,105.062,-1,0,0.0045
2580,826,854,0.0000,0.0000,1.0000,105.062,-1,0,0.0045
2581,826,4467,0.0000,-1.0000,0.0000,66.625,-1,0,0.0000
2582,827,828,1.0000,0.0000,0.0000,66.625,-1,0,0.0000
2583,827,869,0.0000,0.0000,1.0000,220.375,-1,0,0.0015
2584,828,829,1.0000,0.0000,0.0000,66.625,-1,0,0.0000
2585,828,869,0.0000,0.0000,1.0000,220.375,-1,0,0.0015
2586,829,830,1.0000,0.0000,0.0000,66.625,-1,0,0.0000
2587,829,869,0.0000,0.0000,1.0000,220.375,-1,0,0.0015
2588,830,831,1.0000,0.0000,0.0000,66.625,-1,0,0.0000
2589,830,855,0.0000,0.0000,1.0000,105.062,-1,0,0.0045
2590,830,856,0.0000,0.0000,1.0000,105.062,-1,0,0.0045
2591,830,4591,0.0000,-1.0000,0.0000,66.625,-1,0,0.0000
2592,831,832,1.0000,0.0000,0.0000,66.625,-1,0,0.0000
2593,831,856,0.0000,0.0000,1.0000,105.062,-1,0,0.0045
2594,831,857,0.0000,0.0000,1.0000,105.062,-1,0,0.0045
2595,831,4591,0.0000,-1.0000,0.0000,66.625,-1,0,0.0000
2596,832,833,1.0000,0.0000,0.0000,66.625,-1,0,0.0000
2597,832,870,0.0000,0.0000,1.0000,220.375,-1,0,0.0015
2598,833,834,1.0000,0.0000,0.0000,66.625,-1,0,0.0000
2599,833,870,0.0000,0.0000,1.0000,220.375,-1,0,0.0015
2600,834,835,1.0000,0.0000,0.0000,66.625,-1,0,0.0000
2601,834,870,0.0000,0.0000,1.0000,220.375,-1,0,0.0015
2602,835,836,1.0000,0.0000,0.0000,66.625,-1,0,0.0000
2603,835,858,0.0000,0.0000,1.0000,105.062,-1,0,0.0045
2604,835,859,0.0000,0.0000,1.0000,105.062,-1,0,0.0045
2605,835,4715,0.0000,-1.0000,0.0000,66.625,-1,0,0.0000
2606,836,837,1.0000,0.0000,0.0000,66.625,-1,0,0.0000
2607,836,859,0.0000,0.0000,1.0000,105.062,-1,0,0.0045
2608,836,860,0.0000,0.0000,1.0000,105.062,-1,0,0.0045
2609,836,4715,0.0000,-1.0000,0.0000,66.625,-1,0,0.0000
2610,837,838,1.0000,0.0000,0.0000,66.625,-1,0,0.0000
2611,837,871,0.0000,0.0000,1.0000,220.375,-1,0,0.0015
2612,838,839,1.0000,0.0000,0.0000,66.625,-1,0,0.0000
2613,838,871,0.0000,0.0000,1.0000,220.375,-1,0,0.0015
2614,839,840,1.0000,0.0000,0.0000,66.625,-1,0,0.0000
2615,839,871,0.0000,0.0000,1.0000,220.375,-1,0,0.0015
2616,840,841,1.0000,0.0000,0.0000,66.625,-1,0,0.0000
2617,840,861,0.0000,0.0000,1.0000,105.062,-1,0,0.0045
2618,840,862,0.0000,0.0000,1.0000,105.062,-1,0,0.0045
2619,840,4839,0.0000,-1.0000,0.0000,66.625,-1,0,0.0000
2620,841,842,1.0000,0.0000,0.0000,66.625,-1,0,0.0000
2621,841,862,0.0000,0.0000,1.0000,105.062,-1,0,0.0045
2622,841,863,0.0000,0.0000,1.0000,105.062,-1,0,0.0045
2623,841,4839,0.0000,-1.0000,0.0000,66.625,-1,0,0.0000
2624,842,843,1.0000,0.0000,0.0000,66.625,-1,0,0.0000
2625,842,872,0.0000,0.0000,1.0000,220.375,-1,0,0.0015
2626,843,844,1.0000,0.0000,0.0000,66.625,-1,0,0.0000
2627,843,872,0.0000,0.0000,1.0000,220.375,-1,0,0.0015
2628,844,845,1.0000,0.0000,0.0000,66.625,-1,0,0.0000
2629,844,872,0.0000,0.0000,1.0000,220.375,-1,0,0.0015
2630,845,846,1.0000,0.0000,0.0000,66.625,-1,0,0.0000
2631,845,864,0.0000,0.0000,1.0000,105.062,-1,0,0.0041
2632,845,865,0.0000,0.0000,1.0000,105.062,-1,0,0.0040
2633,845,4963,0.0000,-1.0000,0.0000,66.625,-1,0,0.0000
2634,846,847,1.0000,0.0000,0.0000,66.625,-1,0,0.0000
2635,846,865,0.0000,0.0000,1.0000,105.062,-1,0,0.0040
2636,846,866,0.0000,0.0000,1.0000,105.062,-1,0,0.0082
2637,846,4963,0.0000,-1.0000,0.0000,66.625,-1,0,0.0000
2638,847,866,0.0000,0.0000,1.0000,105.062,-1,0,0.0082
2639,847,867,0.0000,0.0000,1.0000,105.062,-1,0,0.0123
2640,847,3951,0.0000,1.0000,0.0000,66.625,-1,0,0.0000
2641,848,849,1.0000,0.0000,0.0000,66.625,-1,0,0.0000
2642,848,3323,0.0000,1.0000,0.0000,66.625,-1,0,0.0000
2643,848,873,0.0000,0.0000,1.0000,105.062,-1,0,0.0038
2644,849,850,1.0000,0.0000,0.0000,66.625,-1,0,0.0000
2645,849,873,0.0000,0.0000,1.0000,105.062,-1,0,0.0038
2646,849,874,0.0000,0.0000,1.0000,105.062,-1,0,0.0039
2647,850,851,1.0000,0.0000,0.0000,66.625,-1,0,0.0000
2648,850,4345,0.0000,-1.0000,0.0000,139.750,-1,0,0.0000
2649,850,874,0.0000,0.0000,1.0000,105.062,-1,0,0.0039
2650,850,875,0.0000,0.0000,1.0000,105.062,-1,0,0.0040
2651,851,868,1.0000,0.0000,0.0000,66.625,-1,0,0.0000
2652,851,875,0.0000,0.0000,1.0000,105.062,-1,0,0.0040
2653,852,853,1.0000,0.0000,0.0000,66.625,-1,0,0.0000
2654,852,868,-1.0000,0.0000,0.0000,66.625,-1,0,0.0000
2655,852,878,0.0000,0.0000,1.0000,105.062,-1,0,0.0043
2656,853,854,1.0000,0.0000,0.0000,66.625,-1,0,0.0000
2657,853,4469,0.0000,-1.0000,0.0000,139.750,-1,0,0.0000
2658,853,878,0.0000,0.0000,1.0000,105.062,-1,0,0.0043
2659,853,879,0.0000,0.0000,1.0000,105.062,-1,0,0.0043
2660,854,869,1.0000,0.0000,0.0000,66.625,-1,0,0.0000
2661,854,879,0.0000,0.0000,1.0000,105.062,-1,0,0.0043
2662,855,856,1.0000,0.0000,0.0000,66.625,-1,0,0.0000
2663,855,869,-1.0000,0.0000,0.0000,66.625,-1,0,0.0000
2664,855,882,0.0000,0.0000,1.0000,105.062,-1,0,0.0043
2665,856,857,1.0000,0.0000,0.0000,66.625,-1,0,0.0000
2666,856,4593,0.0000,-1.0000,0.0000,139.750,-1,0,0.0000
2667,856,882,0.0000,0.0000,1.0000,105.062,-1,0,0.0043
2668,856,883,0.0000,0.0000,1.0000,105.062,-1,0,0.0043
2669,857,870,1.0000,0.0000,0.0000,66.625,-1,0,0.0000
2670,857,883,0.0000,0.0000,1.0000,105.062,-1,0,0.0043
2671,858,859,1.0000,0.0000,0.0000,66.625,-1,0,0.0000
2672,858,870,-1.0000,0.0000,0.0000,66.625,-1,0,0.0000
2673,858,886,0.0000,0.0000,1.0000,105.062,-1,0,0.0043
2674,859,860,1.0000,0.0000,0.0000,66.625,-1,0,0.0000
2675,859,4717,0.0000,-1.0000,0.0000,139.750,-1,0,0.0000
2676,859,886,0.0000,0.0000,1.0000,105.062,-1,0,0.0043
2677,859,887,0.0000,0.0000,1.0000,105.062,-1,0,0.0043
2678,860,871,1.0000,0.0000,0.0000,66.625,-1,0,0.0000
2679,860,887,0.0000,0.0000,1.0000,105.062,-1,0,0.0043
2680,861,862,1.0000,0.0000,0.0000,66.625,-1,0,0.0000
2681,861,871,-1.0000,0.0000,0.0000,66.625,-1,0,0.0000
2682,861,890,0.0000,0.0000,1.0000,105.062,-1,0,0.0043
2683,862,863,1.0000,0.0000,0.0000,66.625,-1,0,0.0000
2684,862,4841,0.0000,-1.0000,0.0000,139.750,-1,0,0.0000
2685,862,890,0.0000,0.0000,1.0000,105.062,-1,0,0.0043
2686,862,891,0.0000,0.0000,1.0000,105.062,-1,0,0.0043
2687,863,872,1.0000,0.0000,0.0000,66.625,-1,0,0.0000
2688,863,891,0.0000,0.0000,1.0000,105.062,-1,0,0.0043
2689,864,865,1.0000,0.0000,0.0000,66.625,-1,0,0.0000
2690,864,872,-1.0000,0.0000,0.0000,66.625,-1,0,0.0000
2691,864,894,0.0000,0.0000,1.0000,105.062,-1,0,0.0040
2692,865,866,1.0000,0.0000,0.0000,66.625,-1,0,0.0000
2693,865,4965,0.0000,-1.0000,0.0000,139.750,-1,0,0.0000
2694,865,894,0.0000,0.0000,1.0000,105.062,-1,0,0.0040
2695,865,895,0.0000,0.0000,1.0000,105.062,-1,0,0.0039
2696,866,867,1.0000,0.0000,0.0000,66.625,-1,0,0.0000
2697,866,895,0.0000,0.0000,1.0000,105.062,-1,0,0.0039
2698,866,896,0.0000,0.0000,1.0000,105.062,-1,0,0.1837
2699,867,3965,0.0000,1.0000,0.0000,66.625,-1,0,-1.0000
2700,867,896,0.0000,0.0000,1.0000,105.062,-1,0,0.1837
2701,868,876,0.0000,0.0000,1.0000,105.062,-1,0,0.0040
2702,868,877,0.0000,0.0000,1.0000,105.062,-1,0,0.0043
2703,869,880,0.0000,0.0000,1.0000,105.062,-1,0,0.0043
2704,869,881,0.0000,0.0000,1.0000,105.062,-1,0,0.0043
2705,870,884,0.0000,0.0000,1.0000,105.062,-1,0,0.0043
2706,870,885,0.0000,0.0000,1.0000,105.062,-1,0,0.0043
2707,871,888,0.0000,0.0000,1.0000,105.062,-1,0,0.0043
2708,871,889,0.0000,0.0000,1.0000,105.062,-1,0,0.0043
2709,872,892,0.0000,0.0000,1.0000,105.062,-1,0,0.0043
2710,872,893,0.0000,0.0000,1.0000,105.062,-1,0,0.0040
2711,873,874,1.0000,0.0000,0.0000,66.625,-1,0,0.0000
2712,873,897,0.0000,0.0000,1.0000,105.062,-1,0,0.0036
2713,873,898,0.0000,0.0000,1.0000,105.062,-1,0,0.0037
2714,873,3334,0.0000,1.0000,0.0000,66.625,-1,0,0.0000
2715,874,875,1.0000,0.0000,0.0000,66.625,-1,0,0.0000
2716,874,898,0.0000,0.0000,1.0000,105.062,-1,0,0.0037
2717,874,899,0.0000,0.0000,1.0000,105.062,-1,0,0.0038
2718,874,4347,0.0000,-1.0000,0.0000,66.625,-1,0,0.0000
2719,875,876,1.0000,0.0000,0.0000,66.625,-1,0,0.0000
2720,875,899,0.0000,0.0000,1.0000,105.062,-1,0,0.0038
2721,875,900,0.0000,0.0000,1.0000,105.062,-1,0,0.0039
2722,875,4347,0.0000,-1.0000,0.0000,66.625,-1,0,0.0000
2723,876,900,0.0000,0.0000,1.0000,105.062,-1,0,0.0039
2724,877,878,1.0000,0.0000,0.0000,66.625,-1,0,0.0000
2725,877,901,0.0000,0.0000,1.0000,105.062,-1,0,0.0042
2726,878,879,1.0000,0.0000,0.0000,66.625,-1,0,0.0000
2727,878,901,0.0000,0.0000,1.0000,105.062,-1,0,0.0042
2728,878,902,0.0000,0.0000,1.0000,105.062,-1,0,0.0042
2729,878,4471,0.0000,-1.0000,0.0000,66.625,-1,0,0.0000
2730,879,880,1.0000,0.0000,0.0000,66.625,-1,0,0.0000
2731,879,902,0.0000,0.0000,1.0000,105.062,-1,0,0.0042
2732,879,903,0.0000,0.0000,1.0000,105.062,-1,0,0.0042
2733,879,4471,0.0000,-1.0000,0.0000,66.625,-1,0,0.0000
2734,880,903,0.0000,0.0000,1.0000,105.062,-1,0,0.0042
2735,881,882,1.0000,0.0000,0.0000,66.625,-1,0,0.0000
2736,881,904,0.0000,0.0000,1.0000,105.062,-1,0,0.0042
2737,882,883,1.0000,0.0000,0.0000,66.625,-1,0,0.0000
2738,882,904,0.0000,0.0000,1.0000,105.062,-1,0,0.0042
2739,882,905,0.0000,0.0000,1.0000,105.062,-1,0,0.0042
2740,882,4595,0.0000,-1.0000,0.0000,66.625,-1,0,0.0000
2741,883,884,1.0000,0.0000,0.0000,66.625,-1,0,0.0000
2742,883,905,0.0000,0.0000,1.0000,105.062,-1,0,0.0042
2743,883,906,0.0000,0.0000,1.0000,105.062,-1,0,0.0042
2744,883,4595,0.0000,-1.0000,0.0000,66.625,-1,0,0.0000
2745,884,906,0.0000,0.0000,1.0000,105.062,-1,0,0.0042
2746,885,886,1.0000,0.0000,0.0000,66.625,-1,0,0.0000
2747,885,907,0.0000,0.0000,1.0000,105.062,-1,0,0.0042
2748,886,887,1.0000,0.0000,0.0000,66.625,-1,0,0.0000
2749,886,907,0.0000,0.0000,1.0000,105.062,-1,0,0.0042
2750,886,908,0.0000,0.0000,1.0000,105.062,-1,0,0.0042
2751,886,4719,0.0000,-1.0000,0.0000,66.625,-1,0,0.0000
2752,887,888,1.0000,0.0000,0.0000,66.625,-1,0,0.0000
2753,887,908,0.0000,0.0000,1.0000,105.062,-1,0,0.0042
2754,887,909,0.0000,0.0000,1.0000,105.062,-1,0,0.0042
2755,887,4719,0.0000,-1.0000,0.0000,66.625,-1,0,0.0000
2756,888,909,0.0000,0.0000,1.0000,105.062,-1,0,0.0042
2757,889,890,1.0000,0.0000,0.0000,66.625,-1,0,0.0000
2758,889,910,0.0000,0.0000,1.0000,105.062,-1,0,0.0042
2759,890,891,1.0000,0.0000,0.0000,66.625,-1,0,0.0000
2760,890,910,0.0000,0.0000,1.0000,105.062,-1,0,0.0042
2761,890,911,0.0000,0.0000,1.0000,105.062,-1,0,0.0042
2762,890,4843,0.0000,-1.0000,0.0000,66.625,-1,0,0.0000
2763,891,892,1.0000,0.0000,0.0000,66.625,-1,0,0.0000
2764,891,911,0.0000,0.0000,1.0000,105.062,-1,0,0.0042
2765,891,912,0.0000,0.0000,1.0000,105.062,-1,0,0.0042
2766,891,4843,0.0000,-1.0000,0.0000,66.625,-1,0,0.0000
2767,892,912,0.0000,0.0000,1.0000,105.062,-1,0,0.0042
2768,893,894,1.0000,0.0000,0.0000,66.625,-1,0,0.0000
2769,893,913,0.0000,0.0000,1.0000,105.062,-1,0,0.0039
2770,894,895,1.0000,0.0000,0.0000,66.625,-1,0,0.0000
2771,894,913,0.0000,0.0000,1.0000,105.062,-1,0,0.0039
2772,894,914,0.0000,0.0000,1.0000,105.062,-1,0,0.0038
2773,894,4967,0.0000,-1.0000,0.0000,66.625,-1,0,0.0000
2774,895,896,1.0000,0.0000,0.0000,66.625,-1,0,0.0000
2775,895,914,0.0000,0.0000,1.0000,105.062,-1,0,0.0038
2776,895,915,0.0000,0.0000,1.0000,105.062,-1,0,0.0037
2777,895,4967,0.0000,-1.0000,0.0000,66.625,-1,0,0.0000
2778,896,915,0.0000,0.0000,1.0000,105.062,-1,0,0.0037
2779,896,916,0.0000,0.0000,1.0000,105.062,-1,0,0.0036
2780,896,3976,0.0000,1.0000,0.0000,66.625,-1,0,0.2962
2781,897,898,1.0000,0.0000,0.0000,66.625,-1,0,0.0000
2782,897,3344,0.0000,1.0000,0.0000,66.625,-1,0,0.0000
2783,897,917,0.0000,0.0000,1.0000,105.062,-1,0,0.0035
2784,898,899,1.0000,0.0000,0.0000,66.625,-1,0,0.0000
2785,898,917,0.0000,0.0000,1.0000,105.062,-1,0,0.0035
2786,898,918,0.0000,0.0000,1.0000,105.062,-1,0,0.0036
2787,899,900,1.0000,0.0000,0.0000,66.625,-1,0,0.0000
2788,899,4349,0.0000,-1.0000,0.0000,139.750,-1,0,0.0000
2789,899,918,0.0000,0.0000,1.0000,105.062,-1,0,0.0036
2790,899,919,0.0000,0.0000,1.0000,105.062,-1,0,0.0037
2791,900,919,0.0000,0.0000,1.0000,105.062,-1,0,0.0037
2792,900,920,0.0000,0.0000,1.0000,105.062,-1,0,0.0038
2793,901,902,1.0000,0.0000,0.0000,66.625,-1,0,0.0000
2794,901,921,0.0000,0.0000,1.0000,105.062,-1,0,0.0041
2795,901,922,0.0000,0.0000,1.0000,105.062,-1,0,0.0041
2796,902,903,1.0000,0.0000,0.0000,66.625,-1,0,0.0000
2797,902,4473,0.0000,-1.0000,0.0000,139.750,-1,0,0.0000
2798,902,922,0.0000,0.0000,1.0000,105.062,-1,0,0.0041
2799,902,923,0.0000,0.0000,1.0000,105.062,-1,0,0.0041
2800,903,923,0.0000,0.0000,1.0000,105.062,-1,0,0.0041
2801,903,924,0.0000,0.0000,1.0000,105.062,-1,0,0.0041
2802,904,905,1.0000,0.0000,0.0000,66.625,-1,0,0.0000
2803,904,925,0.0000,0.0000,1.0000,105.062,-1,0,0.0041
2804,904,926,0.0000,0.0000,1.0000,105.062,-1,0,0.0041
2805,905,906,1.0000,0.0000,0.0000,66.625,-1,0,0.0000
2806,905,4597,0.0000,-1.0000,0.0000,139.750,-1,0,0.0000
2807,905,926,0.0000,0.0000,1.0000,105.062,-1,0,0.0041
2808,905,927,0.0000,0.0000,1.0000,105.062,-1,0,0.0041
2809,906,927,0.0000,0.0000,1.0000,105.062,-1,0,0.0041
2810,906,928,0.0000,0.0000,1.0000,105.062,-1,0,0.0041
2811,907,908,1.0000,0.0000,0.0000,66.625,-1,0,0.0000
2812,907,929,0.0000,0.0000,1.0000,105.062,-1,0,0.0041
2813,907,930,0.0000,0.0000,1.0000,105.062,-1,0,0.0041
2814,908,909,1.0000,0.0000,0.0000,66.625,-1,0,0.0000
2815,908,4721,0.0000,-1.0000,0.0000,139.750,-1,0,0.0000
2816,908,930,0.0000,0.0000,1.0000,105.062,-1,0,0.0041
2817,908,931,0.0000,0.0000,1.0000,105.062,-1,0,0.0041
2818,909,931,0.0000,0.0000,1.0000,105.062,-1,0,0.0041
2819,909,932,0.0000,0.0000,1.0000,105.062,-1,0,0.0041
2820,910,911,1.0000,0.0000,0.0000,66.625,-1,0,0.0000
2821,910,933,0.0000,0.0000,1.0000,105.062,-1,0,0.0041
2822,910,934,0.0000,0.0000,1.0000,105.062,-1,0,0.0041
2823,911,912,1.0000,0.0000,0.0000,66.625,-1,0,0.0000
2824,911,4845,0.0000,-1.0000,0.0000,139.750,-1,0,0.0000
2825,911,934,0.0000,0.0000,1.0000,105.062,-1,0,0.0041
2826,911,935,0.0000,0.0000,1.0000,105.062,-1,0,0.0041
2827,912,935,0.0000,0.0000,1.0000,105.062,-1,0,0.0041
2828,912,936,0.0000,0.0000,1.0000,105.062,-1,0,0.0041
2829,913,914,1.0000,0.0000,0.0000,66.625,-1,0,0.0000
2830,913,937,0.0000,0.0000,1.0000,105.062,-1,0,0.0038
2831,913,938,0.0000,0.0000,1.0000,105.062,-1,0,0.0037
2832,914,915,1.0000,0.0000,0.0000,66.625,-1,0,0.0000
2833,914,4969,0.0000,-1.0000,0.0000,139.750,-1,0,0.0000
2834,914,938,0.0000,0.0000,1.0000,105.062,-1,0,0.0037
2835,914,939,0.0000,0.0000,1.0000,105.062,-1,0,0.0036
2836,915,916,1.0000,0.0000,0.0000,66.625,-1,0,0.0000
2837,915,939,0.0000,0.0000,1.0000,105.062,-1,0,0.0036
2838,915,940,0.0000,0.0000,1.0000,105.062,-1,0,0.0035
2839,916,3986,0.0000,1.0000,0.0000,66.625,-1,0,0.0000
2840,916,940,0.0000,0.0000,1.0000,105.062,-1,0,0.0035
2841,917,918,1.0000,0.0000,0.0000,66.625,-1,0,0.0000
2842,917,941,0.0000,0.0000,1.0000,105.062,-1,0,0.0033
2843,917,942,0.0000,0.0000,1.0000,105.062,-1,0,0.0034
2844,917,3357,0.0000,1.0000,0.0000,66.625,-1,0,0.0000
2845,918,919,1.0000,0.0000,0.0000,66.625,-1,0,0.0000
2846,918,942,0.0000,0.0000,1.0000,105.062,-1,0,0.0034
2847,918,943,0.0000,0.0000,1.0000,105.062,-1,0,0.0036
2848,918,4351,0.0000,-1.0000,0.0000,66.625,-1,0,0.0000
2849,919,920,1.0000,0.0000,0.0000,66.625,-1,0,0.0000
2850,919,943,0.0000,0.0000,1.0000,105.062,-1,0,0.0036
2851,919,944,0.0000,0.0000,1.0000,105.062,-1,0,0.0037
2852,919,4351,0.0000,-1.0000,0.0000,66.625,-1,0,0.0000
2853,920,944,0.0000,0.0000,1.0000,105.062,-1,0,0.0037
2854,921,922,1.0000,0.0000,0.0000,66.625,-1,0,0.0000
2855,921,945,0.0000,0.0000,1.0000,105.062,-1,0,0.0040
2856,922,923,1.0000,0.0000,0.0000,66.625,-1,0,0.0000
2857,922,945,0.0000,0.0000,1.0000,105.062,-1,0,0.0040
2858,922,946,0.0000,0.0000,1.0000,105.062,-1,0,0.0040
2859,922,4475,0.0000,-1.0000,0.0000,66.625,-1,0,0.0000
2860,923,924,1.0000,0.0000,0.0000,66.625,-1,0,0.0000
2861,923,946,0.0000,0.0000,1.0000,105.062,-1,0,0.0040
2862,923,947,0.0000,0.0000,1.0000,105.062,-1,0,0.0040
2863,923,4475,0.0000,-1.0000,0.0000,66.625,-1,0,0.0000
2864,924,947,0.0000,0.0000,1.0000,105.062,-1,0,0.0040
2865,925,926,1.0000,0.0000,0.0000,66.625,-1,0,0.0000
2866,925,948,0.0000,0.0000,1.0000,105.062,-1,0,0.0040
2867,926,927,1.0000,0.0000,0.0000,66.625,-1,0,0.0000
2868,926,948,0.0000,0.0000,1.0000,105.062,-1,0,0.0040
2869,926,949,0.0000,0.0000,1.0000,105.062,-1,0,0.0040
2870,926,4599,0.0000,-1.0000,0.0000,66.625,-1,0,0.0000
2871,927,928,1.0000,0.0000,0.0000,66.625,-1,0,0.0000
2872,927,949,0.0000,0.0000,1.0000,105.062,-1,0,0.0040
2873,927,950,0.0000,0.0000,1.0000,105.062,-1,0,0.0040
2874,927,4599,0.0000,-1.0000,0.0000,66.625,-1,0,0.0000
2875,928,950,0.0000,0.0000,1.0000,105.062,-1,0,0.0040
2876,929,930,1.0000,0.0000,0.0000,66.625,-1,0,0.0000
2877,929,951,0.0000,0.0000,1.0000,105.062,-1,0,0.0040
2878,930,931,1.0000,0.0000,0.0000,66.625,-1,0,0.0000
2879,930,951,0.0000,0.0000,1.0000,105.062,-1,0,0.0040
2880,930,952,0.0000,0.0000,1.0000,105.062,-1,0,0.0040
2881,930,4723,0.0000,-1.0000,0.0000,66.625,-1,0,0.0000
2882,931,932,1.0000,0.0000,0.0000,66.625,-1,0,0.0000
2883,931,952,0.0000,0.0000,1.0000,105.062,-1,0,0.0040
2884,931,953,0.0000,0.0000,1.0000,105.062,-1,0,0.0040
2885,931,4723,0.0000,-1.0000,0.0000,66.625,-1,0,0.0000
2886,932,953,0.0000,0.0000,1.0000,105.062,-1,0,0.0040
2887,933,934,1.0000,0.0000,0.0000,66.625,-1,0,0.0000
2888,933,954,0.0000,0.0000,1.0000,105.062,-1,0,0.0040
2889,934,935,1.0000,0.0000,0.0000,66.625,-1,0,0.0000
2890,934,954,0.0000,0.0000,1.0000,105.062,-1,0,0.0040
2891,934,955,0.0000,0.0000,1.0000,105.062,-1,0,0.0040
2892,934,4847,0.0000,-1.0000,0.0000,66.625,-1,0,0.0000
2893,935,936,1.0000,0.0000,0.0000,66.625,-1,0,0.0000
2894,935,955,0.0000,0.0000,1.0000,105.062,-1,0,0.0040
2895,935,956,0.0000,0.0000,1.0000,105.062,-1,0,0.0040
2896,935,4847,0.0000,-1.0000,0.0000,66.625,-1,0,0.0000
2897,936,956,0.0000,0.0000,1.0000,105.062,-1,0,0.0040
2898,937,938,1.0000,0.0000,0.0000,66.625,-1,0,0.0000
2899,937,957,0.0000,0.0000,1.0000,105.062,-1,0,0.0037
2900,938,939,1.0000,0.0000,0.0000,66.625,-1,0,0.0000
2901,938,957,0.0000,0.0000,1.0000,105.062,-1,0,0.0037
2902,938,958,0.0000,0.0000,1.0000,105.062,-1,0,0.0035
2903,938,4971,0.0000,-1.0000,0.0000,66.625,-1,0,0.0000
2904,939,940,1.0000,0.0000,0.0000,66.625,-1,0,0.0000
2905,939,958,0.0000,0.0000,1.0000,105.062,-1,0,0.0035
2906,939,959,0.0000,0.0000,1.0000,105.062,-1,0,0.0034
2907,939,4971,0.0000,-1.0000,0.0000,66.625,-1,0,0.0000
2908,940,959,0.0000,0.0000,1.0000,105.062,-1,0,0.0034
2909,940,960,0.0000,0.0000,1.0000,105.062,-1,0,0.0033
2910,940,3999,0.0000,1.0000,0.0000,66.625,-1,0,0.0000
2911,941,942,1.0000,0.0000,0.0000,66.625,-1,0,0.0000
2912,941,3367,0.0000,1.0000,0.0000,66.625,-1,0,0.0000
2913,941,961,0.0000,0.0000,1.0000,105.062,-1,0,0.0032
2914,942,943,1.0000,0.0000,0.0000,66.625,-1,0,0.0000
2915,942,961,0.0000,0.0000,1.0000,105.062,-1,0,0.0032
2916,942,962,0.0000,0.0000,1.0000,105.062,-1,0,0.0033
2917,943,944,1.0000,0.0000,0.0000,66.625,-1,0,0.0000
2918,943,4353,0.0000,-1.0000,0.0000,139.750,-1,0,0.0000
2919,943,962,0.0000,0.0000,1.0000,105.062,-1,0,0.0033
2920,943,963,0.0000,0.0000,1.0000,105.062,-1,0,0.0035
2921,944,963,0.0000,0.0000,1.0000,105.062,-1,0,0.0035
2922,944,964,0.0000,0.0000,1.0000,105.062,-1,0,0.0036
2923,945,946,1.0000,0.0000,0.0000,66.625,-1,0,0.0000
2924,945,965,0.0000,0.0000,1.0000,105.062,-1,0,0.0038
2925,945,966,0.0000,0.0000,1.0000,105.062,-1,0,0.0038
2926,946,947,1.0000,0.0000,0.0000,66.625,-1,0,0.0000
2927,946,4477,0.0000,-1.0000,0.0000,139.750,-1,0,0.0000
2928,946,966,0.0000,0.0000,1.0000,105.062,-1,0,0.0038
2929,946,967,0.0000,0.0000,1.0000,105.062,-1,0,0.0038
2930,947,967,0.0000,0.0000,1.0000,105.062,-1,0,0.0038
2931,947,968,0.0000,0.0000,1.0000,105.062,-1,0,0.0038
2932,948,949,1.0000,0.0000,0.0000,66.625,-1,0,0.0000
2933,948,969,0.0000,0.0000,1.0000,105.062,-1,0,0.0038
2934,948,970,0.0000,0.0000,1.0000,105.062,-1,0,0.0038
2935,949,950,1.0000,0.0000,0.0000,66.625,-1,0,0.0000
2936,949,4601,0.0000,-1.0000,0.0000,139.750,-1,0,0.0000
2937,949,970,0.0000,0.0000,1.0000,105.062,-1,0,0.0038
2938,949,971,0.0000,0.0000,1.0000,105.062,-1,0,0.0038
2939,950,971,0.0000,0.0000,1.0000,105.062,-1,0,0.0038
2940,950,972,0.0000,0.0000,1.0000,105.062,-1,0,0.0038
2941,951,952,1.0000,0.0000,0.0000,66.625,-1,0,0.0000
2942,951,973,0.0000,0.0000,1.0000,105.062,-1,0,0.0038
2943,951,974,0.0000,0.0000,1.0000,105.062,-1,0,0.0038
2944,952,953,1.0000,0.0000,0.0000,66.625,-1,0,0.0000
2945,952,4725,0.0000,-1.0000,0.0000,139.750,-1,0,0.0000
2946,952,974,0.0000,0.0000,1.0000,105.062,-1,0,0.0038
2947,952,975,0.0000,0.0000,1.0000,105.062,-1,0,0.0038
2948,953,975,0.0000,0.0000,1.0000,105.062,-1,0,0.0038
2949,953,976,0.0000,0.0000,1.0000,105.062,-1,0,0.0038
2950,954,955,1.0000,0.0000,0.0000,66.625,-1,0,0.0000
2951,954,977,0.0000,0.0000,1.0000,105.062,-1,0,0.0038
2952,954,978,0.0000,0.0000,1.0000,105.062,-1,0,0.0038
2953,955,956,1.0000,0.0000,0.0000,66.625,-1,0,0.0000
2954,955,4849,0.0000,-1.0000,0.0000,139.750,-1,0,0.0000
2955,955,978,0.0000,0.0000,1.0000,105.062,-1,0,0.0038
2956,955,979,0.0000,0.0000,1.0000,105.062,-1,0,0.0038
2957,956,979,0.0000,0.0000,1.0000,105.062,-1,0,0.0038
2958,956,980,0.0000,0.0000,1.0000,105.062,-1,0,0.0038
2959,957,958,1.0000,0.0000,0.0000,66.625,-1,0,0.0000
2960,957,981,0.0000,0.0000,1.0000,105.062,-1,0,0.0036
2961,957,982,0.0000,0.0000,1.0000,105.062,-1,0,0.0035
2962,958,959,1.0000,0.0000,0.0000,66.625,-1,0,0.0000
2963,958,4973,0.0000,-1.0000,0.0000,139.750,-1,0,0.0000
2964,958,982,0.0000,0.0000,1.0000,105.062,-1,0,0.0035
2965,958,983,0.0000,0.0000,1.0000,105.062,-1,0,0.0033
2966,959,960,1.0000,0.0000,0.0000,66.625,-1,0,0.0000
2967,959,983,0.0000,0.0000,1.0000,105.062,-1,0,0.0033
2968,959,984,0.0000,0.0000,1.0000,105.062,-1,0,0.0032
2969,960,4009,0.0000,1.0000,0.0000,66.625,-1,0,0.0000
2970,960,984,0.0000,0.0000,1.0000,105.062,-1,0,0.0032
2971,961,962,1.0000,0.0000,0.0000,66.625,-1,0,0.0000
2972,961,3380,0.0000,1.0000,0.0000,66.625,-1,0,0.0000
2973,961,985,0.0000,0.0000,1.0000,105.062,-1,0,0.0030
2974,961,986,0.0000,0.0000,1.0000,105.062,-1,0,0.0031
2975,962,963,1.0000,0.0000,0.0000,66.625,-1,0,0.0000
2976,962,4355,0.0000,-1.0000,0.0000,66.625,-1,0,0.0000
2977,962,986,0.0000,0.0000,1.0000,105.062,-1,0,0.0031
2978,962,987,0.0000,0.0000,1.0000,105.062,-1,0,0.0033
2979,963,964,1.0000,0.0000,0.0000,66.625,-1,0,0.0000
2980,963,4355,0.0000,-1.0000,0.0000,66.625,-1,0,0.0000
2981,963,987,0.0000,0.0000,1.0000,105.062,-1,0,0.0033
2982,963,988,0.0000,0.0000,1.0000,105.062,-1,0,0.0035
2983,964,988,0.0000,0.0000,1.0000,105.062,-1,0,0.0035
2984,965,966,1.0000,0.0000,0.0000,66.625,-1,0,0.0000
2985,965,989,0.0000,0.0000,1.0000,105.062,-1,0,0.0037
2986,966,967,1.0000,0.0000,0.0000,66.625,-1,0,0.0000
2987,966,4479,0.0000,-1.0000,0.0000,66.625,-1,0,0.0000
2988,966,989,0.0000,0.0000,1.0000,105.062,-1,0,0.0037
2989,966,990,0.0000,0.0000,1.0000,105.062,-1,0,0.0037
2990,967,968,1.0000,0.0000,0.0000,66.625,-1,0,0.0000
2991,967,4479,0.0000,-1.0000,0.0000,66.625,-1,0,0.0000
2992,967,990,0.0000,0.0000,1.0000,105.062,-1,0,0.0037
2993,967,991,0.0000,0.0000,1.0000,105.062,-1,0,0.0037
2994,968,991,0.0000,0.0000,1.0000,105.062,-1,0,0.0037
2995,969,970,1.0000,0.0000,0.0000,66.625,-1,0,0.0000
2996,969,992,0.0000,0.0000,1.0000,105.062,-1,0,0.0037
2997,970,971,1.0000,0.0000,0.0000,66.625,-1,0,0.0000
2998,970,4603,0.0000,-1.0000,0.0000,66.625,-1,0,0.0000
2999,970,992,0.0000,0.0000,1.0000,105.062,-1,0,0.0037
3000,970,993,0.0000,0.0000,1.0000,105.062,-1,0,0.0037
3001,971,972,1.0000,0.0000,0.0000,66.625,-1,0,0.0000
3002,971,4603,0.0000,-1.0000,0.0000,66.625,-1,0,0.0000
3003,971,993,0.0000,0.0000,1.0000,105.062,-1,0,0.0037
3004,971,994,0.0000,0.0000,1.0000,105.062,-1,0,0.0037
3005,972,994,0.0000,0.0000,1.0000,105.062,-1,0,0.0037
3006,973,974,1.0000,0.0000,0.0000,66.625,-1,0,0.0000
3007,973,995,0.0000,0.0000,1.0000,105.062,-1,0,0.0037
3008,974,975,1.0000,0.0000,0.0000,66.625,-1,0,0.0000
3009,974,4727,0.0000,-1.0000,0.0000,66.625,-1,0,0.0000
3010,974,995,0.0000,0.0000,1.0000,105.062,-1,0,0.0037
3011,974,996,0.0000,0.0000,1.0000,105.062,-1,0,0.0037
3012,975,976,1.0000,0.0000,0.0000,66.625,-1,0,0.0000
3013,975,4727,0.0000,-1.0000,0.0000,66.625,-1,0,0.0000
3014,975,996,0.0000,0.0000,1.0000,105.062,-1,0,0.0037
3015,975,997,0.0000,0.0000,1.0000,105.062,-1,0,0.0037
3016,976,997,0.0000,0.0000,1.0000,105.062,-1,0,0.0037
3017,977,978,1.0000,0.0000,0.0000,66.625,-1,0,0.0000
3018,977,998,0.0000,0.0000,1.0000,105.062,-1,0,0.0037
3019,978,979,1.0000,0.0000,0.0000,66.625,-1,0,0.0000
3020,978,4851,0.0000,-1.0000,0.0000,66.625,-1,0,0.0000
3021,978,998,0.0000,0.0000,1.0000,105.062,-1,0,0.0037
3022,978,999,0.0000,0.0000,1.0000,105.062,-1,0,0.0037
3023,979,980,1.0000,0.0000,0.0000,66.625,-1,0,0.0000
3024,979,4851,0.0000,-1.0000,0.0000,66.625,-1,0,0.0000
3025,979,999,0.0000,0.0000,1.0000,105.062,-1,0,0.0037
3026,979,1000,0.0000,0.0000,1.0000,105.062,-1,0,0.0037
3027,980,1000,0.0000,0.0000,1.0000,105.062,-1,0,0.0037
3028,981,982,1.0000,0.0000,0.0000,66.625,-1,0,0.0000
3029,981,1001,0.0000,0.0000,1.0000,105.062,-1,0,0.0035
3030,982,983,1.0000,0.0000,0.0000,66.625,-1,0,0.0000
3031,982,4975,0.0000,-1.0000,0.0000,66.625,-1,0,0.0000
3032,982,1001,0.0000,0.0000,1.0000,105.062,-1,0,0.0035
3033,982,1002,0.0000,0.0000,1.0000,105.062,-1,0,0.0033
3034,983,984,1.0000,0.0000,0.0000,66.625,-1,0,0.0000
3035,983,4975,0.0000,-1.0000,0.0000,66.625,-1,0,0.0000
3036,983,1002,0.0000,0.0000,1.0000,105.062,-1,0,0.0033
3037,983,1003,0.0000,0.0000,1.0000,105.062,-1,0,0.0031
3038,984,4022,0.0000,1.0000,0.0000,66.625,-1,0,0.0000
3039,984,1003,0.0000,0.0000,1.0000,105.062,-1,0,0.0031
3040,984,1004,0.0000,0.0000,1.0000,105.062,-1,0,0.0030
3041,985,986,1.0000,0.0000,0.0000,66.625,-1,0,0.0000
3042,985,1005,0.0000,0.0000,1.0000,105.062,-1,0,0.0029
3043,985,3390,0.0000,1.0000,0.0000,66.625,-1,0,0.0000
3044,986,987,1.0000,0.0000,0.0000,66.625,-1,0,0.0000
3045,986,1005,0.0000,0.0000,1.0000,105.062,-1,0,0.0029
3046,986,1006,0.0000,0.0000,1.0000,105.062,-1,0,0.0031
3047,987,988,1.0000,0.0000,0.0000,66.625,-1,0,0.0000
3048,987,1006,0.0000,0.0000,1.0000,105.062,-1,0,0.0031
3049,987,1007,0.0000,0.0000,1.0000,105.062,-1,0,0.0033
3050,987,4357,0.0000,-1.0000,0.0000,139.750,-1,0,0.0000
3051,988,1007,0.0000,0.0000,1.0000,105.062,-1,0,0.0033
3052,988,1008,0.0000,0.0000,1.0000,105.062,-1,0,0.0034
3053,989,990,1.0000,0.0000,0.0000,66.625,-1,0,0.0000
3054,989,1009,0.0000,0.0000,1.0000,105.062,-1,0,0.0036
3055,989,1010,0.0000,0.0000,1.0000,105.062,-1,0,0.0036
3056,990,991,1.0000,0.0000,0.0000,66.625,-1,0,0.0000
3057,990,1010,0.0000,0.0000,1.0000,105.062,-1,0,0.0036
3058,990,1011,0.0000,0.0000,1.0000,105.062,-1,0,0.0036
3059,990,4481,0.0000,-1.0000,0.0000,139.750,-1,0,0.0000
3060,991,1011,0.0000,0.0000,1.0000,105.062,-1,0,0.0036
3061,991,1012,0.0000,0.0000,1.0000,105.062,-1,0,0.0036
3062,992,993,1.0000,0.0000,0.0000,66.625,-1,0,0.0000
3063,992,1013,0.0000,0.0000,1.0000,105.062,-1,0,0.0036
3064,992,1014,0.0000,0.0000,1.0000,105.062,-1,0,0.0036
3065,993,994,1.0000,0.0000,0.0000,66.625,-1,0,0.0000
3066,993,1014,0.0000,0.0000,1.0000,105.062,-1,0,0.0036
3067,993,1015,0.0000,0.0000,1.0000,105.062,-1,0,0.0036
3068,993,4605,0.0000,-1.0000,0.0000,139.750,-1,0,0.0000
3069,994,1015,0.0000,0.0000,1.0000,105.062,-1,0,0.0036
3070,994,1016,0.0000,0.0000,1.0000,105.062,-1,0,0.0036
3071,995,996,1.0000,0.0000,0.0000,66.625,-1,0,0.0000
3072,995,1017,0.0000,0.0000,1.0000,105.062,-1,0,0.0036
3073,995,1018,0.0000,0.0000,1.0000,105.062,-1,0,0.0036
3074,996,997,1.0000,0.0000,0.0000,66.625,-1,0,0.0000
3075,996,1018,0.0000,0.0000,1.0000,105.062,-1,0,0.0036
3076,996,1019,0.0000,0.0000,1.0000,105.062,-1,0,0.0036
3077,996,4729,0.0000,-1.0000,0.0000,139.750,-1,0,0.0000
3078,997,1019,0.0000,0.0000,1.0000,105.062,-1,0,0.0036
3079,997,1020,0.0000,0.0000,1.0000,105.062,-1,0,0.0036
3080,998,999,1.0000,0.0000,0.0000,66.625,-1,0,0.0000
3081,998,1021,0.0000,0.0000,1.0000,105.062,-1,0,0.0036
3082,998,1022,0.0000,0.0000,1.0000,105.062,-1,0,0.0036
3083,999,1000,1.0000,0.0000,0.0000,66.625,-1,0,0.0000
3084,999,1022,0.0000,0.0000,1.0000,105.062,-1,0,0.0036
3085,999,1023,0.0000,0.0000,1.0000,105.062,-1,0,0.0036
3086,999,4853,0.0000,-1.0000,0.0000,139.750,-1,0,0.0000
3087,1000,1023,0.0000,0.0000,1.0000,105.062,-1,0,0.0036
3088,1000,1024,0.0000,0.0000,1.0000,105.062,-1,0,0.0036
3089,1001,1002,1.0000,0.0000,0.0000,66.625,-1,0,0.0000
3090,1001,1025,0.0000,0.0000,1.0000,105.062,-1,0,0.0034
3091,1001,1026,0.0000,0.0000,1.0000,105.062,-1,0,0.0033
3092,1002,1003,1.0000,0.0000,0.0000,66.625,-1,0,0.0000
3093,1002,1026,0.0000,0.0000,1.0000,105.062,-1,0,0.0033
3094,1002,1027,0.0000,0.0000,1.0000,105.062,-1,0,0.0031
3095,1002,4977,0.0000,-1.0000,0.0000,139.750,-1,0,0.0000
3096,1003,1004,1.0000,0.0000,0.0000,66.625,-1,0,0.0000
3097,1003,1027,0.0000,0.0000,1.0000,105.062,-1,0,0.0031
3098,1003,1028,0.0000,0.0000,1.0000,105.062,-1,0,0.0029
3099,1004,1028,0.0000,0.0000,1.0000,105.062,-1,0,0.0029
3100,1004,4032,0.0000,1.0000,0.0000,66.625,-1,0,0.0000
3101,1005,1006,1.0000,0.0000,0.0000,66.625,-1,0,0.0000
3102,1005,3403,0.0000,1.0000,0.0000,66.625,-1,0,0.0000
3103,1005,1029,0.0000,0.0000,1.0000,105.062,-1,0,0.0027
3104,1005,1030,0.0000,0.0000,1.0000,105.062,-1,0,0.0028
3105,1006,1007,1.0000,0.0000,0.0000,66.625,-1,0,0.0000
3106,1006,4359,0.0000,-1.0000,0.0000,66.625,-1,0,0.0000
3107,1006,1030,0.0000,0.0000,1.0000,105.062,-1,0,0.0028
3108,1006,1031,0.0000,0.0000,1.0000,105.062,-1,0,0.0031
3109,1007,1008,1.0000,0.0000,0.0000,66.625,-1,0,0.0000
3110,1007,4359,0.0000,-1.0000,0.0000,66.625,-1,0,0.0000
3111,1007,1031,0.0000,0.0000,1.0000,105.062,-1,0,0.0031
3112,1007,1032,0.0000,0.0000,1.0000,105.062,-1,0,0.0033
3113,1008,1032,0.0000,0.0000,1.0000,105.062,-1,0,0.0033
3114,1009,1010,1.0000,0.0000,0.0000,66.625,-1,0,0.0000
3115,1009,1033,0.0000,0.0000,1.0000,105.062,-1,0,0.0035
3116,1010,1011,1.0000,0.0000,0.0000,66.625,-1,0,0.0000
3117,1010,4483,0.0000,-1.0000,0.0000,66.625,-1,0,0.0000
3118,1010,1033,0.0000,0.0000,1.0000,105.062,-1,0,0.0035
3119,1010,1034,0.0000,0.0000,1.0000,105.062,-1,0,0.0035
3120,1011,1012,1.0000,0.0000,0.0000,66.625,-1,0,0.0000
3121,1011,4483,0.0000,-1.0000,0.0000,66.625,-1,0,0.0000
3122,1011,1034,0.0000,0.0000,1.0000,105.062,-1,0,0.0035
3123,1011,1035,0.0000,0.0000,1.0000,105.062,-1,0,0.0035
3124,1012,1035,0.0000,0.0000,1.0000,105.062,-1,0,0.0035
3125,1013,1014,1.0000,0.0000,0.0000,66.625,-1,0,0.0000
3126,1013,1036,0.0000,0.0000,1.0000,105.062,-1,0,0.0035
3127,1014,1015,1.0000,0.0000,0.0000,66.625,-1,0,0.0000
3128,1014,4607,0.0000,-1.0000,0.0000,66.625,-1,0,0.0000
3129,1014,1036,0.0000,0.0000,1.0000,105.062,-1,0,0.0035
3130,1014,1037,0.0000,0.0000,1.0000,105.062,-1,0,0.0035
3131,1015,1016,1.0000,0.0000,0.0000,66.625,-1,0,0.0000
3132,1015,4607,0.0000,-1.0000,0.0000,66.625,-1,0,0.0000
3133,1015,1037,0.0000,0.0000,1.0000,105.062,-1,0,0.0035
3134,1015,1038,0.0000,0.0000,1.0000,105.062,-1,0,0.0035
3135,1016,1038,0.0000,0.0000,1.0000,105.062,-1,0,0.0035
3136,1017,1018,1.0000,0.0000,0.0000,66.625,-1,0,0.0000
3137,1017,1039,0.0000,0.0000,1.0000,105.062,-1,0,0.0035
3138,1018,1019,1.0000,0.0000,0.0000,66.625,-1,0,0.0000
3139,1018,4731,0.0000,-1.0000,0.0000,66.625,-1,0,0.0000
3140,1018,1039,0.0000,0.0000,1.0000,105.062,-1,0,0.0035
3141,1018,1040,0.0000,0.0000,1.0000,105.062,-1,0,0.0035
3142,1019,1020,1.0000,0.0000,0.0000,66.625,-1,0,0.0000
3143,1019,4731,0.0000,-1.0000,0.0000,66.625,-1,0,0.0000
3144,1019,1040,0.0000,0.0000,1.0000,105.062,-1,0,0.0035
3145,1019,1041,0.0000,0.0000,1.0000,105.062,-1,0,0.0035
3146,1020,1041,0.0000,0.0000,1.0000,105.062,-1,0,0.0035
3147,1021,1022,1.0000,0.0000,0.0000,66.625,-1,0,0.0000
3148,1021,1042,0.0000,0.0000,1.0000,105.062,-1,0,0.0035
3149,1022,1023,1.0000,0.0000,0.0000,66.625,-1,0,0.0000
3150,1022,4855,0.0000,-1.0000,0.0000,66.625,-1,0,0.0000
3151,1022,1042,0.0000,0.0000,1.0000,105.062,-1,0,0.0035
3152,1022,1043,0.0000,0.0000,1.0000,105.062,-1,0,0.0035
3153,1023,1024,1.0000,0.0000,0.0000,66.625,-1,0,0.0000
3154,1023,4855,0.0000,-1.0000,0.0000,66.625,-1,0,0.0000
3155,1023,1043,0.0000,0.0000,1.0000,105.062,-1,0,0.0035
3156,1023,1044,0.0000,0.0000,1.0000,105.062,-1,0,0.0035
3157,1024,1044,0.0000,0.0000,1.0000,105.062,-1,0,0.0035
3158,1025,1026,1.0000,0.0000,0.0000,66.625,-1,0,0.0000
3159,1025,1045,0.0000,0.0000,1.0000,105.062,-1,0,0.0032
3160,1026,1027,1.0000,0.0000,0.0000,66.625,-1,0,0.0000
3161,1026,4979,0.0000,-1.0000,0.0000,66.625,-1,0,0.0000
3162,1026,1045,0.0000,0.0000,1.0000,105.062,-1,0,0.0032
3163,1026,1046,0.0000,0.0000,1.0000,105.062,-1,0,0.0031
3164,1027,1028,1.0000,0.0000,0.0000,66.625,-1,0,0.0000
3165,1027,4979,0.0000,-1.0000,0.0000,66.625,-1,0,0.0000
3166,1027,1046,0.0000,0.0000,1.0000,105.062,-1,0,0.0031
3167,1027,1047,0.0000,0.0000,1.0000,105.062,-1,0,0.0028
3168,1028,4045,0.0000,1.0000,0.0000,66.625,-1,0,0.0000
3169,1028,1047,0.0000,0.0000,1.0000,105.062,-1,0,0.0028
3170,1028,1048,0.0000,0.0000,1.0000,105.062,-1,0,0.0027
3171,1029,1030,1.0000,0.0000,0.0000,66.625,-1,0,0.0000
3172,1029,1049,0.0000,0.0000,1.0000,105.062,-1,0,0.0026
3173,1029,3413,0.0000,1.0000,0.0000,66.625,-1,0,0.0000
3174,1030,1031,1.0000,0.0000,0.0000,66.625,-1,0,0.0000
3175,1030,1049,0.0000,0.0000,1.0000,105.062,-1,0,0.0026
3176,1030,1050,0.0000,0.0000,1.0000,105.062,-1,0,0.0028
3177,1031,1032,1.0000,0.0000,0.0000,66.625,-1,0,0.0000
3178,1031,1050,0.0000,0.0000,1.0000,105.062,-1,0,0.0028
3179,1031,1051,0.0000,0.0000,1.0000,105.062,-1,0,0.0031
3180,1031,4361,0.0000,-1.0000,0.0000,139.750,-1,0,0.0000
3181,1032,1051,0.0000,0.0000,1.0000,105.062,-1,0,0.0031
3182,1032,1052,0.0000,0.0000,1.0000,105.062,-1,0,0.0032
3183,1033,1034,1.0000,0.0000,0.0000,66.625,-1,0,0.0000
3184,1033,1053,0.0000,0.0000,1.0000,105.062,-1,0,0.0033
3185,1033,1054,0.0000,0.0000,1.0000,105.062,-1,0,0.0033
3186,1034,1035,1.0000,0.0000,0.0000,66.625,-1,0,0.0000
3187,1034,1054,0.0000,0.0000,1.0000,105.062,-1,0,0.0033
3188,1034,1055,0.0000,0.0000,1.0000,105.062,-1,0,0.0033
3189,1034,4485,0.0000,-1.0000,0.0000,139.750,-1,0,0.0000
3190,1035,1055,0.0000,0.0000,1.0000,105.062,-1,0,0.0033
3191,1035,1056,0.0000,0.0000,1.0000,105.062,-1,0,0.0033
3192,1036,1037,1.0000,0.0000,0.0000,66.625,-1,0,0.0000
3193,1036,1057,0.0000,0.0000,1.0000,105.062,-1,0,0.0033
3194,1036,1058,0.0000,0.0000,1.0000,105.062,-1,0,0.0033
3195,1037,1038,1.0000,0.0000,0.0000,66.625,-1,0,0.0000
3196,1037,1058,0.0000,0.0000,1.0000,105.062,-1,0,0.0033
3197,1037,1059,0.0000,0.0000,1.0000,105.062,-1,0,0.0033
3198,1037,4609,0.0000,-1.0000,0.0000,139.750,-1,0,0.0000
3199,1038,1059,0.0000,0.0000,1.0000,105.062,-1,0,0.0033
3200,1038,1060,0.0000,0.0000,1.0000,105.062,-1,0,0.0033
3201,1039,1040,1.0000,0.0000,0.0000,66.625,-1,0,0.0000
3202,1039,1061,0.0000,0.0000,1.0000,105.062,-1,0,0.0033
3203,1039,1062,0.0000,0.0000,1.0000,105.062,-1,0,0.0033
3204,1040,1041,1.0000,0.0000,0.0000,66.625,-1,0,0.0000
3205,1040,1062,0.0000,0.0000,1.0000,105.062,-1,0,0.0033
3206,1040,1063,0.0000,0.0000,1.0000,105.062,-1,0,0.0033
3207,1040,4733,0.0000,-1.0000,0.0000,139.750,-1,0,0.0000
3208,1041,1063,0.0000,0.0000,1.0000,105.062,-1,0,0.0033
3209,1041,1064,0.0000,0.0000,1.0000,105.062,-1,0,0.0033
3210,1042,1043,1.0000,0.0000,0.0000,66.625,-1,0,0.0000
3211,1042,1065,0.0000,0.0000,1.0000,105.062,-1,0,0.0033
3212,1042,1066,0.0000,0.0000,1.0000,105.062,-1,0,0.0033
3213,1043,1044,1.0000,0.0000,0.0000,66.625,-1,0,0.0000
3214,1043,1066,0.0000,0.0000,1.0000,105.062,-1,0,0.0033
3215,1043,1067,0.0000,0.0000,1.0000,105.062,-1,0,0.0033
3216,1043,4857,0.0000,-1.0000,0.0000,139.750,-1,0,0.0000
3217,1044,1067,0.0000,0.0000,1.0000,105.062,-1,0,0.0033
3218,1044,1068,0.0000,0.0000,1.0000,105.062,-1,0,0.0033
3219,1045,1046,1.0000,0.0000,0.0000,66.625,-1,0,0.0000
3220,1045,1069,0.0000,0.0000,1.0000,105.062,-1,0,0.0032
3221,1045,1070,0.0000,0.0000,1.0000,105.062,-1,0,0.0031
3222,1046,1047,1.0000,0.0000,0.0000,66.625,-1,0,0.0000
3223,1046,1070,0.0000,0.0000,1.0000,105.062,-1,0,0.0031
3224,1046,1071,0.0000,0.0000,1.0000,105.062,-1,0,0.0028
3225,1046,4981,0.0000,-1.0000,0.0000,139.750,-1,0,0.0000
3226,1047,1048,1.0000,0.0000,0.0000,66.625,-1,0,0.0000
3227,1047,1071,0.0000,0.0000,1.0000,105.062,-1,0,0.0028
3228,1047,1072,0.0000,0.0000,1.0000,105.062,-1,0,0.0026
3229,1048,1072,0.0000,0.0000,1.0000,105.062,-1,0,0.0026
3230,1048,4055,0.0000,1.0000,0.0000,66.625,-1,0,0.0000
3231,1049,1050,1.0000,0.0000,0.0000,66.625,-1,0,0.0000
3232,1049,3426,0.0000,1.0000,0.0000,66.625,-1,0,0.0000
3233,1049,1073,0.0000,0.0000,1.0000,105.062,-1,0,0.0024
3234,1049,1074,0.0000,0.0000,1.0000,105.062,-1,0,0.0025
3235,1050,1051,1.0000,0.0000,0.0000,66.625,-1,0,0.0000
3236,1050,4363,0.0000,-1.0000,0.0000,66.625,-1,0,0.0000
3237,1050,1074,0.0000,0.0000,1.0000,105.062,-1,0,0.0025
3238,1050,1075,0.0000,0.0000,1.0000,105.062,-1,0,0.0028
3239,1051,1052,1.0000,0.0000,0.0000,66.625,-1,0,0.0000
3240,1051,4363,0.0000,-1.0000,0.0000,66.625,-1,0,0.0000
3241,1051,1075,0.0000,0.0000,1.0000,105.062,-1,0,0.0028
3242,1051,1076,0.0000,0.0000,1.0000,105.062,-1,0,0.0031
3243,1052,1076,0.0000,0.0000,1.0000,105.062,-1,0,0.0031
3244,1053,1054,1.0000,0.0000,0.0000,66.625,-1,0,0.0000
3245,1053,1077,0.0000,0.0000,1.0000,105.062,-1,0,0.0032
3246,1054,1055,1.0000,0.0000,0.0000,66.625,-1,0,0.0000
3247,1054,4487,0.0000,-1.0000,0.0000,66.625,-1,0,0.0000
3248,1054,1077,0.0000,0.0000,1.0000,105.062,-1,0,0.0032
3249,1054,1078,0.0000,0.0000,1.0000,105.062,-1,0,0.0032
3250,1055,1056,1.0000,0.0000,0.0000,66.625,-1,0,0.0000
3251,1055,4487,0.0000,-1.0000,0.0000,66.625,-1,0,0.0000
3252,1055,1078,0.0000,0.0000,1.0000,105.062,-1,0,0.0032
3253,1055,1079,0.0000,0.0000,1.0000,105.062,-1,0,0.0032
3254,1056,1079,0.0000,0.0000,1.0000,105.062,-1,0,0.0032
3255,1057,1058,1.0000,0.0000,0.0000,66.625,-1,0,0.0000
3256,1057,1080,0.0000,0.0000,1.0000,105.062,-1,0,0.0032
3257,1058,1059,1.0000,0.0000,0.0000,66.625,-1,0,0.0000
3258,1058,4611,0.0000,-1.0000,0.0000,66.625,-1,0,0.0000
3259,1058,1080,0.0000,0.0000,1.0000,105.062,-1,0,0.0032
3260,1058,1081,0.0000,0.0000,1.0000,105.062,-1,0,0.0032
3261,1059,1060,1.0000,0.0000,0.0000,66.625,-1,0,0.0000
3262,1059,4611,0.0000,-1.0000,0.0000,66.625,-1,0,0.0000
3263,1059,1081,0.0000,0.0000,1.0000,105.062,-1,0,0.0032
3264,1059,1082,0.0000,0.0000,1.0000,105.062,-1,0,0.0032
3265,1060,1082,0.0000,0.0000,1.0000,105.062,-1,0,0.0032
3266,1061,1062,1.0000,0.0000,0.0000,66.625,-1,0,0.0000
3267,1061,1083,0.0000,0.0000,1.0000,105.062,-1,0,0.0032
3268,1062,1063,1.0000,0.0000,0.0000,66.625,-1,0,0.0000
3269,1062,4735,0.0000,-1.0000,0.0000,66.625,-1,0,0.0000
3270,1062,1083,0.0000,0.0000,1.0000,105.062,-1,0,0.0032
3271,1062,1084,0.0000,0.0000,1.0000,105.062,-1,0,0.0032
3272,1063,1064,1.0000,0.0000,0.0000,66.625,-1,0,0.0000
3273,1063,4735,0.0000,-1.0000,0.0000,66.625,-1,0,0.0000
3274,1063,1084,0.0000,0.0000,1.0000,105.062,-1,0,0.0032
3275,1063,1085,0.0000,0.0000,1.0000,105.062,-1,0,0.0032
3276,1064,1085,0.0000,0.0000,1.0000,105.062,-1,0,0.0032
3277,1065,1066,1.0000,0.0000,0.0000,66.625,-1,0,0.0000
3278,1065,1086,0.0000,0.0000,1.0000,105.062,-1,0,0.0032
3279,1066,1067,1.0000,0.0000,0.0000,66.625,-1,0,0.0000
3280,1066,4859,0.0000,-1.0000,0.0000,66.625,-1,0,0.0000
3281,1066,1086,0.0000,0.0000,1.0000,105.062,-1,0,0.0032
3282,1066,1087,0.0000,0.0000,1.0000,105.062,-1,0,0.0032
3283,1067,1068,1.0000,0.0000,0.0000,66.625,-1,0,0.0000
3284,1067,4859,0.0000,-1.0000,0.0000,66.625,-1,0,0.0000
3285,1067,1087,0.0000,0.0000,1.0000,105.062,-1,0,0.0032
3286,1067,1088,0.0000,0.0000,1.0000,105.062,-1,0,0.0032
3287,1068,1088,0.0000,0.0000,1.0000,105.062,-1,0,0.0032
3288,1069,1070,1.0000,0.0000,0.0000,66.625,-1,0,0.0000
3289,1069,1089,0.0000,0.0000,1.0000,105.062,-1,0,0.0031
3290,1070,1071,1.0000,0.0000,0.0000,66.625,-1,0,0.0000
3291,1070,4983,0.0000,-1.0000,0.0000,66.625,-1,0,0.0000
3292,1070,1089,0.0000,0.0000,1.0000,105.062,-1,0,0.0031
3293,1070,1090,0.0000,0.0000,1.0000,105.062,-1,0,0.0028
3294,1071,1072,1.0000,0.0000,0.0000,66.625,-1,0,0.0000
3295,1071,4983,0.0000,-1.0000,0.0000,66.625,-1,0,0.0000
3296,1071,1090,0.0000,0.0000,1.0000,105.062,-1,0,0.0028
3297,1071,1091,0.0000,0.0000,1.0000,105.062,-1,0,0.0025
3298,1072,4068,0.0000,1.0000,0.0000,66.625,-1,0,0.0000
3299,1072,1091,0.0000,0.0000,1.0000,105.062,-1,0,0.0025
3300,1072,1092,0.0000,0.0000,1.0000,105.062,-1,0,0.0024
3301,1073,1074,1.0000,0.0000,0.0000,66.625,-1,0,0.0000
3302,1073,1093,0.0000,0.0000,1.0000,105.062,-1,0,0.0023
3303,1073,3436,0.0000,1.0000,0.0000,66.625,-1,0,0.0000
3304,1074,1075,1.0000,0.0000,0.0000,66.625,-1,0,0.0000
3305,1074,1093,0.0000,0.0000,1.0000,105.062,-1,0,0.0023
3306,1074,1094,0.0000,0.0000,1.0000,105.062,-1,0,0.0025
3307,1075,1076,1.0000,0.0000,0.0000,66.625,-1,0,0.0000
3308,1075,1094,0.0000,0.0000,1.0000,105.062,-1,0,0.0025
3309,1075,1095,0.0000,0.0000,1.0000,105.062,-1,0,0.0028
3310,1075,4365,0.0000,-1.0000,0.0000,139.750,-1,0,0.0000
3311,1076,1095,0.0000,0.0000,1.0000,105.062,-1,0,0.0028
3312,1076,1096,0.0000,0.0000,1.0000,105.062,-1,0,0.0030
3313,1077,1078,1.0000,0.0000,0.0000,66.625,-1,0,0.0000
3314,1077,1097,0.0000,0.0000,1.0000,105.062,-1,0,0.0031
3315,1077,1098,0.0000,0.0000,1.0000,105.062,-1,0,0.0031
3316,1078,1079,1.0000,0.0000,0.0000,66.625,-1,0,0.0000
3317,1078,1098,0.0000,0.0000,1.0000,105.062,-1,0,0.0031
3318,1078,1099,0.0000,0.0000,1.0000,105.062,-1,0,0.0031
3319,1078,4489,0.0000,-1.0000,0.0000,139.750,-1,0,0.0000
3320,1079,1099,0.0000,0.0000,1.0000,105.062,-1,0,0.0031
3321,1079,1100,0.0000,0.0000,1.0000,105.062,-1,0,0.0031
3322,1080,1081,1.0000,0.0000,0.0000,66.625,-1,0,0.0000
3323,1080,1101,0.0000,0.0000,1.0000,105.062,-1,0,0.0031
3324,1080,1102,0.0000,0.0000,1.0000,105.062,-1,0,0.0031
3325,1081,1082,1.0000,0.0000,0.0000,66.625,-1,0,0.0000
3326,1081,1102,0.0000,0.0000,1.0000,105.062,-1,0,0.0031
3327,1081,1103,0.0000,0.0000,1.0000,105.062,-1,0,0.0031
3328,1081,4613,0.0000,-1.0000,0.0000,139.750,-1,0,0.0000
3329,1082,1103,0.0000,0.0000,1.0000,105.062,-1,0,0.0031
3330,1082,1104,0.0000,0.0000,1.0000,105.062,-1,0,0.0031
3331,1083,1084,1.0000,0.0000,0.0000,66.625,-1,0,0.0000
3332,1083,1105,0.0000,0.0000,1.0000,105.062,-1,0,0.0031
3333,1083,1106,0.0000,0.0000,1.0000,105.062,-1,0,0.0031
3334,1084,1085,1.0000,0.0000,0.0000,66.625,-1,0,0.0000
3335,1084,1106,0.0000,0.0000,1.0000,105.062,-1,0,0.0031
3336,1084,1107,0.0000,0.0000,1.0000,105.062,-1,0,0.0031
3337,1084,4737,0.0000,-1.0000,0.0000,139.750,-1,0,0.0000
3338,1085,1107,0.0000,0.0000,1.0000,105.062,-1,0,0.0031
3339,1085,1108,0.0000,0.0000,1.0000,105.062,-1,0,0.0031
3340,1086,1087,1.0000,0.0000,0.0000,66.625,-1,0,0.0000
3341,1086,1109,0.0000,0.0000,1.0000,105.062,-1,0,0.0031
3342,1086,1110,0.0000,0.0000,1.0000,105.062,-1,0,0.0031
3343,1087,1088,1.0000,0.0000,0.0000,66.625,-1,0,0.0000
3344,1087,1110,0.0000,0.0000,1.0000,105.062,-1,0,0.0031
3345,1087,1111,0.0000,0.0000,1.0000,105.062,-1,0,0.0031
3346,1087,4861,0.0000,-1.0000,0.0000,139.750,-1,0,0.0000
3347,1088,1111,0.0000,0.0000,1.0000,105.062,-1,0,0.0031
3348,1088,1112,0.0000,0.0000,1.0000,105.062,-1,0,0.0031
3349,1089,1090,1.0000,0.0000,0.0000,66.625,-1,0,0.0000
3350,1089,1113,0.0000,0.0000,1.0000,105.062,-1,0,0.0030
3351,1089,1114,0.0000,0.0000,1.0000,105.062,-1,0,0.0028
3352,1090,1091,1.0000,0.0000,0.0000,66.625,-1,0,0.0000
3353,1090,1114,0.0000,0.0000,1.0000,105.062,-1,0,0.0028
3354,1090,1115,0.0000,0.0000,1.0000,105.062,-1,0,0.0025
3355,1090,4985,0.0000,-1.0000,0.0000,139.750,-1,0,0.0000
3356,1091,1092,1.0000,0.0000,0.0000,66.625,-1,0,0.0000
3357,1091,1115,0.0000,0.0000,1.0000,105.062,-1,0,0.0025
3358,1091,1116,0.0000,0.0000,1.0000,105.062,-1,0,0.0023
3359,1092,1116,0.0000,0.0000,1.0000,105.062,-1,0,0.0023
3360,1092,4078,0.0000,1.0000,0.0000,66.625,-1,0,0.0000
3361,1093,1094,1.0000,0.0000,0.0000,66.625,-1,0,0.0000
3362,1093,3449,0.0000,1.0000,0.0000,66.625,-1,0,0.0000
3363,1093,1117,0.0000,0.0000,1.0000,105.062,-1,0,0.0022
3364,1093,1118,0.0000,0.0000,1.0000,105.062,-1,0,0.0022
3365,1094,1095,1.0000,0.0000,0.0000,66.625,-1,0,0.0000
3366,1094,4367,0.0000,-1.0000,0.0000,66.625,-1,0,0.0000
3367,1094,1118,0.0000,0.0000,1.0000,105.062,-1,0,0.0022
3368,1094,1119,0.0000,0.0000,1.0000,105.062,-1,0,0.0025
3369,1095,1096,1.0000,0.0000,0.0000,66.625,-1,0,0.0000
3370,1095,4367,0.0000,-1.0000,0.0000,66.625,-1,0,0.0000
3371,1095,1119,0.0000,0.0000,1.0000,105.062,-1,0,0.0025
3372,1095,1120,0.0000,0.0000,1.0000,105.062,-1,0,0.0029
3373,1096,1120,0.0000,0.0000,1.0000,105.062,-1,0,0.0029
3374,1097,1098,1.0000,0.0000,0.0000,66.625,-1,0,0.0000
3375,1097,1121,0.0000,0.0000,1.0000,105.062,-1,0,0.0030
3376,1098,1099,1.0000,0.0000,0.0000,66.625,-1,0,0.0000
3377,1098,4491,0.0000,-1.0000,0.0000,66.625,-1,0,0.0000
3378,1098,1121,0.0000,0.0000,1.0000,105.062,-1,0,0.0030
3379,1098,1122,0.0000,0.0000,1.0000,105.062,-1,0,0.0029
3380,1099,1100,1.0000,0.0000,0.0000,66.625,-1,0,0.0000
3381,1099,4491,0.0000,-1.0000,0.0000,66.625,-1,0,0.0000
3382,1099,1122,0.0000,0.0000,1.0000,105.062,-1,0,0.0029
3383,1099,1123,0.0000,0.0000,1.0000,105.062,-1,0,0.0030
3384,1100,1123,0.0000,0.0000,1.0000,105.062,-1,0,0.0030
3385,1101,1102,1.0000,0.0000,0.0000,66.625,-1,0,0.0000
3386,1101,1124,0.0000,0.0000,1.0000,105.062,-1,0,0.0030
3387,1102,1103,1.0000,0.0000,0.0000,66.625,-1,0,0.0000
3388,1102,4615,0.0000,-1.0000,0.0000,66.625,-1,0,0.0000
3389,1102,1124,0.0000,0.0000,1.0000,105.062,-1,0,0.0030
3390,1102,1125,0.0000,0.0000,1.0000,105.062,-1,0,0.0029
3391,1103,1104,1.0000,0.0000,0.0000,66.625,-1,0,0.0000
3392,1103,4615,0.0000,-1.0000,0.0000,66.625,-1,0,0.0000
3393,1103,1125,0.0000,0.0000,1.0000,105.062,-1,0,0.0029
3394,1103,1126,0.0000,0.0000,1.0000,105.062,-1,0,0.0030
3395,1104,1126,0.0000,0.0000,1.0000,105.062,-1,0,0.0030
3396,1105,1106,1.0000,0.0000,0.0000,66.625,-1,0,0.0000
3397,1105,1127,0.0000,0.0000,1.0000,105.062,-1,0,0.0030
3398,1106,1107,1.0000,0.0000,0.0000,66.625,-1,0,0.0000
3399,1106,4739,0.0000,-1.0000,0.0000,66.625,-1,0,0.0000
3400,1106,1127,0.0000,0.0000,1.0000,105.062,-1,0,0.0030
3401,1106,1128,0.0000,0.0000,1.0000,105.062,-1,0,0.0029
3402,1107,1108,1.0000,0.0000,0.0000,66.625,-1,0,0.0000
3403,1107,4739,0.0000,-1.0000,0.0000,66.625,-1,0,0.0000
3404,1107,1128,0.0000,0.0000,1.0000,105.062,-1,0,0.0029
3405,1107,1129,0.0000,0.0000,1.0000,105.062,-1,0,0.0030
3406,1108,1129,0.0000,0.0000,1.0000,105.062,-1,0,0.0030
3407,1109,1110,1.0000,0.0000,0.0000,66.625,-1,0,0.0000
3408,1109,1130,0.0000,0.0000,1.0000,105.062,-1,0,0.0030
3409,1110,1111,1.0000,0.0000,0.0000,66.625,-1,0,0.0000
3410,1110,4863,0.0000,-1.0000,0.0000,66.625,-1,0,0.0000
3411,1110,1130,0.0000,0.0000,1.0000,105.062,-1,0,0.0030
3412,1110,1131,0.0000,0.0000,1.0000,105.062,-1,0,0.0029
3413,1111,1112,1.0000,0.0000,0.0000,66.625,-1,0,0.0000
3414,1111,4863,0.0000,-1.0000,0.0000,66.625,-1,0,0.0000
3415,1111,1131,0.0000,0.0000,1.0000,105.062,-1,0,0.0029
3416,1111,1132,0.0000,0.0000,1.0000,105.062,-1,0,0.0030
3417,1112,1132,0.0000,0.0000,1.0000,105.062,-1,0,0.0030
3418,1113,1114,1.0000,0.0000,0.0000,66.625,-1,0,0.0000
3419,1113,1133,0.0000,0.0000,1.0000,105.062,-1,0,0.0029
3420,1114,1115,1.0000,0.0000,0.0000,66.625,-1,0,0.0000
3421,1114,4987,0.0000,-1.0000,0.0000,66.625,-1,0,0.0000
3422,1114,1133,0.0000,0.0000,1.0000,105.062,-1,0,0.0029
3423,1114,1134,0.0000,0.0000,1.0000,105.062,-1,0,0.0025
3424,1115,1116,1.0000,0.0000,0.0000,66.625,-1,0,0.0000
3425,1115,4987,0.0000,-1.0000,0.0000,66.625,-1,0,0.0000
3426,1115,1134,0.0000,0.0000,1.0000,105.062,-1,0,0.0025
3427,1115,1135,0.0000,0.0000,1.0000,105.062,-1,0,0.0022
3428,1116,4091,0.0000,1.0000,0.0000,66.625,-1,0,0.0000
3429,1116,1135,0.0000,0.0000,1.0000,105.062,-1,0,0.0022
3430,1116,1136,0.0000,0.0000,1.0000,105.062,-1,0,0.0022
3431,1117,1118,1.0000,0.0000,0.0000,66.625,-1,0,0.0000
3432,1117,1137,0.0000,0.0000,1.0000,105.062,-1,0,0.0020
3433,1117,3459,0.0000,1.0000,0.0000,66.625,-1,0,0.0000
3434,1118,1119,1.0000,0.0000,0.0000,66.625,-1,0,0.0000
3435,1118,1137,0.0000,0.0000,1.0000,105.062,-1,0,0.0020
3436,1118,1138,0.0000,0.0000,1.0000,105.062,-1,0,0.0022
3437,1119,1120,1.0000,0.0000,0.0000,66.625,-1,0,0.0000
3438,1119,1138,0.0000,0.0000,1.0000,105.062,-1,0,0.0022
3439,1119,1139,0.0000,0.0000,1.0000,105.062,-1,0,0.0026
3440,1119,4369,0.0000,-1.0000,0.0000,139.750,-1,0,0.0000
3441,1120,1139,0.0000,0.0000,1.0000,105.062,-1,0,0.0026
3442,1120,1140,0.0000,0.0000,1.0000,105.062,-1,0,0.0029
3443,1121,1122,1.0000,0.0000,0.0000,66.625,-1,0,0.0000
3444,1121,1141,0.0000,0.0000,1.0000,105.062,-1,0,0.0029
3445,1121,1142,0.0000,0.0000,1.0000,105.062,-1,0,0.0028
3446,1122,1123,1.0000,0.0000,0.0000,66.625,-1,0,0.0000
3447,1122,1142,0.0000,0.0000,1.0000,105.062,-1,0,0.0028
3448,1122,1143,0.0000,0.0000,1.0000,105.062,-1,0,0.0028
3449,1122,4493,0.0000,-1.0000,0.0000,139.750,-1,0,0.0000
3450,1123,1143,0.0000,0.0000,1.0000,105.062,-1,0,0.0028
3451,1123,1144,0.0000,0.0000,1.0000,105.062,-1,0,0.0029
3452,1124,1125,1.0000,0.0000,0.0000,66.625,-1,0,0.0000
3453,1124,1145,0.0000,0.0000,1.0000,105.062,-1,0,0.0029
3454,1124,1146,0.0000,0.0000,1.0000,105.062,-1,0,0.0028
3455,1125,1126,1.0000,0.0000,0.0000,66.625,-1,0,0.0000
3456,1125,1146,0.0000,0.0000,1.0000,105.062,-1,0,0.0028
3457,1125,1147,0.0000,0.0000,1.0000,105.062,-1,0,0.0028
3458,1125,4617,0.0000,-1.0000,0.0000,139.750,-1,0,0.0000
3459,1126,1147,0.0000,0.0000,1.0000,105.062,-1,0,0.0028
3460,1126,1148,0.0000,0.0000,1.0000,105.062,-1,0,0.0029
3461,1127,1128,1.0000,0.0000,0.0000,66.625,-1,0,0.0000
3462,1127,1149,0.0000,0.0000,1.0000,105.062,-1,0,0.0029
3463,1127,1150,0.0000,0.0000,1.0000,105.062,-1,0,0.0028
3464,1128,1129,1.0000,0.0000,0.0000,66.625,-1,0,0.0000
3465,1128,1150,0.0000,0.0000,1.0000,105.062,-1,0,0.0028
3466,1128,1151,0.0000,0.0000,1.0000,105.062,-1,0,0.0028
3467,1128,4741,0.0000,-1.0000,0.0000,139.750,-1,0,0.0000
3468,1129,1151,0.0000,0.0000,1.0000,105.062,-1,0,0.0028
3469,1129,1152,0.0000,0.0000,1.0000,105.062,-1,0,0.0029
3470,1130,1131,1.0000,0.0000,0.0000,66.625,-1,0,0.0000
3471,1130,1153,0.0000,0.0000,1.0000,105.062,-1,0,0.0029
3472,1130,1154,0.0000,0.0000,1.0000,105.062,-1,0,0.0028
3473,1131,1132,1.0000,0.0000,0.0000,66.625,-1,0,0.0000
3474,1131,1154,0.0000,0.0000,1.0000,105.062,-1,0,0.0028
3475,1131,1155,0.0000,0.0000,1.0000,105.062,-1,0,0.0028
3476,1131,4865,0.0000,-1.0000,0.0000,139.750,-1,0,0.0000
3477,1132,1155,0.0000,0.0000,1.0000,105.062,-1,0,0.0028
3478,1132,1156,0.0000,0.0000,1.0000,105.062,-1,0,0.0029
3479,1133,1134,1.0000,0.0000,0.0000,66.625,-1,0,0.0000
3480,1133,1157,0.0000,0.0000,1.0000,105.062,-1,0,0.0029
3481,1133,1158,0.0000,0.0000,1.0000,105.062,-1,0,0.0026
3482,1134,1135,1.0000,0.0000,0.0000,66.625,-1,0,0.0000
3483,1134,1158,0.0000,0.0000,1.0000,105.062,-1,0,0.0026
3484,1134,1159,0.0000,0.0000,1.0000,105.062,-1,0,0.0022
3485,1134,4989,0.0000,-1.0000,0.0000,139.750,-1,0,0.0000
3486,1135,1136,1.0000,0.0000,0.0000,66.625,-1,0,0.0000
3487,1135,1159,0.0000,0.0000,1.0000,105.062,-1,0,0.0022
3488,1135,1160,0.0000,0.0000,1.0000,105.062,-1,0,0.0020
3489,1136,1160,0.0000,0.0000,1.0000,105.062,-1,0,0.0020
3490,1136,4101,0.0000,1.0000,0.0000,66.625,-1,0,0.0000
3491,1137,1138,1.0000,0.0000,0.0000,66.625,-1,0,0.0000
3492,1137,3472,0.0000,1.0000,0.0000,66.625,-1,0,0.0000
3493,1137,1161,0.0000,0.0000,1.0000,105.062,-1,0,0.0019
3494,1137,1162,0.0000,0.0000,1.0000,105.062,-1,0,0.0019
3495,1138,1139,1.0000,0.0000,0.0000,66.625,-1,0,0.0000
3496,1138,4371,0.0000,-1.0000,0.0000,66.625,-1,0,0.0000
3497,1138,1162,0.0000,0.0000,1.0000,105.062,-1,0,0.0019
3498,1138,1163,0.0000,0.0000,1.0000,105.062,-1,0,0.0022
3499,1139,1140,1.0000,0.0000,0.0000,66.625,-1,0,0.0000
3500,1139,4371,0.0000,-1.0000,0.0000,66.625,-1,0,0.0000
3501,1139,1163,0.0000,0.0000,1.0000,105.062,-1,0,0.0022
3502,1139,1164,0.0000,0.0000,1.0000,105.062,-1,0,0.0028
3503,1140,1164,0.0000,0.0000,1.0000,105.062,-1,0,0.0028
3504,1141,1142,1.0000,0.0000,0.0000,66.625,-1,0,0.0000
3505,1141,1165,0.0000,0.0000,1.0000,105.062,-1,0,0.0028
3506,1142,1143,1.0000,0.0000,0.0000,66.625,-1,0,0.0000
3507,1142,4495,0.0000,-1.0000,0.0000,66.625,-1,0,0.0000
3508,1142,1165,0.0000,0.0000,1.0000,105.062,-1,0,0.0028
3509,1142,1166,0.0000,0.0000,1.0000,105.062,-1,0,0.0025
3510,1143,1144,1.0000,0.0000,0.0000,66.625,-1,0,0.0000
3511,1143,4495,0.0000,-1.0000,0.0000,66.625,-1,0,0.0000
3512,1143,1166,0.0000,0.0000,1.0000,105.062,-1,0,0.0025
3513,1143,1167,0.0000,0.0000,1.0000,105.062,-1,0,0.0028
3514,1144,1167,0.0000,0.0000,1.0000,105.062,-1,0,0.0028
3515,1145,1146,1.0000,0.0000,0.0000,66.625,-1,0,0.0000
3516,1145,1168,0.0000,0.0000,1.0000,105.062,-1,0,0.0028
3517,1146,1147,1.0000,0.0000,0.0000,66.625,-1,0,0.0000
3518,1146,4619,0.0000,-1.0000,0.0000,66.625,-1,0,0.0000
3519,1146,1168,0.0000,0.0000,1.0000,105.062,-1,0,0.0028
3520,1146,1169,0.0000,0.0000,1.0000,105.062,-1,0,0.0025
3521,1147,1148,1.0000,0.0000,0.0000,66.625,-1,0,0.0000
3522,1147,4619,0.0000,-1.0000,0.0000,66.625,-1,0,0.0000
3523,1147,1169,0.0000,0.0000,1.0000,105.062,-1,0,0.0025
3524,1147,1170,0.0000,0.0000,1.0000,105.062,-1,0,0.0028
3525,1148,1170,0.0000,0.0000,1.0000,105.062,-1,0,0.0028
3526,1149,1150,1.0000,0.0000,0.0000,66.625,-1,0,0.0000
3527,1149,1171,0.0000,0.0000,1.0000,105.062,-1,0,0.0028
3528,1150,1151,1.0000,0.0000,0.0000,66.625,-1,0,0.0000
3529,1150,4743,0.0000,-1.0000,0.0000,66.625,-1,0,0.0000
3530,1150,1171,0.0000,0.0000,1.0000,105.062,-1,0,0.0028
3531,1150,1172,0.0000,0.0000,1.0000,105.062,-1,0,0.0025
3532,1151,1152,1.0000,0.0000,0.0000,66.625,-1,0,0.0000
3533,1151,4743,0.0000,-1.0000,0.0000,66.625,-1,0,0.0000
3534,1151,1172,0.0000,0.0000,1.0000,105.062,-1,0,0.0025
3535,1151,1173,0.0000,0.0000,1.0000,105.062,-1,0,0.0028
3536,1152,1173,0.0000,0.0000,1.0000,105.062,-1,0,0.0028
3537,1153,1154,1.0000,0.0000,0.0000,66.625,-1,0,0.0000
3538,1153,1174,0.0000,0.0000,1.0000,105.062,-1,0,0.0028
3539,1154,1155,1.0000,0.0000,0.0000,66.625,-1,0,0.0000
3540,1154,4867,0.0000,-1.0000,0.0000,66.625,-1,0,0.0000
3541,1154,1174,0.0000,0.0000,1.0000,105.062,-1,0,0.0028
3542,1154,1175,0.0000,0.0000,1.0000,105.062,-1,0,0.0025
3543,1155,1156,1.0000,0.0000,0.0000,66.625,-1,0,0.0000
3544,1155,4867,0.0000,-1.0000,0.0000,66.625,-1,0,0.0000
3545,1155,1175,0.0000,0.0000,1.0000,105.062,-1,0,0.0025
3546,1155,1176,0.0000,0.0000,1.0000,105.062,-1,0,0.0028
3547,1156,1176,0.0000,0.0000,1.0000,105.062,-1,0,0.0028
3548,1157,1158,1.0000,0.0000,0.0000,66.625,-1,0,0.0000
3549,1157,1177,0.0000,0.0000,1.0000,105.062,-1,0,0.0028
3550,1158,1159,1.0000,0.0000,0.0000,66.625,-1,0,0.0000
3551,1158,4991,0.0000,-1.0000,0.0000,66.625,-1,0,0.0000
3552,1158,1177,0.0000,0.0000,1.0000,105.062,-1,0,0.0028
3553,1158,1178,0.0000,0.0000,1.0000,105.062,-1,0,0.0022
3554,1159,1160,1.0000,0.0000,0.0000,66.625,-1,0,0.0000
3555,1159,4991,0.0000,-1.0000,0.0000,66.625,-1,0,0.0000
3556,1159,1178,0.0000,0.0000,1.0000,105.062,-1,0,0.0022
3557,1159,1179,0.0000,0.0000,1.0000,105.062,-1,0,0.0019
3558,1160,4114,0.0000,1.0000,0.0000,66.625,-1,0,0.0000
3559,1160,1179,0.0000,0.0000,1.0000,105.062,-1,0,0.0019
3560,1160,1180,0.0000,0.0000,1.0000,105.062,-1,0,0.0019
3561,1161,1162,1.0000,0.0000,0.0000,66.625,-1,0,0.0000
3562,1161,1181,0.0000,0.0000,1.0000,105.062,-1,0,0.0018
3563,1161,3482,0.0000,1.0000,0.0000,66.625,-1,0,0.0000
3564,1162,1163,1.0000,0.0000,0.0000,66.625,-1,0,0.0000
3565,1162,1181,0.0000,0.0000,1.0000,105.062,-1,0,0.0018
3566,1162,1182,0.0000,0.0000,1.0000,105.062,-1,0,0.0018
3567,1163,1164,1.0000,0.0000,0.0000,66.625,-1,0,0.0000
3568,1163,1182,0.0000,0.0000,1.0000,105.062,-1,0,0.0018
3569,1163,1183,0.0000,0.0000,1.0000,105.062,-1,0,0.0024
3570,1163,4373,0.0000,-1.0000,0.0000,139.750,-1,0,0.0000
3571,1164,1183,0.0000,0.0000,1.0000,105.062,-1,0,0.0024
3572,1164,1184,0.0000,0.0000,1.0000,105.062,-1,0,0.0030
3573,1165,1166,1.0000,0.0000,0.0000,66.625,-1,0,0.0000
3574,1165,1185,0.0000,0.0000,1.0000,105.062,-1,0,0.0030
3575,1165,1186,0.0000,0.0000,1.0000,105.062,-1,0,0.0024
3576,1166,1167,1.0000,0.0000,0.0000,66.625,-1,0,0.0000
3577,1166,1186,0.0000,0.0000,1.0000,105.062,-1,0,0.0024
3578,1166,1187,0.0000,0.0000,1.0000,105.062,-1,0,0.0024
3579,1166,4497,0.0000,-1.0000,0.0000,139.750,-1,0,0.0000
3580,1167,1187,0.0000,0.0000,1.0000,105.062,-1,0,0.0024
3581,1167,1188,0.0000,0.0000,1.0000,105.062,-1,0,0.0030
3582,1168,1169,1.0000,0.0000,0.0000,66.625,-1,0,0.0000
3583,1168,1189,0.0000,0.0000,1.0000,105.062,-1,0,0.0030
3584,1168,1190,0.0000,0.0000,1.0000,105.062,-1,0,0.0024
3585,1169,1170,1.0000,0.0000,0.0000,66.625,-1,0,0.0000
3586,1169,1190,0.0000,0.0000,1.0000,105.062,-1,0,0.0024
3587,1169,1191,0.0000,0.0000,1.0000,105.062,-1,0,0.0024
3588,1169,4621,0.0000,-1.0000,0.0000,139.750,-1,0,0.0000
3589,1170,1191,0.0000,0.0000,1.0000,105.062,-1,0,0.0024
3590,1170,1192,0.0000,0.0000,1.0000,105.062,-1,0,0.0030
3591,1171,1172,1.0000,0.0000,0.0000,66.625,-1,0,0.0000
3592,1171,1193,0.0000,0.0000,1.0000,105.062,-1,0,0.0030
3593,1171,1194,0.0000,0.0000,1.0000,105.062,-1,0,0.0024
3594,1172,1173,1.0000,0.0000,0.0000,66.625,-1,0,0.0000
3595,1172,1194,0.0000,0.0000,1.0000,105.062,-1,0,0.0024
3596,1172,1195,0.0000,0.0000,1.0000,105.062,-1,0,0.0024
3597,1172,4745,0.0000,-1.0000,0.0000,139.750,-1,0,0.0000
3598,1173,1195,0.0000,0.0000,1.0000,105.062,-1,0,0.0024
3599,1173,1196,0.0000,0.0000,1.0000,105.062,-1,0,0.0030
3600,1174,1175,1.0000,0.0000,0.0000,66.625,-1,0,0.0000
3601,1174,1197,0.0000,0.0000,1.0000,105.062,-1,0,0.0030
3602,1174,1198,0.0000,0.0000,1.0000,105.062,-1,0,0.0024
3603,1175,1176,1.0000,0.0000,0.0000,66.625,-1,0,0.0000
3604,1175,1198,0.0000,0.0000,1.0000,105.062,-1,0,0.0024
3605,1175,1199,0.0000,0.0000,1.0000,105.062,-1,0,0.0024
3606,1175,4869,0.0000,-1.0000,0.0000,139.750,-1,0,0.0000
3607,1176,1199,0.0000,0.0000,1.0000,105.062,-1,0,0.0024
3608,1176,1200,0.0000,0.0000,1.0000,105.062,-1,0,0.0030
3609,1177,1178,1.0000,0.0000,0.0000,66.625,-1,0,0.0000
3610,1177,1201,0.0000,0.0000,1.0000,105.062,-1,0,0.0030
3611,1177,1202,0.0000,0.0000,1.0000,105.062,-1,0,0.0024
3612,1178,1179,1.0000,0.0000,0.0000,66.625,-1,0,0.0000
3613,1178,1202,0.0000,0.0000,1.0000,105.062,-1,0,0.0024
3614,1178,1203,0.0000,0.0000,1.0000,105.062,-1,0,0.0018
3615,1178,4993,0.0000,-1.0000,0.0000,139.750,-1,0,0.0000
3616,1179,1180,1.0000,0.0000,0.0000,66.625,-1,0,0.0000
3617,1179,1203,0.0000,0.0000,1.0000,105.062,-1,0,0.0018
3618,1179,1204,0.0000,0.0000,1.0000,105.062,-1,0,0.0018
3619,1180,1204,0.0000,0.0000,1.0000,105.062,-1,0,0.0018
3620,1180,4124,0.0000,1.0000,0.0000,66.625,-1,0,0.0000
3621,1181,1182,1.0000,0.0000,0.0000,66.625,-1,0,0.0000
3622,1181,3495,0.0000,1.0000,0.0000,66.625,-1,0,0.0000
3623,1181,1205,0.0000,0.0000,1.0000,105.062,-1,0,0.0016
3624,1181,1206,0.0000,0.0000,1.0000,105.062,-1,0,0.0017
3625,1182,1183,1.0000,0.0000,0.0000,66.625,-1,0,0.0000
3626,1182,4375,0.0000,-1.0000,0.0000,66.625,-1,0,0.0000
3627,1182,1206,0.0000,0.0000,1.0000,105.062,-1,0,0.0017
3628,1182,1207,0.0000,0.0000,1.0000,105.062,-1,0,0.0017
3629,1183,1184,1.0000,0.0000,0.0000,66.625,-1,0,0.0000
3630,1183,4375,0.0000,-1.0000,0.0000,66.625,-1,0,0.0000
3631,1183,1207,0.0000,0.0000,1.0000,105.062,-1,0,0.0017
3632,1183,1208,0.0000,0.0000,1.0000,105.062,-1,0,0.0028
3633,1184,1208,0.0000,0.0000,1.0000,105.062,-1,0,0.0028
3634,1185,1186,1.0000,0.0000,0.0000,66.625,-1,0,0.0000
3635,1185,1209,0.0000,0.0000,1.0000,105.062,-1,0,0.0028
3636,1186,1187,1.0000,0.0000,0.0000,66.625,-1,0,0.0000
3637,1186,4499,0.0000,-1.0000,0.0000,66.625,-1,0,0.0000
3638,1186,1209,0.0000,0.0000,1.0000,105.062,-1,0,0.0028
3639,1186,1210,0.0000,0.0000,1.0000,105.062,-1,0,0.0017
3640,1187,1188,1.0000,0.0000,0.0000,66.625,-1,0,0.0000
3641,1187,4499,0.0000,-1.0000,0.0000,66.625,-1,0,0.0000
3642,1187,1210,0.0000,0.0000,1.0000,105.062,-1,0,0.0017
3643,1187,1211,0.0000,0.0000,1.0000,105.062,-1,0,0.0028
3644,1188,1211,0.0000,0.0000,1.0000,105.062,-1,0,0.0028
3645,1189,1190,1.0000,0.0000,0.0000,66.625,-1,0,0.0000
3646,1189,1212,0.0000,0.0000,1.0000,105.062,-1,0,0.0028
3647,1190,1191,1.0000,0.0000,0.0000,66.625,-1,0,0.0000
3648,1190,4623,0.0000,-1.0000,0.0000,66.625,-1,0,0.0000
3649,1190,1212,0.0000,0.0000,1.0000,105.062,-1,0,0.0028
3650,1190,1213,0.0000,0.0000,1.0000,105.062,-1,0,0.0017
3651,1191,1192,1.0000,0.0000,0.0000,66.625,-1,0,0.0000
3652,1191,4623,0.0000,-1.0000,0.0000,66.625,-1,0,0.0000
3653,1191,1213,0.0000,0.0000,1.0000,105.062,-1,0,0.0017
3654,1191,1214,0.0000,0.0000,1.0000,105.062,-1,0,0.0028
3655,1192,1214,0.0000,0.0000,1.0000,105.062,-1,0,0.0028
3656,1193,1194,1.0000,0.0000,0.0000,66.625,-1,0,0.0000
3657,1193,1215,0.0000,0.0000,1.0000,105.062,-1,0,0.0028
3658,1194,1195,1.0000,0.0000,0.0000,66.625,-1,0,0.0000
3659,1194,4747,0.0000,-1.0000,0.0000,66.625,-1,0,0.0000
3660,1194,1215,0.0000,0.0000,1.0000,105.062,-1,0,0.0028
3661,1194,1216,0.0000,0.0000,1.0000,105.062,-1,0,0.0017
3662,1195,1196,1.0000,0.0000,0.0000,66.625,-1,0,0.0000
3663,1195,4747,0.0000,-1.0000,0.0000,66.625,-1,0,0.0000
3664,1195,1216,0.0000,0.0000,1.0000,105.062,-1,0,0.0017
3665,1195,1217,0.0000,0.0000,1.0000,105.062,-1,0,0.0028
3666,1196,1217,0.0000,0.0000,1.0000,105.062,-1,0,0.0028
3667,1197,1198,1.0000,0.0000,0.0000,66.625,-1,0,0.0000
3668,1197,1218,0.0000,0.0000,1.0000,105.062,-1,0,0.0028
3669,1198,1199,1.0000,0.0000,0.0000,66.625,-1,0,0.0000
3670,1198,4871,0.0000,-1.0000,0.0000,66.625,-1,0,0.0000
3671,1198,1218,0.0000,0.0000,1.0000,105.062,-1,0,0.0028
3672,1198,1219,0.0000,0.0000,1.0000,105.062,-1,0,0.0017
3673,1199,1200,1.0000,0.0000,0.0000,66.625,-1,0,0.0000
3674,1199,4871,0.0000,-1.0000,0.0000,66.625,-1,0,0.0000
3675,1199,1219,0.0000,0.0000,1.0000,105.062,-1,0,0.0017
3676,1199,1220,0.0000,0.0000,1.0000,105.062,-1,0,0.0028
3677,1200,1220,0.0000,0.0000,1.0000,105.062,-1,0,0.0028
3678,1201,1202,1.0000,0.0000,0.0000,66.625,-1,0,0.0000
3679,1201,1221,0.0000,0.0000,1.0000,105.062,-1,0,0.0028
3680,1202,1203,1.0000,0.0000,0.0000,66.625,-1,0,0.0000
3681,1202,4995,0.0000,-1.0000,0.0000,66.625,-1,0,0.0000
3682,1202,1221,0.0000,0.0000,1.0000,105.062,-1,0,0.0028
3683,1202,1222,0.0000,0.0000,1.0000,105.062,-1,0,0.0017
3684,1203,1204,1.0000,0.0000,0.0000,66.625,-1,0,0.0000
3685,1203,4995,0.0000,-1.0000,0.0000,66.625,-1,0,0.0000
3686,1203,1222,0.0000,0.0000,1.0000,105.062,-1,0,0.0017
3687,1203,1223,0.0000,0.0000,1.0000,105.062,-1,0,0.0017
3688,1204,4137,0.0000,1.0000,0.0000,66.625,-1,0,0.0000
3689,1204,1223,0.0000,0.0000,1.0000,105.062,-1,0,0.0017
3690,1204,1224,0.0000,0.0000,1.0000,105.062,-1,0,0.0016
3691,1205,1206,1.0000,0.0000,0.0000,66.625,-1,0,0.0000
3692,1205,1225,0.0000,0.0000,1.0000,105.062,-1,0,0.0015
3693,1205,3505,0.0000,1.0000,0.0000,66.625,-1,0,0.0000
3694,1206,1207,1.0000,0.0000,0.0000,66.625,-1,0,0.0000
3695,1206,1225,0.0000,0.0000,1.0000,105.062,-1,0,0.0015
3696,1206,1226,0.0000,0.0000,1.0000,105.062,-1,0,0.0015
3697,1207,1208,1.0000,0.0000,0.0000,66.625,-1,0,0.0000
3698,1207,1226,0.0000,0.0000,1.0000,105.062,-1,0,0.0015
3699,1207,1227,0.0000,0.0000,1.0000,105.062,-1,0,0.0015
3700,1207,4377,0.0000,-1.0000,0.0000,139.750,-1,0,0.0000
3701,1208,1239,0.0000,0.0000,1.0000,220.375,-1,0,0.0013
3702,1209,1210,1.0000,0.0000,0.0000,66.625,-1,0,0.0000
3703,1209,1239,0.0000,0.0000,1.0000,220.375,-1,0,0.0013
3704,1210,1211,1.0000,0.0000,0.0000,66.625,-1,0,0.0000
3705,1210,1228,0.0000,0.0000,1.0000,105.062,-1,0,0.0015
3706,1210,1229,0.0000,0.0000,1.0000,105.062,-1,0,0.0015
3707,1210,4501,0.0000,-1.0000,0.0000,139.750,-1,0,0.0000
3708,1211,1240,0.0000,0.0000,1.0000,220.375,-1,0,0.0013
3709,1212,1213,1.0000,0.0000,0.0000,66.625,-1,0,0.0000
3710,1212,1240,0.0000,0.0000,1.0000,220.375,-1,0,0.0013
3711,1213,1214,1.0000,0.0000,0.0000,66.625,-1,0,0.0000
3712,1213,1230,0.0000,0.0000,1.0000,105.062,-1,0,0.0015
3713,1213,1231,0.0000,0.0000,1.0000,105.062,-1,0,0.0015
3714,1213,4625,0.0000,-1.0000,0.0000,139.750,-1,0,0.0000
3715,1214,1241,0.0000,0.0000,1.0000,220.375,-1,0,0.0013
3716,1215,1216,1.0000,0.0000,0.0000,66.625,-1,0,0.0000
3717,1215,1241,0.0000,0.0000,1.0000,220.375,-1,0,0.0013
3718,1216,1217,1.0000,0.0000,0.0000,66.625,-1,0,0.0000
3719,1216,1232,0.0000,0.0000,1.0000,105.062,-1,0,0.0015
3720,1216,1233,0.0000,0.0000,1.0000,105.062,-1,0,0.0015
3721,1216,4749,0.0000,-1.0000,0.0000,139.750,-1,0,0.0000
3722,1217,1242,0.0000,0.0000,1.0000,220.375,-1,0,0.0013
3723,1218,1219,1.0000,0.0000,0.0000,66.625,-1,0,0.0000
3724,1218,1242,0.0000,0.0000,1.0000,220.375,-1,0,0.0013
3725,1219,1220,1.0000,0.0000,0.0000,66.625,-1,0,0.0000
3726,1219,1234,0.0000,0.0000,1.0000,105.062,-1,0,0.0015
3727,1219,1235,0.0000,0.0000,1.0000,105.062,-1,0,0.0015
3728,1219,4873,0.0000,-1.0000,0.0000,139.750,-1,0,0.0000
3729,1220,1243,0.0000,0.0000,1.0000,220.375,-1,0,0.0013
3730,1221,1222,1.0000,0.0000,0.0000,66.625,-1,0,0.0000
3731,1221,1243,0.0000,0.0000,1.0000,220.375,-1,0,0.0013
3732,1222,1223,1.0000,0.0000,0.0000,66.625,-1,0,0.0000
3733,1222,1236,0.0000,0.0000,1.0000,105.062,-1,0,0.0015
3734,1222,1237,0.0000,0.0000,1.0000,105.062,-1,0,0.0015
3735,1222,4997,0.0000,-1.0000,0.0000,139.750,-1,0,0.0000
3736,1223,1224,1.0000,0.0000,0.0000,66.625,-1,0,0.0000
3737,1223,1237,0.0000,0.0000,1.0000,105.062,-1,0,0.0015
3738,1223,1238,0.0000,0.0000,1.0000,105.062,-1,0,0.0015
3739,1224,1238,0.0000,0.0000,1.0000,105.062,-1,0,0.0015
3740,1224,4147,0.0000,1.0000,0.0000,66.625,-1,0,0.0000
3741,1225,1226,1.0000,0.0000,0.0000,66.625,-1,0,0.0000
3742,1225,3518,0.0000,1.0000,0.0000,66.625,-1,0,0.0000
3743,1225,1244,0.0000,0.0000,1.0000,105.062,-1,0,0.0014
3744,1225,1245,0.0000,0.0000,1.0000,105.062,-1,0,0.0014
3745,1226,1227,1.0000,0.0000,0.0000,66.625,-1,0,0.0000
3746,1226,4379,0.0000,-1.0000,0.0000,66.625,-1,0,0.0000
3747,1226,1245,0.0000,0.0000,1.0000,105.062,-1,0,0.0014
3748,1226,1246,0.0000,0.0000,1.0000,105.062,-1,0,0.0014
3749,1227,1239,1.0000,0.0000,0.0000,66.625,-1,0,0.0000
3750,1227,4379,0.0000,-1.0000,0.0000,66.625,-1,0,0.0000
3751,1227,1246,0.0000,0.0000,1.0000,105.062,-1,0,0.0014
3752,1228,1229,1.0000,0.0000,0.0000,66.625,-1,0,0.0000
3753,1228,1239,-1.0000,0.0000,0.0000,66.625,-1,0,0.0000
3754,1228,4503,0.0000,-1.0000,0.0000,66.625,-1,0,0.0000
3755,1228,1247,0.0000,0.0000,1.0000,105.062,-1,0,0.0014
3756,1229,1240,1.0000,0.0000,0.0000,66.625,-1,0,0.0000
3757,1229,4503,0.0000,-1.0000,0.0000,66.625,-1,0,0.0000
3758,1229,1247,0.0000,0.0000,1.0000,105.062,-1,0,0.0014
3759,1230,1231,1.0000,0.0000,0.0000,66.625,-1,0,0.0000
3760,1230,1240,-1.0000,0.0000,0.0000,66.625,-1,0,0.0000
3761,1230,4627,0.0000,-1.0000,0.0000,66.625,-1,0,0.0000
3762,1230,1248,0.0000,0.0000,1.0000,105.062,-1,0,0.0014
3763,1231,1241,1.0000,0.0000,0.0000,66.625,-1,0,0.0000
3764,1231,4627,0.0000,-1.0000,0.0000,66.625,-1,0,0.0000
3765,1231,1248,0.0000,0.0000,1.0000,105.062,-1,0,0.0014
3766,1232,1233,1.0000,0.0000,0.0000,66.625,-1,0,0.0000
3767,1232,1241,-1.0000,0.0000,0.0000,66.625,-1,0,0.0000
3768,1232,4751,0.0000,-1.0000,0.0000,66.625,-1,0,0.0000
3769,1232,1249,0.0000,0.0000,1.0000,105.062,-1,0,0.0014
3770,1233,1242,1.0000,0.0000,0.0000,66.625,-1,0,0.0000
3771,1233,4751,0.0000,-1.0000,0.0000,66.625,-1,0,0.0000
3772,1233,1249,0.0000,0.0000,1.0000,105.062,-1,0,0.0014
3773,1234,1235,1.0000,0.0000,0.0000,66.625,-1,0,0.0000
3774,1234,1242,-1.0000,0.0000,0.0000,66.625,-1,0,0.0000
3775,1234,4875,0.0000,-1.0000,0.0000,66.625,-1,0,0.0000
3776,1234,1250,0.0000,0.0000,1.0000,105.062,-1,0,0.0014
3777,1235,1243,1.0000,0.0000,0.0000,66.625,-1,0,0.0000
3778,1235,4875,0.0000,-1.0000,0.0000,66.625,-1,0,0.0000
3779,1235,1250,0.0000,0.0000,1.0000,105.062,-1,0,0.0014
3780,1236,1237,1.0000,0.0000,0.0000,66.625,-1,0,0.0000
3781,1236,1243,-1.0000,0.0000,0.0000,66.625,-1,0,0.0000
3782,1236,4999,0.0000,-1.0000,0.0000,66.625,-1,0,0.0000
3783,1236,1251,0.0000,0.0000,1.0000,105.062,-1,0,0.0014
3784,1237,1238,1.0000,0.0000,0.0000,66.625,-1,0,0.0000
3785,1237,4999,0.0000,-1.0000,0.0000,66.625,-1,0,0.0000
3786,1237,1251,0.0000,0.0000,1.0000,105.062,-1,0,0.0014
3787,1237,1252,0.0000,0.0000,1.0000,105.062,-1,0,0.0014
3788,1238,4160,0.0000,1.0000,0.0000,66.625,-1,0,0.0000
3789,1238,1252,0.0000,0.0000,1.0000,105.062,-1,0,0.0014
3790,1238,1253,0.0000,0.0000,1.0000,105.062,-1,0,0.0014
3791,1239,1246,-1.0000,0.0000,0.0000,66.625,-1,0,0.0000
3792,1239,1247,1.0000,0.0000,0.0000,66.625,-1,0,0.0000
3793,1239,1256,0.0000,0.0000,1.0000,105.062,-1,0,0.0006
3794,1239,1257,0.0000,0.0000,1.0000,220.375,-1,0,0.0006
3795,1239,1258,0.0000,0.0000,1.0000,220.375,-1,0,0.0006
3796,1239,1259,0.0000,0.0000,1.0000,220.375,-1,0,0.0006
3797,1239,1260,0.0000,0.0000,1.0000,105.062,-1,0,0.0006
3798,1240,1247,-1.0000,0.0000,0.0000,66.625,-1,0,0.0000
3799,1240,1248,1.0000,0.0000,0.0000,66.625,-1,0,0.0000
3800,1240,1261,0.0000,0.0000,1.0000,105.062,-1,0,0.0006
3801,1240,1262,0.0000,0.0000,1.0000,220.375,-1,0,0.0006
3802,1240,1263,0.0000,0.0000,1.0000,220.375,-1,0,0.0006
3803,1240,1264,0.0000,0.0000,1.0000,220.375,-1,0,0.0006
3804,1240,1265,0.0000,0.0000,1.0000,105.062,-1,0,0.0006
3805,1241,1248,-1.0000,0.0000,0.0000,66.625,-1,0,0.0000
3806,1241,1249,1.0000,0.0000,0.0000,66.625,-1,0,0.0000
3807,1241,1266,0.0000,0.0000,1.0000,105.062,-1,0,0.0006
3808,1241,1267,0.0000,0.0000,1.0000,220.375,-1,0,0.0006
3809,1241,1268,0.0000,0.0000,1.0000,220.375,-1,0,0.0006
3810,1241,1269,0.0000,0.0000,1.0000,220.375,-1,0,0.0006
3811,1241,1270,0.0000,0.0000,1.0000,105.062,-1,0,0.0006
3812,1242,1249,-1.0000,0.0000,0.0000,66.625,-1,0,0.0000
3813,1242,1250,1.0000,0.0000,0.0000,66.625,-1,0,0.0000
3814,1242,1271,0.0000,0.0000,1.0000,105.062,-1,0,0.0006
3815,1242,1272,0.0000,0.0000,1.0000,220.375,-1,0,0.0006
3816,1242,1273,0.0000,0.0000,1.0000,220.375,-1,0,0.0006
3817,1242,1274,0.0000,0.0000,1.0000,220.375,-1,0,0.0006
3818,1242,1275,0.0000,0.0000,1.0000,105.062,-1,0,0.0006
3819,1243,1250,-1.0000,0.0000,0.0000,66.625,-1,0,0.0000
3820,1243,1251,1.0000,0.0000,0.0000,66.625,-1,0,0.0000
3821,1243,1276,0.0000,0.0000,1.0000,105.062,-1,0,0.0006
3822,1243,1277,0.0000,0.0000,1.0000,220.375,-1,0,0.0006
3823,1243,1278,0.0000,0.0000,1.0000,220.375,-1,0,0.0006
3824,1243,1279,0.0000,0.0000,1.0000,220.375,-1,0,0.0006
3825,1243,1280,0.0000,0.0000,1.0000,105.062,-1,0,0.0006
3826,1244,1245,1.0000,0.0000,0.0000,66.625,-1,0,0.0000
3827,1244,3526,0.0000,1.0000,0.0000,66.625,-1,0,0.0000
3828,1244,1254,0.0000,0.0000,1.0000,105.062,-1,0,0.0013
3829,1245,1246,1.0000,0.0000,0.0000,66.625,-1,0,0.0000
3830,1245,1254,0.0000,0.0000,1.0000,105.062,-1,0,0.0013
3831,1245,1255,0.0000,0.0000,1.0000,105.062,-1,0,0.0013
3832,1246,4381,0.0000,-1.0000,0.0000,139.750,-1,0,0.0000
3833,1246,1255,0.0000,0.0000,1.0000,105.062,-1,0,0.0013
3834,1246,1256,0.0000,0.0000,1.0000,105.062,-1,0,0.0013
3835,1247,4505,0.0000,-1.0000,0.0000,139.750,-1,0,0.0000
3836,1247,1260,0.0000,0.0000,1.0000,105.062,-1,0,0.0013
3837,1247,1261,0.0000,0.0000,1.0000,105.062,-1,0,0.0013
3838,1248,4629,0.0000,-1.0000,0.0000,139.750,-1,0,0.0000
3839,1248,1265,0.0000,0.0000,1.0000,105.062,-1,0,0.0013
3840,1248,1266,0.0000,0.0000,1.0000,105.062,-1,0,0.0013
3841,1249,4753,0.0000,-1.0000,0.0000,139.750,-1,0,0.0000
3842,1249,1270,0.0000,0.0000,1.0000,105.062,-1,0,0.0013
3843,1249,1271,0.0000,0.0000,1.0000,105.062,-1,0,0.0013
3844,1250,4877,0.0000,-1.0000,0.0000,139.750,-1,0,0.0000
3845,1250,1275,0.0000,0.0000,1.0000,105.062,-1,0,0.0013
3846,1250,1276,0.0000,0.0000,1.0000,105.062,-1,0,0.0013
3847,1251,1252,1.0000,0.0000,0.0000,66.625,-1,0,0.0000
3848,1251,5001,0.0000,-1.0000,0.0000,139.750,-1,0,0.0000
3849,1251,1280,0.0000,0.0000,1.0000,105.062,-1,0,0.0013
3850,1251,1281,0.0000,0.0000,1.0000,105.062,-1,0,0.0013
3851,1252,1253,1.0000,0.0000,0.0000,66.625,-1,0,0.0000
3852,1252,1281,0.0000,0.0000,1.0000,105.062,-1,0,0.0013
3853,1252,1282,0.0000,0.0000,1.0000,105.062,-1,0,0.0013
3854,1253,4168,0.0000,1.0000,0.0000,66.625,-1,0,0.0000
3855,1253,1282,0.0000,0.0000,1.0000,105.062,-1,0,0.0013
3856,1254,1255,1.0000,0.0000,0.0000,66.625,-1,0,0.0000
3857,1254,1283,0.0000,0.0000,1.0000,105.062,-1,0,0.0011
3858,1254,1284,0.0000,0.0000,1.0000,105.062,-1,0,0.0012
3859,1254,3535,0.0000,1.0000,0.0000,66.625,-1,0,0.0000
3860,1255,1256,1.0000,0.0000,0.0000,66.625,-1,0,0.0000
3861,1255,1284,0.0000,0.0000,1.0000,105.062,-1,0,0.0012
3862,1255,1285,0.0000,0.0000,1.0000,105.062,-1,0,0.0012
3863,1255,4383,0.0000,-1.0000,0.0000,66.625,-1,0,0.0000
3864,1256,1257,1.0000,0.0000,0.0000,66.625,-1,0,0.0000
3865,1256,1285,0.0000,0.0000,1.0000,105.062,-1,0,0.0012
3866,1256,1286,0.0000,0.0000,1.0000,105.062,-1,0,0.0012
3867,1256,4383,0.0000,-1.0000,0.0000,66.625,-1,0,0.0000
3868,1257,1258,1.0000,0.0000,0.0000,66.625,-1,0,0.0000
3869,1257,1286,0.0000,0.0000,1.0000,105.062,-1,0,0.0012
3870,1257,1287,0.0000,0.0000,1.0000,105.062,-1,0,0.0012
3871,1258,1259,1.0000,0.0000,0.0000,66.625,-1,0,0.0000
3872,1258,1287,0.0000,0.0000,1.0000,105.062,-1,0,0.0012
3873,1258,1288,0.0000,0.0000,1.0000,105.062,-1,0,0.0012
3874,1259,1260,1.0000,0.0000,0.0000,66.625,-1,0,0.0000
3875,1259,1288,0.0000,0.0000,1.0000,105.062,-1,0,0.0012
3876,1259,1289,0.0000,0.0000,1.0000,105.062,-1,0,0.0012
3877,1260,1261,1.0000,0.0000,0.0000,66.625,-1,0,0.0000
3878,1260,1289,0.0000,0.0000,1.0000,105.062,-1,0,0.0012
3879,1260,1290,0.0000,0.0000,1.0000,105.062,-1,0,0.0011
3880,1260,4507,0.0000,-1.0000,0.0000,66.625,-1,0,0.0000
3881,1261,1262,1.0000,0.0000,0.0000,66.625,-1,0,0.0000
3882,1261,1290,0.0000,0.0000,1.0000,105.062,-1,0,0.0011
3883,1261,1291,0.0000,0.0000,1.0000,105.062,-1,0,0.0012
3884,1261,4507,0.0000,-1.0000,0.0000,66.625,-1,0,0.0000
3885,1262,1263,1.0000,0.0000,0.0000,66.625,-1,0,0.0000
3886,1262,1291,0.0000,0.0000,1.0000,105.062,-1,0,0.0012
3887,1262,1292,0.0000,0.0000,1.0000,105.062,-1,0,0.0012
3888,1263,1264,1.0000,0.0000,0.0000,66.625,-1,0,0.0000
3889,1263,1292,0.0000,0.0000,1.0000,105.062,-1,0,0.0012
3890,1263,1293,0.0000,0.0000,1.0000,105.062,-1,0,0.0012
3891,1264,1265,1.0000,0.0000,0.0000,66.625,-1,0,0.0000
3892,1264,1293,0.0000,0.0000,1.0000,105.062,-1,0,0.0012
3893,1264,1294,0.0000,0.0000,1.0000,105.062,-1,0,0.0012
3894,1265,1266,1.0000,0.0000,0.0000,66.625,-1,0,0.0000
3895,1265,1294,0.0000,0.0000,1.0000,105.062,-1,0,0.0012
3896,1265,1295,0.0000,0.0000,1.0000,105.062,-1,0,0.0012
3897,1265,4631,0.0000,-1.0000,0.0000,66.625,-1,0,0.0000
3898,1266,1267,1.0000,0.0000,0.0000,66.625,-1,0,0.0000
3899,1266,1295,0.0000,0.0000,1.0000,105.062,-1,0,0.0012
3900,1266,1296,0.0000,0.0000,1.0000,105.062,-1,0,0.0012
3901,1266,4631,0.0000,-1.0000,0.0000,66.625,-1,0,0.0000
3902,1267,1268,1.0000,0.0000,0.0000,66.625,-1,0,0.0000
3903,1267,1296,0.0000,0.0000,1.0000,105.062,-1,0,0.0012
3904,1267,1297,0.0000,0.0000,1.0000,105.062,-1,0,0.0012
3905,1268,1269,1.0000,0.0000,0.0000,66.625,-1,0,0.0000
3906,1268,1297,0.0000,0.0000,1.0000,105.062,-1,0,0.0012
3907,1268,1298,0.0000,0.0000,1.0000,105.062,-1,0,0.0012
3908,1269,1270,1.0000,0.0000,0.0000,66.625,-1,0,0.0000
3909,1269,1298,0.0000,0.0000,1.0000,105.062,-1,0,0.0012
3910,1269,1299,0.0000,0.0000,1.0000,105.062,-1,0,0.0012
3911,1270,1271,1.0000,0.0000,0.0000,66.625,-1,0,0.0000
3912,1270,1299,0.0000,0.0000,1.0000,105.062,-1,0,0.0012
3913,1270,1300,0.0000,0.0000,1.0000,105.062,-1,0,0.0011
3914,1270,4755,0.0000,-1.0000,0.0000,66.625,-1,0,0.0000
3915,1271,1272,1.0000,0.0000,0.0000,66.625,-1,0,0.0000
3916,1271,1300,0.0000,0.0000,1.0000,105.062,-1,0,0.0011
3917,1271,1301,0.0000,0.0000,1.0000,105.062,-1,0,0.0012
3918,1271,4755,0.0000,-1.0000,0.0000,66.625,-1,0,0.0000
3919,1272,1273,1.0000,0.0000,0.0000,66.625,-1,0,0.0000
3920,1272,1301,0.0000,0.0000,1.0000,105.062,-1,0,0.0012
3921,1272,1302,0.0000,0.0000,1.0000,105.062,-1,0,0.0012
3922,1273,1274,1.0000,0.0000,0.0000,66.625,-1,0,0.0000
3923,1273,1302,0.0000,0.0000,1.0000,105.062,-1,0,0.0012
3924,1273,1303,0.0000,0.0000,1.0000,105.062,-1,0,0.0012
3925,1274,1275,1.0000,0.0000,0.0000,66.625,-1,0,0.0000
3926,1274,1303,0.0000,0.0000,1.0000,105.062,-1,0,0.0012
3927,1274,1304,0.0000,0.0000,1.0000,105.062,-1,0,0.0012
3928,1275,1276,1.0000,0.0000,0.0000,66.625,-1,0,0.0000
3929,1275,1304,0.0000,0.0000,1.0000,105.062,-1,0,0.0012
3930,1275,1305,0.0000,0.0000,1.0000,105.062,-1,0,0.0012
3931,1275,4879,0.0000,-1.0000,0.0000,66.625,-1,0,0.0000
3932,1276,1277,1.0000,0.0000,0.0000,66.625,-1,0,0.0000
3933,1276,1305,0.0000,0.0000,1.0000,105.062,-1,0,0.0012
3934,1276,1306,0.0000,0.0000,1.0000,105.062,-1,0,0.0012
3935,1276,4879,0.0000,-1.0000,0.0000,66.625,-1,0,0.0000
3936,1277,1278,1.0000,0.0000,0.0000,66.625,-1,0,0.0000
3937,1277,1306,0.0000,0.0000,1.0000,105.062,-1,0,0.0012
3938,1277,1307,0.0000,0.0000,1.0000,105.062,-1,0,0.0012
3939,1278,1279,1.0000,0.0000,0.0000,66.625,-1,0,0.0000
3940,1278,1307,0.0000,0.0000,1.0000,105.062,-1,0,0.0012
3941,1278,1308,0.0000,0.0000,1.0000,105.062,-1,0,0.0012
3942,1279,1280,1.0000,0.0000,0.0000,66.625,-1,0,0.0000
3943,1279,1308,0.0000,0.0000,1.0000,105.062,-1,0,0.0012
3944,1279,1309,0.0000,0.0000,1.0000,105.062,-1,0,0.0012
3945,1280,1281,1.0000,0.0000,0.0000,66.625,-1,0,0.0000
3946,1280,1309,0.0000,0.0000,1.0000,105.062,-1,0,0.0012
3947,1280,1310,0.0000,0.0000,1.0000,105.062,-1,0,0.0011
3948,1280,5003,0.0000,-1.0000,0.0000,66.625,-1,0,0.0000
3949,1281,1282,1.0000,0.0000,0.0000,66.625,-1,0,0.0000
3950,1281,1310,0.0000,0.0000,1.0000,105.062,-1,0,0.0011
3951,1281,1311,0.0000,0.0000,1.0000,105.062,-1,0,0.0011
3952,1281,5003,0.0000,-1.0000,0.0000,66.625,-1,0,0.0000
3953,1282,1311,0.0000,0.0000,1.0000,105.062,-1,0,0.0011
3954,1282,1312,0.0000,0.0000,1.0000,105.062,-1,0,0.0011
3955,1282,4177,0.0000,1.0000,0.0000,66.625,-1,0,0.0000
3956,1283,1284,1.0000,0.0000,0.0000,66.625,-1,0,0.0000
3957,1283,3549,0.0000,1.0000,0.0000,66.625,-1,0,0.0000
3958,1283,1313,0.0000,0.0000,1.0000,105.062,-1,0,0.0010
3959,1284,1285,1.0000,0.0000,0.0000,66.625,-1,0,0.0000
3960,1284,1313,0.0000,0.0000,1.0000,105.062,-1,0,0.0010
3961,1284,1314,0.0000,0.0000,1.0000,105.062,-1,0,0.0010
3962,1285,1286,1.0000,0.0000,0.0000,66.625,-1,0,0.0000
3963,1285,4385,0.0000,-1.0000,0.0000,139.750,-1,0,0.0000
3964,1285,1314,0.0000,0.0000,1.0000,105.062,-1,0,0.0010
3965,1285,1315,0.0000,0.0000,1.0000,105.062,-1,0,0.0010
3966,1286,1287,1.0000,0.0000,0.0000,66.625,-1,0,0.0000
3967,1286,1315,0.0000,0.0000,1.0000,105.062,-1,0,0.0010
3968,1286,1316,0.0000,0.0000,1.0000,105.062,-1,0,0.0010
3969,1287,1288,1.0000,0.0000,0.0000,66.625,-1,0,0.0000
3970,1287,1316,0.0000,0.0000,1.0000,105.062,-1,0,0.0010
3971,1287,1317,0.0000,0.0000,1.0000,105.062,-1,0,0.0011
3972,1288,1289,1.0000,0.0000,0.0000,66.625,-1,0,0.0000
3973,1288,1317,0.0000,0.0000,1.0000,105.062,-1,0,0.0011
3974,1288,1318,0.0000,0.0000,1.0000,105.062,-1,0,0.0010
3975,1289,1290,1.0000,0.0000,0.0000,66.625,-1,0,0.0000
3976,1289,1318,0.0000,0.0000,1.0000,105.062,-1,0,0.0010
3977,1289,1319,0.0000,0.0000,1.0000,105.062,-1,0,0.0010
3978,1290,1291,1.0000,0.0000,0.0000,66.625,-1,0,0.0000
3979,1290,4509,0.0000,-1.0000,0.0000,139.750,-1,0,0.0000
3980,1290,1319,0.0000,0.0000,1.0000,105.062,-1,0,0.0010
3981,1290,1320,0.0000,0.0000,1.0000,105.062,-1,0,0.0010
3982,1291,1292,1.0000,0.0000,0.0000,66.625,-1,0,0.0000
3983,1291,1320,0.0000,0.0000,1.0000,105.062,-1,0,0.0010
3984,1291,1321,0.0000,0.0000,1.0000,105.062,-1,0,0.0010
3985,1292,1293,1.0000,0.0000,0.0000,66.625,-1,0,0.0000
3986,1292,1321,0.0000,0.0000,1.0000,105.062,-1,0,0.0010
3987,1292,1322,0.0000,0.0000,1.0000,105.062,-1,0,0.0011
3988,1293,1294,1.0000,0.0000,0.0000,66.625,-1,0,0.0000
3989,1293,1322,0.0000,0.0000,1.0000,105.062,-1,0,0.0011
3990,1293,1323,0.0000,0.0000,1.0000,105.062,-1,0,0.0010
3991,1294,1295,1.0000,0.0000,0.0000,66.625,-1,0,0.0000
3992,1294,1323,0.0000,0.0000,1.0000,105.062,-1,0,0.0010
3993,1294,1324,0.0000,0.0000,1.0000,105.062,-1,0,0.0010
3994,1295,1296,1.0000,0.0000,0.0000,66.625,-1,0,0.0000
3995,1295,4633,0.0000,-1.0000,0.0000,139.750,-1,0,0.0000
3996,1295,1324,0.0000,0.0000,1.0000,105.062,-1,0,0.0010
3997,1295,1325,0.0000,0.0000,1.0000,105.062,-1,0,0.0010
3998,1296,1297,1.0000,0.0000,0.0000,66.625,-1,0,0.0000
3999,1296,1325,0.0000,0.0000,1.0000,105.062,-1,0,0.0010
4000,1296,1326,0.0000,0.0000,1.0000,105.062,-1,0,0.0010
4001,1297,1298,1.0000,0.0000,0.0000,66.625,-1,0,0.0000
4002,1297,1326,0.0000,0.0000,1.0000,105.062,-1,0,0.0010
4003,1297,1327,0.0000,0.0000,1.0000,105.062,-1,0,0.0011
4004,1298,1299,1.0000,0.0000,0.0000,66.625,-1,0,0.0000
4005,1298,1327,0.0000,0.0000,1.0000,105.062,-1,0,0.0011
4006,1298,1328,0.0000,0.0000,1.0000,105.062,-1,0,0.0010
4007,1299,1300,1.0000,0.0000,0.0000,66.625,-1,0,0.0000
4008,1299,1328,0.0000,0.0000,1.0000,105.062,-1,0,0.0010
4009,1299,1329,0.0000,0.0000,1.0000,105.062,-1,0,0.0010
4010,1300,1301,1.0000,0.0000,0.0000,66.625,-1,0,0.0000
4011,1300,4757,0.0000,-1.0000,0.0000,139.750,-1,0,0.0000
4012,1300,1329,0.0000,0.0000,1.0000,105.062,-1,0,0.0010
4013,1300,1330,0.0000,0.0000,1.0000,105.062,-1,0,0.0010
4014,1301,1302,1.0000,0.0000,0.0000,66.625,-1,0,0.0000
4015,1301,1330,0.0000,0.0000,1.0000,105.062,-1,0,0.0010
4016,1301,1331,0.0000,0.0000,1.0000,105.062,-1,0,0.0010
4017,1302,1303,1.0000,0.0000,0.0000,66.625,-1,0,0.0000
4018,1302,1331,0.0000,0.0000,1.0000,105.062,-1,0,0.0010
4019,1302,1332,0.0000,0.0000,1.0000,105.062,-1,0,0.0011
4020,1303,1304,1.0000,0.0000,0.0000,66.625,-1,0,0.0000
4021,1303,1332,0.0000,0.0000,1.0000,105.062,-1,0,0.0011
4022,1303,1333,0.0000,0.0000,1.0000,105.062,-1,0,0.0010
4023,1304,1305,1.0000,0.0000,0.0000,66.625,-1,0,0.0000
4024,1304,1333,0.0000,0.0000,1.0000,105.062,-1,0,0.0010
4025,1304,1334,0.0000,0.0000,1.0000,105.062,-1,0,0.0010
4026,1305,1306,1.0000,0.0000,0.0000,66.625,-1,0,0.0000
4027,1305,4881,0.0000,-1.0000,0.0000,139.750,-1,0,0.0000
4028,1305,1334,0.0000,0.0000,1.0000,105.062,-1,0,0.0010
4029,1305,1335,0.0000,0.0000,1.0000,105.062,-1,0,0.0010
4030,1306,1307,1.0000,0.0000,0.0000,66.625,-1,0,0.0000
4031,1306,1335,0.0000,0.0000,1.0000,105.062,-1,0,0.0010
4032,1306,1336,0.0000,0.0000,1.0000,105.062,-1,0,0.0010
4033,1307,1308,1.0000,0.0000,0.0000,66.625,-1,0,0.0000
4034,1307,1336,0.0000,0.0000,1.0000,105.062,-1,0,0.0010
4035,1307,1337,0.0000,0.0000,1.0000,105.062,-1,0,0.0011
4036,1308,1309,1.0000,0.0000,0.0000,66.625,-1,0,0.0000
4037,1308,1337,0.0000,0.0000,1.0000,105.062,-1,0,0.0011
4038,1308,1338,0.0000,0.0000,1.0000,105.062,-1,0,0.0010
4039,1309,1310,1.0000,0.0000,0.0000,66.625,-1,0,0.0000
4040,1309,1338,0.0000,0.0000,1.0000,105.062,-1,0,0.0010
4041,1309,1339,0.0000,0.0000,1.0000,105.062,-1,0,0.0010
4042,1310,1311,1.0000,0.0000,0.0000,66.625,-1,0,0.0000
4043,1310,5005,0.0000,-1.0000,0.0000,139.750,-1,0,0.0000
4044,1310,1339,0.0000,0.0000,1.0000,105.062,-1,0,0.0010
4045,1310,1340,0.0000,0.0000,1.0000,105.062,-1,0,0.0010
4046,1311,1312,1.0000,0.0000,0.0000,66.625,-1,0,0.0000
4047,1311,1340,0.0000,0.0000,1.0000,105.062,-1,0,0.0010
4048,1311,1341,0.0000,0.0000,1.0000,105.062,-1,0,0.0010
4049,1312,4191,0.0000,1.0000,0.0000,66.625,-1,0,0.0000
4050,1312,1341,0.0000,0.0000,1.0000,105.062,-1,0,0.0010
4051,1313,1314,1.0000,0.0000,0.0000,66.625,-1,0,0.0000
4052,1313,1342,0.0000,0.0000,1.0000,105.062,-1,0,0.0009
4053,1313,1343,0.0000,0.0000,1.0000,105.062,-1,0,0.0009
4054,1313,3564,0.0000,1.0000,0.0000,66.625,-1,0,0.0000
4055,1314,1315,1.0000,0.0000,0.0000,66.625,-1,0,0.0000
4056,1314,1343,0.0000,0.0000,1.0000,105.062,-1,0,0.0009
4057,1314,1344,0.0000,0.0000,1.0000,105.062,-1,0,0.0009
4058,1314,4387,0.0000,-1.0000,0.0000,66.625,-1,0,0.0000
4059,1315,1316,1.0000,0.0000,0.0000,66.625,-1,0,0.0000
4060,1315,1344,0.0000,0.0000,1.0000,105.062,-1,0,0.0009
4061,1315,1345,0.0000,0.0000,1.0000,105.062,-1,0,0.0009
4062,1315,4387,0.0000,-1.0000,0.0000,66.625,-1,0,0.0000
4063,1316,1317,1.0000,0.0000,0.0000,66.625,-1,0,0.0000
4064,1316,1345,0.0000,0.0000,1.0000,105.062,-1,0,0.0009
4065,1316,1346,0.0000,0.0000,1.0000,105.062,-1,0,0.0009
4066,1317,1318,1.0000,0.0000,0.0000,66.625,-1,0,0.0000
4067,1317,1346,0.0000,0.0000,1.0000,105.062,-1,0,0.0009
4068,1317,1347,0.0000,0.0000,1.0000,105.062,-1,0,0.0009
4069,1318,1319,1.0000,0.0000,0.0000,66.625,-1,0,0.0000
4070,1318,1347,0.0000,0.0000,1.0000,105.062,-1,0,0.0009
4071,1318,1348,0.0000,0.0000,1.0000,105.062,-1,0,0.0009
4072,1319,1320,1.0000,0.0000,0.0000,66.625,-1,0,0.0000
4073,1319,1348,0.0000,0.0000,1.0000,105.062,-1,0,0.0009
4074,1319,1349,0.0000,0.0000,1.0000,105.062,-1,0,0.0009
4075,1319,4511,0.0000,-1.0000,0.0000,66.625,-1,0,0.0000
4076,1320,1321,1.0000,0.0000,0.0000,66.625,-1,0,0.0000
4077,1320,1349,0.0000,0.0000,1.0000,105.062,-1,0,0.0009
4078,1320,1350,0.0000,0.0000,1.0000,105.062,-1,0,0.0009
4079,1320,4511,0.0000,-1.0000,0.0000,66.625,-1,0,0.0000
4080,1321,1322,1.0000,0.0000,0.0000,66.625,-1,0,0.0000
4081,1321,1350,0.0000,0.0000,1.0000,105.062,-1,0,0.0009
4082,1321,1351,0.0000,0.0000,1.0000,105.062,-1,0,0.0009
4083,1322,1323,1.0000,0.0000,0.0000,66.625,-1,0,0.0000
4084,1322,1351,0.0000,0.0000,1.0000,105.062,-1,0,0.0009
4085,1322,1352,0.0000,0.0000,1.0000,105.062,-1,0,0.0009
4086,1323,1324,1.0000,0.0000,0.0000,66.625,-1,0,0.0000
4087,1323,1352,0.0000,0.0000,1.0000,105.062,-1,0,0.0009
4088,1323,1353,0.0000,0.0000,1.0000,105.062,-1,0,0.0009
4089,1324,1325,1.0000,0.0000,0.0000,66.625,-1,0,0.0000
4090,1324,1353,0.0000,0.0000,1.0000,105.062,-1,0,0.0009
4091,1324,1354,0.0000,0.0000,1.0000,105.062,-1,0,0.0009
4092,1324,4635,0.0000,-1.0000,0.0000,66.625,-1,0,0.0000
4093,1325,1326,1.0000,0.0000,0.0000,66.625,-1,0,0.0000
4094,1325,1354,0.0000,0.0000,1.0000,105.062,-1,0,0.0009
4095,1325,1355,0.0000,0.0000,1.0000,105.062,-1,0,0.0009
4096,1325,4635,0.0000,-1.0000,0.0000,66.625,-1,0,0.0000
4097,1326,1327,1.0000,0.0000,0.0000,66.625,-1,0,0.0000
4098,1326,1355,0.0000,0.0000,1.0000,105.062,-1,0,0.0009
4099,1326,1356,0.0000,0.0000,1.0000,105.062,-1,0,0.0009
4100,1327,1328,1.0000,0.0000,0.0000,66.625,-1,0,0.0000
4101,1327,1356,0.0000,0.0000,1.0000,105.062,-1,0,0.0009
4102,1327,1357,0.0000,0.0000,1.0000,105.062,-1,0,0.0009
4103,1328,1329,1.0000,0.0000,0.0000,66.625,-1,0,0.0000
4104,1328,1357,0.0000,0.0000,1.0000,105.062,-1,0,0.0009
4105,1328,1358,0.0000,0.0000,1.0000,105.062,-1,0,0.0009
4106,1329,1330,1.0000,0.0000,0.0000,66.625,-1,0,0.0000
4107,1329,1358,0.0000,0.0000,1.0000,105.062,-1,0,0.0009
4108,1329,1359,0.0000,0.0000,1.0000,105.062,-1,0,0.0009
4109,1329,4759,0.0000,-1.0000,0.0000,66.625,-1,0,0.0000
4110,1330,1331,1.0000,0.0000,0.0000,66.625,-1,0,0.0000
4111,1330,1359,0.0000,0.0000,1.0000,105.062,-1,0,0.0009
4112,1330,1360,0.0000,0.0000,1.0000,105.062,-1,0,0.0009
4113,1330,4759,0.0000,-1.0000,0.0000,66.625,-1,0,0.0000
4114,1331,1332,1.0000,0.0000,0.0000,66.625,-1,0,0.0000
4115,1331,1360,0.0000,0.0000,1.0000,105.062,-1,0,0.0009
4116,1331,1361,0.0000,0.0000,1.0000,105.062,-1,0,0.0009
4117,1332,1333,1.0000,0.0000,0.0000,66.625,-1,0,0.0000
4118,1332,1361,0.0000,0.0000,1.0000,105.062,-1,0,0.0009
4119,1332,1362,0.0000,0.0000,1.0000,105.062,-1,0,0.0009
4120,1333,1334,1.0000,0.0000,0.0000,66.625,-1,0,0.0000
4121,1333,1362,0.0000,0.0000,1.0000,105.062,-1,0,0.0009
4122,1333,1363,0.0000,0.0000,1.0000,105.062,-1,0,0.0009
4123,1334,1335,1.0000,0.0000,0.0000,66.625,-1,0,0.0000
4124,1334,1363,0.0000,0.0000,1.0000,105.062,-1,0,0.0009
4125,1334,1364,0.0000,0.0000,1.0000,105.062,-1,0,0.0009
4126,1334,4883,0.0000,-1.0000,0.0000,66.625,-1,0,0.0000
4127,1335,1336,1.0000,0.0000,0.0000,66.625,-1,0,0.0000
4128,1335,1364,0.0000,0.0000,1.0000,105.062,-1,0,0.0009
4129,1335,1365,0.0000,0.0000,1.0000,105.062,-1,0,0.0009
4130,1335,4883,0.0000,-1.0000,0.0000,66.625,-1,0,0.0000
4131,1336,1337,1.0000,0.0000,0.0000,66.625,-1,0,0.0000
4132,1336,1365,0.0000,0.0000,1.0000,105.062,-1,0,0.0009
4133,1336,1366,0.0000,0.0000,1.0000,105.062,-1,0,0.0009
4134,1337,1338,1.0000,0.0000,0.0000,66.625,-1,0,0.0000
4135,1337,1366,0.0000,0.0000,1.0000,105.062,-1,0,0.0009
4136,1337,1367,0.0000,0.0000,1.0000,105.062,-1,0,0.0009
4137,1338,1339,1.0000,0.0000,0.0000,66.625,-1,0,0.0000
4138,1338,1367,0.0000,0.0000,1.0000,105.062,-1,0,0.0009
4139,1338,1368,0.0000,0.0000,1.0000,105.062,-1,0,0.0009
4140,1339,1340,1.0000,0.0000,0.0000,66.625,-1,0,0.0000
4141,1339,1368,0.0000,0.0000,1.0000,105.062,-1,0,0.0009
4142,1339,1369,0.0000,0.0000,1.0000,105.062,-1,0,0.0009
4143,1339,5007,0.0000,-1.0000,0.0000,66.625,-1,0,0.0000
4144,1340,1341,1.0000,0.0000,0.0000,66.625,-1,0,0.0000
4145,1340,1369,0.0000,0.0000,1.0000,105.062,-1,0,0.0009
4146,1340,1370,0.0000,0.0000,1.0000,105.062,-1,0,0.0009
4147,1340,5007,0.0000,-1.0000,0.0000,66.625,-1,0,0.0000
4148,1341,1370,0.0000,0.0000,1.0000,105.062,-1,0,0.0009
4149,1341,1371,0.0000,0.0000,1.0000,105.062,-1,0,0.0009
4150,1341,4206,0.0000,1.0000,0.0000,66.625,-1,0,0.0000
4151,1342,1343,1.0000,0.0000,0.0000,66.625,-1,0,0.0000
4152,1342,3578,0.0000,1.0000,0.0000,66.625,-1,0,0.0000
4153,1342,1372,0.0000,0.0000,1.0000,105.062,-1,0,0.0008
4154,1343,1344,1.0000,0.0000,0.0000,66.625,-1,0,0.0000
4155,1343,1372,0.0000,0.0000,1.0000,105.062,-1,0,0.0008
4156,1343,1373,0.0000,0.0000,1.0000,105.062,-1,0,0.0008
4157,1344,1345,1.0000,0.0000,0.0000,66.625,-1,0,0.0000
4158,1344,4389,0.0000,-1.0000,0.0000,139.750,-1,0,0.0000
4159,1344,1373,0.0000,0.0000,1.0000,105.062,-1,0,0.0008
4160,1344,1374,0.0000,0.0000,1.0000,105.062,-1,0,0.0008
4161,1345,1346,1.0000,0.0000,0.0000,66.625,-1,0,0.0000
4162,1345,1374,0.0000,0.0000,1.0000,105.062,-1,0,0.0008
4163,1345,1375,0.0000,0.0000,1.0000,105.062,-1,0,0.0008
4164,1346,1347,1.0000,0.0000,0.0000,66.625,-1,0,0.0000
4165,1346,1375,0.0000,0.0000,1.0000,105.062,-1,0,0.0008
4166,1346,1376,0.0000,0.0000,1.0000,105.062,-1,0,0.0008
4167,1347,1348,1.0000,0.0000,0.0000,66.625,-1,0,0.0000
4168,1347,1376,0.0000,0.0000,1.0000,105.062,-1,0,0.0008
4169,1347,1377,0.0000,0.0000,1.0000,105.062,-1,0,0.0008
4170,1348,1349,1.0000,0.0000,0.0000,66.625,-1,0,0.0000
4171,1348,1377,0.0000,0.0000,1.0000,105.062,-1,0,0.0008
4172,1348,1378,0.0000,0.0000,1.0000,105.062,-1,0,0.0008
4173,1349,1350,1.0000,0.0000,0.0000,66.625,-1,0,0.0000
4174,1349,4513,0.0000,-1.0000,0.0000,139.750,-1,0,0.0000
4175,1349,1378,0.0000,0.0000,1.0000,105.062,-1,0,0.0008
4176,1349,1379,0.0000,0.0000,1.0000,105.062,-1,0,0.0008
4177,1350,1351,1.0000,0.0000,0.0000,66.625,-1,0,0.0000
4178,1350,1379,0.0000,0.0000,1.0000,105.062,-1,0,0.0008
4179,1350,1380,0.0000,0.0000,1.0000,105.062,-1,0,0.0008
4180,1351,1352,1.0000,0.0000,0.0000,66.625,-1,0,0.0000
4181,1351,1380,0.0000,0.0000,1.0000,105.062,-1,0,0.0008
4182,1351,1381,0.0000,0.0000,1.0000,105.062,-1,0,0.0008
4183,1352,1353,1.0000,0.0000,0.0000,66.625,-1,0,0.0000
4184,1352,1381,0.0000,0.0000,1.0000,105.062,-1,0,0.0008
4185,1352,1382,0.0000,0.0000,1.0000,105.062,-1,0,0.0008
4186,1353,1354,1.0000,0.0000,0.0000,66.625,-1,0,0.0000
4187,1353,1382,0.0000,0.0000,1.0000,105.062,-1,0,0.0008
4188,1353,1383,0.0000,0.0000,1.0000,105.062,-1,0,0.0008
4189,1354,1355,1.0000,0.0000,0.0000,66.625,-1,0,0.0000
4190,1354,4637,0.0000,-1.0000,0.0000,139.750,-1,0,0.0000
4191,1354,1383,0.0000,0.0000,1.0000,105.062,-1,0,0.0008
4192,1354,1384,0.0000,0.0000,1.0000,105.062,-1,0,0.0008
4193,1355,1356,1.0000,0.0000,0.0000,66.625,-1,0,0.0000
4194,1355,1384,0.0000,0.0000,1.0000,105.062,-1,0,0.0008
4195,1355,1385,0.0000,0.0000,1.0000,105.062,-1,0,0.0008
4196,1356,1357,1.0000,0.0000,0.0000,66.625,-1,0,0.0000
4197,1356,1385,0.0000,0.0000,1.0000,105.062,-1,0,0.0008
4198,1356,1386,0.0000,0.0000,1.0000,105.062,-1,0,0.0008
4199,1357,1358,1.0000,0.0000,0.0000,66.625,-1,0,0.0000
4200,1357,1386,0.0000,0.0000,1.0000,105.062,-1,0,0.0008
4201,1357,1387,0.0000,0.0000,1.0000,105.062,-1,0,0.0008
4202,1358,1359,1.0000,0.0000,0.0000,66.625,-1,0,0.0000
4203,1358,1387,0.0000,0.0000,1.0000,105.062,-1,0,0.0008
4204,1358,1388,0.0000,0.0000,1.0000,105.062,-1,0,0.0008
4205,1359,1360,1.0000,0.0000,0.0000,66.625,-1,0,0.0000
4206,1359,4761,0.0000,-1.0000,0.0000,139.750,-1,0,0.0000
4207,1359,1388,0.0000,0.0000,1.0000,105.062,-1,0,0.0008
4208,1359,1389,0.0000,0.0000,1.0000,105.062,-1,0,0.0008
4209,1360,1361,1.0000,0.0000,0.0000,66.625,-1,0,0.0000
4210,1360,1389,0.0000,0.0000,1.0000,105.062,-1,0,0.0008
4211,1360,1390,0.0000,0.0000,1.0000,105.062,-1,0,0.0008
4212,1361,1362,1.0000,0.0000,0.0000,66.625,-1,0,0.0000
4213,1361,1390,0.0000,0.0000,1.0000,105.062,-1,0,0.0008
4214,1361,1391,0.0000,0.0000,1.0000,105.062,-1,0,0.0008
4215,1362,1363,1.0000,0.0000,0.0000,66.625,-1,0,0.0000
4216,1362,1391,0.0000,0.0000,1.0000,105.062,-1,0,0.0008
4217,1362,1392,0.0000,0.0000,1.0000,105.062,-1,0,0.0008
4218,1363,1364,1.0000,0.0000,0.0000,66.625,-1,0,0.0000
4219,1363,1392,0.0000,0.0000,1.0000,105.062,-1,0,0.0008
4220,1363,1393,0.0000,0.0000,1.0000,105.062,-1,0,0.0008
4221,1364,1365,1.0000,0.0000,0.0000,66.625,-1,0,0.0000
4222,1364,4885,0.0000,-1.0000,0.0000,139.750,-1,0,0.0000
4223,1364,1393,0.0000,0.0000,1.0000,105.062,-1,0,0.0008
4224,1364,1394,0.0000,0.0000,1.0000,105.062,-1,0,0.0008
4225,1365,1366,1.0000,0.0000,0.0000,66.625,-1,0,0.0000
4226,1365,1394,0.0000,0.0000,1.0000,105.062,-1,0,0.0008
4227,1365,1395,0.0000,0.0000,1.0000,105.062,-1,0,0.0008
4228,1366,1367,1.0000,0.0000,0.0000,66.625,-1,0,0.0000
4229,1366,1395,0.0000,0.0000,1.0000,105.062,-1,0,0.0008
4230,1366,1396,0.0000,0.0000,1.0000,105.062,-1,0,0.0008
4231,1367,1368,1.0000,0.0000,0.0000,66.625,-1,0,0.0000
4232,1367,1396,0.0000,0.0000,1.0000,105.062,-1,0,0.0008
4233,1367,1397,0.0000,0.0000,1.0000,105.062,-1,0,0.0008
4234,1368,1369,1.0000,0.0000,0.0000,66.625,-1,0,0.0000
4235,1368,1397,0.0000,0.0000,1.0000,105.062,-1,0,0.0008
4236,1368,1398,0.0000,0.0000,1.0000,105.062,-1,0,0.0008
4237,1369,1370,1.0000,0.0000,0.0000,66.625,-1,0,0.0000
4238,1369,5009,0.0000,-1.0000,0.0000,139.750,-1,0,0.0000
4239,1369,1398,0.0000,0.0000,1.0000,105.062,-1,0,0.0008
4240,1369,1399,0.0000,0.0000,1.0000,105.062,-1,0,0.0008
4241,1370,1371,1.0000,0.0000,0.0000,66.625,-1,0,0.0000
4242,1370,1399,0.0000,0.0000,1.0000,105.062,-1,0,0.0008
4243,1370,1400,0.0000,0.0000,1.0000,105.062,-1,0,0.0008
4244,1371,4220,0.0000,1.0000,0.0000,66.625,-1,0,0.0000
4245,1371,1400,0.0000,0.0000,1.0000,105.062,-1,0,0.0008
4246,1372,1373,1.0000,0.0000,0.0000,66.625,-1,0,0.0000
4247,1372,1401,0.0000,0.0000,1.0000,105.062,-1,0,0.0006
4248,1372,1402,0.0000,0.0000,1.0000,105.062,-1,0,0.0007
4249,1372,3593,0.0000,1.0000,0.0000,66.625,-1,0,0.0000
4250,1373,1374,1.0000,0.0000,0.0000,66.625,-1,0,0.0000
4251,1373,1402,0.0000,0.0000,1.0000,105.062,-1,0,0.0007
4252,1373,1403,0.0000,0.0000,1.0000,105.062,-1,0,0.0006
4253,1373,4391,0.0000,-1.0000,0.0000,66.625,-1,0,0.0000
4254,1374,1375,1.0000,0.0000,0.0000,66.625,-1,0,0.0000
4255,1374,1403,0.0000,0.0000,1.0000,105.062,-1,0,0.0006
4256,1374,1404,0.0000,0.0000,1.0000,105.062,-1,0,0.0007
4257,1374,4391,0.0000,-1.0000,0.0000,66.625,-1,0,0.0000
4258,1375,1376,1.0000,0.0000,0.0000,66.625,-1,0,0.0000
4259,1375,1404,0.0000,0.0000,1.0000,105.062,-1,0,0.0007
4260,1375,1405,0.0000,0.0000,1.0000,105.062,-1,0,0.0007
4261,1376,1377,1.0000,0.0000,0.0000,66.625,-1,0,0.0000
4262,1376,1405,0.0000,0.0000,1.0000,105.062,-1,0,0.0007
4263,1376,1406,0.0000,0.0000,1.0000,105.062,-1,0,0.0007
4264,1377,1378,1.0000,0.0000,0.0000,66.625,-1,0,0.0000
4265,1377,1406,0.0000,0.0000,1.0000,105.062,-1,0,0.0007
4266,1377,1407,0.0000,0.0000,1.0000,105.062,-1,0,0.0006
4267,1378,1379,1.0000,0.0000,0.0000,66.625,-1,0,0.0000
4268,1378,1407,0.0000,0.0000,1.0000,105.062,-1,0,0.0006
4269,1378,1408,0.0000,0.0000,1.0000,105.062,-1,0,0.0006
4270,1378,4515,0.0000,-1.0000,0.0000,66.625,-1,0,0.0000
4271,1379,1380,1.0000,0.0000,0.0000,66.625,-1,0,0.0000
4272,1379,1408,0.0000,0.0000,1.0000,105.062,-1,0,0.0006
4273,1379,1409,0.0000,0.0000,1.0000,105.062,-1,0,0.0006
4274,1379,4515,0.0000,-1.0000,0.0000,66.625,-1,0,0.0000
4275,1380,1381,1.0000,0.0000,0.0000,66.625,-1,0,0.0000
4276,1380,1409,0.0000,0.0000,1.0000,105.062,-1,0,0.0006
4277,1380,1410,0.0000,0.0000,1.0000,105.062,-1,0,0.0007
4278,1381,1382,1.0000,0.0000,0.0000,66.625,-1,0,0.0000
4279,1381,1410,0.0000,0.0000,1.0000,105.062,-1,0,0.0007
4280,1381,1411,0.0000,0.0000,1.0000,105.062,-1,0,0.0007
4281,1382,1383,1.0000,0.0000,0.0000,66.625,-1,0,0.0000
4282,1382,1411,0.0000,0.0000,1.0000,105.062,-1,0,0.0007
4283,1382,1412,0.0000,0.0000,1.0000,105.062,-1,0,0.0007
4284,1383,1384,1.0000,0.0000,0.0000,66.625,-1,0,0.0000
4285,1383,1412,0.0000,0.0000,1.0000,105.062,-1,0,0.0007
4286,1383,1413,0.0000,0.0000,1.0000,105.062,-1,0,0.0006
4287,1383,4639,0.0000,-1.0000,0.0000,66.625,-1,0,0.0000
4288,1384,1385,1.0000,0.0000,0.0000,66.625,-1,0,0.0000
4289,1384,1413,0.0000,0.0000,1.0000,105.062,-1,0,0.0006
4290,1384,1414,0.0000,0.0000,1.0000,105.062,-1,0,0.0007
4291,1384,4639,0.0000,-1.0000,0.0000,66.625,-1,0,0.0000
4292,1385,1386,1.0000,0.0000,0.0000,66.625,-1,0,0.0000
4293,1385,1414,0.0000,0.0000,1.0000,105.062,-1,0,0.0007
4294,1385,1415,0.0000,0.0000,1.0000,105.062,-1,0,0.0007
4295,1386,1387,1.0000,0.0000,0.0000,66.625,-1,0,0.0000
4296,1386,1415,0.0000,0.0000,1.0000,105.062,-1,0,0.0007
4297,1386,1416,0.0000,0.0000,1.0000,105.062,-1,0,0.0007
4298,1387,1388,1.0000,0.0000,0.0000,66.625,-1,0,0.0000
4299,1387,1416,0.0000,0.0000,1.0000,105.062,-1,0,0.0007
4300,1387,1417,0.0000,0.0000,1.0000,105.062,-1,0,0.0006
4301,1388,1389,1.0000,0.0000,0.0000,66.625,-1,0,0.0000
4302,1388,1417,0.0000,0.0000,1.0000,105.062,-1,0,0.0006
4303,1388,1418,0.0000,0.0000,1.0000,105.062,-1,0,0.0006
4304,1388,4763,0.0000,-1.0000,0.0000,66.625,-1,0,0.0000
4305,1389,1390,1.0000,0.0000,0.0000,66.625,-1,0,0.0000
4306,1389,1418,0.0000,0.0000,1.0000,105.062,-1,0,0.0006
4307,1389,1419,0.0000,0.0000,1.0000,105.062,-1,0,0.0006
4308,1389,4763,0.0000,-1.0000,0.0000,66.625,-1,0,0.0000
4309,1390,1391,1.0000,0.0000,0.0000,66.625,-1,0,0.0000
4310,1390,1419,0.0000,0.0000,1.0000,105.062,-1,0,0.0006
4311,1390,1420,0.0000,0.0000,1.0000,105.062,-1,0,0.0007
4312,1391,1392,1.0000,0.0000,0.0000,66.625,-1,0,0.0000
4313,1391,1420,0.0000,0.0000,1.0000,105.062,-1,0,0.0007
4314,1391,1421,0.0000,0.0000,1.0000,105.062,-1,0,0.0007
4315,1392,1393,1.0000,0.0000,0.0000,66.625,-1,0,0.0000
4316,1392,1421,0.0000,0.0000,1.0000,105.062,-1,0,0.0007
4317,1392,1422,0.0000,0.0000,1.0000,105.062,-1,0,0.0007
4318,1393,1394,1.0000,0.0000,0.0000,66.625,-1,0,0.0000
4319,1393,1422,0.0000,0.0000,1.0000,105.062,-1,0,0.0007
4320,1393,1423,0.0000,0.0000,1.0000,105.062,-1,0,0.0006
4321,1393,4887,0.0000,-1.0000,0.0000,66.625,-1,0,0.0000
4322,1394,1395,1.0000,0.0000,0.0000,66.625,-1,0,0.0000
4323,1394,1423,0.0000,0.0000,1.0000,105.062,-1,0,0.0006
4324,1394,1424,0.0000,0.0000,1.0000,105.062,-1,0,0.0007
4325,1394,4887,0.0000,-1.0000,0.0000,66.625,-1,0,0.0000
4326,1395,1396,1.0000,0.0000,0.0000,66.625,-1,0,0.0000
4327,1395,1424,0.0000,0.0000,1.0000,105.062,-1,0,0.0007
4328,1395,1425,0.0000,0.0000,1.0000,105.062,-1,0,0.0007
4329,1396,1397,1.0000,0.0000,0.0000,66.625,-1,0,0.0000
4330,1396,1425,0.0000,0.0000,1.0000,105.062,-1,0,0.0007
4331,1396,1426,0.0000,0.0000,1.0000,105.062,-1,0,0.0007
4332,1397,1398,1.0000,0.0000,0.0000,66.625,-1,0,0.0000
4333,1397,1426,0.0000,0.0000,1.0000,105.062,-1,0,0.0007
4334,1397,1427,0.0000,0.0000,1.0000,105.062,-1,0,0.0006
4335,1398,1399,1.0000,0.0000,0.0000,66.625,-1,0,0.0000
4336,1398,1427,0.0000,0.0000,1.0000,105.062,-1,0,0.0006
4337,1398,1428,0.0000,0.0000,1.0000,105.062,-1,0,0.0006
4338,1398,5011,0.0000,-1.0000,0.0000,66.625,-1,0,0.0000
4339,1399,1400,1.0000,0.0000,0.0000,66.625,-1,0,0.0000
4340,1399,1428,0.0000,0.0000,1.0000,105.062,-1,0,0.0006
4341,1399,1429,0.0000,0.0000,1.0000,105.062,-1,0,0.0006
4342,1399,5011,0.0000,-1.0000,0.0000,66.625,-1,0,0.0000
4343,1400,1429,0.0000,0.0000,1.0000,105.062,-1,0,0.0006
4344,1400,1430,0.0000,0.0000,1.0000,105.062,-1,0,0.0007
4345,1400,4235,0.0000,1.0000,0.0000,66.625,-1,0,0.0000
4346,1401,1402,1.0000,0.0000,0.0000,66.625,-1,0,0.0000
4347,1401,3607,0.0000,1.0000,0.0000,66.625,-1,0,0.0000
4348,1401,1431,0.0000,0.0000,1.0000,105.062,-1,0,0.0005
4349,1402,1403,1.0000,0.0000,0.0000,66.625,-1,0,0.0000
4350,1402,1431,0.0000,0.0000,1.0000,220.375,-1,0,0.0005
4351,1403,1404,1.0000,0.0000,0.0000,66.625,-1,0,0.0000
4352,1403,4393,0.0000,-1.0000,0.0000,139.750,-1,0,0.0000
4353,1403,1431,0.0000,0.0000,1.0000,105.062,-1,0,0.0005
4354,1403,1432,0.0000,0.0000,1.0000,105.062,-1,0,0.0005
4355,1404,1405,1.0000,0.0000,0.0000,66.625,-1,0,0.0000
4356,1404,1432,0.0000,0.0000,1.0000,220.375,-1,0,0.0005
4357,1405,1406,1.0000,0.0000,0.0000,66.625,-1,0,0.0000
4358,1405,1432,0.0000,0.0000,1.0000,105.062,-1,0,0.0005
4359,1405,1433,0.0000,0.0000,1.0000,105.062,-1,0,0.0006
4360,1406,1407,1.0000,0.0000,0.0000,66.625,-1,0,0.0000
4361,1406,1433,0.0000,0.0000,1.0000,220.375,-1,0,0.0006
4362,1407,1408,1.0000,0.0000,0.0000,66.625,-1,0,0.0000
4363,1407,1433,0.0000,0.0000,1.0000,105.062,-1,0,0.0006
4364,1407,1434,0.0000,0.0000,1.0000,105.062,-1,0,0.0005
4365,1408,1409,1.0000,0.0000,0.0000,66.625,-1,0,0.0000
4366,1408,4517,0.0000,-1.0000,0.0000,139.750,-1,0,0.0000
4367,1408,1434,0.0000,0.0000,1.0000,220.375,-1,0,0.0005
4368,1409,1410,1.0000,0.0000,0.0000,66.625,-1,0,0.0000
4369,1409,1434,0.0000,0.0000,1.0000,105.062,-1,0,0.0005
4370,1409,1435,0.0000,0.0000,1.0000,105.062,-1,0,0.0006
4371,1410,1411,1.0000,0.0000,0.0000,66.625,-1,0,0.0000
4372,1410,1435,0.0000,0.0000,1.0000,220.375,-1,0,0.0006
4373,1411,1412,1.0000,0.0000,0.0000,66.625,-1,0,0.0000
4374,1411,1435,0.0000,0.0000,1.0000,105.062,-1,0,0.0006
4375,1411,1436,0.0000,0.0000,1.0000,105.062,-1,0,0.0005
4376,1412,1413,1.0000,0.0000,0.0000,66.625,-1,0,0.0000
4377,1412,1436,0.0000,0.0000,1.0000,220.375,-1,0,0.0005
4378,1413,1414,1.0000,0.0000,0.0000,66.625,-1,0,0.0000
4379,1413,4641,0.0000,-1.0000,0.0000,139.750,-1,0,0.0000
4380,1413,1436,0.0000,0.0000,1.0000,105.062,-1,0,0.0005
4381,1413,1437,0.0000,0.0000,1.0000,105.062,-1,0,0.0005
4382,1414,1415,1.0000,0.0000,0.0000,66.625,-1,0,0.0000
4383,1414,1437,0.0000,0.0000,1.0000,220.375,-1,0,0.0005
4384,1415,1416,1.0000,0.0000,0.0000,66.625,-1,0,0.0000
4385,1415,1437,0.0000,0.0000,1.0000,105.062,-1,0,0.0005
4386,1415,1438,0.0000,0.0000,1.0000,105.062,-1,0,0.0006
4387,1416,1417,1.0000,0.0000,0.0000,66.625,-1,0,0.0000
4388,1416,1438,0.0000,0.0000,1.0000,220.375,-1,0,0.0006
4389,1417,1418,1.0000,0.0000,0.0000,66.625,-1,0,0.0000
4390,1417,1438,0.0000,0.0000,1.0000,105.062,-1,0,0.0006
4391,1417,1439,0.0000,0.0000,1.0000,105.062,-1,0,0.0005
4392,1418,1419,1.0000,0.0000,0.0000,66.625,-1,0,0.0000
4393,1418,4765,0.0000,-1.0000,0.0000,139.750,-1,0,0.0000
4394,1418,1439,0.0000,0.0000,1.0000,220.375,-1,0,0.0005
4395,1419,1420,1.0000,0.0000,0.0000,66.625,-1,0,0.0000
4396,1419,1439,0.0000,0.0000,1.0000,105.062,-1,0,0.0005
4397,1419,1440,0.0000,0.0000,1.0000,105.062,-1,0,0.0006
4398,1420,1421,1.0000,0.0000,0.0000,66.625,-1,0,0.0000
4399,1420,1440,0.0000,0.0000,1.0000,220.375,-1,0,0.0006
4400,1421,1422,1.0000,0.0000,0.0000,66.625,-1,0,0.0000
4401,1421,1440,0.0000,0.0000,1.0000,105.062,-1,0,0.0006
4402,1421,1441,0.0000,0.0000,1.0000,105.062,-1,0,0.0005
4403,1422,1423,1.0000,0.0000,0.0000,66.625,-1,0,0.0000
4404,1422,1441,0.0000,0.0000,1.0000,220.375,-1,0,0.0005
4405,1423,1424,1.0000,0.0000,0.0000,66.625,-1,0,0.0000
4406,1423,4889,0.0000,-1.0000,0.0000,139.750,-1,0,0.0000
4407,1423,1441,0.0000,0.0000,1.0000,105.062,-1,0,0.0005
4408,1423,1442,0.0000,0.0000,1.0000,105.062,-1,0,0.0005
4409,1424,1425,1.0000,0.0000,0.0000,66.625,-1,0,0.0000
4410,1424,1442,0.0000,0.0000,1.0000,220.375,-1,0,0.0005
4411,1425,1426,1.0000,0.0000,0.0000,66.625,-1,0,0.0000
4412,1425,1442,0.0000,0.0000,1.0000,105.062,-1,0,0.0005
4413,1425,1443,0.0000,0.0000,1.0000,105.062,-1,0,0.0006
4414,1426,1427,1.0000,0.0000,0.0000,66.625,-1,0,0.0000
4415,1426,1443,0.0000,0.0000,1.0000,220.375,-1,0,0.0006
4416,1427,1428,1.0000,0.0000,0.0000,66.625,-1,0,0.0000
4417,1427,1443,0.0000,0.0000,1.0000,105.062,-1,0,0.0006
4418,1427,1444,0.0000,0.0000,1.0000,105.062,-1,0,0.0005
4419,1428,1429,1.0000,0.0000,0.0000,66.625,-1,0,0.0000
4420,1428,5013,0.0000,-1.0000,0.0000,139.750,-1,0,0.0000
4421,1428,1444,0.0000,0.0000,1.0000,220.375,-1,0,0.0005
4422,1429,1430,1.0000,0.0000,0.0000,66.625,-1,0,0.0000
4423,1429,1444,0.0000,0.0000,1.0000,105.062,-1,0,0.0005
4424,1429,1445,0.0000,0.0000,1.0000,105.062,-1,0,0.0006
4425,1430,4249,0.0000,1.0000,0.0000,66.625,-1,0,0.0000
4426,1430,1445,0.0000,0.0000,1.0000,105.062,-1,0,0.0006
4427,4393,1431,0.0000,0.0000,1.0000,41.000,-1,0,0.0005
4428,1431,1432,1.0000,0.0000,0.0000,213.500,-1,0,0.0000
4429,1431,3622,0.0000,1.0000,0.0000,143.500,-1,0,0.0000
4430,1431,5223,0.0000,0.0000,1.0000,451.000,-1,0,0.0000
4431,4393,1432,0.0000,0.0000,1.0000,41.000,-1,0,0.0005
4432,1432,1433,1.0000,0.0000,0.0000,213.500,-1,0,0.0000
4433,1432,5223,0.0000,0.0000,1.0000,451.000,-1,0,0.0000
4434,1433,1434,1.0000,0.0000,0.0000,213.500,-1,0,0.0000
4435,1433,5223,0.0000,0.0000,1.0000,451.000,-1,0,0.0000
4436,4517,1434,0.0000,0.0000,1.0000,86.000,-1,0,0.0005
4437,1434,1435,1.0000,0.0000,0.0000,213.500,-1,0,0.0000
4438,1434,5223,0.0000,0.0000,1.0000,451.000,-1,0,0.0000
4439,1435,1436,1.0000,0.0000,0.0000,213.500,-1,0,0.0000
4440,1435,5223,0.0000,0.0000,1.0000,451.000,-1,0,0.0000
4441,4641,1436,0.0000,0.0000,1.0000,41.000,-1,0,0.0005
4442,1436,1437,1.0000,0.0000,0.0000,213.500,-1,0,0.0000
4443,1436,5223,0.0000,0.0000,1.0000,451.000,-1,0,0.0000
4444,4641,1437,0.0000,0.0000,1.0000,41.000,-1,0,0.0005
4445,1437,1438,1.0000,0.0000,0.0000,213.500,-1,0,0.0000
4446,1437,5223,0.0000,0.0000,1.0000,451.000,-1,0,0.0000
4447,1438,1439,1.0000,0.0000,0.0000,213.500,-1,0,0.0000
4448,1438,5223,0.0000,0.0000,1.0000,451.000,-1,0,0.0000
4449,4765,1439,0.0000,0.0000,1.0000,86.000,-1,0,0.0005
4450,1439,1440,1.0000,0.0000,0.0000,213.500,-1,0,0.0000
4451,1439,5223,0.0000,0.0000,1.0000,451.000,-1,0,0.0000
4452,1440,1441,1.0000,0.0000,0.0000,213.500,-1,0,0.0000
4453,1440,5223,0.0000,0.0000,1.0000,451.000,-1,0,0.0000
4454,4889,1441,0.0000,0.0000,1.0000,41.000,-1,0,0.0005
4455,1441,1442,1.0000,0.0000,0.0000,213.500,-1,0,0.0000
4456,1441,5223,0.0000,0.0000,1.0000,451.000,-1,0,0.0000
4457,4889,1442,0.0000,0.0000,1.0000,41.000,-1,0,0.0005
4458,1442,1443,1.0000,0.0000,0.0000,213.500,-1,0,0.0000
4459,1442,5223,0.0000,0.0000,1.0000,451.000,-1,0,0.0000
4460,1443,1444,1.0000,0.0000,0.0000,213.500,-1,0,0.0000
4461,1443,5223,0.0000,0.0000,1.0000,451.000,-1,0,0.0000
4462,5013,1444,0.0000,0.0000,1.0000,86.000,-1,0,0.0005
4463,1444,1445,1.0000,0.0000,0.0000,213.500,-1,0,0.0000
4464,1444,5223,0.0000,0.0000,1.0000,451.000,-1,0,0.0000
4465,1445,4264,0.0000,1.0000,0.0000,143.500,-1,0,0.0000
4466,1445,5223,0.0000,0.0000,1.0000,220.375,-1,0,0.0000
4467,1446,1447,1.0000,0.0000,0.0000,143.500,-1,0,0.0000
4468,1446,2898,0.0000,-1.0000,0.0000,143.500,-1,0,0.0000
4469,4272,1446,0.0000,-1.0000,0.0000,66.625,-1,0,0.0000
4470,1446,4274,0.0000,1.0000,0.0000,66.625,-1,0,0.0000
4471,1446,1461,0.0000,0.0000,1.0000,220.375,-1,0,0.0044
4472,1446,1462,0.0000,0.0000,1.0000,220.375,-1,0,0.0045
4473,1447,1448,1.0000,0.0000,0.0000,143.500,-1,0,0.0000
4474,4272,1447,0.0000,-1.0000,0.0000,66.625,-1,0,0.0000
4475,1447,4274,0.0000,1.0000,0.0000,66.625,-1,0,0.0000
4476,1447,1463,0.0000,0.0000,1.0000,220.375,-1,0,0.0044
4477,1447,1464,0.0000,0.0000,1.0000,220.375,-1,0,0.0035
4478,1448,1449,1.0000,0.0000,0.0000,143.500,-1,0,0.0000
4479,1448,1465,0.0000,0.0000,1.0000,220.375,-1,0,0.0024
4480,1448,1466,0.0000,0.0000,1.0000,220.375,-1,0,0.0037
4481,1449,1450,1.0000,0.0000,0.0000,143.500,-1,0,0.0000
4482,4396,1449,0.0000,-1.0000,0.0000,139.750,-1,0,0.0000
4483,1449,4398,0.0000,1.0000,0.0000,139.750,-1,0,0.0000
4484,1449,1467,0.0000,0.0000,1.0000,220.375,-1,0,0.0043
4485,1449,1468,0.0000,0.0000,1.0000,220.375,-1,0,0.0043
4486,1450,1451,1.0000,0.0000,0.0000,143.500,-1,0,0.0000
4487,1450,1469,0.0000,0.0000,1.0000,220.375,-1,0,0.0037
4488,1450,1470,0.0000,0.0000,1.0000,220.375,-1,0,0.0024
4489,1451,1452,1.0000,0.0000,0.0000,143.500,-1,0,0.0000
4490,4520,1451,0.0000,-1.0000,0.0000,66.625,-1,0,0.0000
4491,1451,4522,0.0000,1.0000,0.0000,66.625,-1,0,0.0000
4492,1451,1471,0.0000,0.0000,1.0000,220.375,-1,0,0.0037
4493,1451,1472,0.0000,0.0000,1.0000,220.375,-1,0,0.0043
4494,1452,1453,1.0000,0.0000,0.0000,143.500,-1,0,0.0000
4495,4520,1452,0.0000,-1.0000,0.0000,66.625,-1,0,0.0000
4496,1452,4522,0.0000,1.0000,0.0000,66.625,-1,0,0.0000
4497,1452,1473,0.0000,0.0000,1.0000,220.375,-1,0,0.0043
4498,1452,1474,0.0000,0.0000,1.0000,220.375,-1,0,0.0037
4499,1453,1454,1.0000,0.0000,0.0000,143.500,-1,0,0.0000
4500,1453,1475,0.0000,0.0000,1.0000,220.375,-1,0,0.0024
4501,1453,1476,0.0000,0.0000,1.0000,220.375,-1,0,0.0037
4502,1454,1455,1.0000,0.0000,0.0000,143.500,-1,0,0.0000
4503,4644,1454,0.0000,-1.0000,0.0000,139.750,-1,0,0.0000
4504,1454,4646,0.0000,1.0000,0.0000,139.750,-1,0,0.0000
4505,1454,1477,0.0000,0.0000,1.0000,220.375,-1,0,0.0043
4506,1454,1478,0.0000,0.0000,1.0000,220.375,-1,0,0.0043
4507,1455,1456,1.0000,0.0000,0.0000,143.500,-1,0,0.0000
4508,1455,1479,0.0000,0.0000,1.0000,220.375,-1,0,0.0037
4509,1455,1480,0.0000,0.0000,1.0000,220.375,-1,0,0.0024
4510,1456,1457,1.0000,0.0000,0.0000,143.500,-1,0,0.0000
4511,4768,1456,0.0000,-1.0000,0.0000,66.625,-1,0,0.0000
4512,1456,4770,0.0000,1.0000,0.0000,66.625,-1,0,0.0000
4513,1456,1481,0.0000,0.0000,1.0000,220.375,-1,0,0.0037
4514,1456,1482,0.0000,0.0000,1.0000,220.375,-1,0,0.0043
4515,1457,1458,1.0000,0.0000,0.0000,143.500,-1,0,0.0000
4516,4768,1457,0.0000,-1.0000,0.0000,66.625,-1,0,0.0000
4517,1457,4770,0.0000,1.0000,0.0000,66.625,-1,0,0.0000
4518,1457,1483,0.0000,0.0000,1.0000,220.375,-1,0,0.0043
4519,1457,1484,0.0000,0.0000,1.0000,220.375,-1,0,0.0037
4520,1458,1459,1.0000,0.0000,0.0000,143.500,-1,0,0.0000
4521,1458,1485,0.0000,0.0000,1.0000,220.375,-1,0,0.0024
4522,1458,1486,0.0000,0.0000,1.0000,220.375,-1,0,0.0035
4523,1459,1460,1.0000,0.0000,0.0000,143.500,-1,0,0.0000
4524,4892,1459,0.0000,-1.0000,0.0000,139.750,-1,0,0.0000
4525,1459,4894,0.0000,1.0000,0.0000,139.750,-1,0,0.0000
4526,1459,1487,0.0000,0.0000,1.0000,220.375,-1,0,0.0044
4527,1459,1488,0.0000,0.0000,1.0000,220.375,-1,0,0.0045
4528,1460,3632,0.0000,-1.0000,0.0000,143.500,-1,0,0.0000
4529,1460,1489,0.0000,0.0000,1.0000,220.375,-1,0,0.0044
4530,1461,1462,1.0000,0.0000,0.0000,66.625,-1,0,0.0000
4531,1461,1490,0.0000,0.0000,1.0000,105.062,-1,0,0.0045
4532,1461,1491,0.0000,0.0000,1.0000,105.062,-1,0,0.0045
4533,1461,2912,0.0000,-1.0000,0.0000,66.625,-1,0,0.0000
4534,1462,1463,1.0000,0.0000,0.0000,66.625,-1,0,0.0000
4535,1462,1491,0.0000,0.0000,1.0000,105.062,-1,0,0.0045
4536,1462,1492,0.0000,0.0000,1.0000,105.062,-1,0,0.0042
4537,1462,4276,0.0000,1.0000,0.0000,66.625,-1,0,0.0000
4538,1463,1464,1.0000,0.0000,0.0000,66.625,-1,0,0.0000
4539,1463,1492,0.0000,0.0000,1.0000,105.062,-1,0,0.0042
4540,1463,1493,0.0000,0.0000,1.0000,105.062,-1,0,0.0033
4541,1463,4276,0.0000,1.0000,0.0000,66.625,-1,0,0.0000
4542,1464,1465,1.0000,0.0000,0.0000,66.625,-1,0,0.0000
4543,1464,1493,0.0000,0.0000,1.0000,105.062,-1,0,0.0033
4544,1464,1494,0.0000,0.0000,1.0000,105.062,-1,0,0.0024
4545,1465,1466,1.0000,0.0000,0.0000,66.625,-1,0,0.0000
4546,1465,1494,0.0000,0.0000,1.0000,105.062,-1,0,0.0024
4547,1465,1495,0.0000,0.0000,1.0000,105.062,-1,0,0.0024
4548,1466,1467,1.0000,0.0000,0.0000,66.625,-1,0,0.0000
4549,1466,1495,0.0000,0.0000,1.0000,105.062,-1,0,0.0024
4550,1466,1496,0.0000,0.0000,1.0000,105.062,-1,0,0.0035
4551,1467,1468,1.0000,0.0000,0.0000,66.625,-1,0,0.0000
4552,1467,1496,0.0000,0.0000,1.0000,105.062,-1,0,0.0035
4553,1467,1497,0.0000,0.0000,1.0000,105.062,-1,0,0.0042
4554,1467,4400,0.0000,1.0000,0.0000,66.625,-1,0,0.0000
4555,1468,1469,1.0000,0.0000,0.0000,66.625,-1,0,0.0000
4556,1468,1497,0.0000,0.0000,1.0000,105.062,-1,0,0.0042
4557,1468,1498,0.0000,0.0000,1.0000,105.062,-1,0,0.0035
4558,1468,4400,0.0000,1.0000,0.0000,66.625,-1,0,0.0000
4559,1469,1470,1.0000,0.0000,0.0000,66.625,-1,0,0.0000
4560,1469,1498,0.0000,0.0000,1.0000,105.062,-1,0,0.0035
4561,1469,1499,0.0000,0.0000,1.0000,105.062,-1,0,0.0024
4562,1470,1471,1.0000,0.0000,0.0000,66.625,-1,0,0.0000
4563,1470,1499,0.0000,0.0000,1.0000,105.062,-1,0,0.0024
4564,1470,1500,0.0000,0.0000,1.0000,105.062,-1,0,0.0024
4565,1471,1472,1.0000,0.0000,0.0000,66.625,-1,0,0.0000
4566,1471,1500,0.0000,0.0000,1.0000,105.062,-1,0,0.0024
4567,1471,1501,0.0000,0.0000,1.0000,105.062,-1,0,0.0035
4568,1472,1473,1.0000,0.0000,0.0000,66.625,-1,0,0.0000
4569,1472,1501,0.0000,0.0000,1.0000,105.062,-1,0,0.0035
4570,1472,1502,0.0000,0.0000,1.0000,105.062,-1,0,0.0042
4571,1472,4524,0.0000,1.0000,0.0000,66.625,-1,0,0.0000
4572,1473,1474,1.0000,0.0000,0.0000,66.625,-1,0,0.0000
4573,1473,1502,0.0000,0.0000,1.0000,105.062,-1,0,0.0042
4574,1473,1503,0.0000,0.0000,1.0000,105.062,-1,0,0.0035
4575,1473,4524,0.0000,1.0000,0.0000,66.625,-1,0,0.0000
4576,1474,1475,1.0000,0.0000,0.0000,66.625,-1,0,0.0000
4577,1474,1503,0.0000,0.0000,1.0000,105.062,-1,0,0.0035
4578,1474,1504,0.0000,0.0000,1.0000,105.062,-1,0,0.0024
4579,1475,1476,1.0000,0.0000,0.0000,66.625,-1,0,0.0000
4580,1475,1504,0.0000,0.0000,1.0000,105.062,-1,0,0.0024
4581,1475,1505,0.0000,0.0000,1.0000,105.062,-1,0,0.0024
4582,1476,1477,1.0000,0.0000,0.0000,66.625,-1,0,0.0000
4583,1476,1505,0.0000,0.0000,1.0000,105.062,-1,0,0.0024
4584,1476,1506,0.0000,0.0000,1.0000,105.062,-1,0,0.0035
4585,1477,1478,1.0000,0.0000,0.0000,66.625,-1,0,0.0000
4586,1477,1506,0.0000,0.0000,1.0000,105.062,-1,0,0.0035
4587,1477,1507,0.0000,0.0000,1.0000,105.062,-1,0,0.0042
4588,1477,4648,0.0000,1.0000,0.0000,66.625,-1,0,0.0000
4589,1478,1479,1.0000,0.0000,0.0000,66.625,-1,0,0.0000
4590,1478,1507,0.0000,0.0000,1.0000,105.062,-1,0,0.0042
4591,1478,1508,0.0000,0.0000,1.0000,105.062,-1,0,0.0035
4592,1478,4648,0.0000,1.0000,0.0000,66.625,-1,0,0.0000
4593,1479,1480,1.0000,0.0000,0.0000,66.625,-1,0,0.0000
4594,1479,1508,0.0000,0.0000,1.0000,105.062,-1,0,0.0035
4595,1479,1509,0.0000,0.0000,1.0000,105.062,-1,0,0.0024
4596,1480,1481,1.0000,0.0000,0.0000,66.625,-1,0,0.0000
4597,1480,1509,0.0000,0.0000,1.0000,105.062,-1,0,0.0024
4598,1480,1510,0.0000,0.0000,1.0000,105.062,-1,0,0.0024
4599,1481,1482,1.0000,0.0000,0.0000,66.625,-1,0,0.0000
4600,1481,1510,0.0000,0.0000,1.0000,105.062,-1,0,0.0024
4601,1481,1511,0.0000,0.0000,1.0000,105.062,-1,0,0.0035
4602,1482,1483,1.0000,0.0000,0.0000,66.625,-1,0,0.0000
4603,1482,1511,0.0000,0.0000,1.0000,105.062,-1,0,0.0035
4604,1482,1512,0.0000,0.0000,1.0000,105.062,-1,0,0.0042
4605,1482,4772,0.0000,1.0000,0.0000,66.625,-1,0,0.0000
4606,1483,1484,1.0000,0.0000,0.0000,66.625,-1,0,0.0000
4607,1483,1512,0.0000,0.0000,1.0000,105.062,-1,0,0.0042
4608,1483,1513,0.0000,0.0000,1.0000,105.062,-1,0,0.0035
4609,1483,4772,0.0000,1.0000,0.0000,66.625,-1,0,0.0000
4610,1484,1485,1.0000,0.0000,0.0000,66.625,-1,0,0.0000
4611,1484,1513,0.0000,0.0000,1.0000,105.062,-1,0,0.0035
4612,1484,1514,0.0000,0.0000,1.0000,105.062,-1,0,0.0024
4613,1485,1486,1.0000,0.0000,0.0000,66.625,-1,0,0.0000
4614,1485,1514,0.0000,0.0000,1.0000,105.062,-1,0,0.0024
4615,1485,1515,0.0000,0.0000,1.0000,105.062,-1,0,0.0024
4616,1486,1487,1.0000,0.0000,0.0000,66.625,-1,0,0.0000
4617,1486,1515,0.0000,0.0000,1.0000,105.062,-1,0,0.0024
4618,1486,1516,0.0000,0.0000,1.0000,105.062,-1,0,0.0033
4619,1487,1488,1.0000,0.0000,0.0000,66.625,-1,0,0.0000
4620,1487,1516,0.0000,0.0000,1.0000,105.062,-1,0,0.0033
4621,1487,1517,0.0000,0.0000,1.0000,105.062,-1,0,0.0042
4622,1487,4896,0.0000,1.0000,0.0000,66.625,-1,0,0.0000
4623,1488,1489,1.0000,0.0000,0.0000,66.625,-1,0,0.0000
4624,1488,1517,0.0000,0.0000,1.0000,105.062,-1,0,0.0042
4625,1488,1518,0.0000,0.0000,1.0000,105.062,-1,0,0.0045
4626,1488,4896,0.0000,1.0000,0.0000,66.625,-1,0,0.0000
4627,1489,1518,0.0000,0.0000,1.0000,105.062,-1,0,0.0045
4628,1489,1519,0.0000,0.0000,1.0000,105.062,-1,0,0.0045
4629,1489,3640,0.0000,-1.0000,0.0000,66.625,-1,0,0.0000
4630,1490,1491,1.0000,0.0000,0.0000,66.625,-1,0,0.0000
4631,1490,2927,0.0000,-1.0000,0.0000,66.625,-1,0,0.0000
4632,1490,1520,0.0000,0.0000,1.0000,105.062,-1,0,0.0044
4633,1491,1492,1.0000,0.0000,0.0000,66.625,-1,0,0.0000
4634,1491,1520,0.0000,0.0000,1.0000,105.062,-1,0,0.0044
4635,1491,1521,0.0000,0.0000,1.0000,105.062,-1,0,0.0044
4636,1492,1493,1.0000,0.0000,0.0000,66.625,-1,0,0.0000
4637,1492,4278,0.0000,1.0000,0.0000,139.750,-1,0,0.0000
4638,1492,1521,0.0000,0.0000,1.0000,105.062,-1,0,0.0044
4639,1492,1522,0.0000,0.0000,1.0000,105.062,-1,0,0.0038
4640,1493,1494,1.0000,0.0000,0.0000,66.625,-1,0,0.0000
4641,1493,1522,0.0000,0.0000,1.0000,105.062,-1,0,0.0038
4642,1493,1523,0.0000,0.0000,1.0000,105.062,-1,0,0.0025
4643,1494,1495,1.0000,0.0000,0.0000,66.625,-1,0,0.0000
4644,1494,1523,0.0000,0.0000,1.0000,105.062,-1,0,0.0025
4645,1494,1524,0.0000,0.0000,1.0000,105.062,-1,0,0.0019
4646,1495,1496,1.0000,0.0000,0.0000,66.625,-1,0,0.0000
4647,1495,1524,0.0000,0.0000,1.0000,105.062,-1,0,0.0019
4648,1495,1525,0.0000,0.0000,1.0000,105.062,-1,0,0.0026
4649,1496,1497,1.0000,0.0000,0.0000,66.625,-1,0,0.0000
4650,1496,1525,0.0000,0.0000,1.0000,105.062,-1,0,0.0026
4651,1496,1526,0.0000,0.0000,1.0000,105.062,-1,0,0.0040
4652,1497,1498,1.0000,0.0000,0.0000,66.625,-1,0,0.0000
4653,1497,4402,0.0000,1.0000,0.0000,139.750,-1,0,0.0000
4654,1497,1526,0.0000,0.0000,1.0000,105.062,-1,0,0.0040
4655,1497,1527,0.0000,0.0000,1.0000,105.062,-1,0,0.0040
4656,1498,1499,1.0000,0.0000,0.0000,66.625,-1,0,0.0000
4657,1498,1527,0.0000,0.0000,1.0000,105.062,-1,0,0.0040
4658,1498,1528,0.0000,0.0000,1.0000,105.062,-1,0,0.0026
4659,1499,1500,1.0000,0.0000,0.0000,66.625,-1,0,0.0000
4660,1499,1528,0.0000,0.0000,1.0000,105.062,-1,0,0.0026
4661,1499,1529,0.0000,0.0000,1.0000,105.062,-1,0,0.0020
4662,1500,1501,1.0000,0.0000,0.0000,66.625,-1,0,0.0000
4663,1500,1529,0.0000,0.0000,1.0000,105.062,-1,0,0.0020
4664,1500,1530,0.0000,0.0000,1.0000,105.062,-1,0,0.0026
4665,1501,1502,1.0000,0.0000,0.0000,66.625,-1,0,0.0000
4666,1501,1530,0.0000,0.0000,1.0000,105.062,-1,0,0.0026
4667,1501,1531,0.0000,0.0000,1.0000,105.062,-1,0,0.0040
4668,1502,1503,1.0000,0.0000,0.0000,66.625,-1,0,0.0000
4669,1502,4526,0.0000,1.0000,0.0000,139.750,-1,0,0.0000
4670,1502,1531,0.0000,0.0000,1.0000,105.062,-1,0,0.0040
4671,1502,1532,0.0000,0.0000,1.0000,105.062,-1,0,0.0040
4672,1503,1504,1.0000,0.0000,0.0000,66.625,-1,0,0.0000
4673,1503,1532,0.0000,0.0000,1.0000,105.062,-1,0,0.0040
4674,1503,1533,0.0000,0.0000,1.0000,105.062,-1,0,0.0026
4675,1504,1505,1.0000,0.0000,0.0000,66.625,-1,0,0.0000
4676,1504,1533,0.0000,0.0000,1.0000,105.062,-1,0,0.0026
4677,1504,1534,0.0000,0.0000,1.0000,105.062,-1,0,0.0020
4678,1505,1506,1.0000,0.0000,0.0000,66.625,-1,0,0.0000
4679,1505,1534,0.0000,0.0000,1.0000,105.062,-1,0,0.0020
4680,1505,1535,0.0000,0.0000,1.0000,105.062,-1,0,0.0026
4681,1506,1507,1.0000,0.0000,0.0000,66.625,-1,0,0.0000
4682,1506,1535,0.0000,0.0000,1.0000,105.062,-1,0,0.0026
4683,1506,1536,0.0000,0.0000,1.0000,105.062,-1,0,0.0040
4684,1507,1508,1.0000,0.0000,0.0000,66.625,-1,0,0.0000
4685,1507,4650,0.0000,1.0000,0.0000,139.750,-1,0,0.0000
4686,1507,1536,0.0000,0.0000,1.0000,105.062,-1,0,0.0040
4687,1507,1537,0.0000,0.0000,1.0000,105.062,-1,0,0.0040
4688,1508,1509,1.0000,0.0000,0.0000,66.625,-1,0,0.0000
4689,1508,1537,0.0000,0.0000,1.0000,105.062,-1,0,0.0040
4690,1508,1538,0.0000,0.0000,1.0000,105.062,-1,0,0.0026
4691,1509,1510,1.0000,0.0000,0.0000,66.625,-1,0,0.0000
4692,1509,1538,0.0000,0.0000,1.0000,105.062,-1,0,0.0026
4693,1509,1539,0.0000,0.0000,1.0000,105.062,-1,0,0.0020
4694,1510,1511,1.0000,0.0000,0.0000,66.625,-1,0,0.0000
4695,1510,1539,0.0000,0.0000,1.0000,105.062,-1,0,0.0020
4696,1510,1540,0.0000,0.0000,1.0000,105.062,-1,0,0.0026
4697,1511,1512,1.0000,0.0000,0.0000,66.625,-1,0,0.0000
4698,1511,1540,0.0000,0.0000,1.0000,105.062,-1,0,0.0026
4699,1511,1541,0.0000,0.0000,1.0000,105.062,-1,0,0.0040
4700,1512,1513,1.0000,0.0000,0.0000,66.625,-1,0,0.0000
4701,1512,4774,0.0000,1.0000,0.0000,139.750,-1,0,0.0000
4702,1512,1541,0.0000,0.0000,1.0000,105.062,-1,0,0.0040
4703,1512,1542,0.0000,0.0000,1.0000,105.062,-1,0,0.0040
4704,1513,1514,1.0000,0.0000,0.0000,66.625,-1,0,0.0000
4705,1513,1542,0.0000,0.0000,1.0000,105.062,-1,0,0.0040
4706,1513,1543,0.0000,0.0000,1.0000,105.062,-1,0,0.0026
4707,1514,1515,1.0000,0.0000,0.0000,66.625,-1,0,0.0000
4708,1514,1543,0.0000,0.0000,1.0000,105.062,-1,0,0.0026
4709,1514,1544,0.0000,0.0000,1.0000,105.062,-1,0,0.0019
4710,1515,1516,1.0000,0.0000,0.0000,66.625,-1,0,0.0000
4711,1515,1544,0.0000,0.0000,1.0000,105.062,-1,0,0.0019
4712,1515,1545,0.0000,0.0000,1.0000,105.062,-1,0,0.0025
4713,1516,1517,1.0000,0.0000,0.0000,66.625,-1,0,0.0000
4714,1516,1545,0.0000,0.0000,1.0000,105.062,-1,0,0.0025
4715,1516,1546,0.0000,0.0000,1.0000,105.062,-1,0,0.0038
4716,1517,1518,1.0000,0.0000,0.0000,66.625,-1,0,0.0000
4717,1517,4898,0.0000,1.0000,0.0000,139.750,-1,0,0.0000
4718,1517,1546,0.0000,0.0000,1.0000,105.062,-1,0,0.0038
4719,1517,1547,0.0000,0.0000,1.0000,105.062,-1,0,0.0044
4720,1518,1519,1.0000,0.0000,0.0000,66.625,-1,0,0.0000
4721,1518,1547,0.0000,0.0000,1.0000,105.062,-1,0,0.0044
4722,1518,1548,0.0000,0.0000,1.0000,105.062,-1,0,0.0044
4723,1519,3650,0.0000,-1.0000,0.0000,66.625,-1,0,0.0000
4724,1519,1548,0.0000,0.0000,1.0000,105.062,-1,0,0.0044
4725,1520,1521,1.0000,0.0000,0.0000,66.625,-1,0,0.0000
4726,1520,1549,0.0000,0.0000,1.0000,105.062,-1,0,0.0043
4727,1520,1550,0.0000,0.0000,1.0000,105.062,-1,0,0.0043
4728,1520,2941,0.0000,-1.0000,0.0000,66.625,-1,0,0.0000
4729,1521,1522,1.0000,0.0000,0.0000,66.625,-1,0,0.0000
4730,1521,1550,0.0000,0.0000,1.0000,105.062,-1,0,0.0043
4731,1521,1551,0.0000,0.0000,1.0000,105.062,-1,0,0.0043
4732,1521,4280,0.0000,1.0000,0.0000,66.625,-1,0,0.0000
4733,1522,1523,1.0000,0.0000,0.0000,66.625,-1,0,0.0000
4734,1522,1551,0.0000,0.0000,1.0000,105.062,-1,0,0.0043
4735,1522,1552,0.0000,0.0000,1.0000,105.062,-1,0,0.0031
4736,1522,4280,0.0000,1.0000,0.0000,66.625,-1,0,0.0000
4737,1523,1524,1.0000,0.0000,0.0000,66.625,-1,0,0.0000
4738,1523,1552,0.0000,0.0000,1.0000,105.062,-1,0,0.0031
4739,1523,1553,0.0000,0.0000,1.0000,105.062,-1,0,0.0018
4740,1524,1525,1.0000,0.0000,0.0000,66.625,-1,0,0.0000
4741,1524,1553,0.0000,0.0000,1.0000,105.062,-1,0,0.0018
4742,1524,1554,0.0000,0.0000,1.0000,105.062,-1,0,0.0018
4743,1525,1526,1.0000,0.0000,0.0000,66.625,-1,0,0.0000
4744,1525,1554,0.0000,0.0000,1.0000,105.062,-1,0,0.0018
4745,1525,1555,0.0000,0.0000,1.0000,105.062,-1,0,0.0032
4746,1526,1527,1.0000,0.0000,0.0000,66.625,-1,0,0.0000
4747,1526,1555,0.0000,0.0000,1.0000,105.062,-1,0,0.0032
4748,1526,1556,0.0000,0.0000,1.0000,105.062,-1,0,0.0046
4749,1526,4404,0.0000,1.0000,0.0000,66.625,-1,0,0.0000
4750,1527,1528,1.0000,0.0000,0.0000,66.625,-1,0,0.0000
4751,1527,1556,0.0000,0.0000,1.0000,105.062,-1,0,0.0046
4752,1527,1557,0.0000,0.0000,1.0000,105.062,-1,0,0.0032
4753,1527,4404,0.0000,1.0000,0.0000,66.625,-1,0,0.0000
4754,1528,1529,1.0000,0.0000,0.0000,66.625,-1,0,0.0000
4755,1528,1557,0.0000,0.0000,1.0000,105.062,-1,0,0.0032
4756,1528,1558,0.0000,0.0000,1.0000,105.062,-1,0,0.0018
4757,1529,1530,1.0000,0.0000,0.0000,66.625,-1,0,0.0000
4758,1529,1558,0.0000,0.0000,1.0000,105.062,-1,0,0.0018
4759,1529,1559,0.0000,0.0000,1.0000,105.062,-1,0,0.0018
4760,1530,1531,1.0000,0.0000,0.0000,66.625,-1,0,0.0000
4761,1530,1559,0.0000,0.0000,1.0000,105.062,-1,0,0.0018
4762,1530,1560,0.0000,0.0000,1.0000,105.062,-1,0,0.0032
4763,1531,1532,1.0000,0.0000,0.0000,66.625,-1,0,0.0000
4764,1531,1560,0.0000,0.0000,1.0000,105.062,-1,0,0.0032
4765,1531,1561,0.0000,0.0000,1.0000,105.062,-1,0,0.0046
4766,1531,4528,0.0000,1.0000,0.0000,66.625,-1,0,0.0000
4767,1532,1533,1.0000,0.0000,0.0000,66.625,-1,0,0.0000
4768,1532,1561,0.0000,0.0000,1.0000,105.062,-1,0,0.0046
4769,1532,1562,0.0000,0.0000,1.0000,105.062,-1,0,0.0032
4770,1532,4528,0.0000,1.0000,0.0000,66.625,-1,0,0.0000
4771,1533,1534,1.0000,0.0000,0.0000,66.625,-1,0,0.0000
4772,1533,1562,0.0000,0.0000,1.0000,105.062,-1,0,0.0032
4773,1533,1563,0.0000,0.0000,1.0000,105.062,-1,0,0.0018
4774,1534,1535,1.0000,0.0000,0.0000,66.625,-1,0,0.0000
4775,1534,1563,0.0000,0.0000,1.0000,105.062,-1,0,0.0018
4776,1534,1564,0.0000,0.0000,1.0000,105.062,-1,0,0.0018
4777,1535,1536,1.0000,0.0000,0.0000,66.625,-1,0,0.0000
4778,1535,1564,0.0000,0.0000,1.0000,105.062,-1,0,0.0018
4779,1535,1565,0.0000,0.0000,1.0000,105.062,-1,0,0.0032
4780,1536,1537,1.0000,0.0000,0.0000,66.625,-1,0,0.0000
4781,1536,1565,0.0000,0.0000,1.0000,105.062,-1,0,0.0032
4782,1536,1566,0.0000,0.0000,1.0000,105.062,-1,0,0.0046
4783,1536,4652,0.0000,1.0000,0.0000,66.625,-1,0,0.0000
4784,1537,1538,1.0000,0.0000,0.0000,66.625,-1,0,0.0000
4785,1537,1566,0.0000,0.0000,1.0000,105.062,-1,0,0.0046
4786,1537,1567,0.0000,0.0000,1.0000,105.062,-1,0,0.0032
4787,1537,4652,0.0000,1.0000,0.0000,66.625,-1,0,0.0000
4788,1538,1539,1.0000,0.0000,0.0000,66.625,-1,0,0.0000
4789,1538,1567,0.0000,0.0000,1.0000,105.062,-1,0,0.0032
4790,1538,1568,0.0000,0.0000,1.0000,105.062,-1,0,0.0018
4791,1539,1540,1.0000,0.0000,0.0000,66.625,-1,0,0.0000
4792,1539,1568,0.0000,0.0000,1.0000,105.062,-1,0,0.0018
4793,1539,1569,0.0000,0.0000,1.0000,105.062,-1,0,0.0018
4794,1540,1541,1.0000,0.0000,0.0000,66.625,-1,0,0.0000
4795,1540,1569,0.0000,0.0000,1.0000,105.062,-1,0,0.0018
4796,1540,1570,0.0000,0.0000,1.0000,105.062,-1,0,0.0032
4797,1541,1542,1.0000,0.0000,0.0000,66.625,-1,0,0.0000
4798,1541,1570,0.0000,0.0000,1.0000,105.062,-1,0,0.0032
4799,1541,1571,0.0000,0.0000,1.0000,105.062,-1,0,0.0046
4800,1541,4776,0.0000,1.0000,0.0000,66.625,-1,0,0.0000
4801,1542,1543,1.0000,0.0000,0.0000,66.625,-1,0,0.0000
4802,1542,1571,0.0000,0.0000,1.0000,105.062,-1,0,0.0046
4803,1542,1572,0.0000,0.0000,1.0000,105.062,-1,0,0.0032
4804,1542,4776,0.0000,1.0000,0.0000,66.625,-1,0,0.0000
4805,1543,1544,1.0000,0.0000,0.0000,66.625,-1,0,0.0000
4806,1543,1572,0.0000,0.0000,1.0000,105.062,-1,0,0.0032
4807,1543,1573,0.0000,0.0000,1.0000,105.062,-1,0,0.0018
4808,1544,1545,1.0000,0.0000,0.0000,66.625,-1,0,0.0000
4809,1544,1573,0.0000,0.0000,1.0000,105.062,-1,0,0.0018
4810,1544,1574,0.0000,0.0000,1.0000,105.062,-1,0,0.0018
4811,1545,1546,1.0000,0.0000,0.0000,66.625,-1,0,0.0000
4812,1545,1574,0.0000,0.0000,1.0000,105.062,-1,0,0.0018
4813,1545,1575,0.0000,0.0000,1.0000,105.062,-1,0,0.0031
4814,1546,1547,1.0000,0.0000,0.0000,66.625,-1,0,0.0000
4815,1546,1575,0.0000,0.0000,1.0000,105.062,-1,0,0.0031
4816,1546,1576,0.0000,0.0000,1.0000,105.062,-1,0,0.0043
4817,1546,4900,0.0000,1.0000,0.0000,66.625,-1,0,0.0000
4818,1547,1548,1.0000,0.0000,0.0000,66.625,-1,0,0.0000
4819,1547,1576,0.0000,0.0000,1.0000,105.062,-1,0,0.0043
4820,1547,1577,0.0000,0.0000,1.0000,105.062,-1,0,0.0043
4821,1547,4900,0.0000,1.0000,0.0000,66.625,-1,0,0.0000
4822,1548,1577,0.0000,0.0000,1.0000,105.062,-1,0,0.0043
4823,1548,1578,0.0000,0.0000,1.0000,105.062,-1,0,0.0043
4824,1548,3658,0.0000,-1.0000,0.0000,66.625,-1,0,0.0000
4825,1549,1550,1.0000,0.0000,0.0000,66.625,-1,0,0.0000
4826,1549,2956,0.0000,-1.0000,0.0000,66.625,-1,0,0.0000
4827,1549,1579,0.0000,0.0000,1.0000,105.062,-1,0,0.0041
4828,1550,1551,1.0000,0.0000,0.0000,66.625,-1,0,0.0000
4829,1550,1579,0.0000,0.0000,1.0000,105.062,-1,0,0.0041
4830,1550,1580,0.0000,0.0000,1.0000,105.062,-1,0,0.0042
4831,1551,1552,1.0000,0.0000,0.0000,66.625,-1,0,0.0000
4832,1551,4282,0.0000,1.0000,0.0000,139.750,-1,0,0.0000
4833,1551,1580,0.0000,0.0000,1.0000,105.062,-1,0,0.0042
4834,1551,1581,0.0000,0.0000,1.0000,105.062,-1,0,0.0042
4835,1552,1553,1.0000,0.0000,0.0000,66.625,-1,0,0.0000
4836,1552,1581,0.0000,0.0000,1.0000,105.062,-1,0,0.0042
4837,1552,1582,0.0000,0.0000,1.0000,105.062,-1,0,0.0017
4838,1553,1554,1.0000,0.0000,0.0000,66.625,-1,0,0.0000
4839,1553,1582,0.0000,0.0000,1.0000,105.062,-1,0,0.0017
4840,1553,1583,0.0000,0.0000,1.0000,105.062,-1,0,0.0017
4841,1554,1555,1.0000,0.0000,0.0000,66.625,-1,0,0.0000
4842,1554,1583,0.0000,0.0000,1.0000,105.062,-1,0,0.0017
4843,1554,1584,0.0000,0.0000,1.0000,105.062,-1,0,0.0017
4844,1555,1556,1.0000,0.0000,0.0000,66.625,-1,0,0.0000
4845,1555,1584,0.0000,0.0000,1.0000,105.062,-1,0,0.0017
4846,1555,1585,0.0000,0.0000,1.0000,105.062,-1,0,0.0045
4847,1556,1557,1.0000,0.0000,0.0000,66.625,-1,0,0.0000
4848,1556,4406,0.0000,1.0000,0.0000,139.750,-1,0,0.0000
4849,1556,1585,0.0000,0.0000,1.0000,105.062,-1,0,0.0045
4850,1556,1586,0.0000,0.0000,1.0000,105.062,-1,0,0.0045
4851,1557,1558,1.0000,0.0000,0.0000,66.625,-1,0,0.0000
4852,1557,1586,0.0000,0.0000,1.0000,105.062,-1,0,0.0045
4853,1557,1587,0.0000,0.0000,1.0000,105.062,-1,0,0.0017
4854,1558,1559,1.0000,0.0000,0.0000,66.625,-1,0,0.0000
4855,1558,1587,0.0000,0.0000,1.0000,105.062,-1,0,0.0017
4856,1558,1588,0.0000,0.0000,1.0000,105.062,-1,0,0.0017
4857,1559,1560,1.0000,0.0000,0.0000,66.625,-1,0,0.0000
4858,1559,1588,0.0000,0.0000,1.0000,105.062,-1,0,0.0017
4859,1559,1589,0.0000,0.0000,1.0000,105.062,-1,0,0.0017
4860,1560,1561,1.0000,0.0000,0.0000,66.625,-1,0,0.0000
4861,1560,1589,0.0000,0.0000,1.0000,105.062,-1,0,0.0017
4862,1560,1590,0.0000,0.0000,1.0000,105.062,-1,0,0.0045
4863,1561,1562,1.0000,0.0000,0.0000,66.625,-1,0,0.0000
4864,1561,4530,0.0000,1.0000,0.0000,139.750,-1,0,0.0000
4865,1561,1590,0.0000,0.0000,1.0000,105.062,-1,0,0.0045
4866,1561,1591,0.0000,0.0000,1.0000,105.062,-1,0,0.0045
4867,1562,1563,1.0000,0.0000,0.0000,66.625,-1,0,0.0000
4868,1562,1591,0.0000,0.0000,1.0000,105.062,-1,0,0.0045
4869,1562,1592,0.0000,0.0000,1.0000,105.062,-1,0,0.0017
4870,1563,1564,1.0000,0.0000,0.0000,66.625,-1,0,0.0000
4871,1563,1592,0.0000,0.0000,1.0000,105.062,-1,0,0.0017
4872,1563,1593,0.0000,0.0000,1.0000,105.062,-1,0,0.0017
4873,1564,1565,1.0000,0.0000,0.0000,66.625,-1,0,0.0000
4874,1564,1593,0.0000,0.0000,1.0000,105.062,-1,0,0.0017
4875,1564,1594,0.0000,0.0000,1.0000,105.062,-1,0,0.0017
4876,1565,1566,1.0000,0.0000,0.0000,66.625,-1,0,0.0000
4877,1565,1594,0.0000,0.0000,1.0000,105.062,-1,0,0.0017
4878,1565,1595,0.0000,0.0000,1.0000,105.062,-1,0,0.0045
4879,1566,1567,1.0000,0.0000,0.0000,66.625,-1,0,0.0000
4880,1566,4654,0.0000,1.0000,0.0000,139.750,-1,0,0.0000
4881,1566,1595,0.0000,0.0000,1.0000,105.062,-1,0,0.0045
4882,1566,1596,0.0000,0.0000,1.0000,105.062,-1,0,0.0045
4883,1567,1568,1.0000,0.0000,0.0000,66.625,-1,0,0.0000
4884,1567,1596,0.0000,0.0000,1.0000,105.062,-1,0,0.0045
4885,1567,1597,0.0000,0.0000,1.0000,105.062,-1,0,0.0017
4886,1568,1569,1.0000,0.0000,0.0000,66.625,-1,0,0.0000
4887,1568,1597,0.0000,0.0000,1.0000,105.062,-1,0,0.0017
4888,1568,1598,0.0000,0.0000,1.0000,105.062,-1,0,0.0017
4889,1569,1570,1.0000,0.0000,0.0000,66.625,-1,0,0.0000
4890,1569,1598,0.0000,0.0000,1.0000,105.062,-1,0,0.0017
4891,1569,1599,0.0000,0.0000,1.0000,105.062,-1,0,0.0017
4892,1570,1571,1.0000,0.0000,0.0000,66.625,-1,0,0.0000
4893,1570,1599,0.0000,0.0000,1.0000,105.062,-1,0,0.0017
4894,1570,1600,0.0000,0.0000,1.0000,105.062,-1,0,0.0045
4895,1571,1572,1.0000,0.0000,0.0000,66.625,-1,0,0.0000
4896,1571,4778,0.0000,1.0000,0.0000,139.750,-1,0,0.0000
4897,1571,1600,0.0000,0.0000,1.0000,105.062,-1,0,0.0045
4898,1571,1601,0.0000,0.0000,1.0000,105.062,-1,0,0.0045
4899,1572,1573,1.0000,0.0000,0.0000,66.625,-1,0,0.0000
4900,1572,1601,0.0000,0.0000,1.0000,105.062,-1,0,0.0045
4901,1572,1602,0.0000,0.0000,1.0000,105.062,-1,0,0.0017
4902,1573,1574,1.0000,0.0000,0.0000,66.625,-1,0,0.0000
4903,1573,1602,0.0000,0.0000,1.0000,105.062,-1,0,0.0017
4904,1573,1603,0.0000,0.0000,1.0000,105.062,-1,0,0.0017
4905,1574,1575,1.0000,0.0000,0.0000,66.625,-1,0,0.0000
4906,1574,1603,0.0000,0.0000,1.0000,105.062,-1,0,0.0017
4907,1574,1604,0.0000,0.0000,1.0000,105.062,-1,0,0.0017
4908,1575,1576,1.0000,0.0000,0.0000,66.625,-1,0,0.0000
4909,1575,1604,0.0000,0.0000,1.0000,105.062,-1,0,0.0017
4910,1575,1605,0.0000,0.0000,1.0000,105.062,-1,0,0.0042
4911,1576,1577,1.0000,0.0000,0.0000,66.625,-1,0,0.0000
4912,1576,4902,0.0000,1.0000,0.0000,139.750,-1,0,0.0000
4913,1576,1605,0.0000,0.0000,1.0000,105.062,-1,0,0.0042
4914,1576,1606,0.0000,0.0000,1.0000,105.062,-1,0,0.0042
4915,1577,1578,1.0000,0.0000,0.0000,66.625,-1,0,0.0000
4916,1577,1606,0.0000,0.0000,1.0000,105.062,-1,0,0.0042
4917,1577,1607,0.0000,0.0000,1.0000,105.062,-1,0,0.0041
4918,1578,3668,0.0000,-1.0000,0.0000,66.625,-1,0,0.0000
4919,1578,1607,0.0000,0.0000,1.0000,105.062,-1,0,0.0041
4920,1579,1580,1.0000,0.0000,0.0000,66.625,-1,0,0.0000
4921,1579,1608,0.0000,0.0000,1.0000,105.062,-1,0,0.0040
4922,1579,1609,0.0000,0.0000,1.0000,105.062,-1,0,0.0040
4923,1579,2970,0.0000,-1.0000,0.0000,66.625,-1,0,0.0000
4924,1580,1581,1.0000,0.0000,0.0000,66.625,-1,0,0.0000
4925,1580,1609,0.0000,0.0000,1.0000,105.062,-1,0,0.0040
4926,1580,1610,0.0000,0.0000,1.0000,105.062,-1,0,0.0041
4927,1580,4284,0.0000,1.0000,0.0000,66.625,-1,0,0.0000
4928,1581,1582,1.0000,0.0000,0.0000,66.625,-1,0,0.0000
4929,1581,1610,0.0000,0.0000,1.0000,105.062,-1,0,0.0041
4930,1581,1611,0.0000,0.0000,1.0000,105.062,-1,0,0.0041
4931,1581,4284,0.0000,1.0000,0.0000,66.625,-1,0,0.0000
4932,1582,1583,1.0000,0.0000,0.0000,66.625,-1,0,0.0000
4933,1582,1628,0.0000,0.0000,1.0000,220.375,-1,0,0.0015
4934,1583,1584,1.0000,0.0000,0.0000,66.625,-1,0,0.0000
4935,1583,1628,0.0000,0.0000,1.0000,220.375,-1,0,0.0015
4936,1584,1585,1.0000,0.0000,0.0000,66.625,-1,0,0.0000
4937,1584,1628,0.0000,0.0000,1.0000,220.375,-1,0,0.0015
4938,1585,1586,1.0000,0.0000,0.0000,66.625,-1,0,0.0000
4939,1585,1612,0.0000,0.0000,1.0000,105.062,-1,0,0.0044
4940,1585,1613,0.0000,0.0000,1.0000,105.062,-1,0,0.0044
4941,1585,4408,0.0000,1.0000,0.0000,66.625,-1,0,0.0000
4942,1586,1587,1.0000,0.0000,0.0000,66.625,-1,0,0.0000
4943,1586,1613,0.0000,0.0000,1.0000,105.062,-1,0,0.0044
4944,1586,1614,0.0000,0.0000,1.0000,105.062,-1,0,0.0044
4945,1586,4408,0.0000,1.0000,0.0000,66.625,-1,0,0.0000
4946,1587,1588,1.0000,0.0000,0.0000,66.625,-1,0,0.0000
4947,1587,1629,0.0000,0.0000,1.0000,220.375,-1,0,0.0015
4948,1588,1589,1.0000,0.0000,0.0000,66.625,-1,0,0.0000
4949,1588,1629,0.0000,0.0000,1.0000,220.375,-1,0,0.0015
4950,1589,1590,1.0000,0.0000,0.0000,66.625,-1,0,0.0000
4951,1589,1629,0.0000,0.0000,1.0000,220.375,-1,0,0.0015
4952,1590,1591,1.0000,0.0000,0.0000,66.625,-1,0,0.0000
4953,1590,1615,0.0000,0.0000,1.0000,105.062,-1,0,0.0044
4954,1590,1616,0.0000,0.0000,1.0000,105.062,-1,0,0.0044
4955,1590,4532,0.0000,1.0000,0.0000,66.625,-1,0,0.0000
4956,1591,1592,1.0000,0.0000,0.0000,66.625,-1,0,0.0000
4957,1591,1616,0.0000,0.0000,1.0000,105.062,-1,0,0.0044
4958,1591,1617,0.0000,0.0000,1.0000,105.062,-1,0,0.0044
4959,1591,4532,0.0000,1.0000,0.0000,66.625,-1,0,0.0000
4960,1592,1593,1.0000,0.0000,0.0000,66.625,-1,0,0.0000
4961,1592,1630,0.0000,0.0000,1.0000,220.375,-1,0,0.0015
4962,1593,1594,1.0000,0.0000,0.0000,66.625,-1,0,0.0000
4963,1593,1630,0.0000,0.0000,1.0000,220.375,-1,0,0.0015
4964,1594,1595,1.0000,0.0000,0.0000,66.625,-1,0,0.0000
4965,1594,1630,0.0000,0.0000,1.0000,220.375,-1,0,0.0015
4966,1595,1596,1.0000,0.0000,0.0000,66.625,-1,0,0.0000
4967,1595,1618,0.0000,0.0000,1.0000,105.062,-1,0,0.0044
4968,1595,1619,0.0000,0.0000,1.0000,105.062,-1,0,0.0044
4969,1595,4656,0.0000,1.0000,0.0000,66.625,-1,0,0.0000
4970,1596,1597,1.0000,0.0000,0.0000,66.625,-1,0,0.0000
4971,1596,1619,0.0000,0.0000,1.0000,105.062,-1,0,0.0044
4972,1596,1620,0.0000,0.0000,1.0000,105.062,-1,0,0.0044
4973,1596,4656,0.0000,1.0000,0.0000,66.625,-1,0,0.0000
4974,1597,1598,1.0000,0.0000,0.0000,66.625,-1,0,0.0000
4975,1597,1631,0.0000,0.0000,1.0000,220.375,-1,0,0.0015
4976,1598,1599,1.0000,0.0000,0.0000,66.625,-1,0,0.0000
4977,1598,1631,0.0000,0.0000,1.0000,220.375,-1,0,0.0015
4978,1599,1600,1.0000,0.0000,0.0000,66.625,-1,0,0.0000
4979,1599,1631,0.0000,0.0000,1.0000,220.375,-1,0,0.0015
4980,1600,1601,1.0000,0.0000,0.0000,66.625,-1,0,0.0000
4981,1600,1621,0.0000,0.0000,1.0000,105.062,-1,0,0.0044
4982,1600,1622,0.0000,0.0000,1.0000,105.062,-1,0,0.0044
4983,1600,4780,0.0000,1.0000,0.0000,66.625,-1,0,0.0000
4984,1601,1602,1.0000,0.0000,0.0000,66.625,-1,0,0.0000
4985,1601,1622,0.0000,0.0000,1.0000,105.062,-1,0,0.0044
4986,1601,1623,0.0000,0.0000,1.0000,105.062,-1,0,0.0044
4987,1601,4780,0.0000,1.0000,0.0000,66.625,-1,0,0.0000
4988,1602,1603,1.0000,0.0000,0.0000,66.625,-1,0,0.0000
4989,1602,1632,0.0000,0.0000,1.0000,220.375,-1,0,0.0015
4990,1603,1604,1.0000,0.0000,0.0000,66.625,-1,0,0.0000
4991,1603,1632,0.0000,0.0000,1.0000,220.375,-1,0,0.0015
4992,1604,1605,1.0000,0.0000,0.0000,66.625,-1,0,0.0000
4993,1604,1632,0.0000,0.0000,1.0000,220.375,-1,0,0.0015
4994,1605,1606,1.0000,0.0000,0.0000,66.625,-1,0,0.0000
4995,1605,1624,0.0000,0.0000,1.0000,105.062,-1,0,0.0041
4996,1605,1625,0.0000,0.0000,1.0000,105.062,-1,0,0.0041
4997,1605,4904,0.0000,1.0000,0.0000,66.625,-1,0,0.0000
4998,1606,1607,1.0000,0.0000,0.0000,66.625,-1,0,0.0000
4999,1606,1625,0.0000,0.0000,1.0000,105.062,-1,0,0.0041
5000,1606,1626,0.0000,0.0000,1.0000,105.062,-1,0,0.0040
5001,1606,4904,0.0000,1.0000,0.0000,66.625,-1,0,0.0000
5002,1607,1626,0.0000,0.0000,1.0000,105.062,-1,0,0.0040
5003,1607,1627,0.0000,0.0000,1.0000,105.062,-1,0,0.0040
5004,1607,3676,0.0000,-1.0000,0.0000,66.625,-1,0,0.0000
5005,1608,1609,1.0000,0.0000,0.0000,66.625,-1,0,0.0000
5006,1608,2979,0.0000,-1.0000,0.0000,66.625,-1,0,0.0000
5007,1608,1633,0.0000,0.0000,1.0000,105.062,-1,0,0.0039
5008,1609,1610,1.0000,0.0000,0.0000,66.625,-1,0,0.0000
5009,1609,1633,0.0000,0.0000,1.0000,105.062,-1,0,0.0039
5010,1609,1634,0.0000,0.0000,1.0000,105.062,-1,0,0.0039
5011,1610,1611,1.0000,0.0000,0.0000,66.625,-1,0,0.0000
5012,1610,4286,0.0000,1.0000,0.0000,139.750,-1,0,0.0000
5013,1610,1634,0.0000,0.0000,1.0000,105.062,-1,0,0.0039
5014,1610,1635,0.0000,0.0000,1.0000,105.062,-1,0,0.0040
5015,1611,1628,1.0000,0.0000,0.0000,66.625,-1,0,0.0000
5016,1611,1635,0.0000,0.0000,1.0000,105.062,-1,0,0.0040
5017,1612,1613,1.0000,0.0000,0.0000,66.625,-1,0,0.0000
5018,1612,1628,-1.0000,0.0000,0.0000,66.625,-1,0,0.0000
5019,1612,1638,0.0000,0.0000,1.0000,105.062,-1,0,0.0042
5020,1613,1614,1.0000,0.0000,0.0000,66.625,-1,0,0.0000
5021,1613,4410,0.0000,1.0000,0.0000,139.750,-1,0,0.0000
5022,1613,1638,0.0000,0.0000,1.0000,105.062,-1,0,0.0042
5023,1613,1639,0.0000,0.0000,1.0000,105.062,-1,0,0.0042
5024,1614,1629,1.0000,0.0000,0.0000,66.625,-1,0,0.0000
5025,1614,1639,0.0000,0.0000,1.0000,105.062,-1,0,0.0042
5026,1615,1616,1.0000,0.0000,0.0000,66.625,-1,0,0.0000
5027,1615,1629,-1.0000,0.0000,0.0000,66.625,-1,0,0.0000
5028,1615,1642,0.0000,0.0000,1.0000,105.062,-1,0,0.0042
5029,1616,1617,1.0000,0.0000,0.0000,66.625,-1,0,0.0000
5030,1616,4534,0.0000,1.0000,0.0000,139.750,-1,0,0.0000
5031,1616,1642,0.0000,0.0000,1.0000,105.062,-1,0,0.0042
5032,1616,1643,0.0000,0.0000,1.0000,105.062,-1,0,0.0042
5033,1617,1630,1.0000,0.0000,0.0000,66.625,-1,0,0.0000
5034,1617,1643,0.0000,0.0000,1.0000,105.062,-1,0,0.0042
5035,1618,1619,1.0000,0.0000,0.0000,66.625,-1,0,0.0000
5036,1618,1630,-1.0000,0.0000,0.0000,66.625,-1,0,0.0000
5037,1618,1646,0.0000,0.0000,1.0000,105.062,-1,0,0.0042
5038,1619,1620,1.0000,0.0000,0.0000,66.625,-1,0,0.0000
5039,1619,4658,0.0000,1.0000,0.0000,139.750,-1,0,0.0000
5040,1619,1646,0.0000,0.0000,1.0000,105.062,-1,0,0.0042
5041,1619,1647,0.0000,0.0000,1.0000,105.062,-1,0,0.0042
5042,1620,1631,1.0000,0.0000,0.0000,66.625,-1,0,0.0000
5043,1620,1647,0.0000,0.0000,1.0000,105.062,-1,0,0.0042
5044,1621,1622,1.0000,0.0000,0.0000,66.625,-1,0,0.0000
5045,1621,1631,-1.0000,0.0000,0.0000,66.625,-1,0,0.0000
5046,1621,1650,0.0000,0.0000,1.0000,105.062,-1,0,0.0042
5047,1622,1623,1.0000,0.0000,0.0000,66.625,-1,0,0.0000
5048,1622,4782,0.0000,1.0000,0.0000,139.750,-1,0,0.0000
5049,1622,1650,0.0000,0.0000,1.0000,105.062,-1,0,0.0042
5050,1622,1651,0.0000,0.0000,1.0000,105.062,-1,0,0.0042
5051,1623,1632,1.0000,0.0000,0.0000,66.625,-1,0,0.0000
5052,1623,1651,0.0000,0.0000,1.0000,105.062,-1,0,0.0042
5053,1624,1625,1.0000,0.0000,0.0000,66.625,-1,0,0.0000
5054,1624,1632,-1.0000,0.0000,0.0000,66.625,-1,0,0.0000
5055,1624,1654,0.0000,0.0000,1.0000,105.062,-1,0,0.0040
5056,1625,1626,1.0000,0.0000,0.0000,66.625,-1,0,0.0000
5057,1625,4906,0.0000,1.0000,0.0000,139.750,-1,0,0.0000
5058,1625,1654,0.0000,0.0000,1.0000,105.062,-1,0,0.0040
5059,1625,1655,0.0000,0.0000,1.0000,105.062,-1,0,0.0039
5060,1626,1627,1.0000,0.0000,0.0000,66.625,-1,0,0.0000
5061,1626,1655,0.0000,0.0000,1.0000,105.062,-1,0,0.0039
5062,1626,1656,0.0000,0.0000,1.0000,105.062,-1,0,0.0039
5063,1627,3686,0.0000,-1.0000,0.0000,66.625,-1,0,0.0000
5064,1627,1656,0.0000,0.0000,1.0000,105.062,-1,0,0.0039
5065,1628,1636,0.0000,0.0000,1.0000,105.062,-1,0,0.0040
5066,1628,1637,0.0000,0.0000,1.0000,105.062,-1,0,0.0042
5067,1629,1640,0.0000,0.0000,1.0000,105.062,-1,0,0.0042
5068,1629,1641,0.0000,0.0000,1.0000,105.062,-1,0,0.0042
5069,1630,1644,0.0000,0.0000,1.0000,105.062,-1,0,0.0042
5070,1630,1645,0.0000,0.0000,1.0000,105.062,-1,0,0.0042
5071,1631,1648,0.0000,0.0000,1.0000,105.062,-1,0,0.0042
5072,1631,1649,0.0000,0.0000,1.0000,105.062,-1,0,0.0042
5073,1632,1652,0.0000,0.0000,1.0000,105.062,-1,0,0.0042
5074,1632,1653,0.0000,0.0000,1.0000,105.062,-1,0,0.0040
5075,1633,1634,1.0000,0.0000,0.0000,66.625,-1,0,0.0000
5076,1633,1657,0.0000,0.0000,1.0000,105.062,-1,0,0.0037
5077,1633,1658,0.0000,0.0000,1.0000,105.062,-1,0,0.0038
5078,1633,2991,0.0000,-1.0000,0.0000,66.625,-1,0,0.0000
5079,1634,1635,1.0000,0.0000,0.0000,66.625,-1,0,0.0000
5080,1634,1658,0.0000,0.0000,1.0000,105.062,-1,0,0.0038
5081,1634,1659,0.0000,0.0000,1.0000,105.062,-1,0,0.0038
5082,1634,4288,0.0000,1.0000,0.0000,66.625,-1,0,0.0000
5083,1635,1636,1.0000,0.0000,0.0000,66.625,-1,0,0.0000
5084,1635,1659,0.0000,0.0000,1.0000,105.062,-1,0,0.0038
5085,1635,1660,0.0000,0.0000,1.0000,105.062,-1,0,0.0039
5086,1635,4288,0.0000,1.0000,0.0000,66.625,-1,0,0.0000
5087,1636,1660,0.0000,0.0000,1.0000,105.062,-1,0,0.0039
5088,1637,1638,1.0000,0.0000,0.0000,66.625,-1,0,0.0000
5089,1637,1661,0.0000,0.0000,1.0000,105.062,-1,0,0.0041
5090,1638,1639,1.0000,0.0000,0.0000,66.625,-1,0,0.0000
5091,1638,1661,0.0000,0.0000,1.0000,105.062,-1,0,0.0041
5092,1638,1662,0.0000,0.0000,1.0000,105.062,-1,0,0.0041
5093,1638,4412,0.0000,1.0000,0.0000,66.625,-1,0,0.0000
5094,1639,1640,1.0000,0.0000,0.0000,66.625,-1,0,0.0000
5095,1639,1662,0.0000,0.0000,1.0000,105.062,-1,0,0.0041
5096,1639,1663,0.0000,0.0000,1.0000,105.062,-1,0,0.0041
5097,1639,4412,0.0000,1.0000,0.0000,66.625,-1,0,0.0000
5098,1640,1663,0.0000,0.0000,1.0000,105.062,-1,0,0.0041
5099,1641,1642,1.0000,0.0000,0.0000,66.625,-1,0,0.0000
5100,1641,1664,0.0000,0.0000,1.0000,105.062,-1,0,0.0041
5101,1642,1643,1.0000,0.0000,0.0000,66.625,-1,0,0.0000
5102,1642,1664,0.0000,0.0000,1.0000,105.062,-1,0,0.0041
5103,1642,1665,0.0000,0.0000,1.0000,105.062,-1,0,0.0041
5104,1642,4536,0.0000,1.0000,0.0000,66.625,-1,0,0.0000
5105,1643,1644,1.0000,0.0000,0.0000,66.625,-1,0,0.0000
5106,1643,1665,0.0000,0.0000,1.0000,105.062,-1,0,0.0041
5107,1643,1666,0.0000,0.0000,1.0000,105.062,-1,0,0.0041
5108,1643,4536,0.0000,1.0000,0.0000,66.625,-1,0,0.0000
5109,1644,1666,0.0000,0.0000,1.0000,105.062,-1,0,0.0041
5110,1645,1646,1.0000,0.0000,0.0000,66.625,-1,0,0.0000
5111,1645,1667,0.0000,0.0000,1.0000,105.062,-1,0,0.0041
5112,1646,1647,1.0000,0.0000,0.0000,66.625,-1,0,0.0000
5113,1646,1667,0.0000,0.0000,1.0000,105.062,-1,0,0.0041
5114,1646,1668,0.0000,0.0000,1.0000,105.062,-1,0,0.0041
5115,1646,4660,0.0000,1.0000,0.0000,66.625,-1,0,0.0000
5116,1647,1648,1.0000,0.0000,0.0000,66.625,-1,0,0.0000
5117,1647,1668,0.0000,0.0000,1.0000,105.062,-1,0,0.0041
5118,1647,1669,0.0000,0.0000,1.0000,105.062,-1,0,0.0041
5119,1647,4660,0.0000,1.0000,0.0000,66.625,-1,0,0.0000
5120,1648,1669,0.0000,0.0000,1.0000,105.062,-1,0,0.0041
5121,1649,1650,1.0000,0.0000,0.0000,66.625,-1,0,0.0000
5122,1649,1670,0.0000,0.0000,1.0000,105.062,-1,0,0.0041
5123,1650,1651,1.0000,0.0000,0.0000,66.625,-1,0,0.0000
5124,1650,1670,0.0000,0.0000,1.0000,105.062,-1,0,0.0041
5125,1650,1671,0.0000,0.0000,1.0000,105.062,-1,0,0.0041
5126,1650,4784,0.0000,1.0000,0.0000,66.625,-1,0,0.0000
5127,1651,1652,1.0000,0.0000,0.0000,66.625,-1,0,0.0000
5128,1651,1671,0.0000,0.0000,1.0000,105.062,-1,0,0.0041
5129,1651,1672,0.0000,0.0000,1.0000,105.062,-1,0,0.0041
5130,1651,4784,0.0000,1.0000,0.0000,66.625,-1,0,0.0000
5131,1652,1672,0.0000,0.0000,1.0000,105.062,-1,0,0.0041
5132,1653,1654,1.0000,0.0000,0.0000,66.625,-1,0,0.0000
5133,1653,1673,0.0000,0.0000,1.0000,105.062,-1,0,0.0039
5134,1654,1655,1.0000,0.0000,0.0000,66.625,-1,0,0.0000
5135,1654,1673,0.0000,0.0000,1.0000,105.062,-1,0,0.0039
5136,1654,1674,0.0000,0.0000,1.0000,105.062,-1,0,0.0038
5137,1654,4908,0.0000,1.0000,0.0000,66.625,-1,0,0.0000
5138,1655,1656,1.0000,0.0000,0.0000,66.625,-1,0,0.0000
5139,1655,1674,0.0000,0.0000,1.0000,105.062,-1,0,0.0038
5140,1655,1675,0.0000,0.0000,1.0000,105.062,-1,0,0.0038
5141,1655,4908,0.0000,1.0000,0.0000,66.625,-1,0,0.0000
5142,1656,1675,0.0000,0.0000,1.0000,105.062,-1,0,0.0038
5143,1656,1676,0.0000,0.0000,1.0000,105.062,-1,0,0.0037
5144,1656,3694,0.0000,-1.0000,0.0000,66.625,-1,0,0.0000
5145,1657,1658,1.0000,0.0000,0.0000,66.625,-1,0,0.0000
5146,1657,3004,0.0000,-1.0000,0.0000,66.625,-1,0,0.0000
5147,1657,1677,0.0000,0.0000,1.0000,105.062,-1,0,0.0036
5148,1658,1659,1.0000,0.0000,0.0000,66.625,-1,0,0.0000
5149,1658,1677,0.0000,0.0000,1.0000,105.062,-1,0,0.0036
5150,1658,1678,0.0000,0.0000,1.0000,105.062,-1,0,0.0037
5151,1659,1660,1.0000,0.0000,0.0000,66.625,-1,0,0.0000
5152,1659,4290,0.0000,1.0000,0.0000,139.750,-1,0,0.0000
5153,1659,1678,0.0000,0.0000,1.0000,105.062,-1,0,0.0037
5154,1659,1679,0.0000,0.0000,1.0000,105.062,-1,0,0.0037
5155,1660,1679,0.0000,0.0000,1.0000,105.062,-1,0,0.0037
5156,1660,1680,0.0000,0.0000,1.0000,105.062,-1,0,0.0037
5157,1661,1662,1.0000,0.0000,0.0000,66.625,-1,0,0.0000
5158,1661,1681,0.0000,0.0000,1.0000,105.062,-1,0,0.0040
5159,1661,1682,0.0000,0.0000,1.0000,105.062,-1,0,0.0040
5160,1662,1663,1.0000,0.0000,0.0000,66.625,-1,0,0.0000
5161,1662,4414,0.0000,1.0000,0.0000,139.750,-1,0,0.0000
5162,1662,1682,0.0000,0.0000,1.0000,105.062,-1,0,0.0040
5163,1662,1683,0.0000,0.0000,1.0000,105.062,-1,0,0.0040
5164,1663,1683,0.0000,0.0000,1.0000,105.062,-1,0,0.0040
5165,1663,1684,0.0000,0.0000,1.0000,105.062,-1,0,0.0040
5166,1664,1665,1.0000,0.0000,0.0000,66.625,-1,0,0.0000
5167,1664,1685,0.0000,0.0000,1.0000,105.062,-1,0,0.0040
5168,1664,1686,0.0000,0.0000,1.0000,105.062,-1,0,0.0040
5169,1665,1666,1.0000,0.0000,0.0000,66.625,-1,0,0.0000
5170,1665,4538,0.0000,1.0000,0.0000,139.750,-1,0,0.0000
5171,1665,1686,0.0000,0.0000,1.0000,105.062,-1,0,0.0040
5172,1665,1687,0.0000,0.0000,1.0000,105.062,-1,0,0.0040
5173,1666,1687,0.0000,0.0000,1.0000,105.062,-1,0,0.0040
5174,1666,1688,0.0000,0.0000,1.0000,105.062,-1,0,0.0040
5175,1667,1668,1.0000,0.0000,0.0000,66.625,-1,0,0.0000
5176,1667,1689,0.0000,0.0000,1.0000,105.062,-1,0,0.0040
5177,1667,1690,0.0000,0.0000,1.0000,105.062,-1,0,0.0040
5178,1668,1669,1.0000,0.0000,0.0000,66.625,-1,0,0.0000
5179,1668,4662,0.0000,1.0000,0.0000,139.750,-1,0,0.0000
5180,1668,1690,0.0000,0.0000,1.0000,105.062,-1,0,0.0040
5181,1668,1691,0.0000,0.0000,1.0000,105.062,-1,0,0.0040
5182,1669,1691,0.0000,0.0000,1.0000,105.062,-1,0,0.0040
5183,1669,1692,0.0000,0.0000,1.0000,105.062,-1,0,0.0040
5184,1670,1671,1.0000,0.0000,0.0000,66.625,-1,0,0.0000
5185,1670,1693,0.0000,0.0000,1.0000,105.062,-1,0,0.0040
5186,1670,1694,0.0000,0.0000,1.0000,105.062,-1,0,0.0040
5187,1671,1672,1.0000,0.0000,0.0000,66.625,-1,0,0.0000
5188,1671,4786,0.0000,1.0000,0.0000,139.750,-1,0,0.0000
5189,1671,1694,0.0000,0.0000,1.0000,105.062,-1,0,0.0040
5190,1671,1695,0.0000,0.0000,1.0000,105.062,-1,0,0.0040
5191,1672,1695,0.0000,0.0000,1.0000,105.062,-1,0,0.0040
5192,1672,1696,0.0000,0.0000,1.0000,105.062,-1,0,0.0040
5193,1673,1674,1.0000,0.0000,0.0000,66.625,-1,0,0.0000
5194,1673,1697,0.0000,0.0000,1.0000,105.062,-1,0,0.0037
5195,1673,1698,0.0000,0.0000,1.0000,105.062,-1,0,0.0037
5196,1674,1675,1.0000,0.0000,0.0000,66.625,-1,0,0.0000
5197,1674,4910,0.0000,1.0000,0.0000,139.750,-1,0,0.0000
5198,1674,1698,0.0000,0.0000,1.0000,105.062,-1,0,0.0037
5199,1674,1699,0.0000,0.0000,1.0000,105.062,-1,0,0.0037
5200,1675,1676,1.0000,0.0000,0.0000,66.625,-1,0,0.0000
5201,1675,1699,0.0000,0.0000,1.0000,105.062,-1,0,0.0037
5202,1675,1700,0.0000,0.0000,1.0000,105.062,-1,0,0.0036
5203,1676,3704,0.0000,-1.0000,0.0000,66.625,-1,0,0.0000
5204,1676,1700,0.0000,0.0000,1.0000,105.062,-1,0,0.0036
5205,1677,1678,1.0000,0.0000,0.0000,66.625,-1,0,0.0000
5206,1677,1701,0.0000,0.0000,1.0000,105.062,-1,0,0.0035
5207,1677,1702,0.0000,0.0000,1.0000,105.062,-1,0,0.0035
5208,1677,3014,0.0000,-1.0000,0.0000,66.625,-1,0,0.0000
5209,1678,1679,1.0000,0.0000,0.0000,66.625,-1,0,0.0000
5210,1678,1702,0.0000,0.0000,1.0000,105.062,-1,0,0.0035
5211,1678,1703,0.0000,0.0000,1.0000,105.062,-1,0,0.0036
5212,1678,4292,0.0000,1.0000,0.0000,66.625,-1,0,0.0000
5213,1679,1680,1.0000,0.0000,0.0000,66.625,-1,0,0.0000
5214,1679,1703,0.0000,0.0000,1.0000,105.062,-1,0,0.0036
5215,1679,1704,0.0000,0.0000,1.0000,105.062,-1,0,0.0036
5216,1679,4292,0.0000,1.0000,0.0000,66.625,-1,0,0.0000
5217,1680,1704,0.0000,0.0000,1.0000,105.062,-1,0,0.0036
5218,1681,1682,1.0000,0.0000,0.0000,66.625,-1,0,0.0000
5219,1681,1705,0.0000,0.0000,1.0000,105.062,-1,0,0.0038
5220,1682,1683,1.0000,0.0000,0.0000,66.625,-1,0,0.0000
5221,1682,1705,0.0000,0.0000,1.0000,105.062,-1,0,0.0038
5222,1682,1706,0.0000,0.0000,1.0000,105.062,-1,0,0.0039
5223,1682,4416,0.0000,1.0000,0.0000,66.625,-1,0,0.0000
5224,1683,1684,1.0000,0.0000,0.0000,66.625,-1,0,0.0000
5225,1683,1706,0.0000,0.0000,1.0000,105.062,-1,0,0.0039
5226,1683,1707,0.0000,0.0000,1.0000,105.062,-1,0,0.0038
5227,1683,4416,0.0000,1.0000,0.0000,66.625,-1,0,0.0000
5228,1684,1707,0.0000,0.0000,1.0000,105.062,-1,0,0.0038
5229,1685,1686,1.0000,0.0000,0.0000,66.625,-1,0,0.0000
5230,1685,1708,0.0000,0.0000,1.0000,105.062,-1,0,0.0038
5231,1686,1687,1.0000,0.0000,0.0000,66.625,-1,0,0.0000
5232,1686,1708,0.0000,0.0000,1.0000,105.062,-1,0,0.0038
5233,1686,1709,0.0000,0.0000,1.0000,105.062,-1,0,0.0039
5234,1686,4540,0.0000,1.0000,0.0000,66.625,-1,0,0.0000
5235,1687,1688,1.0000,0.0000,0.0000,66.625,-1,0,0.0000
5236,1687,1709,0.0000,0.0000,1.0000,105.062,-1,0,0.0039
5237,1687,1710,0.0000,0.0000,1.0000,105.062,-1,0,0.0038
5238,1687,4540,0.0000,1.0000,0.0000,66.625,-1,0,0.0000
5239,1688,1710,0.0000,0.0000,1.0000,105.062,-1,0,0.0038
5240,1689,1690,1.0000,0.0000,0.0000,66.625,-1,0,0.0000
5241,1689,1711,0.0000,0.0000,1.0000,105.062,-1,0,0.0038
5242,1690,1691,1.0000,0.0000,0.0000,66.625,-1,0,0.0000
5243,1690,1711,0.0000,0.0000,1.0000,105.062,-1,0,0.0038
5244,1690,1712,0.0000,0.0000,1.0000,105.062,-1,0,0.0039
5245,1690,4664,0.0000,1.0000,0.0000,66.625,-1,0,0.0000
5246,1691,1692,1.0000,0.0000,0.0000,66.625,-1,0,0.0000
5247,1691,1712,0.0000,0.0000,1.0000,105.062,-1,0,0.0039
5248,1691,1713,0.0000,0.0000,1.0000,105.062,-1,0,0.0038
5249,1691,4664,0.0000,1.0000,0.0000,66.625,-1,0,0.0000
5250,1692,1713,0.0000,0.0000,1.0000,105.062,-1,0,0.0038
5251,1693,1694,1.0000,0.0000,0.0000,66.625,-1,0,0.0000
5252,1693,1714,0.0000,0.0000,1.0000,105.062,-1,0,0.0038
5253,1694,1695,1.0000,0.0000,0.0000,66.625,-1,0,0.0000
5254,1694,1714,0.0000,0.0000,1.0000,105.062,-1,0,0.0038
5255,1694,1715,0.0000,0.0000,1.0000,105.062,-1,0,0.0039
5256,1694,4788,0.0000,1.0000,0.0000,66.625,-1,0,0.0000
5257,1695,1696,1.0000,0.0000,0.0000,66.625,-1,0,0.0000
5258,1695,1715,0.0000,0.0000,1.0000,105.062,-1,0,0.0039
5259,1695,1716,0.0000,0.0000,1.0000,105.062,-1,0,0.0038
5260,1695,4788,0.0000,1.0000,0.0000,66.625,-1,0,0.0000
5261,1696,1716,0.0000,0.0000,1.0000,105.062,-1,0,0.0038
5262,1697,1698,1.0000,0.0000,0.0000,66.625,-1,0,0.0000
5263,1697,1717,0.0000,0.0000,1.0000,105.062,-1,0,0.0036
5264,1698,1699,1.0000,0.0000,0.0000,66.625,-1,0,0.0000
5265,1698,1717,0.0000,0.0000,1.0000,105.062,-1,0,0.0036
5266,1698,1718,0.0000,0.0000,1.0000,105.062,-1,0,0.0036
5267,1698,4912,0.0000,1.0000,0.0000,66.625,-1,0,0.0000
5268,1699,1700,1.0000,0.0000,0.0000,66.625,-1,0,0.0000
5269,1699,1718,0.0000,0.0000,1.0000,105.062,-1,0,0.0036
5270,1699,1719,0.0000,0.0000,1.0000,105.062,-1,0,0.0035
5271,1699,4912,0.0000,1.0000,0.0000,66.625,-1,0,0.0000
5272,1700,1719,0.0000,0.0000,1.0000,105.062,-1,0,0.0035
5273,1700,1720,0.0000,0.0000,1.0000,105.062,-1,0,0.0035
5274,1700,3712,0.0000,-1.0000,0.0000,66.625,-1,0,0.0000
5275,1701,1702,1.0000,0.0000,0.0000,66.625,-1,0,0.0000
5276,1701,3027,0.0000,-1.0000,0.0000,66.625,-1,0,0.0000
5277,1701,1721,0.0000,0.0000,1.0000,105.062,-1,0,0.0033
5278,1702,1703,1.0000,0.0000,0.0000,66.625,-1,0,0.0000
5279,1702,1721,0.0000,0.0000,1.0000,105.062,-1,0,0.0033
5280,1702,1722,0.0000,0.0000,1.0000,105.062,-1,0,0.0034
5281,1703,1704,1.0000,0.0000,0.0000,66.625,-1,0,0.0000
5282,1703,4294,0.0000,1.0000,0.0000,139.750,-1,0,0.0000
5283,1703,1722,0.0000,0.0000,1.0000,105.062,-1,0,0.0034
5284,1703,1723,0.0000,0.0000,1.0000,105.062,-1,0,0.0035
5285,1704,1723,0.0000,0.0000,1.0000,105.062,-1,0,0.0035
5286,1704,1724,0.0000,0.0000,1.0000,105.062,-1,0,0.0035
5287,1705,1706,1.0000,0.0000,0.0000,66.625,-1,0,0.0000
5288,1705,1725,0.0000,0.0000,1.0000,105.062,-1,0,0.0037
5289,1705,1726,0.0000,0.0000,1.0000,105.062,-1,0,0.0037
5290,1706,1707,1.0000,0.0000,0.0000,66.625,-1,0,0.0000
5291,1706,4418,0.0000,1.0000,0.0000,139.750,-1,0,0.0000
5292,1706,1726,0.0000,0.0000,1.0000,105.062,-1,0,0.0037
5293,1706,1727,0.0000,0.0000,1.0000,105.062,-1,0,0.0037
5294,1707,1727,0.0000,0.0000,1.0000,105.062,-1,0,0.0037
5295,1707,1728,0.0000,0.0000,1.0000,105.062,-1,0,0.0037
5296,1708,1709,1.0000,0.0000,0.0000,66.625,-1,0,0.0000
5297,1708,1729,0.0000,0.0000,1.0000,105.062,-1,0,0.0037
5298,1708,1730,0.0000,0.0000,1.0000,105.062,-1,0,0.0037
5299,1709,1710,1.0000,0.0000,0.0000,66.625,-1,0,0.0000
5300,1709,4542,0.0000,1.0000,0.0000,139.750,-1,0,0.0000
5301,1709,1730,0.0000,0.0000,1.0000,105.062,-1,0,0.0037
5302,1709,1731,0.0000,0.0000,1.0000,105.062,-1,0,0.0037
5303,1710,1731,0.0000,0.0000,1.0000,105.062,-1,0,0.0037
5304,1710,1732,0.0000,0.0000,1.0000,105.062,-1,0,0.0037
5305,1711,1712,1.0000,0.0000,0.0000,66.625,-1,0,0.0000
5306,1711,1733,0.0000,0.0000,1.0000,105.062,-1,0,0.0037
5307,1711,1734,0.0000,0.0000,1.0000,105.062,-1,0,0.0037
5308,1712,1713,1.0000,0.0000,0.0000,66.625,-1,0,0.0000
5309,1712,4666,0.0000,1.0000,0.0000,139.750,-1,0,0.0000
5310,1712,1734,0.0000,0.0000,1.0000,105.062,-1,0,0.0037
5311,1712,1735,0.0000,0.0000,1.0000,105.062,-1,0,0.0037
5312,1713,1735,0.0000,0.0000,1.0000,105.062,-1,0,0.0037
5313,1713,1736,0.0000,0.0000,1.0000,105.062,-1,0,0.0037
5314,1714,1715,1.0000,0.0000,0.0000,66.625,-1,0,0.0000
5315,1714,1737,0.0000,0.0000,1.0000,105.062,-1,0,0.0037
5316,1714,1738,0.0000,0.0000,1.0000,105.062,-1,0,0.0037
5317,1715,1716,1.0000,0.0000,0.0000,66.625,-1,0,0.0000
5318,1715,4790,0.0000,1.0000,0.0000,139.750,-1,0,0.0000
5319,1715,1738,0.0000,0.0000,1.0000,105.062,-1,0,0.0037
5320,1715,1739,0.0000,0.0000,1.0000,105.062,-1,0,0.0037
5321,1716,1739,0.0000,0.0000,1.0000,105.062,-1,0,0.0037
5322,1716,1740,0.0000,0.0000,1.0000,105.062,-1,0,0.0037
5323,1717,1718,1.0000,0.0000,0.0000,66.625,-1,0,0.0000
5324,1717,1741,0.0000,0.0000,1.0000,105.062,-1,0,0.0035
5325,1717,1742,0.0000,0.0000,1.0000,105.062,-1,0,0.0035
5326,1718,1719,1.0000,0.0000,0.0000,66.625,-1,0,0.0000
5327,1718,4914,0.0000,1.0000,0.0000,139.750,-1,0,0.0000
5328,1718,1742,0.0000,0.0000,1.0000,105.062,-1,0,0.0035
5329,1718,1743,0.0000,0.0000,1.0000,105.062,-1,0,0.0034
5330,1719,1720,1.0000,0.0000,0.0000,66.625,-1,0,0.0000
5331,1719,1743,0.0000,0.0000,1.0000,105.062,-1,0,0.0034
5332,1719,1744,0.0000,0.0000,1.0000,105.062,-1,0,0.0033
5333,1720,3722,0.0000,-1.0000,0.0000,66.625,-1,0,0.0000
5334,1720,1744,0.0000,0.0000,1.0000,105.062,-1,0,0.0033
5335,1721,1722,1.0000,0.0000,0.0000,66.625,-1,0,0.0000
5336,1721,1745,0.0000,0.0000,1.0000,105.062,-1,0,0.0032
5337,1721,1746,0.0000,0.0000,1.0000,105.062,-1,0,0.0032
5338,1721,3037,0.0000,-1.0000,0.0000,66.625,-1,0,0.0000
5339,1722,1723,1.0000,0.0000,0.0000,66.625,-1,0,0.0000
5340,1722,1746,0.0000,0.0000,1.0000,105.062,-1,0,0.0032
5341,1722,1747,0.0000,0.0000,1.0000,105.062,-1,0,0.0033
5342,1722,4296,0.0000,1.0000,0.0000,66.625,-1,0,0.0000
5343,1723,1724,1.0000,0.0000,0.0000,66.625,-1,0,0.0000
5344,1723,1747,0.0000,0.0000,1.0000,105.062,-1,0,0.0033
5345,1723,1748,0.0000,0.0000,1.0000,105.062,-1,0,0.0034
5346,1723,4296,0.0000,1.0000,0.0000,66.625,-1,0,0.0000
5347,1724,1748,0.0000,0.0000,1.0000,105.062,-1,0,0.0034
5348,1725,1726,1.0000,0.0000,0.0000,66.625,-1,0,0.0000
5349,1725,1749,0.0000,0.0000,1.0000,105.062,-1,0,0.0036
5350,1726,1727,1.0000,0.0000,0.0000,66.625,-1,0,0.0000
5351,1726,1749,0.0000,0.0000,1.0000,105.062,-1,0,0.0036
5352,1726,1750,0.0000,0.0000,1.0000,105.062,-1,0,0.0036
5353,1726,4420,0.0000,1.0000,0.0000,66.625,-1,0,0.0000
5354,1727,1728,1.0000,0.0000,0.0000,66.625,-1,0,0.0000
5355,1727,1750,0.0000,0.0000,1.0000,105.062,-1,0,0.0036
5356,1727,1751,0.0000,0.0000,1.0000,105.062,-1,0,0.0036
5357,1727,4420,0.0000,1.0000,0.0000,66.625,-1,0,0.0000
5358,1728,1751,0.0000,0.0000,1.0000,105.062,-1,0,0.0036
5359,1729,1730,1.0000,0.0000,0.0000,66.625,-1,0,0.0000
5360,1729,1752,0.0000,0.0000,1.0000,105.062,-1,0,0.0036
5361,1730,1731,1.0000,0.0000,0.0000,66.625,-1,0,0.0000
5362,1730,1752,0.0000,0.0000,1.0000,105.062,-1,0,0.0036
5363,1730,1753,0.0000,0.0000,1.0000,105.062,-1,0,0.0036
5364,1730,4544,0.0000,1.0000,0.0000,66.625,-1,0,0.0000
5365,1731,1732,1.0000,0.0000,0.0000,66.625,-1,0,0.0000
5366,1731,1753,0.0000,0.0000,1.0000,105.062,-1,0,0.0036
5367,1731,1754,0.0000,0.0000,1.0000,105.062,-1,0,0.0036
5368,1731,4544,0.0000,1.0000,0.0000,66.625,-1,0,0.0000
5369,1732,1754,0.0000,0.0000,1.0000,105.062,-1,0,0.0036
5370,1733,1734,1.0000,0.0000,0.0000,66.625,-1,0,0.0000
5371,1733,1755,0.0000,0.0000,1.0000,105.062,-1,0,0.0036
5372,1734,1735,1.0000,0.0000,0.0000,66.625,-1,0,0.0000
5373,1734,1755,0.0000,0.0000,1.0000,105.062,-1,0,0.0036
5374,1734,1756,0.0000,0.0000,1.0000,105.062,-1,0,0.0036
5375,1734,4668,0.0000,1.0000,0.0000,66.625,-1,0,0.0000
5376,1735,1736,1.0000,0.0000,0.0000,66.625,-1,0,0.0000
5377,1735,1756,0.0000,0.0000,1.0000,105.062,-1,0,0.0036
5378,1735,1757,0.0000,0.0000,1.0000,105.062,-1,0,0.0036
5379,1735,4668,0.0000,1.0000,0.0000,66.625,-1,0,0.0000
5380,1736,1757,0.0000,0.0000,1.0000,105.062,-1,0,0.0036
5381,1737,1738,1.0000,0.0000,0.0000,66.625,-1,0,0.0000
5382,1737,1758,0.0000,0.0000,1.0000,105.062,-1,0,0.0036
5383,1738,1739,1.0000,0.0000,0.0000,66.625,-1,0,0.0000
5384,1738,1758,0.0000,0.0000,1.0000,105.062,-1,0,0.0036
5385,1738,1759,0.0000,0.0000,1.0000,105.062,-1,0,0.0036
5386,1738,4792,0.0000,1.0000,0.0000,66.625,-1,0,0.0000
5387,1739,1740,1.0000,0.0000,0.0000,66.625,-1,0,0.0000
5388,1739,1759,0.0000,0.0000,1.0000,105.062,-1,0,0.0036
5389,1739,1760,0.0000,0.0000,1.0000,105.062,-1,0,0.0036
5390,1739,4792,0.0000,1.0000,0.0000,66.625,-1,0,0.0000
5391,1740,1760,0.0000,0.0000,1.0000,105.062,-1,0,0.0036
5392,1741,1742,1.0000,0.0000,0.0000,66.625,-1,0,0.0000
5393,1741,1761,0.0000,0.0000,1.0000,105.062,-1,0,0.0034
5394,1742,1743,1.0000,0.0000,0.0000,66.625,-1,0,0.0000
5395,1742,1761,0.0000,0.0000,1.0000,105.062,-1,0,0.0034
5396,1742,1762,0.0000,0.0000,1.0000,105.062,-1,0,0.0033
5397,1742,4916,0.0000,1.0000,0.0000,66.625,-1,0,0.0000
5398,1743,1744,1.0000,0.0000,0.0000,66.625,-1,0,0.0000
5399,1743,1762,0.0000,0.0000,1.0000,105.062,-1,0,0.0033
5400,1743,1763,0.0000,0.0000,1.0000,105.062,-1,0,0.0032
5401,1743,4916,0.0000,1.0000,0.0000,66.625,-1,0,0.0000
5402,1744,1763,0.0000,0.0000,1.0000,105.062,-1,0,0.0032
5403,1744,1764,0.0000,0.0000,1.0000,105.062,-1,0,0.0032
5404,1744,3730,0.0000,-1.0000,0.0000,66.625,-1,0,0.0000
5405,1745,1746,1.0000,0.0000,0.0000,66.625,-1,0,0.0000
5406,1745,3050,0.0000,-1.0000,0.0000,66.625,-1,0,0.0000
5407,1745,1765,0.0000,0.0000,1.0000,105.062,-1,0,0.0031
5408,1746,1747,1.0000,0.0000,0.0000,66.625,-1,0,0.0000
5409,1746,1765,0.0000,0.0000,1.0000,105.062,-1,0,0.0031
5410,1746,1766,0.0000,0.0000,1.0000,105.062,-1,0,0.0031
5411,1747,1748,1.0000,0.0000,0.0000,66.625,-1,0,0.0000
5412,1747,4298,0.0000,1.0000,0.0000,139.750,-1,0,0.0000
5413,1747,1766,0.0000,0.0000,1.0000,105.062,-1,0,0.0031
5414,1747,1767,0.0000,0.0000,1.0000,105.062,-1,0,0.0032
5415,1748,1767,0.0000,0.0000,1.0000,105.062,-1,0,0.0032
5416,1748,1768,0.0000,0.0000,1.0000,105.062,-1,0,0.0033
5417,1749,1750,1.0000,0.0000,0.0000,66.625,-1,0,0.0000
5418,1749,1769,0.0000,0.0000,1.0000,105.062,-1,0,0.0035
5419,1749,1770,0.0000,0.0000,1.0000,105.062,-1,0,0.0035
5420,1750,1751,1.0000,0.0000,0.0000,66.625,-1,0,0.0000
5421,1750,4422,0.0000,1.0000,0.0000,139.750,-1,0,0.0000
5422,1750,1770,0.0000,0.0000,1.0000,105.062,-1,0,0.0035
5423,1750,1771,0.0000,0.0000,1.0000,105.062,-1,0,0.0035
5424,1751,1771,0.0000,0.0000,1.0000,105.062,-1,0,0.0035
5425,1751,1772,0.0000,0.0000,1.0000,105.062,-1,0,0.0035
5426,1752,1753,1.0000,0.0000,0.0000,66.625,-1,0,0.0000
5427,1752,1773,0.0000,0.0000,1.0000,105.062,-1,0,0.0035
5428,1752,1774,0.0000,0.0000,1.0000,105.062,-1,0,0.0035
5429,1753,1754,1.0000,0.0000,0.0000,66.625,-1,0,0.0000
5430,1753,4546,0.0000,1.0000,0.0000,139.750,-1,0,0.0000
5431,1753,1774,0.0000,0.0000,1.0000,105.062,-1,0,0.0035
5432,1753,1775,0.0000,0.0000,1.0000,105.062,-1,0,0.0035
5433,1754,1775,0.0000,0.0000,1.0000,105.062,-1,0,0.0035
5434,1754,1776,0.0000,0.0000,1.0000,105.062,-1,0,0.0035
5435,1755,1756,1.0000,0.0000,0.0000,66.625,-1,0,0.0000
5436,1755,1777,0.0000,0.0000,1.0000,105.062,-1,0,0.0035
5437,1755,1778,0.0000,0.0000,1.0000,105.062,-1,0,0.0035
5438,1756,1757,1.0000,0.0000,0.0000,66.625,-1,0,0.0000
5439,1756,4670,0.0000,1.0000,0.0000,139.750,-1,0,0.0000
5440,1756,1778,0.0000,0.0000,1.0000,105.062,-1,0,0.0035
5441,1756,1779,0.0000,0.0000,1.0000,105.062,-1,0,0.0035
5442,1757,1779,0.0000,0.0000,1.0000,105.062,-1,0,0.0035
5443,1757,1780,0.0000,0.0000,1.0000,105.062,-1,0,0.0035
5444,1758,1759,1.0000,0.0000,0.0000,66.625,-1,0,0.0000
5445,1758,1781,0.0000,0.0000,1.0000,105.062,-1,0,0.0035
5446,1758,1782,0.0000,0.0000,1.0000,105.062,-1,0,0.0035
5447,1759,1760,1.0000,0.0000,0.0000,66.625,-1,0,0.0000
5448,1759,4794,0.0000,1.0000,0.0000,139.750,-1,0,0.0000
5449,1759,1782,0.0000,0.0000,1.0000,105.062,-1,0,0.0035
5450,1759,1783,0.0000,0.0000,1.0000,105.062,-1,0,0.0035
5451,1760,1783,0.0000,0.0000,1.0000,105.062,-1,0,0.0035
5452,1760,1784,0.0000,0.0000,1.0000,105.062,-1,0,0.0035
5453,1761,1762,1.0000,0.0000,0.0000,66.625,-1,0,0.0000
5454,1761,1785,0.0000,0.0000,1.0000,105.062,-1,0,0.0033
5455,1761,1786,0.0000,0.0000,1.0000,105.062,-1,0,0.0032
5456,1762,1763,1.0000,0.0000,0.0000,66.625,-1,0,0.0000
5457,1762,4918,0.0000,1.0000,0.0000,139.750,-1,0,0.0000
5458,1762,1786,0.0000,0.0000,1.0000,105.062,-1,0,0.0032
5459,1762,1787,0.0000,0.0000,1.0000,105.062,-1,0,0.0031
5460,1763,1764,1.0000,0.0000,0.0000,66.625,-1,0,0.0000
5461,1763,1787,0.0000,0.0000,1.0000,105.062,-1,0,0.0031
5462,1763,1788,0.0000,0.0000,1.0000,105.062,-1,0,0.0031
5463,1764,3740,0.0000,-1.0000,0.0000,66.625,-1,0,0.0000
5464,1764,1788,0.0000,0.0000,1.0000,105.062,-1,0,0.0031
5465,1765,1766,1.0000,0.0000,0.0000,66.625,-1,0,0.0000
5466,1765,3060,0.0000,-1.0000,0.0000,66.625,-1,0,0.0000
5467,1765,1789,0.0000,0.0000,1.0000,105.062,-1,0,0.0029
5468,1765,1790,0.0000,0.0000,1.0000,105.062,-1,0,0.0030
5469,1766,1767,1.0000,0.0000,0.0000,66.625,-1,0,0.0000
5470,1766,4300,0.0000,1.0000,0.0000,66.625,-1,0,0.0000
5471,1766,1790,0.0000,0.0000,1.0000,105.062,-1,0,0.0030
5472,1766,1791,0.0000,0.0000,1.0000,105.062,-1,0,0.0031
5473,1767,1768,1.0000,0.0000,0.0000,66.625,-1,0,0.0000
5474,1767,4300,0.0000,1.0000,0.0000,66.625,-1,0,0.0000
5475,1767,1791,0.0000,0.0000,1.0000,105.062,-1,0,0.0031
5476,1767,1792,0.0000,0.0000,1.0000,105.062,-1,0,0.0031
5477,1768,1792,0.0000,0.0000,1.0000,105.062,-1,0,0.0031
5478,1769,1770,1.0000,0.0000,0.0000,66.625,-1,0,0.0000
5479,1769,1793,0.0000,0.0000,1.0000,105.062,-1,0,0.0033
5480,1770,1771,1.0000,0.0000,0.0000,66.625,-1,0,0.0000
5481,1770,4424,0.0000,1.0000,0.0000,66.625,-1,0,0.0000
5482,1770,1793,0.0000,0.0000,1.0000,105.062,-1,0,0.0033
5483,1770,1794,0.0000,0.0000,1.0000,105.062,-1,0,0.0033
5484,1771,1772,1.0000,0.0000,0.0000,66.625,-1,0,0.0000
5485,1771,4424,0.0000,1.0000,0.0000,66.625,-1,0,0.0000
5486,1771,1794,0.0000,0.0000,1.0000,105.062,-1,0,0.0033
5487,1771,1795,0.0000,0.0000,1.0000,105.062,-1,0,0.0033
5488,1772,1795,0.0000,0.0000,1.0000,105.062,-1,0,0.0033
5489,1773,1774,1.0000,0.0000,0.0000,66.625,-1,0,0.0000
5490,1773,1796,0.0000,0.0000,1.0000,105.062,-1,0,0.0033
5491,1774,1775,1.0000,0.0000,0.0000,66.625,-1,0,0.0000
5492,1774,4548,0.0000,1.0000,0.0000,66.625,-1,0,0.0000
5493,1774,1796,0.0000,0.0000,1.0000,105.062,-1,0,0.0033
5494,1774,1797,0.0000,0.0000,1.0000,105.062,-1,0,0.0033
5495,1775,1776,1.0000,0.0000,0.0000,66.625,-1,0,0.0000
5496,1775,4548,0.0000,1.0000,0.0000,66.625,-1,0,0.0000
5497,1775,1797,0.0000,0.0000,1.0000,105.062,-1,0,0.0033
5498,1775,1798,0.0000,0.0000,1.0000,105.062,-1,0,0.0033
5499,1776,1798,0.0000,0.0000,1.0000,105.062,-1,0,0.0033
5500,1777,1778,1.0000,0.0000,0.0000,66.625,-1,0,0.0000
5501,1777,1799,0.0000,0.0000,1.0000,105.062,-1,0,0.0033
5502,1778,1779,1.0000,0.0000,0.0000,66.625,-1,0,0.0000
5503,1778,4672,0.0000,1.0000,0.0000,66.625,-1,0,0.0000
5504,1778,1799,0.0000,0.0000,1.0000,105.062,-1,0,0.0033
5505,1778,1800,0.0000,0.0000,1.0000,105.062,-1,0,0.0033
5506,1779,1780,1.0000,0.0000,0.0000,66.625,-1,0,0.0000
5507,1779,4672,0.0000,1.0000,0.0000,66.625,-1,0,0.0000
5508,1779,1800,0.0000,0.0000,1.0000,105.062,-1,0,0.0033
5509,1779,1801,0.0000,0.0000,1.0000,105.062,-1,0,0.0033
5510,1780,1801,0.0000,0.0000,1.0000,105.062,-1,0,0.0033
5511,1781,1782,1.0000,0.0000,0.0000,66.625,-1,0,0.0000
5512,1781,1802,0.0000,0.0000,1.0000,105.062,-1,0,0.0033
5513,1782,1783,1.0000,0.0000,0.0000,66.625,-1,0,0.0000
5514,1782,4796,0.0000,1.0000,0.0000,66.625,-1,0,0.0000
5515,1782,1802,0.0000,0.0000,1.0000,105.062,-1,0,0.0033
5516,1782,1803,0.0000,0.0000,1.0000,105.062,-1,0,0.0033
5517,1783,1784,1.0000,0.0000,0.0000,66.625,-1,0,0.0000
5518,1783,4796,0.0000,1.0000,0.0000,66.625,-1,0,0.0000
5519,1783,1803,0.0000,0.0000,1.0000,105.062,-1,0,0.0033
5520,1783,1804,0.0000,0.0000,1.0000,105.062,-1,0,0.0033
5521,1784,1804,0.0000,0.0000,1.0000,105.062,-1,0,0.0033
5522,1785,1786,1.0000,0.0000,0.0000,66.625,-1,0,0.0000
5523,1785,1805,0.0000,0.0000,1.0000,105.062,-1,0,0.0031
5524,1786,1787,1.0000,0.0000,0.0000,66.625,-1,0,0.0000
5525,1786,4920,0.0000,1.0000,0.0000,66.625,-1,0,0.0000
5526,1786,1805,0.0000,0.0000,1.0000,105.062,-1,0,0.0031
5527,1786,1806,0.0000,0.0000,1.0000,105.062,-1,0,0.0031
5528,1787,1788,1.0000,0.0000,0.0000,66.625,-1,0,0.0000
5529,1787,4920,0.0000,1.0000,0.0000,66.625,-1,0,0.0000
5530,1787,1806,0.0000,0.0000,1.0000,105.062,-1,0,0.0031
5531,1787,1807,0.0000,0.0000,1.0000,105.062,-1,0,0.0030
5532,1788,3748,0.0000,-1.0000,0.0000,66.625,-1,0,0.0000
5533,1788,1807,0.0000,0.0000,1.0000,105.062,-1,0,0.0030
5534,1788,1808,0.0000,0.0000,1.0000,105.062,-1,0,0.0029
5535,1789,1790,1.0000,0.0000,0.0000,66.625,-1,0,0.0000
5536,1789,1809,0.0000,0.0000,1.0000,105.062,-1,0,0.0028
5537,1789,3073,0.0000,-1.0000,0.0000,66.625,-1,0,0.0000
5538,1790,1791,1.0000,0.0000,0.0000,66.625,-1,0,0.0000
5539,1790,1809,0.0000,0.0000,1.0000,105.062,-1,0,0.0028
5540,1790,1810,0.0000,0.0000,1.0000,105.062,-1,0,0.0029
5541,1791,1792,1.0000,0.0000,0.0000,66.625,-1,0,0.0000
5542,1791,1810,0.0000,0.0000,1.0000,105.062,-1,0,0.0029
5543,1791,1811,0.0000,0.0000,1.0000,105.062,-1,0,0.0030
5544,1791,4302,0.0000,1.0000,0.0000,139.750,-1,0,0.0000
5545,1792,1811,0.0000,0.0000,1.0000,105.062,-1,0,0.0030
5546,1792,1812,0.0000,0.0000,1.0000,105.062,-1,0,0.0030
5547,1793,1794,1.0000,0.0000,0.0000,66.625,-1,0,0.0000
5548,1793,1813,0.0000,0.0000,1.0000,105.062,-1,0,0.0032
5549,1793,1814,0.0000,0.0000,1.0000,105.062,-1,0,0.0032
5550,1794,1795,1.0000,0.0000,0.0000,66.625,-1,0,0.0000
5551,1794,1814,0.0000,0.0000,1.0000,105.062,-1,0,0.0032
5552,1794,1815,0.0000,0.0000,1.0000,105.062,-1,0,0.0032
5553,1794,4426,0.0000,1.0000,0.0000,139.750,-1,0,0.0000
5554,1795,1815,0.0000,0.0000,1.0000,105.062,-1,0,0.0032
5555,1795,1816,0.0000,0.0000,1.0000,105.062,-1,0,0.0032
5556,1796,1797,1.0000,0.0000,0.0000,66.625,-1,0,0.0000
5557,1796,1817,0.0000,0.0000,1.0000,105.062,-1,0,0.0032
5558,1796,1818,0.0000,0.0000,1.0000,105.062,-1,0,0.0032
5559,1797,1798,1.0000,0.0000,0.0000,66.625,-1,0,0.0000
5560,1797,1818,0.0000,0.0000,1.0000,105.062,-1,0,0.0032
5561,1797,1819,0.0000,0.0000,1.0000,105.062,-1,0,0.0032
5562,1797,4550,0.0000,1.0000,0.0000,139.750,-1,0,0.0000
5563,1798,1819,0.0000,0.0000,1.0000,105.062,-1,0,0.0032
5564,1798,1820,0.0000,0.0000,1.0000,105.062,-1,0,0.0032
5565,1799,1800,1.0000,0.0000,0.0000,66.625,-1,0,0.0000
5566,1799,1821,0.0000,0.0000,1.0000,105.062,-1,0,0.0032
5567,1799,1822,0.0000,0.0000,1.0000,105.062,-1,0,0.0032
5568,1800,1801,1.0000,0.0000,0.0000,66.625,-1,0,0.0000
5569,1800,1822,0.0000,0.0000,1.0000,105.062,-1,0,0.0032
5570,1800,1823,0.0000,0.0000,1.0000,105.062,-1,0,0.0032
5571,1800,4674,0.0000,1.0000,0.0000,139.750,-1,0,0.0000
5572,1801,1823,0.0000,0.0000,1.0000,105.062,-1,0,0.0032
5573,1801,1824,0.0000,0.0000,1.0000,105.062,-1,0,0.0032
5574,1802,1803,1.0000,0.0000,0.0000,66.625,-1,0,0.0000
5575,1802,1825,0.0000,0.0000,1.0000,105.062,-1,0,0.0032
5576,1802,1826,0.0000,0.0000,1.0000,105.062,-1,0,0.0032
5577,1803,1804,1.0000,0.0000,0.0000,66.625,-1,0,0.0000
5578,1803,1826,0.0000,0.0000,1.0000,105.062,-1,0,0.0032
5579,1803,1827,0.0000,0.0000,1.0000,105.062,-1,0,0.0032
5580,1803,4798,0.0000,1.0000,0.0000,139.750,-1,0,0.0000
5581,1804,1827,0.0000,0.0000,1.0000,105.062,-1,0,0.0032
5582,1804,1828,0.0000,0.0000,1.0000,105.062,-1,0,0.0032
5583,1805,1806,1.0000,0.0000,0.0000,66.625,-1,0,0.0000
5584,1805,1829,0.0000,0.0000,1.0000,105.062,-1,0,0.0030
5585,1805,1830,0.0000,0.0000,1.0000,105.062,-1,0,0.0030
5586,1806,1807,1.0000,0.0000,0.0000,66.625,-1,0,0.0000
5587,1806,1830,0.0000,0.0000,1.0000,105.062,-1,0,0.0030
5588,1806,1831,0.0000,0.0000,1.0000,105.062,-1,0,0.0029
5589,1806,4922,0.0000,1.0000,0.0000,139.750,-1,0,0.0000
5590,1807,1808,1.0000,0.0000,0.0000,66.625,-1,0,0.0000
5591,1807,1831,0.0000,0.0000,1.0000,105.062,-1,0,0.0029
5592,1807,1832,0.0000,0.0000,1.0000,105.062,-1,0,0.0028
5593,1808,1832,0.0000,0.0000,1.0000,105.062,-1,0,0.0028
5594,1808,3758,0.0000,-1.0000,0.0000,66.625,-1,0,0.0000
5595,1809,1810,1.0000,0.0000,0.0000,66.625,-1,0,0.0000
5596,1809,3083,0.0000,-1.0000,0.0000,66.625,-1,0,0.0000
5597,1809,1833,0.0000,0.0000,1.0000,105.062,-1,0,0.0026
5598,1809,1834,0.0000,0.0000,1.0000,105.062,-1,0,0.0027
5599,1810,1811,1.0000,0.0000,0.0000,66.625,-1,0,0.0000
5600,1810,4304,0.0000,1.0000,0.0000,66.625,-1,0,0.0000
5601,1810,1834,0.0000,0.0000,1.0000,105.062,-1,0,0.0027
5602,1810,1835,0.0000,0.0000,1.0000,105.062,-1,0,0.0028
5603,1811,1812,1.0000,0.0000,0.0000,66.625,-1,0,0.0000
5604,1811,4304,0.0000,1.0000,0.0000,66.625,-1,0,0.0000
5605,1811,1835,0.0000,0.0000,1.0000,105.062,-1,0,0.0028
5606,1811,1836,0.0000,0.0000,1.0000,105.062,-1,0,0.0029
5607,1812,1836,0.0000,0.0000,1.0000,105.062,-1,0,0.0029
5608,1813,1814,1.0000,0.0000,0.0000,66.625,-1,0,0.0000
5609,1813,1837,0.0000,0.0000,1.0000,105.062,-1,0,0.0031
5610,1814,1815,1.0000,0.0000,0.0000,66.625,-1,0,0.0000
5611,1814,4428,0.0000,1.0000,0.0000,66.625,-1,0,0.0000
5612,1814,1837,0.0000,0.0000,1.0000,105.062,-1,0,0.0031
5613,1814,1838,0.0000,0.0000,1.0000,105.062,-1,0,0.0031
5614,1815,1816,1.0000,0.0000,0.0000,66.625,-1,0,0.0000
5615,1815,4428,0.0000,1.0000,0.0000,66.625,-1,0,0.0000
5616,1815,1838,0.0000,0.0000,1.0000,105.062,-1,0,0.0031
5617,1815,1839,0.0000,0.0000,1.0000,105.062,-1,0,0.0031
5618,1816,1839,0.0000,0.0000,1.0000,105.062,-1,0,0.0031
5619,1817,1818,1.0000,0.0000,0.0000,66.625,-1,0,0.0000
5620,1817,1840,0.0000,0.0000,1.0000,105.062,-1,0,0.0031
5621,1818,1819,1.0000,0.0000,0.0000,66.625,-1,0,0.0000
5622,1818,4552,0.0000,1.0000,0.0000,66.625,-1,0,0.0000
5623,1818,1840,0.0000,0.0000,1.0000,105.062,-1,0,0.0031
5624,1818,1841,0.0000,0.0000,1.0000,105.062,-1,0,0.0031
5625,1819,1820,1.0000,0.0000,0.0000,66.625,-1,0,0.0000
5626,1819,4552,0.0000,1.0000,0.0000,66.625,-1,0,0.0000
5627,1819,1841,0.0000,0.0000,1.0000,105.062,-1,0,0.0031
5628,1819,1842,0.0000,0.0000,1.0000,105.062,-1,0,0.0031
5629,1820,1842,0.0000,0.0000,1.0000,105.062,-1,0,0.0031
5630,1821,1822,1.0000,0.0000,0.0000,66.625,-1,0,0.0000
5631,1821,1843,0.0000,0.0000,1.0000,105.062,-1,0,0.0031
5632,1822,1823,1.0000,0.0000,0.0000,66.625,-1,0,0.0000
5633,1822,4676,0.0000,1.0000,0.0000,66.625,-1,0,0.0000
5634,1822,1843,0.0000,0.0000,1.0000,105.062,-1,0,0.0031
5635,1822,1844,0.0000,0.0000,1.0000,105.062,-1,0,0.0031
5636,1823,1824,1.0000,0.0000,0.0000,66.625,-1,0,0.0000
5637,1823,4676,0.0000,1.0000,0.0000,66.625,-1,0,0.0000
5638,1823,1844,0.0000,0.0000,1.0000,105.062,-1,0,0.0031
5639,1823,1845,0.0000,0.0000,1.0000,105.062,-1,0,0.0031
5640,1824,1845,0.0000,0.0000,1.0000,105.062,-1,0,0.0031
5641,1825,1826,1.0000,0.0000,0.0000,66.625,-1,0,0.0000
5642,1825,1846,0.0000,0.0000,1.0000,105.062,-1,0,0.0031
5643,1826,1827,1.0000,0.0000,0.0000,66.625,-1,0,0.0000
5644,1826,4800,0.0000,1.0000,0.0000,66.625,-1,0,0.0000
5645,1826,1846,0.0000,0.0000,1.0000,105.062,-1,0,0.0031
5646,1826,1847,0.0000,0.0000,1.0000,105.062,-1,0,0.0031
5647,1827,1828,1.0000,0.0000,0.0000,66.625,-1,0,0.0000
5648,1827,4800,0.0000,1.0000,0.0000,66.625,-1,0,0.0000
5649,1827,1847,0.0000,0.0000,1.0000,105.062,-1,0,0.0031
5650,1827,1848,0.0000,0.0000,1.0000,105.062,-1,0,0.0031
5651,1828,1848,0.0000,0.0000,1.0000,105.062,-1,0,0.0031
5652,1829,1830,1.0000,0.0000,0.0000,66.625,-1,0,0.0000
5653,1829,1849,0.0000,0.0000,1.0000,105.062,-1,0,0.0029
5654,1830,1831,1.0000,0.0000,0.0000,66.625,-1,0,0.0000
5655,1830,4924,0.0000,1.0000,0.0000,66.625,-1,0,0.0000
5656,1830,1849,0.0000,0.0000,1.0000,105.062,-1,0,0.0029
5657,1830,1850,0.0000,0.0000,1.0000,105.062,-1,0,0.0028
5658,1831,1832,1.0000,0.0000,0.0000,66.625,-1,0,0.0000
5659,1831,4924,0.0000,1.0000,0.0000,66.625,-1,0,0.0000
5660,1831,1850,0.0000,0.0000,1.0000,105.062,-1,0,0.0028
5661,1831,1851,0.0000,0.0000,1.0000,105.062,-1,0,0.0027
5662,1832,3766,0.0000,-1.0000,0.0000,66.625,-1,0,0.0000
5663,1832,1851,0.0000,0.0000,1.0000,105.062,-1,0,0.0027
5664,1832,1852,0.0000,0.0000,1.0000,105.062,-1,0,0.0026
5665,1833,1834,1.0000,0.0000,0.0000,66.625,-1,0,0.0000
5666,1833,1853,0.0000,0.0000,1.0000,105.062,-1,0,0.0025
5667,1833,3096,0.0000,-1.0000,0.0000,66.625,-1,0,0.0000
5668,1834,1835,1.0000,0.0000,0.0000,66.625,-1,0,0.0000
5669,1834,1853,0.0000,0.0000,1.0000,105.062,-1,0,0.0025
5670,1834,1854,0.0000,0.0000,1.0000,105.062,-1,0,0.0026
5671,1835,1836,1.0000,0.0000,0.0000,66.625,-1,0,0.0000
5672,1835,1854,0.0000,0.0000,1.0000,105.062,-1,0,0.0026
5673,1835,1855,0.0000,0.0000,1.0000,105.062,-1,0,0.0028
5674,1835,4306,0.0000,1.0000,0.0000,139.750,-1,0,0.0000
5675,1836,1855,0.0000,0.0000,1.0000,105.062,-1,0,0.0028
5676,1836,1856,0.0000,0.0000,1.0000,105.062,-1,0,0.0028
5677,1837,1838,1.0000,0.0000,0.0000,66.625,-1,0,0.0000
5678,1837,1857,0.0000,0.0000,1.0000,105.062,-1,0,0.0030
5679,1837,1858,0.0000,0.0000,1.0000,105.062,-1,0,0.0030
5680,1838,1839,1.0000,0.0000,0.0000,66.625,-1,0,0.0000
5681,1838,1858,0.0000,0.0000,1.0000,105.062,-1,0,0.0030
5682,1838,1859,0.0000,0.0000,1.0000,105.062,-1,0,0.0030
5683,1838,4430,0.0000,1.0000,0.0000,139.750,-1,0,0.0000
5684,1839,1859,0.0000,0.0000,1.0000,105.062,-1,0,0.0030
5685,1839,1860,0.0000,0.0000,1.0000,105.062,-1,0,0.0030
5686,1840,1841,1.0000,0.0000,0.0000,66.625,-1,0,0.0000
5687,1840,1861,0.0000,0.0000,1.0000,105.062,-1,0,0.0030
5688,1840,1862,0.0000,0.0000,1.0000,105.062,-1,0,0.0030
5689,1841,1842,1.0000,0.0000,0.0000,66.625,-1,0,0.0000
5690,1841,1862,0.0000,0.0000,1.0000,105.062,-1,0,0.0030
5691,1841,1863,0.0000,0.0000,1.0000,105.062,-1,0,0.0030
5692,1841,4554,0.0000,1.0000,0.0000,139.750,-1,0,0.0000
5693,1842,1863,0.0000,0.0000,1.0000,105.062,-1,0,0.0030
5694,1842,1864,0.0000,0.0000,1.0000,105.062,-1,0,0.0030
5695,1843,1844,1.0000,0.0000,0.0000,66.625,-1,0,0.0000
5696,1843,1865,0.0000,0.0000,1.0000,105.062,-1,0,0.0030
5697,1843,1866,0.0000,0.0000,1.0000,105.062,-1,0,0.0030
5698,1844,1845,1.0000,0.0000,0.0000,66.625,-1,0,0.0000
5699,1844,1866,0.0000,0.0000,1.0000,105.062,-1,0,0.0030
5700,1844,1867,0.0000,0.0000,1.0000,105.062,-1,0,0.0030
5701,1844,4678,0.0000,1.0000,0.0000,139.750,-1,0,0.0000
5702,1845,1867,0.0000,0.0000,1.0000,105.062,-1,0,0.0030
5703,1845,1868,0.0000,0.0000,1.0000,105.062,-1,0,0.0030
5704,1846,1847,1.0000,0.0000,0.0000,66.625,-1,0,0.0000
5705,1846,1869,0.0000,0.0000,1.0000,105.062,-1,0,0.0030
5706,1846,1870,0.0000,0.0000,1.0000,105.062,-1,0,0.0030
5707,1847,1848,1.0000,0.0000,0.0000,66.625,-1,0,0.0000
5708,1847,1870,0.0000,0.0000,1.0000,105.062,-1,0,0.0030
5709,1847,1871,0.0000,0.0000,1.0000,105.062,-1,0,0.0030
5710,1847,4802,0.0000,1.0000,0.0000,139.750,-1,0,0.0000
5711,1848,1871,0.0000,0.0000,1.0000,105.062,-1,0,0.0030
5712,1848,1872,0.0000,0.0000,1.0000,105.062,-1,0,0.0030
5713,1849,1850,1.0000,0.0000,0.0000,66.625,-1,0,0.0000
5714,1849,1873,0.0000,0.0000,1.0000,105.062,-1,0,0.0028
5715,1849,1874,0.0000,0.0000,1.0000,105.062,-1,0,0.0028
5716,1850,1851,1.0000,0.0000,0.0000,66.625,-1,0,0.0000
5717,1850,1874,0.0000,0.0000,1.0000,105.062,-1,0,0.0028
5718,1850,1875,0.0000,0.0000,1.0000,105.062,-1,0,0.0026
5719,1850,4926,0.0000,1.0000,0.0000,139.750,-1,0,0.0000
5720,1851,1852,1.0000,0.0000,0.0000,66.625,-1,0,0.0000
5721,1851,1875,0.0000,0.0000,1.0000,105.062,-1,0,0.0026
5722,1851,1876,0.0000,0.0000,1.0000,105.062,-1,0,0.0025
5723,1852,1876,0.0000,0.0000,1.0000,105.062,-1,0,0.0025
5724,1852,3776,0.0000,-1.0000,0.0000,66.625,-1,0,0.0000
5725,1853,1854,1.0000,0.0000,0.0000,66.625,-1,0,0.0000
5726,1853,3106,0.0000,-1.0000,0.0000,66.625,-1,0,0.0000
5727,1853,1877,0.0000,0.0000,1.0000,105.062,-1,0,0.0024
5728,1853,1878,0.0000,0.0000,1.0000,105.062,-1,0,0.0024
5729,1854,1855,1.0000,0.0000,0.0000,66.625,-1,0,0.0000
5730,1854,4308,0.0000,1.0000,0.0000,66.625,-1,0,0.0000
5731,1854,1878,0.0000,0.0000,1.0000,105.062,-1,0,0.0024
5732,1854,1879,0.0000,0.0000,1.0000,105.062,-1,0,0.0026
5733,1855,1856,1.0000,0.0000,0.0000,66.625,-1,0,0.0000
5734,1855,4308,0.0000,1.0000,0.0000,66.625,-1,0,0.0000
5735,1855,1879,0.0000,0.0000,1.0000,105.062,-1,0,0.0026
5736,1855,1880,0.0000,0.0000,1.0000,105.062,-1,0,0.0027
5737,1856,1880,0.0000,0.0000,1.0000,105.062,-1,0,0.0027
5738,1857,1858,1.0000,0.0000,0.0000,66.625,-1,0,0.0000
5739,1857,1881,0.0000,0.0000,1.0000,105.062,-1,0,0.0028
5740,1858,1859,1.0000,0.0000,0.0000,66.625,-1,0,0.0000
5741,1858,4432,0.0000,1.0000,0.0000,66.625,-1,0,0.0000
5742,1858,1881,0.0000,0.0000,1.0000,105.062,-1,0,0.0028
5743,1858,1882,0.0000,0.0000,1.0000,105.062,-1,0,0.0028
5744,1859,1860,1.0000,0.0000,0.0000,66.625,-1,0,0.0000
5745,1859,4432,0.0000,1.0000,0.0000,66.625,-1,0,0.0000
5746,1859,1882,0.0000,0.0000,1.0000,105.062,-1,0,0.0028
5747,1859,1883,0.0000,0.0000,1.0000,105.062,-1,0,0.0028
5748,1860,1883,0.0000,0.0000,1.0000,105.062,-1,0,0.0028
5749,1861,1862,1.0000,0.0000,0.0000,66.625,-1,0,0.0000
5750,1861,1884,0.0000,0.0000,1.0000,105.062,-1,0,0.0028
5751,1862,1863,1.0000,0.0000,0.0000,66.625,-1,0,0.0000
5752,1862,4556,0.0000,1.0000,0.0000,66.625,-1,0,0.0000
5753,1862,1884,0.0000,0.0000,1.0000,105.062,-1,0,0.0028
5754,1862,1885,0.0000,0.0000,1.0000,105.062,-1,0,0.0028
5755,1863,1864,1.0000,0.0000,0.0000,66.625,-1,0,0.0000
5756,1863,4556,0.0000,1.0000,0.0000,66.625,-1,0,0.0000
5757,1863,1885,0.0000,0.0000,1.0000,105.062,-1,0,0.0028
5758,1863,1886,0.0000,0.0000,1.0000,105.062,-1,0,0.0028
5759,1864,1886,0.0000,0.0000,1.0000,105.062,-1,0,0.0028
5760,1865,1866,1.0000,0.0000,0.0000,66.625,-1,0,0.0000
5761,1865,1887,0.0000,0.0000,1.0000,105.062,-1,0,0.0028
5762,1866,1867,1.0000,0.0000,0.0000,66.625,-1,0,0.0000
5763,1866,4680,0.0000,1.0000,0.0000,66.625,-1,0,0.0000
5764,1866,1887,0.0000,0.0000,1.0000,105.062,-1,0,0.0028
5765,1866,1888,0.0000,0.0000,1.0000,105.062,-1,0,0.0028
5766,1867,1868,1.0000,0.0000,0.0000,66.625,-1,0,0.0000
5767,1867,4680,0.0000,1.0000,0.0000,66.625,-1,0,0.0000
5768,1867,1888,0.0000,0.0000,1.0000,105.062,-1,0,0.0028
5769,1867,1889,0.0000,0.0000,1.0000,105.062,-1,0,0.0028
5770,1868,1889,0.0000,0.0000,1.0000,105.062,-1,0,0.0028
5771,1869,1870,1.0000,0.0000,0.0000,66.625,-1,0,0.0000
5772,1869,1890,0.0000,0.0000,1.0000,105.062,-1,0,0.0028
5773,1870,1871,1.0000,0.0000,0.0000,66.625,-1,0,0.0000
5774,1870,4804,0.0000,1.0000,0.0000,66.625,-1,0,0.0000
5775,1870,1890,0.0000,0.0000,1.0000,105.062,-1,0,0.0028
5776,1870,1891,0.0000,0.0000,1.0000,105.062,-1,0,0.0028
5777,1871,1872,1.0000,0.0000,0.0000,66.625,-1,0,0.0000
5778,1871,4804,0.0000,1.0000,0.0000,66.625,-1,0,0.0000
5779,1871,1891,0.0000,0.0000,1.0000,105.062,-1,0,0.0028
5780,1871,1892,0.0000,0.0000,1.0000,105.062,-1,0,0.0028
5781,1872,1892,0.0000,0.0000,1.0000,105.062,-1,0,0.0028
5782,1873,1874,1.0000,0.0000,0.0000,66.625,-1,0,0.0000
5783,1873,1893,0.0000,0.0000,1.0000,105.062,-1,0,0.0027
5784,1874,1875,1.0000,0.0000,0.0000,66.625,-1,0,0.0000
5785,1874,4928,0.0000,1.0000,0.0000,66.625,-1,0,0.0000
5786,1874,1893,0.0000,0.0000,1.0000,105.062,-1,0,0.0027
5787,1874,1894,0.0000,0.0000,1.0000,105.062,-1,0,0.0026
5788,1875,1876,1.0000,0.0000,0.0000,66.625,-1,0,0.0000
5789,1875,4928,0.0000,1.0000,0.0000,66.625,-1,0,0.0000
5790,1875,1894,0.0000,0.0000,1.0000,105.062,-1,0,0.0026
5791,1875,1895,0.0000,0.0000,1.0000,105.062,-1,0,0.0024
5792,1876,3784,0.0000,-1.0000,0.0000,66.625,-1,0,0.0000
5793,1876,1895,0.0000,0.0000,1.0000,105.062,-1,0,0.0024
5794,1876,1896,0.0000,0.0000,1.0000,105.062,-1,0,0.0024
5795,1877,1878,1.0000,0.0000,0.0000,66.625,-1,0,0.0000
5796,1877,1897,0.0000,0.0000,1.0000,105.062,-1,0,0.0022
5797,1877,3119,0.0000,-1.0000,0.0000,66.625,-1,0,0.0000
5798,1878,1879,1.0000,0.0000,0.0000,66.625,-1,0,0.0000
5799,1878,1897,0.0000,0.0000,1.0000,105.062,-1,0,0.0022
5800,1878,1898,0.0000,0.0000,1.0000,105.062,-1,0,0.0024
5801,1879,1880,1.0000,0.0000,0.0000,66.625,-1,0,0.0000
5802,1879,1898,0.0000,0.0000,1.0000,105.062,-1,0,0.0024
5803,1879,1899,0.0000,0.0000,1.0000,105.062,-1,0,0.0025
5804,1879,4310,0.0000,1.0000,0.0000,139.750,-1,0,0.0000
5805,1880,1899,0.0000,0.0000,1.0000,105.062,-1,0,0.0025
5806,1880,1900,0.0000,0.0000,1.0000,105.062,-1,0,0.0026
5807,1881,1882,1.0000,0.0000,0.0000,66.625,-1,0,0.0000
5808,1881,1901,0.0000,0.0000,1.0000,105.062,-1,0,0.0027
5809,1881,1902,0.0000,0.0000,1.0000,105.062,-1,0,0.0027
5810,1882,1883,1.0000,0.0000,0.0000,66.625,-1,0,0.0000
5811,1882,1902,0.0000,0.0000,1.0000,105.062,-1,0,0.0027
5812,1882,1903,0.0000,0.0000,1.0000,105.062,-1,0,0.0027
5813,1882,4434,0.0000,1.0000,0.0000,139.750,-1,0,0.0000
5814,1883,1903,0.0000,0.0000,1.0000,105.062,-1,0,0.0027
5815,1883,1904,0.0000,0.0000,1.0000,105.062,-1,0,0.0027
5816,1884,1885,1.0000,0.0000,0.0000,66.625,-1,0,0.0000
5817,1884,1905,0.0000,0.0000,1.0000,105.062,-1,0,0.0027
5818,1884,1906,0.0000,0.0000,1.0000,105.062,-1,0,0.0027
5819,1885,1886,1.0000,0.0000,0.0000,66.625,-1,0,0.0000
5820,1885,1906,0.0000,0.0000,1.0000,105.062,-1,0,0.0027
5821,1885,1907,0.0000,0.0000,1.0000,105.062,-1,0,0.0027
5822,1885,4558,0.0000,1.0000,0.0000,139.750,-1,0,0.0000
5823,1886,1907,0.0000,0.0000,1.0000,105.062,-1,0,0.0027
5824,1886,1908,0.0000,0.0000,1.0000,105.062,-1,0,0.0027
5825,1887,1888,1.0000,0.0000,0.0000,66.625,-1,0,0.0000
5826,1887,1909,0.0000,0.0000,1.0000,105.062,-1,0,0.0027
5827,1887,1910,0.0000,0.0000,1.0000,105.062,-1,0,0.0027
5828,1888,1889,1.0000,0.0000,0.0000,66.625,-1,0,0.0000
5829,1888,1910,0.0000,0.0000,1.0000,105.062,-1,0,0.0027
5830,1888,1911,0.0000,0.0000,1.0000,105.062,-1,0,0.0027
5831,1888,4682,0.0000,1.0000,0.0000,139.750,-1,0,0.0000
5832,1889,1911,0.0000,0.0000,1.0000,105.062,-1,0,0.0027
5833,1889,1912,0.0000,0.0000,1.0000,105.062,-1,0,0.0027
5834,1890,1891,1.0000,0.0000,0.0000,66.625,-1,0,0.0000
5835,1890,1913,0.0000,0.0000,1.0000,105.062,-1,0,0.0027
5836,1890,1914,0.0000,0.0000,1.0000,105.062,-1,0,0.0027
5837,1891,1892,1.0000,0.0000,0.0000,66.625,-1,0,0.0000
5838,1891,1914,0.0000,0.0000,1.0000,105.062,-1,0,0.0027
5839,1891,1915,0.0000,0.0000,1.0000,105.062,-1,0,0.0027
5840,1891,4806,0.0000,1.0000,0.0000,139.750,-1,0,0.0000
5841,1892,1915,0.0000,0.0000,1.0000,105.062,-1,0,0.0027
5842,1892,1916,0.0000,0.0000,1.0000,105.062,-1,0,0.0027
5843,1893,1894,1.0000,0.0000,0.0000,66.625,-1,0,0.0000
5844,1893,1917,0.0000,0.0000,1.0000,105.062,-1,0,0.0026
5845,1893,1918,0.0000,0.0000,1.0000,105.062,-1,0,0.0025
5846,1894,1895,1.0000,0.0000,0.0000,66.625,-1,0,0.0000
5847,1894,1918,0.0000,0.0000,1.0000,105.062,-1,0,0.0025
5848,1894,1919,0.0000,0.0000,1.0000,105.062,-1,0,0.0024
5849,1894,4930,0.0000,1.0000,0.0000,139.750,-1,0,0.0000
5850,1895,1896,1.0000,0.0000,0.0000,66.625,-1,0,0.0000
5851,1895,1919,0.0000,0.0000,1.0000,105.062,-1,0,0.0024
5852,1895,1920,0.0000,0.0000,1.0000,105.062,-1,0,0.0022
5853,1896,1920,0.0000,0.0000,1.0000,105.062,-1,0,0.0022
5854,1896,3794,0.0000,-1.0000,0.0000,66.625,-1,0,0.0000
5855,1897,1898,1.0000,0.0000,0.0000,66.625,-1,0,0.0000
5856,1897,3129,0.0000,-1.0000,0.0000,66.625,-1,0,0.0000
5857,1897,1921,0.0000,0.0000,1.0000,105.062,-1,0,0.0021
5858,1897,1922,0.0000,0.0000,1.0000,105.062,-1,0,0.0021
5859,1898,1899,1.0000,0.0000,0.0000,66.625,-1,0,0.0000
5860,1898,4312,0.0000,1.0000,0.0000,66.625,-1,0,0.0000
5861,1898,1922,0.0000,0.0000,1.0000,105.062,-1,0,0.0021
5862,1898,1923,0.0000,0.0000,1.0000,105.062,-1,0,0.0023
5863,1899,1900,1.0000,0.0000,0.0000,66.625,-1,0,0.0000
5864,1899,4312,0.0000,1.0000,0.0000,66.625,-1,0,0.0000
5865,1899,1923,0.0000,0.0000,1.0000,105.062,-1,0,0.0023
5866,1899,1924,0.0000,0.0000,1.0000,105.062,-1,0,0.0025
5867,1900,1924,0.0000,0.0000,1.0000,105.062,-1,0,0.0025
5868,1901,1902,1.0000,0.0000,0.0000,66.625,-1,0,0.0000
5869,1901,1925,0.0000,0.0000,1.0000,105.062,-1,0,0.0026
5870,1902,1903,1.0000,0.0000,0.0000,66.625,-1,0,0.0000
5871,1902,4436,0.0000,1.0000,0.0000,66.625,-1,0,0.0000
5872,1902,1925,0.0000,0.0000,1.0000,105.062,-1,0,0.0026
5873,1902,1926,0.0000,0.0000,1.0000,105.062,-1,0,0.0026
5874,1903,1904,1.0000,0.0000,0.0000,66.625,-1,0,0.0000
5875,1903,4436,0.0000,1.0000,0.0000,66.625,-1,0,0.0000
5876,1903,1926,0.0000,0.0000,1.0000,105.062,-1,0,0.0026
5877,1903,1927,0.0000,0.0000,1.0000,105.062,-1,0,0.0026
5878,1904,1927,0.0000,0.0000,1.0000,105.062,-1,0,0.0026
5879,1905,1906,1.0000,0.0000,0.0000,66.625,-1,0,0.0000
5880,1905,1928,0.0000,0.0000,1.0000,105.062,-1,0,0.0026
5881,1906,1907,1.0000,0.0000,0.0000,66.625,-1,0,0.0000
5882,1906,4560,0.0000,1.0000,0.0000,66.625,-1,0,0.0000
5883,1906,1928,0.0000,0.0000,1.0000,105.062,-1,0,0.0026
5884,1906,1929,0.0000,0.0000,1.0000,105.062,-1,0,0.0026
5885,1907,1908,1.0000,0.0000,0.0000,66.625,-1,0,0.0000
5886,1907,4560,0.0000,1.0000,0.0000,66.625,-1,0,0.0000
5887,1907,1929,0.0000,0.0000,1.0000,105.062,-1,0,0.0026
5888,1907,1930,0.0000,0.0000,1.0000,105.062,-1,0,0.0026
5889,1908,1930,0.0000,0.0000,1.0000,105.062,-1,0,0.0026
5890,1909,1910,1.0000,0.0000,0.0000,66.625,-1,0,0.0000
5891,1909,1931,0.0000,0.0000,1.0000,105.062,-1,0,0.0026
5892,1910,1911,1.0000,0.0000,0.0000,66.625,-1,0,0.0000
5893,1910,4684,0.0000,1.0000,0.0000,66.625,-1,0,0.0000
5894,1910,1931,0.0000,0.0000,1.0000,105.062,-1,0,0.0026
5895,1910,1932,0.0000,0.0000,1.0000,105.062,-1,0,0.0026
5896,1911,1912,1.0000,0.0000,0.0000,66.625,-1,0,0.0000
5897,1911,4684,0.0000,1.0000,0.0000,66.625,-1,0,0.0000
5898,1911,1932,0.0000,0.0000,1.0000,105.062,-1,0,0.0026
5899,1911,1933,0.0000,0.0000,1.0000,105.062,-1,0,0.0026
5900,1912,1933,0.0000,0.0000,1.0000,105.062,-1,0,0.0026
5901,1913,1914,1.0000,0.0000,0.0000,66.625,-1,0,0.0000
5902,1913,1934,0.0000,0.0000,1.0000,105.062,-1,0,0.0026
5903,1914,1915,1.0000,0.0000,0.0000,66.625,-1,0,0.0000
5904,1914,4808,0.0000,1.0000,0.0000,66.625,-1,0,0.0000
5905,1914,1934,0.0000,0.0000,1.0000,105.062,-1,0,0.0026
5906,1914,1935,0.0000,0.0000,1.0000,105.062,-1,0,0.0026
5907,1915,1916,1.0000,0.0000,0.0000,66.625,-1,0,0.0000
5908,1915,4808,0.0000,1.0000,0.0000,66.625,-1,0,0.0000
5909,1915,1935,0.0000,0.0000,1.0000,105.062,-1,0,0.0026
5910,1915,1936,0.0000,0.0000,1.0000,105.062,-1,0,0.0026
5911,1916,1936,0.0000,0.0000,1.0000,105.062,-1,0,0.0026
5912,1917,1918,1.0000,0.0000,0.0000,66.625,-1,0,0.0000
5913,1917,1937,0.0000,0.0000,1.0000,105.062,-1,0,0.0025
5914,1918,1919,1.0000,0.0000,0.0000,66.625,-1,0,0.0000
5915,1918,4932,0.0000,1.0000,0.0000,66.625,-1,0,0.0000
5916,1918,1937,0.0000,0.0000,1.0000,105.062,-1,0,0.0025
5917,1918,1938,0.0000,0.0000,1.0000,105.062,-1,0,0.0023
5918,1919,1920,1.0000,0.0000,0.0000,66.625,-1,0,0.0000
5919,1919,4932,0.0000,1.0000,0.0000,66.625,-1,0,0.0000
5920,1919,1938,0.0000,0.0000,1.0000,105.062,-1,0,0.0023
5921,1919,1939,0.0000,0.0000,1.0000,105.062,-1,0,0.0021
5922,1920,3802,0.0000,-1.0000,0.0000,66.625,-1,0,0.0000
5923,1920,1939,0.0000,0.0000,1.0000,105.062,-1,0,0.0021
5924,1920,1940,0.0000,0.0000,1.0000,105.062,-1,0,0.0021
5925,1921,1922,1.0000,0.0000,0.0000,66.625,-1,0,0.0000
5926,1921,1941,0.0000,0.0000,1.0000,105.062,-1,0,0.0020
5927,1921,3142,0.0000,-1.0000,0.0000,66.625,-1,0,0.0000
5928,1922,1923,1.0000,0.0000,0.0000,66.625,-1,0,0.0000
5929,1922,1941,0.0000,0.0000,1.0000,105.062,-1,0,0.0020
5930,1922,1942,0.0000,0.0000,1.0000,105.062,-1,0,0.0021
5931,1923,1924,1.0000,0.0000,0.0000,66.625,-1,0,0.0000
5932,1923,1942,0.0000,0.0000,1.0000,105.062,-1,0,0.0021
5933,1923,1943,0.0000,0.0000,1.0000,105.062,-1,0,0.0023
5934,1923,4314,0.0000,1.0000,0.0000,139.750,-1,0,0.0000
5935,1924,1943,0.0000,0.0000,1.0000,105.062,-1,0,0.0023
5936,1924,1944,0.0000,0.0000,1.0000,105.062,-1,0,0.0024
5937,1925,1926,1.0000,0.0000,0.0000,66.625,-1,0,0.0000
5938,1925,1945,0.0000,0.0000,1.0000,105.062,-1,0,0.0025
5939,1925,1946,0.0000,0.0000,1.0000,105.062,-1,0,0.0025
5940,1926,1927,1.0000,0.0000,0.0000,66.625,-1,0,0.0000
5941,1926,1946,0.0000,0.0000,1.0000,105.062,-1,0,0.0025
5942,1926,1947,0.0000,0.0000,1.0000,105.062,-1,0,0.0025
5943,1926,4438,0.0000,1.0000,0.0000,139.750,-1,0,0.0000
5944,1927,1947,0.0000,0.0000,1.0000,105.062,-1,0,0.0025
5945,1927,1948,0.0000,0.0000,1.0000,105.062,-1,0,0.0025
5946,1928,1929,1.0000,0.0000,0.0000,66.625,-1,0,0.0000
5947,1928,1949,0.0000,0.0000,1.0000,105.062,-1,0,0.0025
5948,1928,1950,0.0000,0.0000,1.0000,105.062,-1,0,0.0025
5949,1929,1930,1.0000,0.0000,0.0000,66.625,-1,0,0.0000
5950,1929,1950,0.0000,0.0000,1.0000,105.062,-1,0,0.0025
5951,1929,1951,0.0000,0.0000,1.0000,105.062,-1,0,0.0025
5952,1929,4562,0.0000,1.0000,0.0000,139.750,-1,0,0.0000
5953,1930,1951,0.0000,0.0000,1.0000,105.062,-1,0,0.0025
5954,1930,1952,0.0000,0.0000,1.0000,105.062,-1,0,0.0025
5955,1931,1932,1.0000,0.0000,0.0000,66.625,-1,0,0.0000
5956,1931,1953,0.0000,0.0000,1.0000,105.062,-1,0,0.0025
5957,1931,1954,0.0000,0.0000,1.0000,105.062,-1,0,0.0025
5958,1932,1933,1.0000,0.0000,0.0000,66.625,-1,0,0.0000
5959,1932,1954,0.0000,0.0000,1.0000,105.062,-1,0,0.0025
5960,1932,1955,0.0000,0.0000,1.0000,105.062,-1,0,0.0025
5961,1932,4686,0.0000,1.0000,0.0000,139.750,-1,0,0.0000
5962,1933,1955,0.0000,0.0000,1.0000,105.062,-1,0,0.0025
5963,1933,1956,0.0000,0.0000,1.0000,105.062,-1,0,0.0025
5964,1934,1935,1.0000,0.0000,0.0000,66.625,-1,0,0.0000
5965,1934,1957,0.0000,0.0000,1.0000,105.062,-1,0,0.0025
5966,1934,1958,0.0000,0.0000,1.0000,105.062,-1,0,0.0025
5967,1935,1936,1.0000,0.0000,0.0000,66.625,-1,0,0.0000
5968,1935,1958,0.0000,0.0000,1.0000,105.062,-1,0,0.0025
5969,1935,1959,0.0000,0.0000,1.0000,105.062,-1,0,0.0025
5970,1935,4810,0.0000,1.0000,0.0000,139.750,-1,0,0.0000
5971,1936,1959,0.0000,0.0000,1.0000,105.062,-1,0,0.0025
5972,1936,1960,0.0000,0.0000,1.0000,105.062,-1,0,0.0025
5973,1937,1938,1.0000,0.0000,0.0000,66.625,-1,0,0.0000
5974,1937,1961,0.0000,0.0000,1.0000,105.062,-1,0,0.0024
5975,1937,1962,0.0000,0.0000,1.0000,105.062,-1,0,0.0023
5976,1938,1939,1.0000,0.0000,0.0000,66.625,-1,0,0.0000
5977,1938,1962,0.0000,0.0000,1.0000,105.062,-1,0,0.0023
5978,1938,1963,0.0000,0.0000,1.0000,105.062,-1,0,0.0021
5979,1938,4934,0.0000,1.0000,0.0000,139.750,-1,0,0.0000
5980,1939,1940,1.0000,0.0000,0.0000,66.625,-1,0,0.0000
5981,1939,1963,0.0000,0.0000,1.0000,105.062,-1,0,0.0021
5982,1939,1964,0.0000,0.0000,1.0000,105.062,-1,0,0.0020
5983,1940,1964,0.0000,0.0000,1.0000,105.062,-1,0,0.0020
5984,1940,3812,0.0000,-1.0000,0.0000,66.625,-1,0,0.0000
5985,1941,1942,1.0000,0.0000,0.0000,66.625,-1,0,0.0000
5986,1941,3152,0.0000,-1.0000,0.0000,66.625,-1,0,0.0000
5987,1941,1965,0.0000,0.0000,1.0000,105.062,-1,0,0.0018
5988,1941,1966,0.0000,0.0000,1.0000,105.062,-1,0,0.0019
5989,1942,1943,1.0000,0.0000,0.0000,66.625,-1,0,0.0000
5990,1942,4316,0.0000,1.0000,0.0000,66.625,-1,0,0.0000
5991,1942,1966,0.0000,0.0000,1.0000,105.062,-1,0,0.0019
5992,1942,1967,0.0000,0.0000,1.0000,105.062,-1,0,0.0021
5993,1943,1944,1.0000,0.0000,0.0000,66.625,-1,0,0.0000
5994,1943,4316,0.0000,1.0000,0.0000,66.625,-1,0,0.0000
5995,1943,1967,0.0000,0.0000,1.0000,105.062,-1,0,0.0021
5996,1943,1968,0.0000,0.0000,1.0000,105.062,-1,0,0.0023
5997,1944,1968,0.0000,0.0000,1.0000,105.062,-1,0,0.0023
5998,1945,1946,1.0000,0.0000,0.0000,66.625,-1,0,0.0000
5999,1945,1969,0.0000,0.0000,1.0000,105.062,-1,0,0.0024
6000,1946,1947,1.0000,0.0000,0.0000,66.625,-1,0,0.0000
6001,1946,4440,0.0000,1.0000,0.0000,66.625,-1,0,0.0000
6002,1946,1969,0.0000,0.0000,1.0000,105.062,-1,0,0.0024
6003,1946,1970,0.0000,0.0000,1.0000,105.062,-1,0,0.0023
6004,1947,1948,1.0000,0.0000,0.0000,66.625,-1,0,0.0000
6005,1947,4440,0.0000,1.0000,0.0000,66.625,-1,0,0.0000
6006,1947,1970,0.0000,0.0000,1.0000,105.062,-1,0,0.0023
6007,1947,1971,0.0000,0.0000,1.0000,105.062,-1,0,0.0024
6008,1948,1971,0.0000,0.0000,1.0000,105.062,-1,0,0.0024
6009,1949,1950,1.0000,0.0000,0.0000,66.625,-1,0,0.0000
6010,1949,1972,0.0000,0.0000,1.0000,105.062,-1,0,0.0024
6011,1950,1951,1.0000,0.0000,0.0000,66.625,-1,0,0.0000
6012,1950,4564,0.0000,1.0000,0.0000,66.625,-1,0,0.0000
6013,1950,1972,0.0000,0.0000,1.0000,105.062,-1,0,0.0024
6014,1950,1973,0.0000,0.0000,1.0000,105.062,-1,0,0.0023
6015,1951,1952,1.0000,0.0000,0.0000,66.625,-1,0,0.0000
6016,1951,4564,0.0000,1.0000,0.0000,66.625,-1,0,0.0000
6017,1951,1973,0.0000,0.0000,1.0000,105.062,-1,0,0.0023
6018,1951,1974,0.0000,0.0000,1.0000,105.062,-1,0,0.0024
6019,1952,1974,0.0000,0.0000,1.0000,105.062,-1,0,0.0024
6020,1953,1954,1.0000,0.0000,0.0000,66.625,-1,0,0.0000
6021,1953,1975,0.0000,0.0000,1.0000,105.062,-1,0,0.0024
6022,1954,1955,1.0000,0.0000,0.0000,66.625,-1,0,0.0000
6023,1954,4688,0.0000,1.0000,0.0000,66.625,-1,0,0.0000
6024,1954,1975,0.0000,0.0000,1.0000,105.062,-1,0,0.0024
6025,1954,1976,0.0000,0.0000,1.0000,105.062,-1,0,0.0023
6026,1955,1956,1.0000,0.0000,0.0000,66.625,-1,0,0.0000
6027,1955,4688,0.0000,1.0000,0.0000,66.625,-1,0,0.0000
6028,1955,1976,0.0000,0.0000,1.0000,105.062,-1,0,0.0023
6029,1955,1977,0.0000,0.0000,1.0000,105.062,-1,0,0.0024
6030,1956,1977,0.0000,0.0000,1.0000,105.062,-1,0,0.0024
6031,1957,1958,1.0000,0.0000,0.0000,66.625,-1,0,0.0000
6032,1957,1978,0.0000,0.0000,1.0000,105.062,-1,0,0.0024
6033,1958,1959,1.0000,0.0000,0.0000,66.625,-1,0,0.0000
6034,1958,4812,0.0000,1.0000,0.0000,66.625,-1,0,0.0000
6035,1958,1978,0.0000,0.0000,1.0000,105.062,-1,0,0.0024
6036,1958,1979,0.0000,0.0000,1.0000,105.062,-1,0,0.0023
6037,1959,1960,1.0000,0.0000,0.0000,66.625,-1,0,0.0000
6038,1959,4812,0.0000,1.0000,0.0000,66.625,-1,0,0.0000
6039,1959,1979,0.0000,0.0000,1.0000,105.062,-1,0,0.0023
6040,1959,1980,0.0000,0.0000,1.0000,105.062,-1,0,0.0024
6041,1960,1980,0.0000,0.0000,1.0000,105.062,-1,0,0.0024
6042,1961,1962,1.0000,0.0000,0.0000,66.625,-1,0,0.0000
6043,1961,1981,0.0000,0.0000,1.0000,105.062,-1,0,0.0023
6044,1962,1963,1.0000,0.0000,0.0000,66.625,-1,0,0.0000
6045,1962,4936,0.0000,1.0000,0.0000,66.625,-1,0,0.0000
6046,1962,1981,0.0000,0.0000,1.0000,105.062,-1,0,0.0023
6047,1962,1982,0.0000,0.0000,1.0000,105.062,-1,0,0.0021
6048,1963,1964,1.0000,0.0000,0.0000,66.625,-1,0,0.0000
6049,1963,4936,0.0000,1.0000,0.0000,66.625,-1,0,0.0000
6050,1963,1982,0.0000,0.0000,1.0000,105.062,-1,0,0.0021
6051,1963,1983,0.0000,0.0000,1.0000,105.062,-1,0,0.0019
6052,1964,3820,0.0000,-1.0000,0.0000,66.625,-1,0,0.0000
6053,1964,1983,0.0000,0.0000,1.0000,105.062,-1,0,0.0019
6054,1964,1984,0.0000,0.0000,1.0000,105.062,-1,0,0.0018
6055,1965,1966,1.0000,0.0000,0.0000,66.625,-1,0,0.0000
6056,1965,1985,0.0000,0.0000,1.0000,105.062,-1,0,0.0017
6057,1965,3165,0.0000,-1.0000,0.0000,66.625,-1,0,0.0000
6058,1966,1967,1.0000,0.0000,0.0000,66.625,-1,0,0.0000
6059,1966,1985,0.0000,0.0000,1.0000,105.062,-1,0,0.0017
6060,1966,1986,0.0000,0.0000,1.0000,105.062,-1,0,0.0018
6061,1967,1968,1.0000,0.0000,0.0000,66.625,-1,0,0.0000
6062,1967,1986,0.0000,0.0000,1.0000,105.062,-1,0,0.0018
6063,1967,1987,0.0000,0.0000,1.0000,105.062,-1,0,0.0021
6064,1967,4318,0.0000,1.0000,0.0000,139.750,-1,0,0.0000
6065,1968,1987,0.0000,0.0000,1.0000,105.062,-1,0,0.0021
6066,1968,1988,0.0000,0.0000,1.0000,105.062,-1,0,0.0023
6067,1969,1970,1.0000,0.0000,0.0000,66.625,-1,0,0.0000
6068,1969,1989,0.0000,0.0000,1.0000,105.062,-1,0,0.0023
6069,1969,1990,0.0000,0.0000,1.0000,105.062,-1,0,0.0022
6070,1970,1971,1.0000,0.0000,0.0000,66.625,-1,0,0.0000
6071,1970,1990,0.0000,0.0000,1.0000,105.062,-1,0,0.0022
6072,1970,1991,0.0000,0.0000,1.0000,105.062,-1,0,0.0022
6073,1970,4442,0.0000,1.0000,0.0000,139.750,-1,0,0.0000
6074,1971,1991,0.0000,0.0000,1.0000,105.062,-1,0,0.0022
6075,1971,1992,0.0000,0.0000,1.0000,105.062,-1,0,0.0023
6076,1972,1973,1.0000,0.0000,0.0000,66.625,-1,0,0.0000
6077,1972,1993,0.0000,0.0000,1.0000,105.062,-1,0,0.0023
6078,1972,1994,0.0000,0.0000,1.0000,105.062,-1,0,0.0022
6079,1973,1974,1.0000,0.0000,0.0000,66.625,-1,0,0.0000
6080,1973,1994,0.0000,0.0000,1.0000,105.062,-1,0,0.0022
6081,1973,1995,0.0000,0.0000,1.0000,105.062,-1,0,0.0022
6082,1973,4566,0.0000,1.0000,0.0000,139.750,-1,0,0.0000
6083,1974,1995,0.0000,0.0000,1.0000,105.062,-1,0,0.0022
6084,1974,1996,0.0000,0.0000,1.0000,105.062,-1,0,0.0023
6085,1975,1976,1.0000,0.0000,0.0000,66.625,-1,0,0.0000
6086,1975,1997,0.0000,0.0000,1.0000,105.062,-1,0,0.0023
6087,1975,1998,0.0000,0.0000,1.0000,105.062,-1,0,0.0022
6088,1976,1977,1.0000,0.0000,0.0000,66.625,-1,0,0.0000
6089,1976,1998,0.0000,0.0000,1.0000,105.062,-1,0,0.0022
6090,1976,1999,0.0000,0.0000,1.0000,105.062,-1,0,0.0022
6091,1976,4690,0.0000,1.0000,0.0000,139.750,-1,0,0.0000
6092,1977,1999,0.0000,0.0000,1.0000,105.062,-1,0,0.0022
6093,1977,2000,0.0000,0.0000,1.0000,105.062,-1,0,0.0023
6094,1978,1979,1.0000,0.0000,0.0000,66.625,-1,0,0.0000
6095,1978,2001,0.0000,0.0000,1.0000,105.062,-1,0,0.0023
6096,1978,2002,0.0000,0.0000,1.0000,105.062,-1,0,0.0022
6097,1979,1980,1.0000,0.0000,0.0000,66.625,-1,0,0.0000
6098,1979,2002,0.0000,0.0000,1.0000,105.062,-1,0,0.0022
6099,1979,2003,0.0000,0.0000,1.0000,105.062,-1,0,0.0022
6100,1979,4814,0.0000,1.0000,0.0000,139.750,-1,0,0.0000
6101,1980,2003,0.0000,0.0000,1.0000,105.062,-1,0,0.0022
6102,1980,2004,0.0000,0.0000,1.0000,105.062,-1,0,0.0023
6103,1981,1982,1.0000,0.0000,0.0000,66.625,-1,0,0.0000
6104,1981,2005,0.0000,0.0000,1.0000,105.062,-1,0,0.0023
6105,1981,2006,0.0000,0.0000,1.0000,105.062,-1,0,0.0021
6106,1982,1983,1.0000,0.0000,0.0000,66.625,-1,0,0.0000
6107,1982,2006,0.0000,0.0000,1.0000,105.062,-1,0,0.0021
6108,1982,2007,0.0000,0.0000,1.0000,105.062,-1,0,0.0018
6109,1982,4938,0.0000,1.0000,0.0000,139.750,-1,0,0.0000
6110,1983,1984,1.0000,0.0000,0.0000,66.625,-1,0,0.0000
6111,1983,2007,0.0000,0.0000,1.0000,105.062,-1,0,0.0018
6112,1983,2008,0.0000,0.0000,1.0000,105.062,-1,0,0.0017
6113,1984,2008,0.0000,0.0000,1.0000,105.062,-1,0,0.0017
6114,1984,3830,0.0000,-1.0000,0.0000,66.625,-1,0,0.0000
6115,1985,1986,1.0000,0.0000,0.0000,66.625,-1,0,0.0000
6116,1985,3175,0.0000,-1.0000,0.0000,66.625,-1,0,0.0000
6117,1985,2009,0.0000,0.0000,1.0000,105.062,-1,0,0.0015
6118,1985,2010,0.0000,0.0000,1.0000,105.062,-1,0,0.0016
6119,1986,1987,1.0000,0.0000,0.0000,66.625,-1,0,0.0000
6120,1986,4320,0.0000,1.0000,0.0000,66.625,-1,0,0.0000
6121,1986,2010,0.0000,0.0000,1.0000,105.062,-1,0,0.0016
6122,1986,2011,0.0000,0.0000,1.0000,105.062,-1,0,0.0018
6123,1987,1988,1.0000,0.0000,0.0000,66.625,-1,0,0.0000
6124,1987,4320,0.0000,1.0000,0.0000,66.625,-1,0,0.0000
6125,1987,2011,0.0000,0.0000,1.0000,105.062,-1,0,0.0018
6126,1987,2012,0.0000,0.0000,1.0000,105.062,-1,0,0.0022
6127,1988,2012,0.0000,0.0000,1.0000,105.062,-1,0,0.0022
6128,1989,1990,1.0000,0.0000,0.0000,66.625,-1,0,0.0000
6129,1989,2013,0.0000,0.0000,1.0000,105.062,-1,0,0.0022
6130,1990,1991,1.0000,0.0000,0.0000,66.625,-1,0,0.0000
6131,1990,4444,0.0000,1.0000,0.0000,66.625,-1,0,0.0000
6132,1990,2013,0.0000,0.0000,1.0000,105.062,-1,0,0.0022
6133,1990,2014,0.0000,0.0000,1.0000,105.062,-1,0,0.0020
6134,1991,1992,1.0000,0.0000,0.0000,66.625,-1,0,0.0000
6135,1991,4444,0.0000,1.0000,0.0000,66.625,-1,0,0.0000
6136,1991,2014,0.0000,0.0000,1.0000,105.062,-1,0,0.0020
6137,1991,2015,0.0000,0.0000,1.0000,105.062,-1,0,0.0022
6138,1992,2015,0.0000,0.0000,1.0000,105.062,-1,0,0.0022
6139,1993,1994,1.0000,0.0000,0.0000,66.625,-1,0,0.0000
6140,1993,2016,0.0000,0.0000,1.0000,105.062,-1,0,0.0022
6141,1994,1995,1.0000,0.0000,0.0000,66.625,-1,0,0.0000
6142,1994,4568,0.0000,1.0000,0.0000,66.625,-1,0,0.0000
6143,1994,2016,0.0000,0.0000,1.0000,105.062,-1,0,0.0022
6144,1994,2017,0.0000,0.0000,1.0000,105.062,-1,0,0.0020
6145,1995,1996,1.0000,0.0000,0.0000,66.625,-1,0,0.0000
6146,1995,4568,0.0000,1.0000,0.0000,66.625,-1,0,0.0000
6147,1995,2017,0.0000,0.0000,1.0000,105.062,-1,0,0.0020
6148,1995,2018,0.0000,0.0000,1.0000,105.062,-1,0,0.0022
6149,1996,2018,0.0000,0.0000,1.0000,105.062,-1,0,0.0022
6150,1997,1998,1.0000,0.0000,0.0000,66.625,-1,0,0.0000
6151,1997,2019,0.0000,0.0000,1.0000,105.062,-1,0,0.0022
6152,1998,1999,1.0000,0.0000,0.0000,66.625,-1,0,0.0000
6153,1998,4692,0.0000,1.0000,0.0000,66.625,-1,0,0.0000
6154,1998,2019,0.0000,0.0000,1.0000,105.062,-1,0,0.0022
6155,1998,2020,0.0000,0.0000,1.0000,105.062,-1,0,0.0020
6156,1999,2000,1.0000,0.0000,0.0000,66.625,-1,0,0.0000
6157,1999,4692,0.0000,1.0000,0.0000,66.625,-1,0,0.0000
6158,1999,2020,0.0000,0.0000,1.0000,105.062,-1,0,0.0020
6159,1999,2021,0.0000,0.0000,1.0000,105.062,-1,0,0.0022
6160,2000,2021,0.0000,0.0000,1.0000,105.062,-1,0,0.0022
6161,2001,2002,1.0000,0.0000,0.0000,66.625,-1,0,0.0000
6162,2001,2022,0.0000,0.0000,1.0000,105.062,-1,0,0.0022
6163,2002,2003,1.0000,0.0000,0.0000,66.625,-1,0,0.0000
6164,2002,4816,0.0000,1.0000,0.0000,66.625,-1,0,0.0000
6165,2002,2022,0.0000,0.0000,1.0000,105.062,-1,0,0.0022
6166,2002,2023,0.0000,0.0000,1.0000,105.062,-1,0,0.0020
6167,2003,2004,1.0000,0.0000,0.0000,66.625,-1,0,0.0000
6168,2003,4816,0.0000,1.0000,0.0000,66.625,-1,0,0.0000
6169,2003,2023,0.0000,0.0000,1.0000,105.062,-1,0,0.0020
6170,2003,2024,0.0000,0.0000,1.0000,105.062,-1,0,0.0022
6171,2004,2024,0.0000,0.0000,1.0000,105.062,-1,0,0.0022
6172,2005,2006,1.0000,0.0000,0.0000,66.625,-1,0,0.0000
6173,2005,2025,0.0000,0.0000,1.0000,105.062,-1,0,0.0022
6174,2006,2007,1.0000,0.0000,0.0000,66.625,-1,0,0.0000
6175,2006,4940,0.0000,1.0000,0.0000,66.625,-1,0,0.0000
6176,2006,2025,0.0000,0.0000,1.0000,105.062,-1,0,0.0022
6177,2006,2026,0.0000,0.0000,1.0000,105.062,-1,0,0.0018
6178,2007,2008,1.0000,0.0000,0.0000,66.625,-1,0,0.0000
6179,2007,4940,0.0000,1.0000,0.0000,66.625,-1,0,0.0000
6180,2007,2026,0.0000,0.0000,1.0000,105.062,-1,0,0.0018
6181,2007,2027,0.0000,0.0000,1.0000,105.062,-1,0,0.0016
6182,2008,3838,0.0000,-1.0000,0.0000,66.625,-1,0,0.0000
6183,2008,2027,0.0000,0.0000,1.0000,105.062,-1,0,0.0016
6184,2008,2028,0.0000,0.0000,1.0000,105.062,-1,0,0.0015
6185,2009,2010,1.0000,0.0000,0.0000,66.625,-1,0,0.0000
6186,2009,2029,0.0000,0.0000,1.0000,105.062,-1,0,0.0014
6187,2009,3188,0.0000,-1.0000,0.0000,66.625,-1,0,0.0000
6188,2010,2011,1.0000,0.0000,0.0000,66.625,-1,0,0.0000
6189,2010,2029,0.0000,0.0000,1.0000,105.062,-1,0,0.0014
6190,2010,2030,0.0000,0.0000,1.0000,105.062,-1,0,0.0014
6191,2011,2012,1.0000,0.0000,0.0000,66.625,-1,0,0.0000
6192,2011,2030,0.0000,0.0000,1.0000,105.062,-1,0,0.0014
6193,2011,2031,0.0000,0.0000,1.0000,105.062,-1,0,0.0018
6194,2011,4322,0.0000,1.0000,0.0000,139.750,-1,0,0.0000
6195,2012,2031,0.0000,0.0000,1.0000,105.062,-1,0,0.0018
6196,2012,2032,0.0000,0.0000,1.0000,105.062,-1,0,0.0022
6197,2013,2014,1.0000,0.0000,0.0000,66.625,-1,0,0.0000
6198,2013,2033,0.0000,0.0000,1.0000,105.062,-1,0,0.0022
6199,2013,2034,0.0000,0.0000,1.0000,105.062,-1,0,0.0018
6200,2014,2015,1.0000,0.0000,0.0000,66.625,-1,0,0.0000
6201,2014,2034,0.0000,0.0000,1.0000,105.062,-1,0,0.0018
6202,2014,2035,0.0000,0.0000,1.0000,105.062,-1,0,0.0018
6203,2014,4446,0.0000,1.0000,0.0000,139.750,-1,0,0.0000
6204,2015,2035,0.0000,0.0000,1.0000,105.062,-1,0,0.0018
6205,2015,2036,0.0000,0.0000,1.0000,105.062,-1,0,0.0022
6206,2016,2017,1.0000,0.0000,0.0000,66.625,-1,0,0.0000
6207,2016,2037,0.0000,0.0000,1.0000,105.062,-1,0,0.0022
6208,2016,2038,0.0000,0.0000,1.0000,105.062,-1,0,0.0018
6209,2017,2018,1.0000,0.0000,0.0000,66.625,-1,0,0.0000
6210,2017,2038,0.0000,0.0000,1.0000,105.062,-1,0,0.0018
6211,2017,2039,0.0000,0.0000,1.0000,105.062,-1,0,0.0018
6212,2017,4570,0.0000,1.0000,0.0000,139.750,-1,0,0.0000
6213,2018,2039,0.0000,0.0000,1.0000,105.062,-1,0,0.0018
6214,2018,2040,0.0000,0.0000,1.0000,105.062,-1,0,0.0022
6215,2019,2020,1.0000,0.0000,0.0000,66.625,-1,0,0.0000
6216,2019,2041,0.0000,0.0000,1.0000,105.062,-1,0,0.0022
6217,2019,2042,0.0000,0.0000,1.0000,105.062,-1,0,0.0018
6218,2020,2021,1.0000,0.0000,0.0000,66.625,-1,0,0.0000
6219,2020,2042,0.0000,0.0000,1.0000,105.062,-1,0,0.0018
6220,2020,2043,0.0000,0.0000,1.0000,105.062,-1,0,0.0018
6221,2020,4694,0.0000,1.0000,0.0000,139.750,-1,0,0.0000
6222,2021,2043,0.0000,0.0000,1.0000,105.062,-1,0,0.0018
6223,2021,2044,0.0000,0.0000,1.0000,105.062,-1,0,0.0022
6224,2022,2023,1.0000,0.0000,0.0000,66.625,-1,0,0.0000
6225,2022,2045,0.0000,0.0000,1.0000,105.062,-1,0,0.0022
6226,2022,2046,0.0000,0.0000,1.0000,105.062,-1,0,0.0018
6227,2023,2024,1.0000,0.0000,0.0000,66.625,-1,0,0.0000
6228,2023,2046,0.0000,0.0000,1.0000,105.062,-1,0,0.0018
6229,2023,2047,0.0000,0.0000,1.0000,105.062,-1,0,0.0018
6230,2023,4818,0.0000,1.0000,0.0000,139.750,-1,0,0.0000
6231,2024,2047,0.0000,0.0000,1.0000,105.062,-1,0,0.0018
6232,2024,2048,0.0000,0.0000,1.0000,105.062,-1,0,0.0022
6233,2025,2026,1.0000,0.0000,0.0000,66.625,-1,0,0.0000
6234,2025,2049,0.0000,0.0000,1.0000,105.062,-1,0,0.0022
6235,2025,2050,0.0000,0.0000,1.0000,105.062,-1,0,0.0018
6236,2026,2027,1.0000,0.0000,0.0000,66.625,-1,0,0.0000
6237,2026,2050,0.0000,0.0000,1.0000,105.062,-1,0,0.0018
6238,2026,2051,0.0000,0.0000,1.0000,105.062,-1,0,0.0014
6239,2026,4942,0.0000,1.0000,0.0000,139.750,-1,0,0.0000
6240,2027,2028,1.0000,0.0000,0.0000,66.625,-1,0,0.0000
6241,2027,2051,0.0000,0.0000,1.0000,105.062,-1,0,0.0014
6242,2027,2052,0.0000,0.0000,1.0000,105.062,-1,0,0.0014
6243,2028,2052,0.0000,0.0000,1.0000,105.062,-1,0,0.0014
6244,2028,3848,0.0000,-1.0000,0.0000,66.625,-1,0,0.0000
6245,2029,2030,1.0000,0.0000,0.0000,66.625,-1,0,0.0000
6246,2029,3198,0.0000,-1.0000,0.0000,66.625,-1,0,0.0000
6247,2029,2053,0.0000,0.0000,1.0000,105.062,-1,0,0.0013
6248,2029,2054,0.0000,0.0000,1.0000,105.062,-1,0,0.0013
6249,2030,2031,1.0000,0.0000,0.0000,66.625,-1,0,0.0000
6250,2030,4324,0.0000,1.0000,0.0000,66.625,-1,0,0.0000
6251,2030,2054,0.0000,0.0000,1.0000,105.062,-1,0,0.0013
6252,2030,2055,0.0000,0.0000,1.0000,105.062,-1,0,0.0013
6253,2031,2032,1.0000,0.0000,0.0000,66.625,-1,0,0.0000
6254,2031,4324,0.0000,1.0000,0.0000,66.625,-1,0,0.0000
6255,2031,2055,0.0000,0.0000,1.0000,105.062,-1,0,0.0013
6256,2031,2056,0.0000,0.0000,1.0000,105.062,-1,0,0.0021
6257,2032,2056,0.0000,0.0000,1.0000,105.062,-1,0,0.0021
6258,2033,2034,1.0000,0.0000,0.0000,66.625,-1,0,0.0000
6259,2033,2057,0.0000,0.0000,1.0000,105.062,-1,0,0.0021
6260,2034,2035,1.0000,0.0000,0.0000,66.625,-1,0,0.0000
6261,2034,4448,0.0000,1.0000,0.0000,66.625,-1,0,0.0000
6262,2034,2057,0.0000,0.0000,1.0000,105.062,-1,0,0.0021
6263,2034,2058,0.0000,0.0000,1.0000,105.062,-1,0,0.0013
6264,2035,2036,1.0000,0.0000,0.0000,66.625,-1,0,0.0000
6265,2035,4448,0.0000,1.0000,0.0000,66.625,-1,0,0.0000
6266,2035,2058,0.0000,0.0000,1.0000,105.062,-1,0,0.0013
6267,2035,2059,0.0000,0.0000,1.0000,105.062,-1,0,0.0021
6268,2036,2059,0.0000,0.0000,1.0000,105.062,-1,0,0.0021
6269,2037,2038,1.0000,0.0000,0.0000,66.625,-1,0,0.0000
6270,2037,2060,0.0000,0.0000,1.0000,105.062,-1,0,0.0021
6271,2038,2039,1.0000,0.0000,0.0000,66.625,-1,0,0.0000
6272,2038,4572,0.0000,1.0000,0.0000,66.625,-1,0,0.0000
6273,2038,2060,0.0000,0.0000,1.0000,105.062,-1,0,0.0021
6274,2038,2061,0.0000,0.0000,1.0000,105.062,-1,0,0.0013
6275,2039,2040,1.0000,0.0000,0.0000,66.625,-1,0,0.0000
6276,2039,4572,0.0000,1.0000,0.0000,66.625,-1,0,0.0000
6277,2039,2061,0.0000,0.0000,1.0000,105.062,-1,0,0.0013
6278,2039,2062,0.0000,0.0000,1.0000,105.062,-1,0,0.0021
6279,2040,2062,0.0000,0.0000,1.0000,105.062,-1,0,0.0021
6280,2041,2042,1.0000,0.0000,0.0000,66.625,-1,0,0.0000
6281,2041,2063,0.0000,0.0000,1.0000,105.062,-1,0,0.0021
6282,2042,2043,1.0000,0.0000,0.0000,66.625,-1,0,0.0000
6283,2042,4696,0.0000,1.0000,0.0000,66.625,-1,0,0.0000
6284,2042,2063,0.0000,0.0000,1.0000,105.062,-1,0,0.0021
6285,2042,2064,0.0000,0.0000,1.0000,105.062,-1,0,0.0013
6286,2043,2044,1.0000,0.0000,0.0000,66.625,-1,0,0.0000
6287,2043,4696,0.0000,1.0000,0.0000,66.625,-1,0,0.0000
6288,2043,2064,0.0000,0.0000,1.0000,105.062,-1,0,0.0013
6289,2043,2065,0.0000,0.0000,1.0000,105.062,-1,0,0.0021
6290,2044,2065,0.0000,0.0000,1.0000,105.062,-1,0,0.0021
6291,2045,2046,1.0000,0.0000,0.0000,66.625,-1,0,0.0000
6292,2045,2066,0.0000,0.0000,1.0000,105.062,-1,0,0.0021
6293,2046,2047,1.0000,0.0000,0.0000,66.625,-1,0,0.0000
6294,2046,4820,0.0000,1.0000,0.0000,66.625,-1,0,0.0000
6295,2046,2066,0.0000,0.0000,1.0000,105.062,-1,0,0.0021
6296,2046,2067,0.0000,0.0000,1.0000,105.062,-1,0,0.0013
6297,2047,2048,1.0000,0.0000,0.0000,66.625,-1,0,0.0000
6298,2047,4820,0.0000,1.0000,0.0000,66.625,-1,0,0.0000
6299,2047,2067,0.0000,0.0000,1.0000,105.062,-1,0,0.0013
6300,2047,2068,0.0000,0.0000,1.0000,105.062,-1,0,0.0021
6301,2048,2068,0.0000,0.0000,1.0000,105.062,-1,0,0.0021
6302,2049,2050,1.0000,0.0000,0.0000,66.625,-1,0,0.0000
6303,2049,2069,0.0000,0.0000,1.0000,105.062,-1,0,0.0021
6304,2050,2051,1.0000,0.0000,0.0000,66.625,-1,0,0.0000
6305,2050,4944,0.0000,1.0000,0.0000,66.625,-1,0,0.0000
6306,2050,2069,0.0000,0.0000,1.0000,105.062,-1,0,0.0021
6307,2050,2070,0.0000,0.0000,1.0000,105.062,-1,0,0.0013
6308,2051,2052,1.0000,0.0000,0.0000,66.625,-1,0,0.0000
6309,2051,4944,0.0000,1.0000,0.0000,66.625,-1,0,0.0000
6310,2051,2070,0.0000,0.0000,1.0000,105.062,-1,0,0.0013
6311,2051,2071,0.0000,0.0000,1.0000,105.062,-1,0,0.0013
6312,2052,3856,0.0000,-1.0000,0.0000,66.625,-1,0,0.0000
6313,2052,2071,0.0000,0.0000,1.0000,105.062,-1,0,0.0013
6314,2052,2072,0.0000,0.0000,1.0000,105.062,-1,0,0.0013
6315,2053,2054,1.0000,0.0000,0.0000,66.625,-1,0,0.0000
6316,2053,3211,0.0000,-1.0000,0.0000,66.625,-1,0,0.0000
6317,2053,2073,0.0000,0.0000,1.0000,105.062,-1,0,0.0012
6318,2054,2055,1.0000,0.0000,0.0000,66.625,-1,0,0.0000
6319,2054,2073,0.0000,0.0000,1.0000,105.062,-1,0,0.0012
6320,2054,2074,0.0000,0.0000,1.0000,105.062,-1,0,0.0012
6321,2055,2056,1.0000,0.0000,0.0000,66.625,-1,0,0.0000
6322,2055,4326,0.0000,1.0000,0.0000,139.750,-1,0,0.0000
6323,2055,2074,0.0000,0.0000,1.0000,105.062,-1,0,0.0012
6324,2055,2075,0.0000,0.0000,1.0000,105.062,-1,0,0.0012
6325,2056,2087,0.0000,0.0000,1.0000,220.375,-1,0,0.0009
6326,2057,2058,1.0000,0.0000,0.0000,66.625,-1,0,0.0000
6327,2057,2087,0.0000,0.0000,1.0000,220.375,-1,0,0.0009
6328,2058,2059,1.0000,0.0000,0.0000,66.625,-1,0,0.0000
6329,2058,4450,0.0000,1.0000,0.0000,139.750,-1,0,0.0000
6330,2058,2076,0.0000,0.0000,1.0000,105.062,-1,0,0.0012
6331,2058,2077,0.0000,0.0000,1.0000,105.062,-1,0,0.0012
6332,2059,2088,0.0000,0.0000,1.0000,220.375,-1,0,0.0009
6333,2060,2061,1.0000,0.0000,0.0000,66.625,-1,0,0.0000
6334,2060,2088,0.0000,0.0000,1.0000,220.375,-1,0,0.0009
6335,2061,2062,1.0000,0.0000,0.0000,66.625,-1,0,0.0000
6336,2061,4574,0.0000,1.0000,0.0000,139.750,-1,0,0.0000
6337,2061,2078,0.0000,0.0000,1.0000,105.062,-1,0,0.0012
6338,2061,2079,0.0000,0.0000,1.0000,105.062,-1,0,0.0012
6339,2062,2089,0.0000,0.0000,1.0000,220.375,-1,0,0.0009
6340,2063,2064,1.0000,0.0000,0.0000,66.625,-1,0,0.0000
6341,2063,2089,0.0000,0.0000,1.0000,220.375,-1,0,0.0009
6342,2064,2065,1.0000,0.0000,0.0000,66.625,-1,0,0.0000
6343,2064,4698,0.0000,1.0000,0.0000,139.750,-1,0,0.0000
6344,2064,2080,0.0000,0.0000,1.0000,105.062,-1,0,0.0012
6345,2064,2081,0.0000,0.0000,1.0000,105.062,-1,0,0.0012
6346,2065,2090,0.0000,0.0000,1.0000,220.375,-1,0,0.0009
6347,2066,2067,1.0000,0.0000,0.0000,66.625,-1,0,0.0000
6348,2066,2090,0.0000,0.0000,1.0000,220.375,-1,0,0.0009
6349,2067,2068,1.0000,0.0000,0.0000,66.625,-1,0,0.0000
6350,2067,4822,0.0000,1.0000,0.0000,139.750,-1,0,0.0000
6351,2067,2082,0.0000,0.0000,1.0000,105.062,-1,0,0.0012
6352,2067,2083,0.0000,0.0000,1.0000,105.062,-1,0,0.0012
6353,2068,2091,0.0000,0.0000,1.0000,220.375,-1,0,0.0009
6354,2069,2070,1.0000,0.0000,0.0000,66.625,-1,0,0.0000
6355,2069,2091,0.0000,0.0000,1.0000,220.375,-1,0,0.0009
6356,2070,2071,1.0000,0.0000,0.0000,66.625,-1,0,0.0000
6357,2070,4946,0.0000,1.0000,0.0000,139.750,-1,0,0.0000
6358,2070,2084,0.0000,0.0000,1.0000,105.062,-1,0,0.0012
6359,2070,2085,0.0000,0.0000,1.0000,105.062,-1,0,0.0012
6360,2071,2072,1.0000,0.0000,0.0000,66.625,-1,0,0.0000
6361,2071,2085,0.0000,0.0000,1.0000,105.062,-1,0,0.0012
6362,2071,2086,0.0000,0.0000,1.0000,105.062,-1,0,0.0012
6363,2072,3866,0.0000,-1.0000,0.0000,66.625,-1,0,0.0000
6364,2072,2086,0.0000,0.0000,1.0000,105.062,-1,0,0.0012
6365,2073,2074,1.0000,0.0000,0.0000,66.625,-1,0,0.0000
6366,2073,2092,0.0000,0.0000,1.0000,105.062,-1,0,0.0010
6367,2073,2093,0.0000,0.0000,1.0000,105.062,-1,0,0.0010
6368,2073,3217,0.0000,-1.0000,0.0000,66.625,-1,0,0.0000
6369,2074,2075,1.0000,0.0000,0.0000,66.625,-1,0,0.0000
6370,2074,2093,0.0000,0.0000,1.0000,105.062,-1,0,0.0010
6371,2074,2094,0.0000,0.0000,1.0000,105.062,-1,0,0.0011
6372,2074,4328,0.0000,1.0000,0.0000,66.625,-1,0,0.0000
6373,2075,2087,1.0000,0.0000,0.0000,66.625,-1,0,0.0000
6374,2075,2094,0.0000,0.0000,1.0000,105.062,-1,0,0.0011
6375,2075,4328,0.0000,1.0000,0.0000,66.625,-1,0,0.0000
6376,2076,2077,1.0000,0.0000,0.0000,66.625,-1,0,0.0000
6377,2076,2087,-1.0000,0.0000,0.0000,66.625,-1,0,0.0000
6378,2076,2095,0.0000,0.0000,1.0000,105.062,-1,0,0.0011
6379,2076,4452,0.0000,1.0000,0.0000,66.625,-1,0,0.0000
6380,2077,2088,1.0000,0.0000,0.0000,66.625,-1,0,0.0000
6381,2077,2095,0.0000,0.0000,1.0000,105.062,-1,0,0.0011
6382,2077,4452,0.0000,1.0000,0.0000,66.625,-1,0,0.0000
6383,2078,2079,1.0000,0.0000,0.0000,66.625,-1,0,0.0000
6384,2078,2088,-1.0000,0.0000,0.0000,66.625,-1,0,0.0000
6385,2078,2096,0.0000,0.0000,1.0000,105.062,-1,0,0.0011
6386,2078,4576,0.0000,1.0000,0.0000,66.625,-1,0,0.0000
6387,2079,2089,1.0000,0.0000,0.0000,66.625,-1,0,0.0000
6388,2079,2096,0.0000,0.0000,1.0000,105.062,-1,0,0.0011
6389,2079,4576,0.0000,1.0000,0.0000,66.625,-1,0,0.0000
6390,2080,2081,1.0000,0.0000,0.0000,66.625,-1,0,0.0000
6391,2080,2089,-1.0000,0.0000,0.0000,66.625,-1,0,0.0000
6392,2080,2097,0.0000,0.0000,1.0000,105.062,-1,0,0.0011
6393,2080,4700,0.0000,1.0000,0.0000,66.625,-1,0,0.0000
6394,2081,2090,1.0000,0.0000,0.0000,66.625,-1,0,0.0000
6395,2081,2097,0.0000,0.0000,1.0000,105.062,-1,0,0.0011
6396,2081,4700,0.0000,1.0000,0.0000,66.625,-1,0,0.0000
6397,2082,2083,1.0000,0.0000,0.0000,66.625,-1,0,0.0000
6398,2082,2090,-1.0000,0.0000,0.0000,66.625,-1,0,0.0000
6399,2082,2098,0.0000,0.0000,1.0000,105.062,-1,0,0.0011
6400,2082,4824,0.0000,1.0000,0.0000,66.625,-1,0,0.0000
6401,2083,2091,1.0000,0.0000,0.0000,66.625,-1,0,0.0000
6402,2083,2098,0.0000,0.0000,1.0000,105.062,-1,0,0.0011
6403,2083,4824,0.0000,1.0000,0.0000,66.625,-1,0,0.0000
6404,2084,2085,1.0000,0.0000,0.0000,66.625,-1,0,0.0000
6405,2084,2091,-1.0000,0.0000,0.0000,66.625,-1,0,0.0000
6406,2084,2099,0.0000,0.0000,1.0000,105.062,-1,0,0.0011
6407,2084,4948,0.0000,1.0000,0.0000,66.625,-1,0,0.0000
6408,2085,2086,1.0000,0.0000,0.0000,66.625,-1,0,0.0000
6409,2085,2099,0.0000,0.0000,1.0000,105.062,-1,0,0.0011
6410,2085,2100,0.0000,0.0000,1.0000,105.062,-1,0,0.0010
6411,2085,4948,0.0000,1.0000,0.0000,66.625,-1,0,0.0000
6412,2086,2100,0.0000,0.0000,1.0000,105.062,-1,0,0.0010
6413,2086,2101,0.0000,0.0000,1.0000,105.062,-1,0,0.0010
6414,2086,3874,0.0000,-1.0000,0.0000,66.625,-1,0,0.0000
6415,2087,2094,-1.0000,0.0000,0.0000,66.625,-1,0,0.0000
6416,2087,2095,1.0000,0.0000,0.0000,66.625,-1,0,0.0000
6417,2087,2104,0.0000,0.0000,1.0000,105.062,-1,0,0.0005
6418,2087,2105,0.0000,0.0000,1.0000,220.375,-1,0,0.0004
6419,2087,2106,0.0000,0.0000,1.0000,220.375,-1,0,0.0004
6420,2087,2107,0.0000,0.0000,1.0000,220.375,-1,0,0.0004
6421,2087,2108,0.0000,0.0000,1.0000,105.062,-1,0,0.0005
6422,2088,2095,-1.0000,0.0000,0.0000,66.625,-1,0,0.0000
6423,2088,2096,1.0000,0.0000,0.0000,66.625,-1,0,0.0000
6424,2088,2109,0.0000,0.0000,1.0000,105.062,-1,0,0.0005
6425,2088,2110,0.0000,0.0000,1.0000,220.375,-1,0,0.0004
6426,2088,2111,0.0000,0.0000,1.0000,220.375,-1,0,0.0004
6427,2088,2112,0.0000,0.0000,1.0000,220.375,-1,0,0.0004
6428,2088,2113,0.0000,0.0000,1.0000,105.062,-1,0,0.0005
6429,2089,2096,-1.0000,0.0000,0.0000,66.625,-1,0,0.0000
6430,2089,2097,1.0000,0.0000,0.0000,66.625,-1,0,0.0000
6431,2089,2114,0.0000,0.0000,1.0000,105.062,-1,0,0.0005
6432,2089,2115,0.0000,0.0000,1.0000,220.375,-1,0,0.0004
6433,2089,2116,0.0000,0.0000,1.0000,220.375,-1,0,0.0004
6434,2089,2117,0.0000,0.0000,1.0000,220.375,-1,0,0.0004
6435,2089,2118,0.0000,0.0000,1.0000,105.062,-1,0,0.0005
6436,2090,2097,-1.0000,0.0000,0.0000,66.625,-1,0,0.0000
6437,2090,2098,1.0000,0.0000,0.0000,66.625,-1,0,0.0000
6438,2090,2119,0.0000,0.0000,1.0000,105.062,-1,0,0.0005
6439,2090,2120,0.0000,0.0000,1.0000,220.375,-1,0,0.0004
6440,2090,2121,0.0000,0.0000,1.0000,220.375,-1,0,0.0004
6441,2090,2122,0.0000,0.0000,1.0000,220.375,-1,0,0.0004
6442,2090,2123,0.0000,0.0000,1.0000,105.062,-1,0,0.0005
6443,2091,2098,-1.0000,0.0000,0.0000,66.625,-1,0,0.0000
6444,2091,2099,1.0000,0.0000,0.0000,66.625,-1,0,0.0000
6445,2091,2124,0.0000,0.0000,1.0000,105.062,-1,0,0.0005
6446,2091,2125,0.0000,0.0000,1.0000,220.375,-1,0,0.0004
6447,2091,2126,0.0000,0.0000,1.0000,220.375,-1,0,0.0004
6448,2091,2127,0.0000,0.0000,1.0000,220.375,-1,0,0.0004
6449,2091,2128,0.0000,0.0000,1.0000,105.062,-1,0,0.0005
6450,2092,2093,1.0000,0.0000,0.0000,66.625,-1,0,0.0000
6451,2092,3228,0.0000,-1.0000,0.0000,66.625,-1,0,0.0000
6452,2092,2102,0.0000,0.0000,1.0000,105.062,-1,0,0.0009
6453,2093,2094,1.0000,0.0000,0.0000,66.625,-1,0,0.0000
6454,2093,2102,0.0000,0.0000,1.0000,105.062,-1,0,0.0009
6455,2093,2103,0.0000,0.0000,1.0000,105.062,-1,0,0.0009
6456,2094,4330,0.0000,1.0000,0.0000,139.750,-1,0,0.0000
6457,2094,2103,0.0000,0.0000,1.0000,105.062,-1,0,0.0009
6458,2094,2104,0.0000,0.0000,1.0000,105.062,-1,0,0.0009
6459,2095,4454,0.0000,1.0000,0.0000,139.750,-1,0,0.0000
6460,2095,2108,0.0000,0.0000,1.0000,105.062,-1,0,0.0009
6461,2095,2109,0.0000,0.0000,1.0000,105.062,-1,0,0.0009
6462,2096,4578,0.0000,1.0000,0.0000,139.750,-1,0,0.0000
6463,2096,2113,0.0000,0.0000,1.0000,105.062,-1,0,0.0009
6464,2096,2114,0.0000,0.0000,1.0000,105.062,-1,0,0.0009
6465,2097,4702,0.0000,1.0000,0.0000,139.750,-1,0,0.0000
6466,2097,2118,0.0000,0.0000,1.0000,105.062,-1,0,0.0009
6467,2097,2119,0.0000,0.0000,1.0000,105.062,-1,0,0.0009
6468,2098,4826,0.0000,1.0000,0.0000,139.750,-1,0,0.0000
6469,2098,2123,0.0000,0.0000,1.0000,105.062,-1,0,0.0009
6470,2098,2124,0.0000,0.0000,1.0000,105.062,-1,0,0.0009
6471,2099,2100,1.0000,0.0000,0.0000,66.625,-1,0,0.0000
6472,2099,4950,0.0000,1.0000,0.0000,139.750,-1,0,0.0000
6473,2099,2128,0.0000,0.0000,1.0000,105.062,-1,0,0.0009
6474,2099,2129,0.0000,0.0000,1.0000,105.062,-1,0,0.0009
6475,2100,2101,1.0000,0.0000,0.0000,66.625,-1,0,0.0000
6476,2100,2129,0.0000,0.0000,1.0000,105.062,-1,0,0.0009
6477,2100,2130,0.0000,0.0000,1.0000,105.062,-1,0,0.0009
6478,2101,3884,0.0000,-1.0000,0.0000,66.625,-1,0,0.0000
6479,2101,2130,0.0000,0.0000,1.0000,105.062,-1,0,0.0009
6480,2102,2103,1.0000,0.0000,0.0000,66.625,-1,0,0.0000
6481,2102,2131,0.0000,0.0000,1.0000,105.062,-1,0,0.0008
6482,2102,2132,0.0000,0.0000,1.0000,105.062,-1,0,0.0008
6483,2102,3242,0.0000,-1.0000,0.0000,66.625,-1,0,0.0000
6484,2103,2104,1.0000,0.0000,0.0000,66.625,-1,0,0.0000
6485,2103,2132,0.0000,0.0000,1.0000,105.062,-1,0,0.0008
6486,2103,2133,0.0000,0.0000,1.0000,105.062,-1,0,0.0008
6487,2103,4332,0.0000,1.0000,0.0000,66.625,-1,0,0.0000
6488,2104,2105,1.0000,0.0000,0.0000,66.625,-1,0,0.0000
6489,2104,2133,0.0000,0.0000,1.0000,105.062,-1,0,0.0008
6490,2104,2134,0.0000,0.0000,1.0000,105.062,-1,0,0.0008
6491,2104,4332,0.0000,1.0000,0.0000,66.625,-1,0,0.0000
6492,2105,2106,1.0000,0.0000,0.0000,66.625,-1,0,0.0000
6493,2105,2134,0.0000,0.0000,1.0000,105.062,-1,0,0.0008
6494,2105,2135,0.0000,0.0000,1.0000,105.062,-1,0,0.0008
6495,2106,2107,1.0000,0.0000,0.0000,66.625,-1,0,0.0000
6496,2106,2135,0.0000,0.0000,1.0000,105.062,-1,0,0.0008
6497,2106,2136,0.0000,0.0000,1.0000,105.062,-1,0,0.0008
6498,2107,2108,1.0000,0.0000,0.0000,66.625,-1,0,0.0000
6499,2107,2136,0.0000,0.0000,1.0000,105.062,-1,0,0.0008
6500,2107,2137,0.0000,0.0000,1.0000,105.062,-1,0,0.0008
6501,2108,2109,1.0000,0.0000,0.0000,66.625,-1,0,0.0000
6502,2108,2137,0.0000,0.0000,1.0000,105.062,-1,0,0.0008
6503,2108,2138,0.0000,0.0000,1.0000,105.062,-1,0,0.0008
6504,2108,4456,0.0000,1.0000,0.0000,66.625,-1,0,0.0000
6505,2109,2110,1.0000,0.0000,0.0000,66.625,-1,0,0.0000
6506,2109,2138,0.0000,0.0000,1.0000,105.062,-1,0,0.0008
6507,2109,2139,0.0000,0.0000,1.0000,105.062,-1,0,0.0008
6508,2109,4456,0.0000,1.0000,0.0000,66.625,-1,0,0.0000
6509,2110,2111,1.0000,0.0000,0.0000,66.625,-1,0,0.0000
6510,2110,2139,0.0000,0.0000,1.0000,105.062,-1,0,0.0008
6511,2110,2140,0.0000,0.0000,1.0000,105.062,-1,0,0.0008
6512,2111,2112,1.0000,0.0000,0.0000,66.625,-1,0,0.0000
6513,2111,2140,0.0000,0.0000,1.0000,105.062,-1,0,0.0008
6514,2111,2141,0.0000,0.0000,1.0000,105.062,-1,0,0.0008
6515,2112,2113,1.0000,0.0000,0.0000,66.625,-1,0,0.0000
6516,2112,2141,0.0000,0.0000,1.0000,105.062,-1,0,0.0008
6517,2112,2142,0.0000,0.0000,1.0000,105.062,-1,0,0.0008
6518,2113,2114,1.0000,0.0000,0.0000,66.625,-1,0,0.0000
6519,2113,2142,0.0000,0.0000,1.0000,105.062,-1,0,0.0008
6520,2113,2143,0.0000,0.0000,1.0000,105.062,-1,0,0.0008
6521,2113,4580,0.0000,1.0000,0.0000,66.625,-1,0,0.0000
6522,2114,2115,1.0000,0.0000,0.0000,66.625,-1,0,0.0000
6523,2114,2143,0.0000,0.0000,1.0000,105.062,-1,0,0.0008
6524,2114,2144,0.0000,0.0000,1.0000,105.062,-1,0,0.0008
6525,2114,4580,0.0000,1.0000,0.0000,66.625,-1,0,0.0000
6526,2115,2116,1.0000,0.0000,0.0000,66.625,-1,0,0.0000
6527,2115,2144,0.0000,0.0000,1.0000,105.062,-1,0,0.0008
6528,2115,2145,0.0000,0.0000,1.0000,105.062,-1,0,0.0008
6529,2116,2117,1.0000,0.0000,0.0000,66.625,-1,0,0.0000
6530,2116,2145,0.0000,0.0000,1.0000,105.062,-1,0,0.0008
6531,2116,2146,0.0000,0.0000,1.0000,105.062,-1,0,0.0008
6532,2117,2118,1.0000,0.0000,0.0000,66.625,-1,0,0.0000
6533,2117,2146,0.0000,0.0000,1.0000,105.062,-1,0,0.0008
6534,2117,2147,0.0000,0.0000,1.0000,105.062,-1,0,0.0008
6535,2118,2119,1.0000,0.0000,0.0000,66.625,-1,0,0.0000
6536,2118,2147,0.0000,0.0000,1.0000,105.062,-1,0,0.0008
6537,2118,2148,0.0000,0.0000,1.0000,105.062,-1,0,0.0008
6538,2118,4704,0.0000,1.0000,0.0000,66.625,-1,0,0.0000
6539,2119,2120,1.0000,0.0000,0.0000,66.625,-1,0,0.0000
6540,2119,2148,0.0000,0.0000,1.0000,105.062,-1,0,0.0008
6541,2119,2149,0.0000,0.0000,1.0000,105.062,-1,0,0.0008
6542,2119,4704,0.0000,1.0000,0.0000,66.625,-1,0,0.0000
6543,2120,2121,1.0000,0.0000,0.0000,66.625,-1,0,0.0000
6544,2120,2149,0.0000,0.0000,1.0000,105.062,-1,0,0.0008
6545,2120,2150,0.0000,0.0000,1.0000,105.062,-1,0,0.0008
6546,2121,2122,1.0000,0.0000,0.0000,66.625,-1,0,0.0000
6547,2121,2150,0.0000,0.0000,1.0000,105.062,-1,0,0.0008
6548,2121,2151,0.0000,0.0000,1.0000,105.062,-1,0,0.0008
6549,2122,2123,1.0000,0.0000,0.0000,66.625,-1,0,0.0000
6550,2122,2151,0.0000,0.0000,1.0000,105.062,-1,0,0.0008
6551,2122,2152,0.0000,0.0000,1.0000,105.062,-1,0,0.0008
6552,2123,2124,1.0000,0.0000,0.0000,66.625,-1,0,0.0000
6553,2123,2152,0.0000,0.0000,1.0000,105.062,-1,0,0.0008
6554,2123,2153,0.0000,0.0000,1.0000,105.062,-1,0,0.0008
6555,2123,4828,0.0000,1.0000,0.0000,66.625,-1,0,0.0000
6556,2124,2125,1.0000,0.0000,0.0000,66.625,-1,0,0.0000
6557,2124,2153,0.0000,0.0000,1.0000,105.062,-1,0,0.0008
6558,2124,2154,0.0000,0.0000,1.0000,105.062,-1,0,0.0008
6559,2124,4828,0.0000,1.0000,0.0000,66.625,-1,0,0.0000
6560,2125,2126,1.0000,0.0000,0.0000,66.625,-1,0,0.0000
6561,2125,2154,0.0000,0.0000,1.0000,105.062,-1,0,0.0008
6562,2125,2155,0.0000,0.0000,1.0000,105.062,-1,0,0.0008
6563,2126,2127,1.0000,0.0000,0.0000,66.625,-1,0,0.0000
6564,2126,2155,0.0000,0.0000,1.0000,105.062,-1,0,0.0008
6565,2126,2156,0.0000,0.0000,1.0000,105.062,-1,0,0.0008
6566,2127,2128,1.0000,0.0000,0.0000,66.625,-1,0,0.0000
6567,2127,2156,0.0000,0.0000,1.0000,105.062,-1,0,0.0008
6568,2127,2157,0.0000,0.0000,1.0000,105.062,-1,0,0.0008
6569,2128,2129,1.0000,0.0000,0.0000,66.625,-1,0,0.0000
6570,2128,2157,0.0000,0.0000,1.0000,105.062,-1,0,0.0008
6571,2128,2158,0.0000,0.0000,1.0000,105.062,-1,0,0.0008
6572,2128,4952,0.0000,1.0000,0.0000,66.625,-1,0,0.0000
6573,2129,2130,1.0000,0.0000,0.0000,66.625,-1,0,0.0000
6574,2129,2158,0.0000,0.0000,1.0000,105.062,-1,0,0.0008
6575,2129,2159,0.0000,0.0000,1.0000,105.062,-1,0,0.0008
6576,2129,4952,0.0000,1.0000,0.0000,66.625,-1,0,0.0000
6577,2130,2159,0.0000,0.0000,1.0000,105.062,-1,0,0.0008
6578,2130,2160,0.0000,0.0000,1.0000,105.062,-1,0,0.0008
6579,2130,3890,0.0000,-1.0000,0.0000,66.625,-1,0,0.0000
6580,2131,2132,1.0000,0.0000,0.0000,66.625,-1,0,0.0000
6581,2131,3257,0.0000,-1.0000,0.0000,66.625,-1,0,0.0000
6582,2131,2161,0.0000,0.0000,1.0000,105.062,-1,0,0.0007
6583,2132,2133,1.0000,0.0000,0.0000,66.625,-1,0,0.0000
6584,2132,2161,0.0000,0.0000,1.0000,105.062,-1,0,0.0007
6585,2132,2162,0.0000,0.0000,1.0000,105.062,-1,0,0.0007
6586,2133,2134,1.0000,0.0000,0.0000,66.625,-1,0,0.0000
6587,2133,4334,0.0000,1.0000,0.0000,139.750,-1,0,0.0000
6588,2133,2162,0.0000,0.0000,1.0000,105.062,-1,0,0.0007
6589,2133,2163,0.0000,0.0000,1.0000,105.062,-1,0,0.0007
6590,2134,2135,1.0000,0.0000,0.0000,66.625,-1,0,0.0000
6591,2134,2163,0.0000,0.0000,1.0000,105.062,-1,0,0.0007
6592,2134,2164,0.0000,0.0000,1.0000,105.062,-1,0,0.0007
6593,2135,2136,1.0000,0.0000,0.0000,66.625,-1,0,0.0000
6594,2135,2164,0.0000,0.0000,1.0000,105.062,-1,0,0.0007
6595,2135,2165,0.0000,0.0000,1.0000,105.062,-1,0,0.0007
6596,2136,2137,1.0000,0.0000,0.0000,66.625,-1,0,0.0000
6597,2136,2165,0.0000,0.0000,1.0000,105.062,-1,0,0.0007
6598,2136,2166,0.0000,0.0000,1.0000,105.062,-1,0,0.0007
6599,2137,2138,1.0000,0.0000,0.0000,66.625,-1,0,0.0000
6600,2137,2166,0.0000,0.0000,1.0000,105.062,-1,0,0.0007
6601,2137,2167,0.0000,0.0000,1.0000,105.062,-1,0,0.0007
6602,2138,2139,1.0000,0.0000,0.0000,66.625,-1,0,0.0000
6603,2138,4458,0.0000,1.0000,0.0000,139.750,-1,0,0.0000
6604,2138,2167,0.0000,0.0000,1.0000,105.062,-1,0,0.0007
6605,2138,2168,0.0000,0.0000,1.0000,105.062,-1,0,0.0007
6606,2139,2140,1.0000,0.0000,0.0000,66.625,-1,0,0.0000
6607,2139,2168,0.0000,0.0000,1.0000,105.062,-1,0,0.0007
6608,2139,2169,0.0000,0.0000,1.0000,105.062,-1,0,0.0007
6609,2140,2141,1.0000,0.0000,0.0000,66.625,-1,0,0.0000
6610,2140,2169,0.0000,0.0000,1.0000,105.062,-1,0,0.0007
6611,2140,2170,0.0000,0.0000,1.0000,105.062,-1,0,0.0007
6612,2141,2142,1.0000,0.0000,0.0000,66.625,-1,0,0.0000
6613,2141,2170,0.0000,0.0000,1.0000,105.062,-1,0,0.0007
6614,2141,2171,0.0000,0.0000,1.0000,105.062,-1,0,0.0007
6615,2142,2143,1.0000,0.0000,0.0000,66.625,-1,0,0.0000
6616,2142,2171,0.0000,0.0000,1.0000,105.062,-1,0,0.0007
6617,2142,2172,0.0000,0.0000,1.0000,105.062,-1,0,0.0007
6618,2143,2144,1.0000,0.0000,0.0000,66.625,-1,0,0.0000
6619,2143,4582,0.0000,1.0000,0.0000,139.750,-1,0,0.0000
6620,2143,2172,0.0000,0.0000,1.0000,105.062,-1,0,0.0007
6621,2143,2173,0.0000,0.0000,1.0000,105.062,-1,0,0.0007
6622,2144,2145,1.0000,0.0000,0.0000,66.625,-1,0,0.0000
6623,2144,2173,0.0000,0.0000,1.0000,105.062,-1,0,0.0007
6624,2144,2174,0.0000,0.0000,1.0000,105.062,-1,0,0.0007
6625,2145,2146,1.0000,0.0000,0.0000,66.625,-1,0,0.0000
6626,2145,2174,0.0000,0.0000,1.0000,105.062,-1,0,0.0007
6627,2145,2175,0.0000,0.0000,1.0000,105.062,-1,0,0.0007
6628,2146,2147,1.0000,0.0000,0.0000,66.625,-1,0,0.0000
6629,2146,2175,0.0000,0.0000,1.0000,105.062,-1,0,0.0007
6630,2146,2176,0.0000,0.0000,1.0000,105.062,-1,0,0.0007
6631,2147,2148,1.0000,0.0000,0.0000,66.625,-1,0,0.0000
6632,2147,2176,0.0000,0.0000,1.0000,105.062,-1,0,0.0007
6633,2147,2177,0.0000,0.0000,1.0000,105.062,-1,0,0.0007
6634,2148,2149,1.0000,0.0000,0.0000,66.625,-1,0,0.0000
6635,2148,4706,0.0000,1.0000,0.0000,139.750,-1,0,0.0000
6636,2148,2177,0.0000,0.0000,1.0000,105.062,-1,0,0.0007
6637,2148,2178,0.0000,0.0000,1.0000,105.062,-1,0,0.0007
6638,2149,2150,1.0000,0.0000,0.0000,66.625,-1,0,0.0000
6639,2149,2178,0.0000,0.0000,1.0000,105.062,-1,0,0.0007
6640,2149,2179,0.0000,0.0000,1.0000,105.062,-1,0,0.0007
6641,2150,2151,1.0000,0.0000,0.0000,66.625,-1,0,0.0000
6642,2150,2179,0.0000,0.0000,1.0000,105.062,-1,0,0.0007
6643,2150,2180,0.0000,0.0000,1.0000,105.062,-1,0,0.0007
6644,2151,2152,1.0000,0.0000,0.0000,66.625,-1,0,0.0000
6645,2151,2180,0.0000,0.0000,1.0000,105.062,-1,0,0.0007
6646,2151,2181,0.0000,0.0000,1.0000,105.062,-1,0,0.0007
6647,2152,2153,1.0000,0.0000,0.0000,66.625,-1,0,0.0000
6648,2152,2181,0.0000,0.0000,1.0000,105.062,-1,0,0.0007
6649,2152,2182,0.0000,0.0000,1.0000,105.062,-1,0,0.0007
6650,2153,2154,1.0000,0.0000,0.0000,66.625,-1,0,0.0000
6651,2153,4830,0.0000,1.0000,0.0000,139.750,-1,0,0.0000
6652,2153,2182,0.0000,0.0000,1.0000,105.062,-1,0,0.0007
6653,2153,2183,0.0000,0.0000,1.0000,105.062,-1,0,0.0007
6654,2154,2155,1.0000,0.0000,0.0000,66.625,-1,0,0.0000
6655,2154,2183,0.0000,0.0000,1.0000,105.062,-1,0,0.0007
6656,2154,2184,0.0000,0.0000,1.0000,105.062,-1,0,0.0007
6657,2155,2156,1.0000,0.0000,0.0000,66.625,-1,0,0.0000
6658,2155,2184,0.0000,0.0000,1.0000,105.062,-1,0,0.0007
6659,2155,2185,0.0000,0.0000,1.0000,105.062,-1,0,0.0007
6660,2156,2157,1.0000,0.0000,0.0000,66.625,-1,0,0.0000
6661,2156,2185,0.0000,0.0000,1.0000,105.062,-1,0,0.0007
6662,2156,2186,0.0000,0.0000,1.0000,105.062,-1,0,0.0007
6663,2157,2158,1.0000,0.0000,0.0000,66.625,-1,0,0.0000
6664,2157,2186,0.0000,0.0000,1.0000,105.062,-1,0,0.0007
6665,2157,2187,0.0000,0.0000,1.0000,105.062,-1,0,0.0007
6666,2158,2159,1.0000,0.0000,0.0000,66.625,-1,0,0.0000
6667,2158,4954,0.0000,1.0000,0.0000,139.750,-1,0,0.0000
6668,2158,2187,0.0000,0.0000,1.0000,105.062,-1,0,0.0007
6669,2158,2188,0.0000,0.0000,1.0000,105.062,-1,0,0.0007
6670,2159,2160,1.0000,0.0000,0.0000,66.625,-1,0,0.0000
6671,2159,2188,0.0000,0.0000,1.0000,105.062,-1,0,0.0007
6672,2159,2189,0.0000,0.0000,1.0000,105.062,-1,0,0.0007
6673,2160,3899,0.0000,-1.0000,0.0000,66.625,-1,0,0.0000
6674,2160,2189,0.0000,0.0000,1.0000,105.062,-1,0,0.0007
6675,2161,2162,1.0000,0.0000,0.0000,66.625,-1,0,0.0000
6676,2161,2190,0.0000,0.0000,1.0000,105.062,-1,0,0.0005
6677,2161,2191,0.0000,0.0000,1.0000,105.062,-1,0,0.0005
6678,2161,3271,0.0000,-1.0000,0.0000,66.625,-1,0,0.0000
6679,2162,2163,1.0000,0.0000,0.0000,66.625,-1,0,0.0000
6680,2162,2191,0.0000,0.0000,1.0000,220.375,-1,0,0.0005
6681,2162,4336,0.0000,1.0000,0.0000,66.625,-1,0,0.0000
6682,2163,2164,1.0000,0.0000,0.0000,66.625,-1,0,0.0000
6683,2163,2191,0.0000,0.0000,1.0000,105.062,-1,0,0.0005
6684,2163,2192,0.0000,0.0000,1.0000,105.062,-1,0,0.0005
6685,2163,4336,0.0000,1.0000,0.0000,66.625,-1,0,0.0000
6686,2164,2165,1.0000,0.0000,0.0000,66.625,-1,0,0.0000
6687,2164,2192,0.0000,0.0000,1.0000,220.375,-1,0,0.0005
6688,2165,2166,1.0000,0.0000,0.0000,66.625,-1,0,0.0000
6689,2165,2192,0.0000,0.0000,1.0000,105.062,-1,0,0.0005
6690,2165,2193,0.0000,0.0000,1.0000,105.062,-1,0,0.0005
6691,2166,2167,1.0000,0.0000,0.0000,66.625,-1,0,0.0000
6692,2166,2193,0.0000,0.0000,1.0000,220.375,-1,0,0.0005
6693,2167,2168,1.0000,0.0000,0.0000,66.625,-1,0,0.0000
6694,2167,2193,0.0000,0.0000,1.0000,105.062,-1,0,0.0005
6695,2167,2194,0.0000,0.0000,1.0000,105.062,-1,0,0.0005
6696,2167,4460,0.0000,1.0000,0.0000,66.625,-1,0,0.0000
6697,2168,2169,1.0000,0.0000,0.0000,66.625,-1,0,0.0000
6698,2168,2194,0.0000,0.0000,1.0000,220.375,-1,0,0.0005
6699,2168,4460,0.0000,1.0000,0.0000,66.625,-1,0,0.0000
6700,2169,2170,1.0000,0.0000,0.0000,66.625,-1,0,0.0000
6701,2169,2194,0.0000,0.0000,1.0000,105.062,-1,0,0.0005
6702,2169,2195,0.0000,0.0000,1.0000,105.062,-1,0,0.0005
6703,2170,2171,1.0000,0.0000,0.0000,66.625,-1,0,0.0000
6704,2170,2195,0.0000,0.0000,1.0000,220.375,-1,0,0.0005
6705,2171,2172,1.0000,0.0000,0.0000,66.625,-1,0,0.0000
6706,2171,2195,0.0000,0.0000,1.0000,105.062,-1,0,0.0005
6707,2171,2196,0.0000,0.0000,1.0000,105.062,-1,0,0.0005
6708,2172,2173,1.0000,0.0000,0.0000,66.625,-1,0,0.0000
6709,2172,2196,0.0000,0.0000,1.0000,220.375,-1,0,0.0005
6710,2172,4584,0.0000,1.0000,0.0000,66.625,-1,0,0.0000
6711,2173,2174,1.0000,0.0000,0.0000,66.625,-1,0,0.0000
6712,2173,2196,0.0000,0.0000,1.0000,105.062,-1,0,0.0005
6713,2173,2197,0.0000,0.0000,1.0000,105.062,-1,0,0.0005
6714,2173,4584,0.0000,1.0000,0.0000,66.625,-1,0,0.0000
6715,2174,2175,1.0000,0.0000,0.0000,66.625,-1,0,0.0000
6716,2174,2197,0.0000,0.0000,1.0000,220.375,-1,0,0.0005
6717,2175,2176,1.0000,0.0000,0.0000,66.625,-1,0,0.0000
6718,2175,2197,0.0000,0.0000,1.0000,105.062,-1,0,0.0005
6719,2175,2198,0.0000,0.0000,1.0000,105.062,-1,0,0.0005
6720,2176,2177,1.0000,0.0000,0.0000,66.625,-1,0,0.0000
6721,2176,2198,0.0000,0.0000,1.0000,220.375,-1,0,0.0005
6722,2177,2178,1.0000,0.0000,0.0000,66.625,-1,0,0.0000
6723,2177,2198,0.0000,0.0000,1.0000,105.062,-1,0,0.0005
6724,2177,2199,0.0000,0.0000,1.0000,105.062,-1,0,0.0005
6725,2177,4708,0.0000,1.0000,0.0000,66.625,-1,0,0.0000
6726,2178,2179,1.0000,0.0000,0.0000,66.625,-1,0,0.0000
6727,2178,2199,0.0000,0.0000,1.0000,220.375,-1,0,0.0005
6728,2178,4708,0.0000,1.0000,0.0000,66.625,-1,0,0.0000
6729,2179,2180,1.0000,0.0000,0.0000,66.625,-1,0,0.0000
6730,2179,2199,0.0000,0.0000,1.0000,105.062,-1,0,0.0005
6731,2179,2200,0.0000,0.0000,1.0000,105.062,-1,0,0.0005
6732,2180,2181,1.0000,0.0000,0.0000,66.625,-1,0,0.0000
6733,2180,2200,0.0000,0.0000,1.0000,220.375,-1,0,0.0005
6734,2181,2182,1.0000,0.0000,0.0000,66.625,-1,0,0.0000
6735,2181,2200,0.0000,0.0000,1.0000,105.062,-1,0,0.0005
6736,2181,2201,0.0000,0.0000,1.0000,105.062,-1,0,0.0005
6737,2182,2183,1.0000,0.0000,0.0000,66.625,-1,0,0.0000
6738,2182,2201,0.0000,0.0000,1.0000,220.375,-1,0,0.0005
6739,2182,4832,0.0000,1.0000,0.0000,66.625,-1,0,0.0000
6740,2183,2184,1.0000,0.0000,0.0000,66.625,-1,0,0.0000
6741,2183,2201,0.0000,0.0000,1.0000,105.062,-1,0,0.0005
6742,2183,2202,0.0000,0.0000,1.0000,105.062,-1,0,0.0005
6743,2183,4832,0.0000,1.0000,0.0000,66.625,-1,0,0.0000
6744,2184,2185,1.0000,0.0000,0.0000,66.625,-1,0,0.0000
6745,2184,2202,0.0000,0.0000,1.0000,220.375,-1,0,0.0005
6746,2185,2186,1.0000,0.0000,0.0000,66.625,-1,0,0.0000
6747,2185,2202,0.0000,0.0000,1.0000,105.062,-1,0,0.0005
6748,2185,2203,0.0000,0.0000,1.0000,105.062,-1,0,0.0005
6749,2186,2187,1.0000,0.0000,0.0000,66.625,-1,0,0.0000
6750,2186,2203,0.0000,0.0000,1.0000,220.375,-1,0,0.0005
6751,2187,2188,1.0000,0.0000,0.0000,66.625,-1,0,0.0000
6752,2187,2203,0.0000,0.0000,1.0000,105.062,-1,0,0.0005
6753,2187,2204,0.0000,0.0000,1.0000,105.062,-1,0,0.0005
6754,2187,4956,0.0000,1.0000,0.0000,66.625,-1,0,0.0000
6755,2188,2189,1.0000,0.0000,0.0000,66.625,-1,0,0.0000
6756,2188,2204,0.0000,0.0000,1.0000,220.375,-1,0,0.0005
6757,2188,4956,0.0000,1.0000,0.0000,66.625,-1,0,0.0000
6758,2189,2204,0.0000,0.0000,1.0000,105.062,-1,0,0.0005
6759,2189,2205,0.0000,0.0000,1.0000,105.062,-1,0,0.0005
6760,2189,3913,0.0000,-1.0000,0.0000,66.625,-1,0,0.0000
6761,2190,2191,1.0000,0.0000,0.0000,66.625,-1,0,0.0000
6762,2190,3279,0.0000,-1.0000,0.0000,66.625,-1,0,0.0000
6763,2190,2206,0.0000,0.0000,1.0000,105.062,-1,0,0.0004
6764,2191,2192,1.0000,0.0000,0.0000,66.625,-1,0,0.0000
6765,2191,4338,0.0000,1.0000,0.0000,139.750,-1,0,0.0000
6766,2191,2206,0.0000,0.0000,1.0000,105.062,-1,0,0.0004
6767,2191,2207,0.0000,0.0000,1.0000,220.375,-1,0,0.0004
6768,2191,2208,0.0000,0.0000,1.0000,105.062,-1,0,0.0004
6769,2192,2193,1.0000,0.0000,0.0000,66.625,-1,0,0.0000
6770,2192,2208,0.0000,0.0000,1.0000,105.062,-1,0,0.0004
6771,2192,2209,0.0000,0.0000,1.0000,220.375,-1,0,0.0004
6772,2192,2210,0.0000,0.0000,1.0000,105.062,-1,0,0.0004
6773,2193,2194,1.0000,0.0000,0.0000,66.625,-1,0,0.0000
6774,2193,2210,0.0000,0.0000,1.0000,105.062,-1,0,0.0004
6775,2193,2211,0.0000,0.0000,1.0000,220.375,-1,0,0.0004
6776,2193,2212,0.0000,0.0000,1.0000,105.062,-1,0,0.0004
6777,2194,2195,1.0000,0.0000,0.0000,66.625,-1,0,0.0000
6778,2194,4462,0.0000,1.0000,0.0000,139.750,-1,0,0.0000
6779,2194,2212,0.0000,0.0000,1.0000,105.062,-1,0,0.0004
6780,2194,2213,0.0000,0.0000,1.0000,220.375,-1,0,0.0004
6781,2194,2214,0.0000,0.0000,1.0000,105.062,-1,0,0.0004
6782,2195,2196,1.0000,0.0000,0.0000,66.625,-1,0,0.0000
6783,2195,2214,0.0000,0.0000,1.0000,105.062,-1,0,0.0004
6784,2195,2215,0.0000,0.0000,1.0000,220.375,-1,0,0.0004
6785,2195,2216,0.0000,0.0000,1.0000,105.062,-1,0,0.0004
6786,2196,2197,1.0000,0.0000,0.0000,66.625,-1,0,0.0000
6787,2196,4586,0.0000,1.0000,0.0000,139.750,-1,0,0.0000
6788,2196,2216,0.0000,0.0000,1.0000,105.062,-1,0,0.0004
6789,2196,2217,0.0000,0.0000,1.0000,220.375,-1,0,0.0004
6790,2196,2218,0.0000,0.0000,1.0000,105.062,-1,0,0.0004
6791,2197,2198,1.0000,0.0000,0.0000,66.625,-1,0,0.0000
6792,2197,2218,0.0000,0.0000,1.0000,105.062,-1,0,0.0004
6793,2197,2219,0.0000,0.0000,1.0000,220.375,-1,0,0.0004
6794,2197,2220,0.0000,0.0000,1.0000,105.062,-1,0,0.0004
6795,2198,2199,1.0000,0.0000,0.0000,66.625,-1,0,0.0000
6796,2198,2220,0.0000,0.0000,1.0000,105.062,-1,0,0.0004
6797,2198,2221,0.0000,0.0000,1.0000,220.375,-1,0,0.0004
6798,2198,2222,0.0000,0.0000,1.0000,105.062,-1,0,0.0004
6799,2199,2200,1.0000,0.0000,0.0000,66.625,-1,0,0.0000
6800,2199,4710,0.0000,1.0000,0.0000,139.750,-1,0,0.0000
6801,2199,2222,0.0000,0.0000,1.0000,105.062,-1,0,0.0004
6802,2199,2223,0.0000,0.0000,1.0000,220.375,-1,0,0.0004
6803,2199,2224,0.0000,0.0000,1.0000,105.062,-1,0,0.0004
6804,2200,2201,1.0000,0.0000,0.0000,66.625,-1,0,0.0000
6805,2200,2224,0.0000,0.0000,1.0000,105.062,-1,0,0.0004
6806,2200,2225,0.0000,0.0000,1.0000,220.375,-1,0,0.0004
6807,2200,2226,0.0000,0.0000,1.0000,105.062,-1,0,0.0004
6808,2201,2202,1.0000,0.0000,0.0000,66.625,-1,0,0.0000
6809,2201,4834,0.0000,1.0000,0.0000,139.750,-1,0,0.0000
6810,2201,2226,0.0000,0.0000,1.0000,105.062,-1,0,0.0004
6811,2201,2227,0.0000,0.0000,1.0000,220.375,-1,0,0.0004
6812,2201,2228,0.0000,0.0000,1.0000,105.062,-1,0,0.0004
6813,2202,2203,1.0000,0.0000,0.0000,66.625,-1,0,0.0000
6814,2202,2228,0.0000,0.0000,1.0000,105.062,-1,0,0.0004
6815,2202,2229,0.0000,0.0000,1.0000,220.375,-1,0,0.0004
6816,2202,2230,0.0000,0.0000,1.0000,105.062,-1,0,0.0004
6817,2203,2204,1.0000,0.0000,0.0000,66.625,-1,0,0.0000
6818,2203,2230,0.0000,0.0000,1.0000,105.062,-1,0,0.0004
6819,2203,2231,0.0000,0.0000,1.0000,220.375,-1,0,0.0004
6820,2203,2232,0.0000,0.0000,1.0000,105.062,-1,0,0.0004
6821,2204,2205,1.0000,0.0000,0.0000,66.625,-1,0,0.0000
6822,2204,4958,0.0000,1.0000,0.0000,139.750,-1,0,0.0000
6823,2204,2232,0.0000,0.0000,1.0000,105.062,-1,0,0.0004
6824,2204,2233,0.0000,0.0000,1.0000,220.375,-1,0,0.0004
6825,2204,2234,0.0000,0.0000,1.0000,105.062,-1,0,0.0004
6826,2205,3921,0.0000,-1.0000,0.0000,66.625,-1,0,0.0000
6827,2205,2234,0.0000,0.0000,1.0000,105.062,-1,0,0.0004
6828,2206,2207,1.0000,0.0000,0.0000,66.625,-1,0,0.0000
6829,2206,2235,0.0000,0.0000,1.0000,105.062,-1,0,0.0002
6830,2206,2236,0.0000,0.0000,1.0000,105.062,-1,0,0.0003
6831,2206,3293,0.0000,-1.0000,0.0000,66.625,-1,0,0.0000
6832,2207,2208,1.0000,0.0000,0.0000,66.625,-1,0,0.0000
6833,2207,2236,0.0000,0.0000,1.0000,105.062,-1,0,0.0003
6834,2207,2237,0.0000,0.0000,1.0000,105.062,-1,0,0.0003
6835,2207,4340,0.0000,1.0000,0.0000,66.625,-1,0,0.0000
6836,2208,2209,1.0000,0.0000,0.0000,66.625,-1,0,0.0000
6837,2208,2237,0.0000,0.0000,1.0000,105.062,-1,0,0.0003
6838,2208,2238,0.0000,0.0000,1.0000,105.062,-1,0,0.0003
6839,2208,4340,0.0000,1.0000,0.0000,66.625,-1,0,0.0000
6840,2209,2210,1.0000,0.0000,0.0000,66.625,-1,0,0.0000
6841,2209,2238,0.0000,0.0000,1.0000,105.062,-1,0,0.0003
6842,2209,2239,0.0000,0.0000,1.0000,105.062,-1,0,0.0003
6843,2210,2211,1.0000,0.0000,0.0000,66.625,-1,0,0.0000
6844,2210,2239,0.0000,0.0000,1.0000,105.062,-1,0,0.0003
6845,2210,2240,0.0000,0.0000,1.0000,105.062,-1,0,0.0003
6846,2211,2212,1.0000,0.0000,0.0000,66.625,-1,0,0.0000
6847,2211,2240,0.0000,0.0000,1.0000,105.062,-1,0,0.0003
6848,2211,2241,0.0000,0.0000,1.0000,105.062,-1,0,0.0003
6849,2212,2213,1.0000,0.0000,0.0000,66.625,-1,0,0.0000
6850,2212,2241,0.0000,0.0000,1.0000,105.062,-1,0,0.0003
6851,2212,2242,0.0000,0.0000,1.0000,105.062,-1,0,0.0003
6852,2212,4464,0.0000,1.0000,0.0000,66.625,-1,0,0.0000
6853,2213,2214,1.0000,0.0000,0.0000,66.625,-1,0,0.0000
6854,2213,2242,0.0000,0.0000,1.0000,105.062,-1,0,0.0003
6855,2213,2243,0.0000,0.0000,1.0000,105.062,-1,0,0.0003
6856,2213,4464,0.0000,1.0000,0.0000,66.625,-1,0,0.0000
6857,2214,2215,1.0000,0.0000,0.0000,66.625,-1,0,0.0000
6858,2214,2243,0.0000,0.0000,1.0000,105.062,-1,0,0.0003
6859,2214,2244,0.0000,0.0000,1.0000,105.062,-1,0,0.0003
6860,2215,2216,1.0000,0.0000,0.0000,66.625,-1,0,0.0000
6861,2215,2244,0.0000,0.0000,1.0000,105.062,-1,0,0.0003
6862,2215,2245,0.0000,0.0000,1.0000,105.062,-1,0,0.0003
6863,2216,2217,1.0000,0.0000,0.0000,66.625,-1,0,0.0000
6864,2216,2245,0.0000,0.0000,1.0000,105.062,-1,0,0.0003
6865,2216,2246,0.0000,0.0000,1.0000,105.062,-1,0,0.0003
6866,2217,2218,1.0000,0.0000,0.0000,66.625,-1,0,0.0000
6867,2217,2246,0.0000,0.0000,1.0000,105.062,-1,0,0.0003
6868,2217,2247,0.0000,0.0000,1.0000,105.062,-1,0,0.0003
6869,2217,4588,0.0000,1.0000,0.0000,66.625,-1,0,0.0000
6870,2218,2219,1.0000,0.0000,0.0000,66.625,-1,0,0.0000
6871,2218,2247,0.0000,0.0000,1.0000,105.062,-1,0,0.0003
6872,2218,2248,0.0000,0.0000,1.0000,105.062,-1,0,0.0003
6873,2218,4588,0.0000,1.0000,0.0000,66.625,-1,0,0.0000
6874,2219,2220,1.0000,0.0000,0.0000,66.625,-1,0,0.0000
6875,2219,2248,0.0000,0.0000,1.0000,105.062,-1,0,0.0003
6876,2219,2249,0.0000,0.0000,1.0000,105.062,-1,0,0.0003
6877,2220,2221,1.0000,0.0000,0.0000,66.625,-1,0,0.0000
6878,2220,2249,0.0000,0.0000,1.0000,105.062,-1,0,0.0003
6879,2220,2250,0.0000,0.0000,1.0000,105.062,-1,0,0.0003
6880,2221,2222,1.0000,0.0000,0.0000,66.625,-1,0,0.0000
6881,2221,2250,0.0000,0.0000,1.0000,105.062,-1,0,0.0003
6882,2221,2251,0.0000,0.0000,1.0000,105.062,-1,0,0.0003
6883,2222,2223,1.0000,0.0000,0.0000,66.625,-1,0,0.0000
6884,2222,2251,0.0000,0.0000,1.0000,105.062,-1,0,0.0003
6885,2222,2252,0.0000,0.0000,1.0000,105.062,-1,0,0.0003
6886,2222,4712,0.0000,1.0000,0.0000,66.625,-1,0,0.0000
6887,2223,2224,1.0000,0.0000,0.0000,66.625,-1,0,0.0000
6888,2223,2252,0.0000,0.0000,1.0000,105.062,-1,0,0.0003
6889,2223,2253,0.0000,0.0000,1.0000,105.062,-1,0,0.0003
6890,2223,4712,0.0000,1.0000,0.0000,66.625,-1,0,0.0000
6891,2224,2225,1.0000,0.0000,0.0000,66.625,-1,0,0.0000
6892,2224,2253,0.0000,0.0000,1.0000,105.062,-1,0,0.0003
6893,2224,2254,0.0000,0.0000,1.0000,105.062,-1,0,0.0003
6894,2225,2226,1.0000,0.0000,0.0000,66.625,-1,0,0.0000
6895,2225,2254,0.0000,0.0000,1.0000,105.062,-1,0,0.0003
6896,2225,2255,0.0000,0.0000,1.0000,105.062,-1,0,0.0003
6897,2226,2227,1.0000,0.0000,0.0000,66.625,-1,0,0.0000
6898,2226,2255,0.0000,0.0000,1.0000,105.062,-1,0,0.0003
6899,2226,2256,0.0000,0.0000,1.0000,105.062,-1,0,0.0003
6900,2227,2228,1.0000,0.0000,0.0000,66.625,-1,0,0.0000
6901,2227,2256,0.0000,0.0000,1.0000,105.062,-1,0,0.0003
6902,2227,2257,0.0000,0.0000,1.0000,105.062,-1,0,0.0003
6903,2227,4836,0.0000,1.0000,0.0000,66.625,-1,0,0.0000
6904,2228,2229,1.0000,0.0000,0.0000,66.625,-1,0,0.0000
6905,2228,2257,0.0000,0.0000,1.0000,105.062,-1,0,0.0003
6906,2228,2258,0.0000,0.0000,1.0000,105.062,-1,0,0.0003
6907,2228,4836,0.0000,1.0000,0.0000,66.625,-1,0,0.0000
6908,2229,2230,1.0000,0.0000,0.0000,66.625,-1,0,0.0000
6909,2229,2258,0.0000,0.0000,1.0000,105.062,-1,0,0.0003
6910,2229,2259,0.0000,0.0000,1.0000,105.062,-1,0,0.0003
6911,2230,2231,1.0000,0.0000,0.0000,66.625,-1,0,0.0000
6912,2230,2259,0.0000,0.0000,1.0000,105.062,-1,0,0.0003
6913,2230,2260,0.0000,0.0000,1.0000,105.062,-1,0,0.0003
6914,2231,2232,1.0000,0.0000,0.0000,66.625,-1,0,0.0000
6915,2231,2260,0.0000,0.0000,1.0000,105.062,-1,0,0.0003
6916,2231,2261,0.0000,0.0000,1.0000,105.062,-1,0,0.0003
6917,2232,2233,1.0000,0.0000,0.0000,66.625,-1,0,0.0000
6918,2232,2261,0.0000,0.0000,1.0000,105.062,-1,0,0.0003
6919,2232,2262,0.0000,0.0000,1.0000,105.062,-1,0,0.0003
6920,2232,4960,0.0000,1.0000,0.0000,66.625,-1,0,0.0000
6921,2233,2234,1.0000,0.0000,0.0000,66.625,-1,0,0.0000
6922,2233,2262,0.0000,0.0000,1.0000,105.062,-1,0,0.0003
6923,2233,2263,0.0000,0.0000,1.0000,105.062,-1,0,0.0003
6924,2233,4960,0.0000,1.0000,0.0000,66.625,-1,0,0.0000
6925,2234,2263,0.0000,0.0000,1.0000,105.062,-1,0,0.0003
6926,2234,2264,0.0000,0.0000,1.0000,105.062,-1,0,0.0002
6927,2234,3935,0.0000,-1.0000,0.0000,66.625,-1,0,0.0000
6928,2235,2236,1.0000,0.0000,0.0000,66.625,-1,0,0.0000
6929,2235,3308,0.0000,-1.0000,0.0000,66.625,-1,0,0.0000
6930,2235,2265,0.0000,0.0000,1.0000,105.062,-1,0,0.0001
6931,2236,2237,1.0000,0.0000,0.0000,66.625,-1,0,0.0000
6932,2236,2265,0.0000,0.0000,1.0000,105.062,-1,0,0.0001
6933,2236,2266,0.0000,0.0000,1.0000,105.062,-1,0,0.0001
6934,2237,2238,1.0000,0.0000,0.0000,66.625,-1,0,0.0000
6935,2237,4342,0.0000,1.0000,0.0000,139.750,-1,0,0.0000
6936,2237,2266,0.0000,0.0000,1.0000,105.062,-1,0,0.0001
6937,2237,2267,0.0000,0.0000,1.0000,105.062,-1,0,0.0001
6938,2238,2239,1.0000,0.0000,0.0000,66.625,-1,0,0.0000
6939,2238,2267,0.0000,0.0000,1.0000,105.062,-1,0,0.0001
6940,2238,2268,0.0000,0.0000,1.0000,105.062,-1,0,0.0001
6941,2239,2240,1.0000,0.0000,0.0000,66.625,-1,0,0.0000
6942,2239,2268,0.0000,0.0000,1.0000,105.062,-1,0,0.0001
6943,2239,2269,0.0000,0.0000,1.0000,105.062,-1,0,0.0001
6944,2240,2241,1.0000,0.0000,0.0000,66.625,-1,0,0.0000
6945,2240,2269,0.0000,0.0000,1.0000,105.062,-1,0,0.0001
6946,2240,2270,0.0000,0.0000,1.0000,105.062,-1,0,0.0001
6947,2241,2242,1.0000,0.0000,0.0000,66.625,-1,0,0.0000
6948,2241,2270,0.0000,0.0000,1.0000,105.062,-1,0,0.0001
6949,2241,2271,0.0000,0.0000,1.0000,105.062,-1,0,0.0001
6950,2242,2243,1.0000,0.0000,0.0000,66.625,-1,0,0.0000
6951,2242,4466,0.0000,1.0000,0.0000,139.750,-1,0,0.0000
6952,2242,2271,0.0000,0.0000,1.0000,105.062,-1,0,0.0001
6953,2242,2272,0.0000,0.0000,1.0000,105.062,-1,0,0.0001
6954,2243,2244,1.0000,0.0000,0.0000,66.625,-1,0,0.0000
6955,2243,2272,0.0000,0.0000,1.0000,105.062,-1,0,0.0001
6956,2243,2273,0.0000,0.0000,1.0000,105.062,-1,0,0.0001
6957,2244,2245,1.0000,0.0000,0.0000,66.625,-1,0,0.0000
6958,2244,2273,0.0000,0.0000,1.0000,105.062,-1,0,0.0001
6959,2244,2274,0.0000,0.0000,1.0000,105.062,-1,0,0.0001
6960,2245,2246,1.0000,0.0000,0.0000,66.625,-1,0,0.0000
6961,2245,2274,0.0000,0.0000,1.0000,105.062,-1,0,0.0001
6962,2245,2275,0.0000,0.0000,1.0000,105.062,-1,0,0.0001
6963,2246,2247,1.0000,0.0000,0.0000,66.625,-1,0,0.0000
6964,2246,2275,0.0000,0.0000,1.0000,105.062,-1,0,0.0001
6965,2246,2276,0.0000,0.0000,1.0000,105.062,-1,0,0.0001
6966,2247,2248,1.0000,0.0000,0.0000,66.625,-1,0,0.0000
6967,2247,4590,0.0000,1.0000,0.0000,139.750,-1,0,0.0000
6968,2247,2276,0.0000,0.0000,1.0000,105.062,-1,0,0.0001
6969,2247,2277,0.0000,0.0000,1.0000,105.062,-1,0,0.0001
6970,2248,2249,1.0000,0.0000,0.0000,66.625,-1,0,0.0000
6971,2248,2277,0.0000,0.0000,1.0000,105.062,-1,0,0.0001
6972,2248,2278,0.0000,0.0000,1.0000,105.062,-1,0,0.0001
6973,2249,2250,1.0000,0.0000,0.0000,66.625,-1,0,0.0000
6974,2249,2278,0.0000,0.0000,1.0000,105.062,-1,0,0.0001
6975,2249,2279,0.0000,0.0000,1.0000,105.062,-1,0,0.0001
6976,2250,2251,1.0000,0.0000,0.0000,66.625,-1,0,0.0000
6977,2250,2279,0.0000,0.0000,1.0000,105.062,-1,0,0.0001
6978,2250,2280,0.0000,0.0000,1.0000,105.062,-1,0,0.0001
6979,2251,2252,1.0000,0.0000,0.0000,66.625,-1,0,0.0000
6980,2251,2280,0.0000,0.0000,1.0000,105.062,-1,0,0.0001
6981,2251,2281,0.0000,0.0000,1.0000,105.062,-1,0,0.0001
6982,2252,2253,1.0000,0.0000,0.0000,66.625,-1,0,0.0000
6983,2252,4714,0.0000,1.0000,0.0000,139.750,-1,0,0.0000
6984,2252,2281,0.0000,0.0000,1.0000,105.062,-1,0,0.0001
6985,2252,2282,0.0000,0.0000,1.0000,105.062,-1,0,0.0001
6986,2253,2254,1.0000,0.0000,0.0000,66.625,-1,0,0.0000
6987,2253,2282,0.0000,0.0000,1.0000,105.062,-1,0,0.0001
6988,2253,2283,0.0000,0.0000,1.0000,105.062,-1,0,0.0001
6989,2254,2255,1.0000,0.0000,0.0000,66.625,-1,0,0.0000
6990,2254,2283,0.0000,0.0000,1.0000,105.062,-1,0,0.0001
6991,2254,2284,0.0000,0.0000,1.0000,105.062,-1,0,0.0001
6992,2255,2256,1.0000,0.0000,0.0000,66.625,-1,0,0.0000
6993,2255,2284,0.0000,0.0000,1.0000,105.062,-1,0,0.0001
6994,2255,2285,0.0000,0.0000,1.0000,105.062,-1,0,0.0001
6995,2256,2257,1.0000,0.0000,0.0000,66.625,-1,0,0.0000
6996,2256,2285,0.0000,0.0000,1.0000,105.062,-1,0,0.0001
6997,2256,2286,0.0000,0.0000,1.0000,105.062,-1,0,0.0001
6998,2257,2258,1.0000,0.0000,0.0000,66.625,-1,0,0.0000
6999,2257,4838,0.0000,1.0000,0.0000,139.750,-1,0,0.0000
7000,2257,2286,0.0000,0.0000,1.0000,105.062,-1,0,0.0001
7001,2257,2287,0.0000,0.0000,1.0000,105.062,-1,0,0.0001
7002,2258,2259,1.0000,0.0000,0.0000,66.625,-1,0,0.0000
7003,2258,2287,0.0000,0.0000,1.0000,105.062,-1,0,0.0001
7004,2258,2288,0.0000,0.0000,1.0000,105.062,-1,0,0.0001
7005,2259,2260,1.0000,0.0000,0.0000,66.625,-1,0,0.0000
7006,2259,2288,0.0000,0.0000,1.0000,105.062,-1,0,0.0001
7007,2259,2289,0.0000,0.0000,1.0000,105.062,-1,0,0.0001
7008,2260,2261,1.0000,0.0000,0.0000,66.625,-1,0,0.0000
7009,2260,2289,0.0000,0.0000,1.0000,105.062,-1,0,0.0001
7010,2260,2290,0.0000,0.0000,1.0000,105.062,-1,0,0.0001
7011,2261,2262,1.0000,0.0000,0.0000,66.625,-1,0,0.0000
7012,2261,2290,0.0000,0.0000,1.0000,105.062,-1,0,0.0001
7013,2261,2291,0.0000,0.0000,1.0000,105.062,-1,0,0.0001
7014,2262,2263,1.0000,0.0000,0.0000,66.625,-1,0,0.0000
7015,2262,4962,0.0000,1.0000,0.0000,139.750,-1,0,0.0000
7016,2262,2291,0.0000,0.0000,1.0000,105.062,-1,0,0.0001
7017,2262,2292,0.0000,0.0000,1.0000,105.062,-1,0,0.0001
7018,2263,2264,1.0000,0.0000,0.0000,66.625,-1,0,0.0000
7019,2263,2292,0.0000,0.0000,1.0000,105.062,-1,0,0.0001
7020,2263,2293,0.0000,0.0000,1.0000,105.062,-1,0,0.0001
7021,2264,3950,0.0000,-1.0000,0.0000,66.625,-1,0,0.0000
7022,2264,2293,0.0000,0.0000,1.0000,105.062,-1,0,0.0001
7023,2265,2266,1.0000,0.0000,0.0000,66.625,-1,0,0.0000
7024,2265,2294,0.0000,0.0000,1.0000,105.062,-1,0,-1.0000
7025,2265,2295,0.0000,0.0000,1.0000,105.062,-1,0,-1.0000
7026,2265,3322,0.0000,-1.0000,0.0000,66.625,-1,0,0.0000
7027,2266,2267,1.0000,0.0000,0.0000,66.625,-1,0,0.0000
7028,2266,2295,0.0000,0.0000,1.0000,105.062,-1,0,-1.0000
7029,2266,2296,0.0000,0.0000,1.0000,105.062,-1,0,-1.0000
7030,2266,4344,0.0000,1.0000,0.0000,66.625,-1,0,0.0000
7031,2267,2268,1.0000,0.0000,0.0000,66.625,-1,0,0.0000
7032,2267,2296,0.0000,0.0000,1.0000,105.062,-1,0,-1.0000
7033,2267,2297,0.0000,0.0000,1.0000,105.062,-1,0,-1.0000
7034,2267,4344,0.0000,1.0000,0.0000,66.625,-1,0,0.0000
7035,2268,2269,1.0000,0.0000,0.0000,66.625,-1,0,0.0000
7036,2268,2314,0.0000,0.0000,1.0000,220.375,-1,0,-1.0000
7037,2269,2270,1.0000,0.0000,0.0000,66.625,-1,0,0.0000
7038,2269,2314,0.0000,0.0000,1.0000,220.375,-1,0,-1.0000
7039,2270,2271,1.0000,0.0000,0.0000,66.625,-1,0,0.0000
7040,2270,2314,0.0000,0.0000,1.0000,220.375,-1,0,-1.0000
7041,2271,2272,1.0000,0.0000,0.0000,66.625,-1,0,0.0000
7042,2271,2298,0.0000,0.0000,1.0000,105.062,-1,0,-1.0000
7043,2271,2299,0.0000,0.0000,1.0000,105.062,-1,0,-1.0000
7044,2271,4468,0.0000,1.0000,0.0000,66.625,-1,0,0.0000
7045,2272,2273,1.0000,0.0000,0.0000,66.625,-1,0,0.0000
7046,2272,2299,0.0000,0.0000,1.0000,105.062,-1,0,-1.0000
7047,2272,2300,0.0000,0.0000,1.0000,105.062,-1,0,-1.0000
7048,2272,4468,0.0000,1.0000,0.0000,66.625,-1,0,0.0000
7049,2273,2274,1.0000,0.0000,0.0000,66.625,-1,0,0.0000
7050,2273,2315,0.0000,0.0000,1.0000,220.375,-1,0,-1.0000
7051,2274,2275,1.0000,0.0000,0.0000,66.625,-1,0,0.0000
7052,2274,2315,0.0000,0.0000,1.0000,220.375,-1,0,-1.0000
7053,2275,2276,1.0000,0.0000,0.0000,66.625,-1,0,0.0000
7054,2275,2315,0.0000,0.0000,1.0000,220.375,-1,0,-1.0000
7055,2276,2277,1.0000,0.0000,0.0000,66.625,-1,0,0.0000
7056,2276,2301,0.0000,0.0000,1.0000,105.062,-1,0,-1.0000
7057,2276,2302,0.0000,0.0000,1.0000,105.062,-1,0,-1.0000
7058,2276,4592,0.0000,1.0000,0.0000,66.625,-1,0,0.0000
7059,2277,2278,1.0000,0.0000,0.0000,66.625,-1,0,0.0000
7060,2277,2302,0.0000,0.0000,1.0000,105.062,-1,0,-1.0000
7061,2277,2303,0.0000,0.0000,1.0000,105.062,-1,0,-1.0000
7062,2277,4592,0.0000,1.0000,0.0000,66.625,-1,0,0.0000
7063,2278,2279,1.0000,0.0000,0.0000,66.625,-1,0,0.0000
7064,2278,2316,0.0000,0.0000,1.0000,220.375,-1,0,-1.0000
7065,2279,2280,1.0000,0.0000,0.0000,66.625,-1,0,0.0000
7066,2279,2316,0.0000,0.0000,1.0000,220.375,-1,0,-1.0000
7067,2280,2281,1.0000,0.0000,0.0000,66.625,-1,0,0.0000
7068,2280,2316,0.0000,0.0000,1.0000,220.375,-1,0,-1.0000
7069,2281,2282,1.0000,0.0000,0.0000,66.625,-1,0,0.0000
7070,2281,2304,0.0000,0.0000,1.0000,105.062,-1,0,-1.0000
7071,2281,2305,0.0000,0.0000,1.0000,105.062,-1,0,-1.0000
7072,2281,4716,0.0000,1.0000,0.0000,66.625,-1,0,0.0000
7073,2282,2283,1.0000,0.0000,0.0000,66.625,-1,0,0.0000
7074,2282,2305,0.0000,0.0000,1.0000,105.062,-1,0,-1.0000
7075,2282,2306,0.0000,0.0000,1.0000,105.062,-1,0,-1.0000
7076,2282,4716,0.0000,1.0000,0.0000,66.625,-1,0,0.0000
7077,2283,2284,1.0000,0.0000,0.0000,66.625,-1,0,0.0000
7078,2283,2317,0.0000,0.0000,1.0000,220.375,-1,0,-1.0000
7079,2284,2285,1.0000,0.0000,0.0000,66.625,-1,0,0.0000
7080,2284,2317,0.0000,0.0000,1.0000,220.375,-1,0,-1.0000
7081,2285,2286,1.0000,0.0000,0.0000,66.625,-1,0,0.0000
7082,2285,2317,0.0000,0.0000,1.0000,220.375,-1,0,-1.0000
7083,2286,2287,1.0000,0.0000,0.0000,66.625,-1,0,0.0000
7084,2286,2307,0.0000,0.0000,1.0000,105.062,-1,0,-1.0000
7085,2286,2308,0.0000,0.0000,1.0000,105.062,-1,0,-1.0000
7086,2286,4840,0.0000,1.0000,0.0000,66.625,-1,0,0.0000
7087,2287,2288,1.0000,0.0000,0.0000,66.625,-1,0,0.0000
7088,2287,2308,0.0000,0.0000,1.0000,105.062,-1,0,-1.0000
7089,2287,2309,0.0000,0.0000,1.0000,105.062,-1,0,-1.0000
7090,2287,4840,0.0000,1.0000,0.0000,66.625,-1,0,0.0000
7091,2288,2289,1.0000,0.0000,0.0000,66.625,-1,0,0.0000
7092,2288,2318,0.0000,0.0000,1.0000,220.375,-1,0,-1.0000
7093,2289,2290,1.0000,0.0000,0.0000,66.625,-1,0,0.0000
7094,2289,2318,0.0000,0.0000,1.0000,220.375,-1,0,-1.0000
7095,2290,2291,1.0000,0.0000,0.0000,66.625,-1,0,0.0000
7096,2290,2318,0.0000,0.0000,1.0000,220.375,-1,0,-1.0000
7097,2291,2292,1.0000,0.0000,0.0000,66.625,-1,0,0.0000
7098,2291,2310,0.0000,0.0000,1.0000,105.062,-1,0,-1.0000
7099,2291,2311,0.0000,0.0000,1.0000,105.062,-1,0,-1.0000
7100,2291,4964,0.0000,1.0000,0.0000,66.625,-1,0,0.0000
7101,2292,2293,1.0000,0.0000,0.0000,66.625,-1,0,0.0000
7102,2292,2311,0.0000,0.0000,1.0000,105.062,-1,0,-1.0000
7103,2292,2312,0.0000,0.0000,1.0000,105.062,-1,0,-1.0000
7104,2292,4964,0.0000,1.0000,0.0000,66.625,-1,0,0.0000
7105,2293,2312,0.0000,0.0000,1.0000,105.062,-1,0,-1.0000
7106,2293,2313,0.0000,0.0000,1.0000,105.062,-1,0,-1.0000
7107,2293,3964,0.0000,-1.0000,0.0000,66.625,-1,0,0.0000
7108,2294,2295,1.0000,0.0000,0.0000,66.625,-1,0,-1.0000
7109,2294,3331,0.0000,-1.0000,0.0000,66.625,-1,0,-1.0000
7110,2294,2319,0.0000,0.0000,1.0000,105.062,-1,0,-1.0000
7111,2295,2296,1.0000,0.0000,0.0000,66.625,-1,0,-1.0000
7112,2295,2319,0.0000,0.0000,1.0000,105.062,-1,0,-1.0000
7113,2295,2320,0.0000,0.0000,1.0000,105.062,-1,0,-1.0000
7114,2296,2297,1.0000,0.0000,0.0000,66.625,-1,0,-1.0000
7115,2296,4346,0.0000,1.0000,0.0000,139.750,-1,0,-1.0000
7116,2296,2320,0.0000,0.0000,1.0000,105.062,-1,0,-1.0000
7117,2296,2321,0.0000,0.0000,1.0000,105.062,-1,0,-1.0000
7118,2297,2314,1.0000,0.0000,0.0000,66.625,-1,0,-1.0000
7119,2297,2321,0.0000,0.0000,1.0000,105.062,-1,0,-1.0000
7120,2298,2299,1.0000,0.0000,0.0000,66.625,-1,0,-1.0000
7121,2298,2314,-1.0000,0.0000,0.0000,66.625,-1,0,-1.0000
7122,2298,2324,0.0000,0.0000,1.0000,105.062,-1,0,-1.0000
7123,2299,2300,1.0000,0.0000,0.0000,66.625,-1,0,-1.0000
7124,2299,4470,0.0000,1.0000,0.0000,139.750,-1,0,-1.0000
7125,2299,2324,0.0000,0.0000,1.0000,105.062,-1,0,-1.0000
7126,2299,2325,0.0000,0.0000,1.0000,105.062,-1,0,-1.0000
7127,2300,2315,1.0000,0.0000,0.0000,66.625,-1,0,-1.0000
7128,2300,2325,0.0000,0.0000,1.0000,105.062,-1,0,-1.0000
7129,2301,2302,1.0000,0.0000,0.0000,66.625,-1,0,-1.0000
7130,2301,2315,-1.0000,0.0000,0.0000,66.625,-1,0,-1.0000
7131,2301,2328,0.0000,0.0000,1.0000,105.062,-1,0,-1.0000
7132,2302,2303,1.0000,0.0000,0.0000,66.625,-1,0,-1.0000
7133,2302,4594,0.0000,1.0000,0.0000,139.750,-1,0,-1.0000
7134,2302,2328,0.0000,0.0000,1.0000,105.062,-1,0,-1.0000
7135,2302,2329,0.0000,0.0000,1.0000,105.062,-1,0,-1.0000
7136,2303,2316,1.0000,0.0000,0.0000,66.625,-1,0,-1.0000
7137,2303,2329,0.0000,0.0000,1.0000,105.062,-1,0,-1.0000
7138,2304,2305,1.0000,0.0000,0.0000,66.625,-1,0,-1.0000
7139,2304,2316,-1.0000,0.0000,0.0000,66.625,-1,0,-1.0000
7140,2304,2332,0.0000,0.0000,1.0000,105.062,-1,0,-1.0000
7141,2305,2306,1.0000,0.0000,0.0000,66.625,-1,0,-1.0000
7142,2305,4718,0.0000,1.0000,0.0000,139.750,-1,0,-1.0000
7143,2305,2332,0.0000,0.0000,1.0000,105.062,-1,0,-1.0000
7144,2305,2333,0.0000,0.0000,1.0000,105.062,-1,0,-1.0000
7145,2306,2317,1.0000,0.0000,0.0000,66.625,-1,0,-1.0000
7146,2306,2333,0.0000,0.0000,1.0000,105.062,-1,0,-1.0000
7147,2307,2308,1.0000,0.0000,0.0000,66.625,-1,0,-1.0000
7148,2307,2317,-1.0000,0.0000,0.0000,66.625,-1,0,-1.0000
7149,2307,2336,0.0000,0.0000,1.0000,105.062,-1,0,-1.0000
7150,2308,2309,1.0000,0.0000,0.0000,66.625,-1,0,-1.0000
7151,2308,4842,0.0000,1.0000,0.0000,139.750,-1,0,-1.0000
7152,2308,2336,0.0000,0.0000,1.0000,105.062,-1,0,-1.0000
7153,2308,2337,0.0000,0.0000,1.0000,105.062,-1,0,-1.0000
7154,2309,2318,1.0000,0.0000,0.0000,66.625,-1,0,-1.0000
7155,2309,2337,0.0000,0.0000,1.0000,105.062,-1,0,-1.0000
7156,2310,2311,1.0000,0.0000,0.0000,66.625,-1,0,-1.0000
7157,2310,2318,-1.0000,0.0000,0.0000,66.625,-1,0,-1.0000
7158,2310,2340,0.0000,0.0000,1.0000,105.062,-1,0,-1.0000
7159,2311,2312,1.0000,0.0000,0.0000,66.625,-1,0,-1.0000
7160,2311,4966,0.0000,1.0000,0.0000,139.750,-1,0,-1.0000
7161,2311,2340,0.0000,0.0000,1.0000,105.062,-1,0,-1.0000
7162,2311,2341,0.0000,0.0000,1.0000,105.062,-1,0,-1.0000
7163,2312,2313,1.0000,0.0000,0.0000,66.625,-1,0,-1.0000
7164,2312,2341,0.0000,0.0000,1.0000,105.062,-1,0,-1.0000
7165,2312,2342,0.0000,0.0000,1.0000,105.062,-1,0,-1.0000
7166,2313,3973,0.0000,-1.0000,0.0000,66.625,-1,0,-1.0000
7167,2313,2342,0.0000,0.0000,1.0000,105.062,-1,0,-1.0000
7168,2314,2322,0.0000,0.0000,1.0000,105.062,-1,0,-1.0000
7169,2314,2323,0.0000,0.0000,1.0000,105.062,-1,0,-1.0000
7170,2315,2326,0.0000,0.0000,1.0000,105.062,-1,0,-1.0000
7171,2315,2327,0.0000,0.0000,1.0000,105.062,-1,0,-1.0000
7172,2316,2330,0.0000,0.0000,1.0000,105.062,-1,0,-1.0000
7173,2316,2331,0.0000,0.0000,1.0000,105.062,-1,0,-1.0000
7174,2317,2334,0.0000,0.0000,1.0000,105.062,-1,0,-1.0000
7175,2317,2335,0.0000,0.0000,1.0000,105.062,-1,0,-1.0000
7176,2318,2338,0.0000,0.0000,1.0000,105.062,-1,0,-1.0000
7177,2318,2339,0.0000,0.0000,1.0000,105.062,-1,0,-1.0000
7178,2319,2320,1.0000,0.0000,0.0000,66.625,-1,0,0.0000
7179,2319,2343,0.0000,0.0000,1.0000,105.062,-1,0,0.0000
7180,2319,2344,0.0000,0.0000,1.0000,105.062,-1,0,0.0000
7181,2319,3343,0.0000,-1.0000,0.0000,66.625,-1,0,0.0000
7182,2320,2321,1.0000,0.0000,0.0000,66.625,-1,0,0.0000
7183,2320,2344,0.0000,0.0000,1.0000,105.062,-1,0,0.0000
7184,2320,2345,0.0000,0.0000,1.0000,105.062,-1,0,0.0000
7185,2320,4348,0.0000,1.0000,0.0000,66.625,-1,0,0.0000
7186,2321,2322,1.0000,0.0000,0.0000,66.625,-1,0,0.0000
7187,2321,2345,0.0000,0.0000,1.0000,105.062,-1,0,0.0000
7188,2321,2346,0.0000,0.0000,1.0000,105.062,-1,0,0.0000
7189,2321,4348,0.0000,1.0000,0.0000,66.625,-1,0,0.0000
7190,2322,2346,0.0000,0.0000,1.0000,105.062,-1,0,0.0000
7191,2323,2324,1.0000,0.0000,0.0000,66.625,-1,0,0.0000
7192,2323,2347,0.0000,0.0000,1.0000,105.062,-1,0,0.0000
7193,2324,2325,1.0000,0.0000,0.0000,66.625,-1,0,0.0000
7194,2324,2347,0.0000,0.0000,1.0000,105.062,-1,0,0.0000
7195,2324,2348,0.0000,0.0000,1.0000,105.062,-1,0,0.0000
7196,2324,4472,0.0000,1.0000,0.0000,66.625,-1,0,0.0000
7197,2325,2326,1.0000,0.0000,0.0000,66.625,-1,0,0.0000
7198,2325,2348,0.0000,0.0000,1.0000,105.062,-1,0,0.0000
7199,2325,2349,0.0000,0.0000,1.0000,105.062,-1,0,0.0000
7200,2325,4472,0.0000,1.0000,0.0000,66.625,-1,0,0.0000
7201,2326,2349,0.0000,0.0000,1.0000,105.062,-1,0,0.0000
7202,2327,2328,1.0000,0.0000,0.0000,66.625,-1,0,0.0000
7203,2327,2350,0.0000,0.0000,1.0000,105.062,-1,0,0.0000
7204,2328,2329,1.0000,0.0000,0.0000,66.625,-1,0,0.0000
7205,2328,2350,0.0000,0.0000,1.0000,105.062,-1,0,0.0000
7206,2328,2351,0.0000,0.0000,1.0000,105.062,-1,0,0.0000
7207,2328,4596,0.0000,1.0000,0.0000,66.625,-1,0,0.0000
7208,2329,2330,1.0000,0.0000,0.0000,66.625,-1,0,0.0000
7209,2329,2351,0.0000,0.0000,1.0000,105.062,-1,0,0.0000
7210,2329,2352,0.0000,0.0000,1.0000,105.062,-1,0,0.0000
7211,2329,4596,0.0000,1.0000,0.0000,66.625,-1,0,0.0000
7212,2330,2352,0.0000,0.0000,1.0000,105.062,-1,0,0.0000
7213,2331,2332,1.0000,0.0000,0.0000,66.625,-1,0,0.0000
7214,2331,2353,0.0000,0.0000,1.0000,105.062,-1,0,0.0000
7215,2332,2333,1.0000,0.0000,0.0000,66.625,-1,0,0.0000
7216,2332,2353,0.0000,0.0000,1.0000,105.062,-1,0,0.0000
7217,2332,2354,0.0000,0.0000,1.0000,105.062,-1,0,0.0000
7218,2332,4720,0.0000,1.0000,0.0000,66.625,-1,0,0.0000
7219,2333,2334,1.0000,0.0000,0.0000,66.625,-1,0,0.0000
7220,2333,2354,0.0000,0.0000,1.0000,105.062,-1,0,0.0000
7221,2333,2355,0.0000,0.0000,1.0000,105.062,-1,0,0.0000
7222,2333,4720,0.0000,1.0000,0.0000,66.625,-1,0,0.0000
7223,2334,2355,0.0000,0.0000,1.0000,105.062,-1,0,0.0000
7224,2335,2336,1.0000,0.0000,0.0000,66.625,-1,0,0.0000
7225,2335,2356,0.0000,0.0000,1.0000,105.062,-1,0,0.0000
7226,2336,2337,1.0000,0.0000,0.0000,66.625,-1,0,0.0000
7227,2336,2356,0.0000,0.0000,1.0000,105.062,-1,0,0.0000
7228,2336,2357,0.0000,0.0000,1.0000,105.062,-1,0,0.0000
7229,2336,4844,0.0000,1.0000,0.0000,66.625,-1,0,0.0000
7230,2337,2338,1.0000,0.0000,0.0000,66.625,-1,0,0.0000
7231,2337,2357,0.0000,0.0000,1.0000,105.062,-1,0,0.0000
7232,2337,2358,0.0000,0.0000,1.0000,105.062,-1,0,0.0000
7233,2337,4844,0.0000,1.0000,0.0000,66.625,-1,0,0.0000
7234,2338,2358,0.0000,0.0000,1.0000,105.062,-1,0,0.0000
7235,2339,2340,1.0000,0.0000,0.0000,66.625,-1,0,0.0000
7236,2339,2359,0.0000,0.0000,1.0000,105.062,-1,0,0.0000
7237,2340,2341,1.0000,0.0000,0.0000,66.625,-1,0,0.0000
7238,2340,2359,0.0000,0.0000,1.0000,105.062,-1,0,0.0000
7239,2340,2360,0.0000,0.0000,1.0000,105.062,-1,0,0.0000
7240,2340,4968,0.0000,1.0000,0.0000,66.625,-1,0,0.0000
7241,2341,2342,1.0000,0.0000,0.0000,66.625,-1,0,0.0000
7242,2341,2360,0.0000,0.0000,1.0000,105.062,-1,0,0.0000
7243,2341,2361,0.0000,0.0000,1.0000,105.062,-1,0,0.0000
7244,2341,4968,0.0000,1.0000,0.0000,66.625,-1,0,0.0000
7245,2342,2361,0.0000,0.0000,1.0000,105.062,-1,0,0.0000
7246,2342,2362,0.0000,0.0000,1.0000,105.062,-1,0,0.0000
7247,2342,3985,0.0000,-1.0000,0.0000,66.625,-1,0,0.0000
7248,2343,2344,1.0000,0.0000,0.0000,66.625,-1,0,0.0000
7249,2343,3356,0.0000,-1.0000,0.0000,66.625,-1,0,0.0000
7250,2343,2363,0.0000,0.0000,1.0000,105.062,-1,0,0.0000
7251,2344,2345,1.0000,0.0000,0.0000,66.625,-1,0,0.0000
7252,2344,2363,0.0000,0.0000,1.0000,105.062,-1,0,0.0000
7253,2344,2364,0.0000,0.0000,1.0000,105.062,-1,0,0.0000
7254,2345,2346,1.0000,0.0000,0.0000,66.625,-1,0,0.0000
7255,2345,4350,0.0000,1.0000,0.0000,139.750,-1,0,0.0000
7256,2345,2364,0.0000,0.0000,1.0000,105.062,-1,0,0.0000
7257,2345,2365,0.0000,0.0000,1.0000,105.062,-1,0,0.0000
7258,2346,2365,0.0000,0.0000,1.0000,105.062,-1,0,0.0000
7259,2346,2366,0.0000,0.0000,1.0000,105.062,-1,0,0.0000
7260,2347,2348,1.0000,0.0000,0.0000,66.625,-1,0,0.0000
7261,2347,2367,0.0000,0.0000,1.0000,105.062,-1,0,0.0000
7262,2347,2368,0.0000,0.0000,1.0000,105.062,-1,0,0.0000
7263,2348,2349,1.0000,0.0000,0.0000,66.625,-1,0,0.0000
7264,2348,4474,0.0000,1.0000,0.0000,139.750,-1,0,0.0000
7265,2348,2368,0.0000,0.0000,1.0000,105.062,-1,0,0.0000
7266,2348,2369,0.0000,0.0000,1.0000,105.062,-1,0,0.0000
7267,2349,2369,0.0000,0.0000,1.0000,105.062,-1,0,0.0000
7268,2349,2370,0.0000,0.0000,1.0000,105.062,-1,0,0.0000
7269,2350,2351,1.0000,0.0000,0.0000,66.625,-1,0,0.0000
7270,2350,2371,0.0000,0.0000,1.0000,105.062,-1,0,0.0000
7271,2350,2372,0.0000,0.0000,1.0000,105.062,-1,0,0.0000
7272,2351,2352,1.0000,0.0000,0.0000,66.625,-1,0,0.0000
7273,2351,4598,0.0000,1.0000,0.0000,139.750,-1,0,0.0000
7274,2351,2372,0.0000,0.0000,1.0000,105.062,-1,0,0.0000
7275,2351,2373,0.0000,0.0000,1.0000,105.062,-1,0,0.0000
7276,2352,2373,0.0000,0.0000,1.0000,105.062,-1,0,0.0000
7277,2352,2374,0.0000,0.0000,1.0000,105.062,-1,0,0.0000
7278,2353,2354,1.0000,0.0000,0.0000,66.625,-1,0,0.0000
7279,2353,2375,0.0000,0.0000,1.0000,105.062,-1,0,0.0000
7280,2353,2376,0.0000,0.0000,1.0000,105.062,-1,0,0.0000
7281,2354,2355,1.0000,0.0000,0.0000,66.625,-1,0,0.0000
7282,2354,4722,0.0000,1.0000,0.0000,139.750,-1,0,0.0000
7283,2354,2376,0.0000,0.0000,1.0000,105.062,-1,0,0.0000
7284,2354,2377,0.0000,0.0000,1.0000,105.062,-1,0,0.0000
7285,2355,2377,0.0000,0.0000,1.0000,105.062,-1,0,0.0000
7286,2355,2378,0.0000,0.0000,1.0000,105.062,-1,0,0.0000
7287,2356,2357,1.0000,0.0000,0.0000,66.625,-1,0,0.0000
7288,2356,2379,0.0000,0.0000,1.0000,105.062,-1,0,0.0000
7289,2356,2380,0.0000,0.0000,1.0000,105.062,-1,0,0.0000
7290,2357,2358,1.0000,0.0000,0.0000,66.625,-1,0,0.0000
7291,2357,4846,0.0000,1.0000,0.0000,139.750,-1,0,0.0000
7292,2357,2380,0.0000,0.0000,1.0000,105.062,-1,0,0.0000
7293,2357,2381,0.0000,0.0000,1.0000,105.062,-1,0,0.0000
7294,2358,2381,0.0000,0.0000,1.0000,105.062,-1,0,0.0000
7295,2358,2382,0.0000,0.0000,1.0000,105.062,-1,0,0.0000
7296,2359,2360,1.0000,0.0000,0.0000,66.625,-1,0,0.0000
7297,2359,2383,0.0000,0.0000,1.0000,105.062,-1,0,0.0000
7298,2359,2384,0.0000,0.0000,1.0000,105.062,-1,0,0.0000
7299,2360,2361,1.0000,0.0000,0.0000,66.625,-1,0,0.0000
7300,2360,4970,0.0000,1.0000,0.0000,139.750,-1,0,0.0000
7301,2360,2384,0.0000,0.0000,1.0000,105.062,-1,0,0.0000
7302,2360,2385,0.0000,0.0000,1.0000,105.062,-1,0,0.0000
7303,2361,2362,1.0000,0.0000,0.0000,66.625,-1,0,0.0000
7304,2361,2385,0.0000,0.0000,1.0000,105.062,-1,0,0.0000
7305,2361,2386,0.0000,0.0000,1.0000,105.062,-1,0,0.0000
7306,2362,3998,0.0000,-1.0000,0.0000,66.625,-1,0,0.0000
7307,2362,2386,0.0000,0.0000,1.0000,105.062,-1,0,0.0000
7308,2363,2364,1.0000,0.0000,0.0000,66.625,-1,0,0.0000
7309,2363,2387,0.0000,0.0000,1.0000,105.062,-1,0,0.0000
7310,2363,2388,0.0000,0.0000,1.0000,105.062,-1,0,0.0000
7311,2363,3366,0.0000,-1.0000,0.0000,66.625,-1,0,0.0000
7312,2364,2365,1.0000,0.0000,0.0000,66.625,-1,0,0.0000
7313,2364,2388,0.0000,0.0000,1.0000,105.062,-1,0,0.0000
7314,2364,2389,0.0000,0.0000,1.0000,105.062,-1,0,0.0000
7315,2364,4352,0.0000,1.0000,0.0000,66.625,-1,0,0.0000
7316,2365,2366,1.0000,0.0000,0.0000,66.625,-1,0,0.0000
7317,2365,2389,0.0000,0.0000,1.0000,105.062,-1,0,0.0000
7318,2365,2390,0.0000,0.0000,1.0000,105.062,-1,0,0.0000
7319,2365,4352,0.0000,1.0000,0.0000,66.625,-1,0,0.0000
7320,2366,2390,0.0000,0.0000,1.0000,105.062,-1,0,0.0000
7321,2367,2368,1.0000,0.0000,0.0000,66.625,-1,0,0.0000
7322,2367,2391,0.0000,0.0000,1.0000,105.062,-1,0,0.0000
7323,2368,2369,1.0000,0.0000,0.0000,66.625,-1,0,0.0000
7324,2368,2391,0.0000,0.0000,1.0000,105.062,-1,0,0.0000
7325,2368,2392,0.0000,0.0000,1.0000,105.062,-1,0,0.0000
7326,2368,4476,0.0000,1.0000,0.0000,66.625,-1,0,0.0000
7327,2369,2370,1.0000,0.0000,0.0000,66.625,-1,0,0.0000
7328,2369,2392,0.0000,0.0000,1.0000,105.062,-1,0,0.0000
7329,2369,2393,0.0000,0.0000,1.0000,105.062,-1,0,0.0000
7330,2369,4476,0.0000,1.0000,0.0000,66.625,-1,0,0.0000
7331,2370,2393,0.0000,0.0000,1.0000,105.062,-1,0,0.0000
7332,2371,2372,1.0000,0.0000,0.0000,66.625,-1,0,0.0000
7333,2371,2394,0.0000,0.0000,1.0000,105.062,-1,0,0.0000
7334,2372,2373,1.0000,0.0000,0.0000,66.625,-1,0,0.0000
7335,2372,2394,0.0000,0.0000,1.0000,105.062,-1,0,0.0000
7336,2372,2395,0.0000,0.0000,1.0000,105.062,-1,0,0.0000
7337,2372,4600,0.0000,1.0000,0.0000,66.625,-1,0,0.0000
7338,2373,2374,1.0000,0.0000,0.0000,66.625,-1,0,0.0000
7339,2373,2395,0.0000,0.0000,1.0000,105.062,-1,0,0.0000
7340,2373,2396,0.0000,0.0000,1.0000,105.062,-1,0,0.0000
7341,2373,4600,0.0000,1.0000,0.0000,66.625,-1,0,0.0000
7342,2374,2396,0.0000,0.0000,1.0000,105.062,-1,0,0.0000
7343,2375,2376,1.0000,0.0000,0.0000,66.625,-1,0,0.0000
7344,2375,2397,0.0000,0.0000,1.0000,105.062,-1,0,0.0000
7345,2376,2377,1.0000,0.0000,0.0000,66.625,-1,0,0.0000
7346,2376,2397,0.0000,0.0000,1.0000,105.062,-1,0,0.0000
7347,2376,2398,0.0000,0.0000,1.0000,105.062,-1,0,0.0000
7348,2376,4724,0.0000,1.0000,0.0000,66.625,-1,0,0.0000
7349,2377,2378,1.0000,0.0000,0.0000,66.625,-1,0,0.0000
7350,2377,2398,0.0000,0.0000,1.0000,105.062,-1,0,0.0000
7351,2377,2399,0.0000,0.0000,1.0000,105.062,-1,0,0.0000
7352,2377,4724,0.0000,1.0000,0.0000,66.625,-1,0,0.0000
7353,2378,2399,0.0000,0.0000,1.0000,105.062,-1,0,0.0000
7354,2379,2380,1.0000,0.0000,0.0000,66.625,-1,0,0.0000
7355,2379,2400,0.0000,0.0000,1.0000,105.062,-1,0,0.0000
7356,2380,2381,1.0000,0.0000,0.0000,66.625,-1,0,0.0000
7357,2380,2400,0.0000,0.0000,1.0000,105.062,-1,0,0.0000
7358,2380,2401,0.0000,0.0000,1.0000,105.062,-1,0,0.0000
7359,2380,4848,0.0000,1.0000,0.0000,66.625,-1,0,0.0000
7360,2381,2382,1.0000,0.0000,0.0000,66.625,-1,0,0.0000
7361,2381,2401,0.0000,0.0000,1.0000,105.062,-1,0,0.0000
7362,2381,2402,0.0000,0.0000,1.0000,105.062,-1,0,0.0000
7363,2381,4848,0.0000,1.0000,0.0000,66.625,-1,0,0.0000
7364,2382,2402,0.0000,0.0000,1.0000,105.062,-1,0,0.0000
7365,2383,2384,1.0000,0.0000,0.0000,66.625,-1,0,0.0000
7366,2383,2403,0.0000,0.0000,1.0000,105.062,-1,0,0.0000
7367,2384,2385,1.0000,0.0000,0.0000,66.625,-1,0,0.0000
7368,2384,2403,0.0000,0.0000,1.0000,105.062,-1,0,0.0000
7369,2384,2404,0.0000,0.0000,1.0000,105.062,-1,0,0.0000
7370,2384,4972,0.0000,1.0000,0.0000,66.625,-1,0,0.0000
7371,2385,2386,1.0000,0.0000,0.0000,66.625,-1,0,0.0000
7372,2385,2404,0.0000,0.0000,1.0000,105.062,-1,0,0.0000
7373,2385,2405,0.0000,0.0000,1.0000,105.062,-1,0,0.0000
7374,2385,4972,0.0000,1.0000,0.0000,66.625,-1,0,0.0000
7375,2386,2405,0.0000,0.0000,1.0000,105.062,-1,0,0.0000
7376,2386,2406,0.0000,0.0000,1.0000,105.062,-1,0,0.0000
7377,2386,4008,0.0000,-1.0000,0.0000,66.625,-1,0,0.0000
7378,2387,2388,1.0000,0.0000,0.0000,66.625,-1,0,0.0000
7379,2387,3379,0.0000,-1.0000,0.0000,66.625,-1,0,0.0000
7380,2387,2407,0.0000,0.0000,1.0000,105.062,-1,0,0.0000
7381,2388,2389,1.0000,0.0000,0.0000,66.625,-1,0,0.0000
7382,2388,2407,0.0000,0.0000,1.0000,105.062,-1,0,0.0000
7383,2388,2408,0.0000,0.0000,1.0000,105.062,-1,0,0.0000
7384,2389,2390,1.0000,0.0000,0.0000,66.625,-1,0,0.0000
7385,2389,4354,0.0000,1.0000,0.0000,139.750,-1,0,0.0000
7386,2389,2408,0.0000,0.0000,1.0000,105.062,-1,0,0.0000
7387,2389,2409,0.0000,0.0000,1.0000,105.062,-1,0,0.0000
7388,2390,2409,0.0000,0.0000,1.0000,105.062,-1,0,0.0000
7389,2390,2410,0.0000,0.0000,1.0000,105.062,-1,0,0.0000
7390,2391,2392,1.0000,0.0000,0.0000,66.625,-1,0,0.0000
7391,2391,2411,0.0000,0.0000,1.0000,105.062,-1,0,0.0000
7392,2391,2412,0.0000,0.0000,1.0000,105.062,-1,0,0.0000
7393,2392,2393,1.0000,0.0000,0.0000,66.625,-1,0,0.0000
7394,2392,4478,0.0000,1.0000,0.0000,139.750,-1,0,0.0000
7395,2392,2412,0.0000,0.0000,1.0000,105.062,-1,0,0.0000
7396,2392,2413,0.0000,0.0000,1.0000,105.062,-1,0,0.0000
7397,2393,2413,0.0000,0.0000,1.0000,105.062,-1,0,0.0000
7398,2393,2414,0.0000,0.0000,1.0000,105.062,-1,0,0.0000
7399,2394,2395,1.0000,0.0000,0.0000,66.625,-1,0,0.0000
7400,2394,2415,0.0000,0.0000,1.0000,105.062,-1,0,0.0000
7401,2394,2416,0.0000,0.0000,1.0000,105.062,-1,0,0.0000
7402,2395,2396,1.0000,0.0000,0.0000,66.625,-1,0,0.0000
7403,2395,4602,0.0000,1.0000,0.0000,139.750,-1,0,0.0000
7404,2395,2416,0.0000,0.0000,1.0000,105.062,-1,0,0.0000
7405,2395,2417,0.0000,0.0000,1.0000,105.062,-1,0,0.0000
7406,2396,2417,0.0000,0.0000,1.0000,105.062,-1,0,0.0000
7407,2396,2418,0.0000,0.0000,1.0000,105.062,-1,0,0.0000
7408,2397,2398,1.0000,0.0000,0.0000,66.625,-1,0,0.0000
7409,2397,2419,0.0000,0.0000,1.0000,105.062,-1,0,0.0000
7410,2397,2420,0.0000,0.0000,1.0000,105.062,-1,0,0.0000
7411,2398,2399,1.0000,0.0000,0.0000,66.625,-1,0,0.0000
7412,2398,4726,0.0000,1.0000,0.0000,139.750,-1,0,0.0000
7413,2398,2420,0.0000,0.0000,1.0000,105.062,-1,0,0.0000
7414,2398,2421,0.0000,0.0000,1.0000,105.062,-1,0,0.0000
7415,2399,2421,0.0000,0.0000,1.0000,105.062,-1,0,0.0000
7416,2399,2422,0.0000,0.0000,1.0000,105.062,-1,0,0.0000
7417,2400,2401,1.0000,0.0000,0.0000,66.625,-1,0,0.0000
7418,2400,2423,0.0000,0.0000,1.0000,105.062,-1,0,0.0000
7419,2400,2424,0.0000,0.0000,1.0000,105.062,-1,0,0.0000
7420,2401,2402,1.0000,0.0000,0.0000,66.625,-1,0,0.0000
7421,2401,4850,0.0000,1.0000,0.0000,139.750,-1,0,0.0000
7422,2401,2424,0.0000,0.0000,1.0000,105.062,-1,0,0.0000
7423,2401,2425,0.0000,0.0000,1.0000,105.062,-1,0,0.0000
7424,2402,2425,0.0000,0.0000,1.0000,105.062,-1,0,0.0000
7425,2402,2426,0.0000,0.0000,1.0000,105.062,-1,0,0.0000
7426,2403,2404,1.0000,0.0000,0.0000,66.625,-1,0,0.0000
7427,2403,2427,0.0000,0.0000,1.0000,105.062,-1,0,0.0000
7428,2403,2428,0.0000,0.0000,1.0000,105.062,-1,0,0.0000
7429,2404,2405,1.0000,0.0000,0.0000,66.625,-1,0,0.0000
7430,2404,4974,0.0000,1.0000,0.0000,139.750,-1,0,0.0000
7431,2404,2428,0.0000,0.0000,1.0000,105.062,-1,0,0.0000
7432,2404,2429,0.0000,0.0000,1.0000,105.062,-1,0,0.0000
7433,2405,2406,1.0000,0.0000,0.0000,66.625,-1,0,0.0000
7434,2405,2429,0.0000,0.0000,1.0000,105.062,-1,0,0.0000
7435,2405,2430,0.0000,0.0000,1.0000,105.062,-1,0,0.0000
7436,2406,4021,0.0000,-1.0000,0.0000,66.625,-1,0,0.0000
7437,2406,2430,0.0000,0.0000,1.0000,105.062,-1,0,0.0000
7438,2407,2408,1.0000,0.0000,0.0000,66.625,-1,0,0.0000
7439,2407,3389,0.0000,-1.0000,0.0000,66.625,-1,0,0.0000
7440,2407,2431,0.0000,0.0000,1.0000,105.062,-1,0,0.0000
7441,2407,2432,0.0000,0.0000,1.0000,105.062,-1,0,0.0000
7442,2408,2409,1.0000,0.0000,0.0000,66.625,-1,0,0.0000
7443,2408,4356,0.0000,1.0000,0.0000,66.625,-1,0,0.0000
7444,2408,2432,0.0000,0.0000,1.0000,105.062,-1,0,0.0000
7445,2408,2433,0.0000,0.0000,1.0000,105.062,-1,0,0.0000
7446,2409,2410,1.0000,0.0000,0.0000,66.625,-1,0,0.0000
7447,2409,4356,0.0000,1.0000,0.0000,66.625,-1,0,0.0000
7448,2409,2433,0.0000,0.0000,1.0000,105.062,-1,0,0.0000
7449,2409,2434,0.0000,0.0000,1.0000,105.062,-1,0,0.0000
7450,2410,2434,0.0000,0.0000,1.0000,105.062,-1,0,0.0000
7451,2411,2412,1.0000,0.0000,0.0000,66.625,-1,0,0.0000
7452,2411,2435,0.0000,0.0000,1.0000,105.062,-1,0,0.0000
7453,2412,2413,1.0000,0.0000,0.0000,66.625,-1,0,0.0000
7454,2412,4480,0.0000,1.0000,0.0000,66.625,-1,0,0.0000
7455,2412,2435,0.0000,0.0000,1.0000,105.062,-1,0,0.0000
7456,2412,2436,0.0000,0.0000,1.0000,105.062,-1,0,0.0000
7457,2413,2414,1.0000,0.0000,0.0000,66.625,-1,0,0.0000
7458,2413,4480,0.0000,1.0000,0.0000,66.625,-1,0,0.0000
7459,2413,2436,0.0000,0.0000,1.0000,105.062,-1,0,0.0000
7460,2413,2437,0.0000,0.0000,1.0000,105.062,-1,0,0.0000
7461,2414,2437,0.0000,0.0000,1.0000,105.062,-1,0,0.0000
7462,2415,2416,1.0000,0.0000,0.0000,66.625,-1,0,0.0000
7463,2415,2438,0.0000,0.0000,1.0000,105.062,-1,0,0.0000
7464,2416,2417,1.0000,0.0000,0.0000,66.625,-1,0,0.0000
7465,2416,4604,0.0000,1.0000,0.0000,66.625,-1,0,0.0000
7466,2416,2438,0.0000,0.0000,1.0000,105.062,-1,0,0.0000
7467,2416,2439,0.0000,0.0000,1.0000,105.062,-1,0,0.0000
7468,2417,2418,1.0000,0.0000,0.0000,66.625,-1,0,0.0000
7469,2417,4604,0.0000,1.0000,0.0000,66.625,-1,0,0.0000
7470,2417,2439,0.0000,0.0000,1.0000,105.062,-1,0,0.0000
7471,2417,2440,0.0000,0.0000,1.0000,105.062,-1,0,0.0000
7472,2418,2440,0.0000,0.0000,1.0000,105.062,-1,0,0.0000
7473,2419,2420,1.0000,0.0000,0.0000,66.625,-1,0,0.0000
7474,2419,2441,0.0000,0.0000,1.0000,105.062,-1,0,0.0000
7475,2420,2421,1.0000,0.0000,0.0000,66.625,-1,0,0.0000
7476,2420,4728,0.0000,1.0000,0.0000,66.625,-1,0,0.0000
7477,2420,2441,0.0000,0.0000,1.0000,105.062,-1,0,0.0000
7478,2420,2442,0.0000,0.0000,1.0000,105.062,-1,0,0.0000
7479,2421,2422,1.0000,0.0000,0.0000,66.625,-1,0,0.0000
7480,2421,4728,0.0000,1.0000,0.0000,66.625,-1,0,0.0000
7481,2421,2442,0.0000,0.0000,1.0000,105.062,-1,0,0.0000
7482,2421,2443,0.0000,0.0000,1.0000,105.062,-1,0,0.0000
7483,2422,2443,0.0000,0.0000,1.0000,105.062,-1,0,0.0000
7484,2423,2424,1.0000,0.0000,0.0000,66.625,-1,0,0.0000
7485,2423,2444,0.0000,0.0000,1.0000,105.062,-1,0,0.0000
7486,2424,2425,1.0000,0.0000,0.0000,66.625,-1,0,0.0000
7487,2424,4852,0.0000,1.0000,0.0000,66.625,-1,0,0.0000
7488,2424,2444,0.0000,0.0000,1.0000,105.062,-1,0,0.0000
7489,2424,2445,0.0000,0.0000,1.0000,105.062,-1,0,0.0000
7490,2425,2426,1.0000,0.0000,0.0000,66.625,-1,0,0.0000
7491,2425,4852,0.0000,1.0000,0.0000,66.625,-1,0,0.0000
7492,2425,2445,0.0000,0.0000,1.0000,105.062,-1,0,0.0000
7493,2425,2446,0.0000,0.0000,1.0000,105.062,-1,0,0.0000
7494,2426,2446,0.0000,0.0000,1.0000,105.062,-1,0,0.0000
7495,2427,2428,1.0000,0.0000,0.0000,66.625,-1,0,0.0000
7496,2427,2447,0.0000,0.0000,1.0000,105.062,-1,0,0.0000
7497,2428,2429,1.0000,0.0000,0.0000,66.625,-1,0,0.0000
7498,2428,4976,0.0000,1.0000,0.0000,66.625,-1,0,0.0000
7499,2428,2447,0.0000,0.0000,1.0000,105.062,-1,0,0.0000
7500,2428,2448,0.0000,0.0000,1.0000,105.062,-1,0,0.0000
7501,2429,2430,1.0000,0.0000,0.0000,66.625,-1,0,0.0000
7502,2429,4976,0.0000,1.0000,0.0000,66.625,-1,0,0.0000
7503,2429,2448,0.0000,0.0000,1.0000,105.062,-1,0,0.0000
7504,2429,2449,0.0000,0.0000,1.0000,105.062,-1,0,0.0000
7505,2430,4031,0.0000,-1.0000,0.0000,66.625,-1,0,0.0000
7506,2430,2449,0.0000,0.0000,1.0000,105.062,-1,0,0.0000
7507,2430,2450,0.0000,0.0000,1.0000,105.062,-1,0,0.0000
7508,2431,2432,1.0000,0.0000,0.0000,66.625,-1,0,0.0000
7509,2431,2451,0.0000,0.0000,1.0000,105.062,-1,0,0.0000
7510,2431,3402,0.0000,-1.0000,0.0000,66.625,-1,0,0.0000
7511,2432,2433,1.0000,0.0000,0.0000,66.625,-1,0,0.0000
7512,2432,2451,0.0000,0.0000,1.0000,105.062,-1,0,0.0000
7513,2432,2452,0.0000,0.0000,1.0000,105.062,-1,0,0.0000
7514,2433,2434,1.0000,0.0000,0.0000,66.625,-1,0,0.0000
7515,2433,2452,0.0000,0.0000,1.0000,105.062,-1,0,0.0000
7516,2433,2453,0.0000,0.0000,1.0000,105.062,-1,0,0.0000
7517,2433,4358,0.0000,1.0000,0.0000,139.750,-1,0,0.0000
7518,2434,2453,0.0000,0.0000,1.0000,105.062,-1,0,0.0000
7519,2434,2454,0.0000,0.0000,1.0000,105.062,-1,0,0.0000
7520,2435,2436,1.0000,0.0000,0.0000,66.625,-1,0,0.0000
7521,2435,2455,0.0000,0.0000,1.0000,105.062,-1,0,0.0000
7522,2435,2456,0.0000,0.0000,1.0000,105.062,-1,0,0.0000
7523,2436,2437,1.0000,0.0000,0.0000,66.625,-1,0,0.0000
7524,2436,2456,0.0000,0.0000,1.0000,105.062,-1,0,0.0000
7525,2436,2457,0.0000,0.0000,1.0000,105.062,-1,0,0.0000
7526,2436,4482,0.0000,1.0000,0.0000,139.750,-1,0,0.0000
7527,2437,2457,0.0000,0.0000,1.0000,105.062,-1,0,0.0000
7528,2437,2458,0.0000,0.0000,1.0000,105.062,-1,0,0.0000
7529,2438,2439,1.0000,0.0000,0.0000,66.625,-1,0,0.0000
7530,2438,2459,0.0000,0.0000,1.0000,105.062,-1,0,0.0000
7531,2438,2460,0.0000,0.0000,1.0000,105.062,-1,0,0.0000
7532,2439,2440,1.0000,0.0000,0.0000,66.625,-1,0,0.0000
7533,2439,2460,0.0000,0.0000,1.0000,105.062,-1,0,0.0000
7534,2439,2461,0.0000,0.0000,1.0000,105.062,-1,0,0.0000
7535,2439,4606,0.0000,1.0000,0.0000,139.750,-1,0,0.0000
7536,2440,2461,0.0000,0.0000,1.0000,105.062,-1,0,0.0000
7537,2440,2462,0.0000,0.0000,1.0000,105.062,-1,0,0.0000
7538,2441,2442,1.0000,0.0000,0.0000,66.625,-1,0,0.0000
7539,2441,2463,0.0000,0.0000,1.0000,105.062,-1,0,0.0000
7540,2441,2464,0.0000,0.0000,1.0000,105.062,-1,0,0.0000
7541,2442,2443,1.0000,0.0000,0.0000,66.625,-1,0,0.0000
7542,2442,2464,0.0000,0.0000,1.0000,105.062,-1,0,0.0000
7543,2442,2465,0.0000,0.0000,1.0000,105.062,-1,0,0.0000
7544,2442,4730,0.0000,1.0000,0.0000,139.750,-1,0,0.0000
7545,2443,2465,0.0000,0.0000,1.0000,105.062,-1,0,0.0000
7546,2443,2466,0.0000,0.0000,1.0000,105.062,-1,0,0.0000
7547,2444,2445,1.0000,0.0000,0.0000,66.625,-1,0,0.0000
7548,2444,2467,0.0000,0.0000,1.0000,105.062,-1,0,0.0000
7549,2444,2468,0.0000,0.0000,1.0000,105.062,-1,0,0.0000
7550,2445,2446,1.0000,0.0000,0.0000,66.625,-1,0,0.0000
7551,2445,2468,0.0000,0.0000,1.0000,105.062,-1,0,0.0000
7552,2445,2469,0.0000,0.0000,1.0000,105.062,-1,0,0.0000
7553,2445,4854,0.0000,1.0000,0.0000,139.750,-1,0,0.0000
7554,2446,2469,0.0000,0.0000,1.0000,105.062,-1,0,0.0000
7555,2446,2470,0.0000,0.0000,1.0000,105.062,-1,0,0.0000
7556,2447,2448,1.0000,0.0000,0.0000,66.625,-1,0,0.0000
7557,2447,2471,0.0000,0.0000,1.0000,105.062,-1,0,0.0000
7558,2447,2472,0.0000,0.0000,1.0000,105.062,-1,0,0.0000
7559,2448,2449,1.0000,0.0000,0.0000,66.625,-1,0,0.0000
7560,2448,2472,0.0000,0.0000,1.0000,105.062,-1,0,0.0000
7561,2448,2473,0.0000,0.0000,1.0000,105.062,-1,0,0.0000
7562,2448,4978,0.0000,1.0000,0.0000,139.750,-1,0,0.0000
7563,2449,2450,1.0000,0.0000,0.0000,66.625,-1,0,0.0000
7564,2449,2473,0.0000,0.0000,1.0000,105.062,-1,0,0.0000
7565,2449,2474,0.0000,0.0000,1.0000,105.062,-1,0,0.0000
7566,2450,2474,0.0000,0.0000,1.0000,105.062,-1,0,0.0000
7567,2450,4044,0.0000,-1.0000,0.0000,66.625,-1,0,0.0000
7568,2451,2452,1.0000,0.0000,0.0000,66.625,-1,0,0.0000
7569,2451,3412,0.0000,-1.0000,0.0000,66.625,-1,0,0.0000
7570,2451,2475,0.0000,0.0000,1.0000,105.062,-1,0,0.0000
7571,2451,2476,0.0000,0.0000,1.0000,105.062,-1,0,0.0000
7572,2452,2453,1.0000,0.0000,0.0000,66.625,-1,0,0.0000
7573,2452,4360,0.0000,1.0000,0.0000,66.625,-1,0,0.0000
7574,2452,2476,0.0000,0.0000,1.0000,105.062,-1,0,0.0000
7575,2452,2477,0.0000,0.0000,1.0000,105.062,-1,0,0.0000
7576,2453,2454,1.0000,0.0000,0.0000,66.625,-1,0,0.0000
7577,2453,4360,0.0000,1.0000,0.0000,66.625,-1,0,0.0000
7578,2453,2477,0.0000,0.0000,1.0000,105.062,-1,0,0.0000
7579,2453,2478,0.0000,0.0000,1.0000,105.062,-1,0,0.0000
7580,2454,2478,0.0000,0.0000,1.0000,105.062,-1,0,0.0000
7581,2455,2456,1.0000,0.0000,0.0000,66.625,-1,0,0.0000
7582,2455,2479,0.0000,0.0000,1.0000,105.062,-1,0,0.0000
7583,2456,2457,1.0000,0.0000,0.0000,66.625,-1,0,0.0000
7584,2456,4484,0.0000,1.0000,0.0000,66.625,-1,0,0.0000
7585,2456,2479,0.0000,0.0000,1.0000,105.062,-1,0,0.0000
7586,2456,2480,0.0000,0.0000,1.0000,105.062,-1,0,0.0000
7587,2457,2458,1.0000,0.0000,0.0000,66.625,-1,0,0.0000
7588,2457,4484,0.0000,1.0000,0.0000,66.625,-1,0,0.0000
7589,2457,2480,0.0000,0.0000,1.0000,105.062,-1,0,0.0000
7590,2457,2481,0.0000,0.0000,1.0000,105.062,-1,0,0.0000
7591,2458,2481,0.0000,0.0000,1.0000,105.062,-1,0,0.0000
7592,2459,2460,1.0000,0.0000,0.0000,66.625,-1,0,0.0000
7593,2459,2482,0.0000,0.0000,1.0000,105.062,-1,0,0.0000
7594,2460,2461,1.0000,0.0000,0.0000,66.625,-1,0,0.0000
7595,2460,4608,0.0000,1.0000,0.0000,66.625,-1,0,0.0000
7596,2460,2482,0.0000,0.0000,1.0000,105.062,-1,0,0.0000
7597,2460,2483,0.0000,0.0000,1.0000,105.062,-1,0,0.0000
7598,2461,2462,1.0000,0.0000,0.0000,66.625,-1,0,0.0000
7599,2461,4608,0.0000,1.0000,0.0000,66.625,-1,0,0.0000
7600,2461,2483,0.0000,0.0000,1.0000,105.062,-1,0,0.0000
7601,2461,2484,0.0000,0.0000,1.0000,105.062,-1,0,0.0000
7602,2462,2484,0.0000,0.0000,1.0000,105.062,-1,0,0.0000
7603,2463,2464,1.0000,0.0000,0.0000,66.625,-1,0,0.0000
7604,2463,2485,0.0000,0.0000,1.0000,105.062,-1,0,0.0000
7605,2464,2465,1.0000,0.0000,0.0000,66.625,-1,0,0.0000
7606,2464,4732,0.0000,1.0000,0.0000,66.625,-1,0,0.0000
7607,2464,2485,0.0000,0.0000,1.0000,105.062,-1,0,0.0000
7608,2464,2486,0.0000,0.0000,1.0000,105.062,-1,0,0.0000
7609,2465,2466,1.0000,0.0000,0.0000,66.625,-1,0,0.0000
7610,2465,4732,0.0000,1.0000,0.0000,66.625,-1,0,0.0000
7611,2465,2486,0.0000,0.0000,1.0000,105.062,-1,0,0.0000
7612,2465,2487,0.0000,0.0000,1.0000,105.062,-1,0,0.0000
7613,2466,2487,0.0000,0.0000,1.0000,105.062,-1,0,0.0000
7614,2467,2468,1.0000,0.0000,0.0000,66.625,-1,0,0.0000
7615,2467,2488,0.0000,0.0000,1.0000,105.062,-1,0,0.0000
7616,2468,2469,1.0000,0.0000,0.0000,66.625,-1,0,0.0000
7617,2468,4856,0.0000,1.0000,0.0000,66.625,-1,0,0.0000
7618,2468,2488,0.0000,0.0000,1.0000,105.062,-1,0,0.0000
7619,2468,2489,0.0000,0.0000,1.0000,105.062,-1,0,0.0000
7620,2469,2470,1.0000,0.0000,0.0000,66.625,-1,0,0.0000
7621,2469,4856,0.0000,1.0000,0.0000,66.625,-1,0,0.0000
7622,2469,2489,0.0000,0.0000,1.0000,105.062,-1,0,0.0000
7623,2469,2490,0.0000,0.0000,1.0000,105.062,-1,0,0.0000
7624,2470,2490,0.0000,0.0000,1.0000,105.062,-1,0,0.0000
7625,2471,2472,1.0000,0.0000,0.0000,66.625,-1,0,0.0000
7626,2471,2491,0.0000,0.0000,1.0000,105.062,-1,0,0.0000
7627,2472,2473,1.0000,0.0000,0.0000,66.625,-1,0,0.0000
7628,2472,4980,0.0000,1.0000,0.0000,66.625,-1,0,0.0000
7629,2472,2491,0.0000,0.0000,1.0000,105.062,-1,0,0.0000
7630,2472,2492,0.0000,0.0000,1.0000,105.062,-1,0,0.0000
7631,2473,2474,1.0000,0.0000,0.0000,66.625,-1,0,0.0000
7632,2473,4980,0.0000,1.0000,0.0000,66.625,-1,0,0.0000
7633,2473,2492,0.0000,0.0000,1.0000,105.062,-1,0,0.0000
7634,2473,2493,0.0000,0.0000,1.0000,105.062,-1,0,0.0000
7635,2474,4054,0.0000,-1.0000,0.0000,66.625,-1,0,0.0000
7636,2474,2493,0.0000,0.0000,1.0000,105.062,-1,0,0.0000
7637,2474,2494,0.0000,0.0000,1.0000,105.062,-1,0,0.0000
7638,2475,2476,1.0000,0.0000,0.0000,66.625,-1,0,0.0000
7639,2475,2495,0.0000,0.0000,1.0000,105.062,-1,0,0.0000
7640,2475,3425,0.0000,-1.0000,0.0000,66.625,-1,0,0.0000
7641,2476,2477,1.0000,0.0000,0.0000,66.625,-1,0,0.0000
7642,2476,2495,0.0000,0.0000,1.0000,105.062,-1,0,0.0000
7643,2476,2496,0.0000,0.0000,1.0000,105.062,-1,0,0.0000
7644,2477,2478,1.0000,0.0000,0.0000,66.625,-1,0,0.0000
7645,2477,2496,0.0000,0.0000,1.0000,105.062,-1,0,0.0000
7646,2477,2497,0.0000,0.0000,1.0000,105.062,-1,0,0.0000
7647,2477,4362,0.0000,1.0000,0.0000,139.750,-1,0,0.0000
7648,2478,2497,0.0000,0.0000,1.0000,105.062,-1,0,0.0000
7649,2478,2498,0.0000,0.0000,1.0000,105.062,-1,0,0.0000
7650,2479,2480,1.0000,0.0000,0.0000,66.625,-1,0,0.0000
7651,2479,2499,0.0000,0.0000,1.0000,105.062,-1,0,0.0000
7652,2479,2500,0.0000,0.0000,1.0000,105.062,-1,0,0.0000
7653,2480,2481,1.0000,0.0000,0.0000,66.625,-1,0,0.0000
7654,2480,2500,0.0000,0.0000,1.0000,105.062,-1,0,0.0000
7655,2480,2501,0.0000,0.0000,1.0000,105.062,-1,0,0.0000
7656,2480,4486,0.0000,1.0000,0.0000,139.750,-1,0,0.0000
7657,2481,2501,0.0000,0.0000,1.0000,105.062,-1,0,0.0000
7658,2481,2502,0.0000,0.0000,1.0000,105.062,-1,0,0.0000
7659,2482,2483,1.0000,0.0000,0.0000,66.625,-1,0,0.0000
7660,2482,2503,0.0000,0.0000,1.0000,105.062,-1,0,0.0000
7661,2482,2504,0.0000,0.0000,1.0000,105.062,-1,0,0.0000
7662,2483,2484,1.0000,0.0000,0.0000,66.625,-1,0,0.0000
7663,2483,2504,0.0000,0.0000,1.0000,105.062,-1,0,0.0000
7664,2483,2505,0.0000,0.0000,1.0000,105.062,-1,0,0.0000
7665,2483,4610,0.0000,1.0000,0.0000,139.750,-1,0,0.0000
7666,2484,2505,0.0000,0.0000,1.0000,105.062,-1,0,0.0000
7667,2484,2506,0.0000,0.0000,1.0000,105.062,-1,0,0.0000
7668,2485,2486,1.0000,0.0000,0.0000,66.625,-1,0,0.0000
7669,2485,2507,0.0000,0.0000,1.0000,105.062,-1,0,0.0000
7670,2485,2508,0.0000,0.0000,1.0000,105.062,-1,0,0.0000
7671,2486,2487,1.0000,0.0000,0.0000,66.625,-1,0,0.0000
7672,2486,2508,0.0000,0.0000,1.0000,105.062,-1,0,0.0000
7673,2486,2509,0.0000,0.0000,1.0000,105.062,-1,0,0.0000
7674,2486,4734,0.0000,1.0000,0.0000,139.750,-1,0,0.0000
7675,2487,2509,0.0000,0.0000,1.0000,105.062,-1,0,0.0000
7676,2487,2510,0.0000,0.0000,1.0000,105.062,-1,0,0.0000
7677,2488,2489,1.0000,0.0000,0.0000,66.625,-1,0,0.0000
7678,2488,2511,0.0000,0.0000,1.0000,105.062,-1,0,0.0000
7679,2488,2512,0.0000,0.0000,1.0000,105.062,-1,0,0.0000
7680,2489,2490,1.0000,0.0000,0.0000,66.625,-1,0,0.0000
7681,2489,2512,0.0000,0.0000,1.0000,105.062,-1,0,0.0000
7682,2489,2513,0.0000,0.0000,1.0000,105.062,-1,0,0.0000
7683,2489,4858,0.0000,1.0000,0.0000,139.750,-1,0,0.0000
7684,2490,2513,0.0000,0.0000,1.0000,105.062,-1,0,0.0000
7685,2490,2514,0.0000,0.0000,1.0000,105.062,-1,0,0.0000
7686,2491,2492,1.0000,0.0000,0.0000,66.625,-1,0,0.0000
7687,2491,2515,0.0000,0.0000,1.0000,105.062,-1,0,0.0000
7688,2491,2516,0.0000,0.0000,1.0000,105.062,-1,0,0.0000
7689,2492,2493,1.0000,0.0000,0.0000,66.625,-1,0,0.0000
7690,2492,2516,0.0000,0.0000,1.0000,105.062,-1,0,0.0000
7691,2492,2517,0.0000,0.0000,1.0000,105.062,-1,0,0.0000
7692,2492,4982,0.0000,1.0000,0.0000,139.750,-1,0,0.0000
7693,2493,2494,1.0000,0.0000,0.0000,66.625,-1,0,0.0000
7694,2493,2517,0.0000,0.0000,1.0000,105.062,-1,0,0.0000
7695,2493,2518,0.0000,0.0000,1.0000,105.062,-1,0,0.0000
7696,2494,2518,0.0000,0.0000,1.0000,105.062,-1,0,0.0000
7697,2494,4067,0.0000,-1.0000,0.0000,66.625,-1,0,0.0000
7698,2495,2496,1.0000,0.0000,0.0000,66.625,-1,0,0.0000
7699,2495,3435,0.0000,-1.0000,0.0000,66.625,-1,0,0.0000
7700,2495,2519,0.0000,0.0000,1.0000,105.062,-1,0,0.0000
7701,2495,2520,0.0000,0.0000,1.0000,105.062,-1,0,0.0000
7702,2496,2497,1.0000,0.0000,0.0000,66.625,-1,0,0.0000
7703,2496,4364,0.0000,1.0000,0.0000,66.625,-1,0,0.0000
7704,2496,2520,0.0000,0.0000,1.0000,105.062,-1,0,0.0000
7705,2496,2521,0.0000,0.0000,1.0000,105.062,-1,0,0.0000
7706,2497,2498,1.0000,0.0000,0.0000,66.625,-1,0,0.0000
7707,2497,4364,0.0000,1.0000,0.0000,66.625,-1,0,0.0000
7708,2497,2521,0.0000,0.0000,1.0000,105.062,-1,0,0.0000
7709,2497,2522,0.0000,0.0000,1.0000,105.062,-1,0,0.0000
7710,2498,2522,0.0000,0.0000,1.0000,105.062,-1,0,0.0000
7711,2499,2500,1.0000,0.0000,0.0000,66.625,-1,0,0.0000
7712,2499,2523,0.0000,0.0000,1.0000,105.062,-1,0,0.0000
7713,2500,2501,1.0000,0.0000,0.0000,66.625,-1,0,0.0000
7714,2500,4488,0.0000,1.0000,0.0000,66.625,-1,0,0.0000
7715,2500,2523,0.0000,0.0000,1.0000,105.062,-1,0,0.0000
7716,2500,2524,0.0000,0.0000,1.0000,105.062,-1,0,0.0000
7717,2501,2502,1.0000,0.0000,0.0000,66.625,-1,0,0.0000
7718,2501,4488,0.0000,1.0000,0.0000,66.625,-1,0,0.0000
7719,2501,2524,0.0000,0.0000,1.0000,105.062,-1,0,0.0000
7720,2501,2525,0.0000,0.0000,1.0000,105.062,-1,0,0.0000
7721,2502,2525,0.0000,0.0000,1.0000,105.062,-1,0,0.0000
7722,2503,2504,1.0000,0.0000,0.0000,66.625,-1,0,0.0000
7723,2503,2526,0.0000,0.0000,1.0000,105.062,-1,0,0.0000
7724,2504,2505,1.0000,0.0000,0.0000,66.625,-1,0,0.0000
7725,2504,4612,0.0000,1.0000,0.0000,66.625,-1,0,0.0000
7726,2504,2526,0.0000,0.0000,1.0000,105.062,-1,0,0.0000
7727,2504,2527,0.0000,0.0000,1.0000,105.062,-1,0,0.0000
7728,2505,2506,1.0000,0.0000,0.0000,66.625,-1,0,0.0000
7729,2505,4612,0.0000,1.0000,0.0000,66.625,-1,0,0.0000
7730,2505,2527,0.0000,0.0000,1.0000,105.062,-1,0,0.0000
7731,2505,2528,0.0000,0.0000,1.0000,105.062,-1,0,0.0000
7732,2506,2528,0.0000,0.0000,1.0000,105.062,-1,0,0.0000
7733,2507,2508,1.0000,0.0000,0.0000,66.625,-1,0,0.0000
7734,2507,2529,0.0000,0.0000,1.0000,105.062,-1,0,0.0000
7735,2508,2509,1.0000,0.0000,0.0000,66.625,-1,0,0.0000
7736,2508,4736,0.0000,1.0000,0.0000,66.625,-1,0,0.0000
7737,2508,2529,0.0000,0.0000,1.0000,105.062,-1,0,0.0000
7738,2508,2530,0.0000,0.0000,1.0000,105.062,-1,0,0.0000
7739,2509,2510,1.0000,0.0000,0.0000,66.625,-1,0,0.0000
7740,2509,4736,0.0000,1.0000,0.0000,66.625,-1,0,0.0000
7741,2509,2530,0.0000,0.0000,1.0000,105.062,-1,0,0.0000
7742,2509,2531,0.0000,0.0000,1.0000,105.062,-1,0,0.0000
7743,2510,2531,0.0000,0.0000,1.0000,105.062,-1,0,0.0000
7744,2511,2512,1.0000,0.0000,0.0000,66.625,-1,0,0.0000
7745,2511,2532,0.0000,0.0000,1.0000,105.062,-1,0,0.0000
7746,2512,2513,1.0000,0.0000,0.0000,66.625,-1,0,0.0000
7747,2512,4860,0.0000,1.0000,0.0000,66.625,-1,0,0.0000
7748,2512,2532,0.0000,0.0000,1.0000,105.062,-1,0,0.0000
7749,2512,2533,0.0000,0.0000,1.0000,105.062,-1,0,0.0000
7750,2513,2514,1.0000,0.0000,0.0000,66.625,-1,0,0.0000
7751,2513,4860,0.0000,1.0000,0.0000,66.625,-1,0,0.0000
7752,2513,2533,0.0000,0.0000,1.0000,105.062,-1,0,0.0000
7753,2513,2534,0.0000,0.0000,1.0000,105.062,-1,0,0.0000
7754,2514,2534,0.0000,0.0000,1.0000,105.062,-1,0,0.0000
7755,2515,2516,1.0000,0.0000,0.0000,66.625,-1,0,0.0000
7756,2515,2535,0.0000,0.0000,1.0000,105.062,-1,0,0.0000
7757,2516,2517,1.0000,0.0000,0.0000,66.625,-1,0,0.0000
7758,2516,4984,0.0000,1.0000,0.0000,66.625,-1,0,0.0000
7759,2516,2535,0.0000,0.0000,1.0000,105.062,-1,0,0.0000
7760,2516,2536,0.0000,0.0000,1.0000,105.062,-1,0,0.0000
7761,2517,2518,1.0000,0.0000,0.0000,66.625,-1,0,0.0000
7762,2517,4984,0.0000,1.0000,0.0000,66.625,-1,0,0.0000
7763,2517,2536,0.0000,0.0000,1.0000,105.062,-1,0,0.0000
7764,2517,2537,0.0000,0.0000,1.0000,105.062,-1,0,0.0000
7765,2518,4077,0.0000,-1.0000,0.0000,66.625,-1,0,0.0000
7766,2518,2537,0.0000,0.0000,1.0000,105.062,-1,0,0.0000
7767,2518,2538,0.0000,0.0000,1.0000,105.062,-1,0,0.0000
7768,2519,2520,1.0000,0.0000,0.0000,66.625,-1,0,0.0000
7769,2519,2539,0.0000,0.0000,1.0000,105.062,-1,0,0.0000
7770,2519,3448,0.0000,-1.0000,0.0000,66.625,-1,0,0.0000
7771,2520,2521,1.0000,0.0000,0.0000,66.625,-1,0,0.0000
7772,2520,2539,0.0000,0.0000,1.0000,105.062,-1,0,0.0000
7773,2520,2540,0.0000,0.0000,1.0000,105.062,-1,0,0.0000
7774,2521,2522,1.0000,0.0000,0.0000,66.625,-1,0,0.0000
7775,2521,2540,0.0000,0.0000,1.0000,105.062,-1,0,0.0000
7776,2521,2541,0.0000,0.0000,1.0000,105.062,-1,0,0.0000
7777,2521,4366,0.0000,1.0000,0.0000,139.750,-1,0,0.0000
7778,2522,2541,0.0000,0.0000,1.0000,105.062,-1,0,0.0000
7779,2522,2542,0.0000,0.0000,1.0000,105.062,-1,0,0.0000
7780,2523,2524,1.0000,0.0000,0.0000,66.625,-1,0,0.0000
7781,2523,2543,0.0000,0.0000,1.0000,105.062,-1,0,0.0000
7782,2523,2544,0.0000,0.0000,1.0000,105.062,-1,0,0.0000
7783,2524,2525,1.0000,0.0000,0.0000,66.625,-1,0,0.0000
7784,2524,2544,0.0000,0.0000,1.0000,105.062,-1,0,0.0000
7785,2524,2545,0.0000,0.0000,1.0000,105.062,-1,0,0.0000
7786,2524,4490,0.0000,1.0000,0.0000,139.750,-1,0,0.0000
7787,2525,2545,0.0000,0.0000,1.0000,105.062,-1,0,0.0000
7788,2525,2546,0.0000,0.0000,1.0000,105.062,-1,0,0.0000
7789,2526,2527,1.0000,0.0000,0.0000,66.625,-1,0,0.0000
7790,2526,2547,0.0000,0.0000,1.0000,105.062,-1,0,0.0000
7791,2526,2548,0.0000,0.0000,1.0000,105.062,-1,0,0.0000
7792,2527,2528,1.0000,0.0000,0.0000,66.625,-1,0,0.0000
7793,2527,2548,0.0000,0.0000,1.0000,105.062,-1,0,0.0000
7794,2527,2549,0.0000,0.0000,1.0000,105.062,-1,0,0.0000
7795,2527,4614,0.0000,1.0000,0.0000,139.750,-1,0,0.0000
7796,2528,2549,0.0000,0.0000,1.0000,105.062,-1,0,0.0000
7797,2528,2550,0.0000,0.0000,1.0000,105.062,-1,0,0.0000
7798,2529,2530,1.0000,0.0000,0.0000,66.625,-1,0,0.0000
7799,2529,2551,0.0000,0.0000,1.0000,105.062,-1,0,0.0000
7800,2529,2552,0.0000,0.0000,1.0000,105.062,-1,0,0.0000
7801,2530,2531,1.0000,0.0000,0.0000,66.625,-1,0,0.0000
7802,2530,2552,0.0000,0.0000,1.0000,105.062,-1,0,0.0000
7803,2530,2553,0.0000,0.0000,1.0000,105.062,-1,0,0.0000
7804,2530,4738,0.0000,1.0000,0.0000,139.750,-1,0,0.0000
7805,2531,2553,0.0000,0.0000,1.0000,105.062,-1,0,0.0000
7806,2531,2554,0.0000,0.0000,1.0000,105.062,-1,0,0.0000
7807,2532,2533,1.0000,0.0000,0.0000,66.625,-1,0,0.0000
7808,2532,2555,0.0000,0.0000,1.0000,105.062,-1,0,0.0000
7809,2532,2556,0.0000,0.0000,1.0000,105.062,-1,0,0.0000
7810,2533,2534,1.0000,0.0000,0.0000,66.625,-1,0,0.0000
7811,2533,2556,0.0000,0.0000,1.0000,105.062,-1,0,0.0000
7812,2533,2557,0.0000,0.0000,1.0000,105.062,-1,0,0.0000
7813,2533,4862,0.0000,1.0000,0.0000,139.750,-1,0,0.0000
7814,2534,2557,0.0000,0.0000,1.0000,105.062,-1,0,0.0000
7815,2534,2558,0.0000,0.0000,1.0000,105.062,-1,0,0.0000
7816,2535,2536,1.0000,0.0000,0.0000,66.625,-1,0,0.0000
7817,2535,2559,0.0000,0.0000,1.0000,105.062,-1,0,0.0000
7818,2535,2560,0.0000,0.0000,1.0000,105.062,-1,0,0.0000
7819,2536,2537,1.0000,0.0000,0.0000,66.625,-1,0,0.0000
7820,2536,2560,0.0000,0.0000,1.0000,105.062,-1,0,0.0000
7821,2536,2561,0.0000,0.0000,1.0000,105.062,-1,0,0.0000
7822,2536,4986,0.0000,1.0000,0.0000,139.750,-1,0,0.0000
7823,2537,2538,1.0000,0.0000,0.0000,66.625,-1,0,0.0000
7824,2537,2561,0.0000,0.0000,1.0000,105.062,-1,0,0.0000
7825,2537,2562,0.0000,0.0000,1.0000,105.062,-1,0,0.0000
7826,2538,2562,0.0000,0.0000,1.0000,105.062,-1,0,0.0000
7827,2538,4090,0.0000,-1.0000,0.0000,66.625,-1,0,0.0000
7828,2539,2540,1.0000,0.0000,0.0000,66.625,-1,0,0.0000
7829,2539,3458,0.0000,-1.0000,0.0000,66.625,-1,0,0.0000
7830,2539,2563,0.0000,0.0000,1.0000,105.062,-1,0,0.0000
7831,2539,2564,0.0000,0.0000,1.0000,105.062,-1,0,0.0000
7832,2540,2541,1.0000,0.0000,0.0000,66.625,-1,0,0.0000
7833,2540,4368,0.0000,1.0000,0.0000,66.625,-1,0,0.0000
7834,2540,2564,0.0000,0.0000,1.0000,105.062,-1,0,0.0000
7835,2540,2565,0.0000,0.0000,1.0000,105.062,-1,0,0.0000
7836,2541,2542,1.0000,0.0000,0.0000,66.625,-1,0,0.0000
7837,2541,4368,0.0000,1.0000,0.0000,66.625,-1,0,0.0000
7838,2541,2565,0.0000,0.0000,1.0000,105.062,-1,0,0.0000
7839,2541,2566,0.0000,0.0000,1.0000,105.062,-1,0,0.0000
7840,2542,2566,0.0000,0.0000,1.0000,105.062,-1,0,0.0000
7841,2543,2544,1.0000,0.0000,0.0000,66.625,-1,0,0.0000
7842,2543,2567,0.0000,0.0000,1.0000,105.062,-1,0,0.0000
7843,2544,2545,1.0000,0.0000,0.0000,66.625,-1,0,0.0000
7844,2544,4492,0.0000,1.0000,0.0000,66.625,-1,0,0.0000
7845,2544,2567,0.0000,0.0000,1.0000,105.062,-1,0,0.0000
7846,2544,2568,0.0000,0.0000,1.0000,105.062,-1,0,0.0000
7847,2545,2546,1.0000,0.0000,0.0000,66.625,-1,0,0.0000
7848,2545,4492,0.0000,1.0000,0.0000,66.625,-1,0,0.0000
7849,2545,2568,0.0000,0.0000,1.0000,105.062,-1,0,0.0000
7850,2545,2569,0.0000,0.0000,1.0000,105.062,-1,0,0.0000
7851,2546,2569,0.0000,0.0000,1.0000,105.062,-1,0,0.0000
7852,2547,2548,1.0000,0.0000,0.0000,66.625,-1,0,0.0000
7853,2547,2570,0.0000,0.0000,1.0000,105.062,-1,0,0.0000
7854,2548,2549,1.0000,0.0000,0.0000,66.625,-1,0,0.0000
7855,2548,4616,0.0000,1.0000,0.0000,66.625,-1,0,0.0000
7856,2548,2570,0.0000,0.0000,1.0000,105.062,-1,0,0.0000
7857,2548,2571,0.0000,0.0000,1.0000,105.062,-1,0,0.0000
7858,2549,2550,1.0000,0.0000,0.0000,66.625,-1,0,0.0000
7859,2549,4616,0.0000,1.0000,0.0000,66.625,-1,0,0.0000
7860,2549,2571,0.0000,0.0000,1.0000,105.062,-1,0,0.0000
7861,2549,2572,0.0000,0.0000,1.0000,105.062,-1,0,0.0000
7862,2550,2572,0.0000,0.0000,1.0000,105.062,-1,0,0.0000
7863,2551,2552,1.0000,0.0000,0.0000,66.625,-1,0,0.0000
7864,2551,2573,0.0000,0.0000,1.0000,105.062,-1,0,0.0000
7865,2552,2553,1.0000,0.0000,0.0000,66.625,-1,0,0.0000
7866,2552,4740,0.0000,1.0000,0.0000,66.625,-1,0,0.0000
7867,2552,2573,0.0000,0.0000,1.0000,105.062,-1,0,0.0000
7868,2552,2574,0.0000,0.0000,1.0000,105.062,-1,0,0.0000
7869,2553,2554,1.0000,0.0000,0.0000,66.625,-1,0,0.0000
7870,2553,4740,0.0000,1.0000,0.0000,66.625,-1,0,0.0000
7871,2553,2574,0.0000,0.0000,1.0000,105.062,-1,0,0.0000
7872,2553,2575,0.0000,0.0000,1.0000,105.062,-1,0,0.0000
7873,2554,2575,0.0000,0.0000,1.0000,105.062,-1,0,0.0000
7874,2555,2556,1.0000,0.0000,0.0000,66.625,-1,0,0.0000
7875,2555,2576,0.0000,0.0000,1.0000,105.062,-1,0,0.0000
7876,2556,2557,1.0000,0.0000,0.0000,66.625,-1,0,0.0000
7877,2556,4864,0.0000,1.0000,0.0000,66.625,-1,0,0.0000
7878,2556,2576,0.0000,0.0000,1.0000,105.062,-1,0,0.0000
7879,2556,2577,0.0000,0.0000,1.0000,105.062,-1,0,0.0000
7880,2557,2558,1.0000,0.0000,0.0000,66.625,-1,0,0.0000
7881,2557,4864,0.0000,1.0000,0.0000,66.625,-1,0,0.0000
7882,2557,2577,0.0000,0.0000,1.0000,105.062,-1,0,0.0000
7883,2557,2578,0.0000,0.0000,1.0000,105.062,-1,0,0.0000
7884,2558,2578,0.0000,0.0000,1.0000,105.062,-1,0,0.0000
7885,2559,2560,1.0000,0.0000,0.0000,66.625,-1,0,0.0000
7886,2559,2579,0.0000,0.0000,1.0000,105.062,-1,0,0.0000
7887,2560,2561,1.0000,0.0000,0.0000,66.625,-1,0,0.0000
7888,2560,4988,0.0000,1.0000,0.0000,66.625,-1,0,0.0000
7889,2560,2579,0.0000,0.0000,1.0000,105.062,-1,0,0.0000
7890,2560,2580,0.0000,0.0000,1.0000,105.062,-1,0,0.0000
7891,2561,2562,1.0000,0.0000,0.0000,66.625,-1,0,0.0000
7892,2561,4988,0.0000,1.0000,0.0000,66.625,-1,0,0.0000
7893,2561,2580,0.0000,0.0000,1.0000,105.062,-1,0,0.0000
7894,2561,2581,0.0000,0.0000,1.0000,105.062,-1,0,0.0000
7895,2562,4100,0.0000,-1.0000,0.0000,66.625,-1,0,0.0000
7896,2562,2581,0.0000,0.0000,1.0000,105.062,-1,0,0.0000
7897,2562,2582,0.0000,0.0000,1.0000,105.062,-1,0,0.0000
7898,2563,2564,1.0000,0.0000,0.0000,66.625,-1,0,0.0000
7899,2563,2583,0.0000,0.0000,1.0000,105.062,-1,0,0.0000
7900,2563,3471,0.0000,-1.0000,0.0000,66.625,-1,0,0.0000
7901,2564,2565,1.0000,0.0000,0.0000,66.625,-1,0,0.0000
7902,2564,2583,0.0000,0.0000,1.0000,105.062,-1,0,0.0000
7903,2564,2584,0.0000,0.0000,1.0000,105.062,-1,0,0.0000
7904,2565,2566,1.0000,0.0000,0.0000,66.625,-1,0,0.0000
7905,2565,2584,0.0000,0.0000,1.0000,105.062,-1,0,0.0000
7906,2565,2585,0.0000,0.0000,1.0000,105.062,-1,0,0.0000
7907,2565,4370,0.0000,1.0000,0.0000,139.750,-1,0,0.0000
7908,2566,2585,0.0000,0.0000,1.0000,105.062,-1,0,0.0000
7909,2566,2586,0.0000,0.0000,1.0000,105.062,-1,0,0.0000
7910,2567,2568,1.0000,0.0000,0.0000,66.625,-1,0,0.0000
7911,2567,2587,0.0000,0.0000,1.0000,105.062,-1,0,0.0000
7912,2567,2588,0.0000,0.0000,1.0000,105.062,-1,0,0.0000
7913,2568,2569,1.0000,0.0000,0.0000,66.625,-1,0,0.0000
7914,2568,2588,0.0000,0.0000,1.0000,105.062,-1,0,0.0000
7915,2568,2589,0.0000,0.0000,1.0000,105.062,-1,0,0.0000
7916,2568,4494,0.0000,1.0000,0.0000,139.750,-1,0,0.0000
7917,2569,2589,0.0000,0.0000,1.0000,105.062,-1,0,0.0000
7918,2569,2590,0.0000,0.0000,1.0000,105.062,-1,0,0.0000
7919,2570,2571,1.0000,0.0000,0.0000,66.625,-1,0,0.0000
7920,2570,2591,0.0000,0.0000,1.0000,105.062,-1,0,0.0000
7921,2570,2592,0.0000,0.0000,1.0000,105.062,-1,0,0.0000
7922,2571,2572,1.0000,0.0000,0.0000,66.625,-1,0,0.0000
7923,2571,2592,0.0000,0.0000,1.0000,105.062,-1,0,0.0000
7924,2571,2593,0.0000,0.0000,1.0000,105.062,-1,0,0.0000
7925,2571,4618,0.0000,1.0000,0.0000,139.750,-1,0,0.0000
7926,2572,2593,0.0000,0.0000,1.0000,105.062,-1,0,0.0000
7927,2572,2594,0.0000,0.0000,1.0000,105.062,-1,0,0.0000
7928,2573,2574,1.0000,0.0000,0.0000,66.625,-1,0,0.0000
7929,2573,2595,0.0000,0.0000,1.0000,105.062,-1,0,0.0000
7930,2573,2596,0.0000,0.0000,1.0000,105.062,-1,0,0.0000
7931,2574,2575,1.0000,0.0000,0.0000,66.625,-1,0,0.0000
7932,2574,2596,0.0000,0.0000,1.0000,105.062,-1,0,0.0000
7933,2574,2597,0.0000,0.0000,1.0000,105.062,-1,0,0.0000
7934,2574,4742,0.0000,1.0000,0.0000,139.750,-1,0,0.0000
7935,2575,2597,0.0000,0.0000,1.0000,105.062,-1,0,0.0000
7936,2575,2598,0.0000,0.0000,1.0000,105.062,-1,0,0.0000
7937,2576,2577,1.0000,0.0000,0.0000,66.625,-1,0,0.0000
7938,2576,2599,0.0000,0.0000,1.0000,105.062,-1,0,0.0000
7939,2576,2600,0.0000,0.0000,1.0000,105.062,-1,0,0.0000
7940,2577,2578,1.0000,0.0000,0.0000,66.625,-1,0,0.0000
7941,2577,2600,0.0000,0.0000,1.0000,105.062,-1,0,0.0000
7942,2577,2601,0.0000,0.0000,1.0000,105.062,-1,0,0.0000
7943,2577,4866,0.0000,1.0000,0.0000,139.750,-1,0,0.0000
7944,2578,2601,0.0000,0.0000,1.0000,105.062,-1,0,0.0000
7945,2578,2602,0.0000,0.0000,1.0000,105.062,-1,0,0.0000
7946,2579,2580,1.0000,0.0000,0.0000,66.625,-1,0,0.0000
7947,2579,2603,0.0000,0.0000,1.0000,105.062,-1,0,0.0000
7948,2579,2604,0.0000,0.0000,1.0000,105.062,-1,0,0.0000
7949,2580,2581,1.0000,0.0000,0.0000,66.625,-1,0,0.0000
7950,2580,2604,0.0000,0.0000,1.0000,105.062,-1,0,0.0000
7951,2580,2605,0.0000,0.0000,1.0000,105.062,-1,0,0.0000
7952,2580,4990,0.0000,1.0000,0.0000,139.750,-1,0,0.0000
7953,2581,2582,1.0000,0.0000,0.0000,66.625,-1,0,0.0000
7954,2581,2605,0.0000,0.0000,1.0000,105.062,-1,0,0.0000
7955,2581,2606,0.0000,0.0000,1.0000,105.062,-1,0,0.0000
7956,2582,2606,0.0000,0.0000,1.0000,105.062,-1,0,0.0000
7957,2582,4113,0.0000,-1.0000,0.0000,66.625,-1,0,0.0000
7958,2583,2584,1.0000,0.0000,0.0000,66.625,-1,0,0.0000
7959,2583,3481,0.0000,-1.0000,0.0000,66.625,-1,0,0.0000
7960,2583,2607,0.0000,0.0000,1.0000,105.062,-1,0,0.0000
7961,2583,2608,0.0000,0.0000,1.0000,105.062,-1,0,0.0000
7962,2584,2585,1.0000,0.0000,0.0000,66.625,-1,0,0.0000
7963,2584,4372,0.0000,1.0000,0.0000,66.625,-1,0,0.0000
7964,2584,2608,0.0000,0.0000,1.0000,105.062,-1,0,0.0000
7965,2584,2609,0.0000,0.0000,1.0000,105.062,-1,0,0.0000
7966,2585,2586,1.0000,0.0000,0.0000,66.625,-1,0,0.0000
7967,2585,4372,0.0000,1.0000,0.0000,66.625,-1,0,0.0000
7968,2585,2609,0.0000,0.0000,1.0000,105.062,-1,0,0.0000
7969,2585,2610,0.0000,0.0000,1.0000,105.062,-1,0,0.0000
7970,2586,2610,0.0000,0.0000,1.0000,105.062,-1,0,0.0000
7971,2587,2588,1.0000,0.0000,0.0000,66.625,-1,0,0.0000
7972,2587,2611,0.0000,0.0000,1.0000,105.062,-1,0,0.0000
7973,2588,2589,1.0000,0.0000,0.0000,66.625,-1,0,0.0000
7974,2588,4496,0.0000,1.0000,0.0000,66.625,-1,0,0.0000
7975,2588,2611,0.0000,0.0000,1.0000,105.062,-1,0,0.0000
7976,2588,2612,0.0000,0.0000,1.0000,105.062,-1,0,0.0000
7977,2589,2590,1.0000,0.0000,0.0000,66.625,-1,0,0.0000
7978,2589,4496,0.0000,1.0000,0.0000,66.625,-1,0,0.0000
7979,2589,2612,0.0000,0.0000,1.0000,105.062,-1,0,0.0000
7980,2589,2613,0.0000,0.0000,1.0000,105.062,-1,0,0.0000
7981,2590,2613,0.0000,0.0000,1.0000,105.062,-1,0,0.0000
7982,2591,2592,1.0000,0.0000,0.0000,66.625,-1,0,0.0000
7983,2591,2614,0.0000,0.0000,1.0000,105.062,-1,0,0.0000
7984,2592,2593,1.0000,0.0000,0.0000,66.625,-1,0,0.0000
7985,2592,4620,0.0000,1.0000,0.0000,66.625,-1,0,0.0000
7986,2592,2614,0.0000,0.0000,1.0000,105.062,-1,0,0.0000
7987,2592,2615,0.0000,0.0000,1.0000,105.062,-1,0,0.0000
7988,2593,2594,1.0000,0.0000,0.0000,66.625,-1,0,0.0000
7989,2593,4620,0.0000,1.0000,0.0000,66.625,-1,0,0.0000
7990,2593,2615,0.0000,0.0000,1.0000,105.062,-1,0,0.0000
7991,2593,2616,0.0000,0.0000,1.0000,105.062,-1,0,0.0000
7992,2594,2616,0.0000,0.0000,1.0000,105.062,-1,0,0.0000
7993,2595,2596,1.0000,0.0000,0.0000,66.625,-1,0,0.0000
7994,2595,2617,0.0000,0.0000,1.0000,105.062,-1,0,0.0000
7995,2596,2597,1.0000,0.0000,0.0000,66.625,-1,0,0.0000
7996,2596,4744,0.0000,1.0000,0.0000,66.625,-1,0,0.0000
7997,2596,2617,0.0000,0.0000,1.0000,105.062,-1,0,0.0000
7998,2596,2618,0.0000,0.0000,1.0000,105.062,-1,0,0.0000
7999,2597,2598,1.0000,0.0000,0.0000,66.625,-1,0,0.0000
8000,2597,4744,0.0000,1.0000,0.0000,66.625,-1,0,0.0000
8001,2597,2618,0.0000,0.0000,1.0000,105.062,-1,0,0.0000
8002,2597,2619,0.0000,0.0000,1.0000,105.062,-1,0,0.0000
8003,2598,2619,0.0000,0.0000,1.0000,105.062,-1,0,0.0000
8004,2599,2600,1.0000,0.0000,0.0000,66.625,-1,0,0.0000
8005,2599,2620,0.0000,0.0000,1.0000,105.062,-1,0,0.0000
8006,2600,2601,1.0000,0.0000,0.0000,66.625,-1,0,0.0000
8007,2600,4868,0.0000,1.0000,0.0000,66.625,-1,0,0.0000
8008,2600,2620,0.0000,0.0000,1.0000,105.062,-1,0,0.0000
8009,2600,2621,0.0000,0.0000,1.0000,105.062,-1,0,0.0000
8010,2601,2602,1.0000,0.0000,0.0000,66.625,-1,0,0.0000
8011,2601,4868,0.0000,1.0000,0.0000,66.625,-1,0,0.0000
8012,2601,2621,0.0000,0.0000,1.0000,105.062,-1,0,0.0000
8013,2601,2622,0.0000,0.0000,1.0000,105.062,-1,0,0.0000
8014,2602,2622,0.0000,0.0000,1.0000,105.062,-1,0,0.0000
8015,2603,2604,1.0000,0.0000,0.0000,66.625,-1,0,0.0000
8016,2603,2623,0.0000,0.0000,1.0000,105.062,-1,0,0.0000
8017,2604,2605,1.0000,0.0000,0.0000,66.625,-1,0,0.0000
8018,2604,4992,0.0000,1.0000,0.0000,66.625,-1,0,0.0000
8019,2604,2623,0.0000,0.0000,1.0000,105.062,-1,0,0.0000
8020,2604,2624,0.0000,0.0000,1.0000,105.062,-1,0,0.0000
8021,2605,2606,1.0000,0.0000,0.0000,66.625,-1,0,0.0000
8022,2605,4992,0.0000,1.0000,0.0000,66.625,-1,0,0.0000
8023,2605,2624,0.0000,0.0000,1.0000,105.062,-1,0,0.0000
8024,2605,2625,0.0000,0.0000,1.0000,105.062,-1,0,0.0000
8025,2606,4123,0.0000,-1.0000,0.0000,66.625,-1,0,0.0000
8026,2606,2625,0.0000,0.0000,1.0000,105.062,-1,0,0.0000
8027,2606,2626,0.0000,0.0000,1.0000,105.062,-1,0,0.0000
8028,2607,2608,1.0000,0.0000,0.0000,66.625,-1,0,0.0000
8029,2607,2627,0.0000,0.0000,1.0000,105.062,-1,0,0.0000
8030,2607,3494,0.0000,-1.0000,0.0000,66.625,-1,0,0.0000
8031,2608,2609,1.0000,0.0000,0.0000,66.625,-1,0,0.0000
8032,2608,2627,0.0000,0.0000,1.0000,105.062,-1,0,0.0000
8033,2608,2628,0.0000,0.0000,1.0000,105.062,-1,0,0.0000
8034,2609,2610,1.0000,0.0000,0.0000,66.625,-1,0,0.0000
8035,2609,2628,0.0000,0.0000,1.0000,105.062,-1,0,0.0000
8036,2609,2629,0.0000,0.0000,1.0000,105.062,-1,0,0.0000
8037,2609,4374,0.0000,1.0000,0.0000,139.750,-1,0,0.0000
8038,2610,2629,0.0000,0.0000,1.0000,105.062,-1,0,0.0000
8039,2610,2630,0.0000,0.0000,1.0000,105.062,-1,0,0.0000
8040,2611,2612,1.0000,0.0000,0.0000,66.625,-1,0,0.0000
8041,2611,2631,0.0000,0.0000,1.0000,105.062,-1,0,0.0000
8042,2611,2632,0.0000,0.0000,1.0000,105.062,-1,0,0.0000
8043,2612,2613,1.0000,0.0000,0.0000,66.625,-1,0,0.0000
8044,2612,2632,0.0000,0.0000,1.0000,105.062,-1,0,0.0000
8045,2612,2633,0.0000,0.0000,1.0000,105.062,-1,0,0.0000
8046,2612,4498,0.0000,1.0000,0.0000,139.750,-1,0,0.0000
8047,2613,2633,0.0000,0.0000,1.0000,105.062,-1,0,0.0000
8048,2613,2634,0.0000,0.0000,1.0000,105.062,-1,0,0.0000
8049,2614,2615,1.0000,0.0000,0.0000,66.625,-1,0,0.0000
8050,2614,2635,0.0000,0.0000,1.0000,105.062,-1,0,0.0000
8051,2614,2636,0.0000,0.0000,1.0000,105.062,-1,0,0.0000
8052,2615,2616,1.0000,0.0000,0.0000,66.625,-1,0,0.0000
8053,2615,2636,0.0000,0.0000,1.0000,105.062,-1,0,0.0000
8054,2615,2637,0.0000,0.0000,1.0000,105.062,-1,0,0.0000
8055,2615,4622,0.0000,1.0000,0.0000,139.750,-1,0,0.0000
8056,2616,2637,0.0000,0.0000,1.0000,105.062,-1,0,0.0000
8057,2616,2638,0.0000,0.0000,1.0000,105.062,-1,0,0.0000
8058,2617,2618,1.0000,0.0000,0.0000,66.625,-1,0,0.0000
8059,2617,2639,0.0000,0.0000,1.0000,105.062,-1,0,0.0000
8060,2617,2640,0.0000,0.0000,1.0000,105.062,-1,0,0.0000
8061,2618,2619,1.0000,0.0000,0.0000,66.625,-1,0,0.0000
8062,2618,2640,0.0000,0.0000,1.0000,105.062,-1,0,0.0000
8063,2618,2641,0.0000,0.0000,1.0000,105.062,-1,0,0.0000
8064,2618,4746,0.0000,1.0000,0.0000,139.750,-1,0,0.0000
8065,2619,2641,0.0000,0.0000,1.0000,105.062,-1,0,0.0000
8066,2619,2642,0.0000,0.0000,1.0000,105.062,-1,0,0.0000
8067,2620,2621,1.0000,0.0000,0.0000,66.625,-1,0,0.0000
8068,2620,2643,0.0000,0.0000,1.0000,105.062,-1,0,0.0000
8069,2620,2644,0.0000,0.0000,1.0000,105.062,-1,0,0.0000
8070,2621,2622,1.0000,0.0000,0.0000,66.625,-1,0,0.0000
8071,2621,2644,0.0000,0.0000,1.0000,105.062,-1,0,0.0000
8072,2621,2645,0.0000,0.0000,1.0000,105.062,-1,0,0.0000
8073,2621,4870,0.0000,1.0000,0.0000,139.750,-1,0,0.0000
8074,2622,2645,0.0000,0.0000,1.0000,105.062,-1,0,0.0000
8075,2622,2646,0.0000,0.0000,1.0000,105.062,-1,0,0.0000
8076,2623,2624,1.0000,0.0000,0.0000,66.625,-1,0,0.0000
8077,2623,2647,0.0000,0.0000,1.0000,105.062,-1,0,0.0000
8078,2623,2648,0.0000,0.0000,1.0000,105.062,-1,0,0.0000
8079,2624,2625,1.0000,0.0000,0.0000,66.625,-1,0,0.0000
8080,2624,2648,0.0000,0.0000,1.0000,105.062,-1,0,0.0000
8081,2624,2649,0.0000,0.0000,1.0000,105.062,-1,0,0.0000
8082,2624,4994,0.0000,1.0000,0.0000,139.750,-1,0,0.0000
8083,2625,2626,1.0000,0.0000,0.0000,66.625,-1,0,0.0000
8084,2625,2649,0.0000,0.0000,1.0000,105.062,-1,0,0.0000
8085,2625,2650,0.0000,0.0000,1.0000,105.062,-1,0,0.0000
8086,2626,2650,0.0000,0.0000,1.0000,105.062,-1,0,0.0000
8087,2626,4136,0.0000,-1.0000,0.0000,66.625,-1,0,0.0000
8088,2627,2628,1.0000,0.0000,0.0000,66.625,-1,0,0.0000
8089,2627,3504,0.0000,-1.0000,0.0000,66.625,-1,0,0.0000
8090,2627,2651,0.0000,0.0000,1.0000,105.062,-1,0,0.0000
8091,2627,2652,0.0000,0.0000,1.0000,105.062,-1,0,0.0000
8092,2628,2629,1.0000,0.0000,0.0000,66.625,-1,0,0.0000
8093,2628,4376,0.0000,1.0000,0.0000,66.625,-1,0,0.0000
8094,2628,2652,0.0000,0.0000,1.0000,105.062,-1,0,0.0000
8095,2628,2653,0.0000,0.0000,1.0000,105.062,-1,0,0.0000
8096,2629,2630,1.0000,0.0000,0.0000,66.625,-1,0,0.0000
8097,2629,4376,0.0000,1.0000,0.0000,66.625,-1,0,0.0000
8098,2629,2653,0.0000,0.0000,1.0000,105.062,-1,0,0.0000
8099,2629,2654,0.0000,0.0000,1.0000,105.062,-1,0,0.0000
8100,2630,2654,0.0000,0.0000,1.0000,105.062,-1,0,0.0000
8101,2631,2632,1.0000,0.0000,0.0000,66.625,-1,0,0.0000
8102,2631,2655,0.0000,0.0000,1.0000,105.062,-1,0,0.0000
8103,2632,2633,1.0000,0.0000,0.0000,66.625,-1,0,0.0000
8104,2632,4500,0.0000,1.0000,0.0000,66.625,-1,0,0.0000
8105,2632,2655,0.0000,0.0000,1.0000,105.062,-1,0,0.0000
8106,2632,2656,0.0000,0.0000,1.0000,105.062,-1,0,0.0000
8107,2633,2634,1.0000,0.0000,0.0000,66.625,-1,0,0.0000
8108,2633,4500,0.0000,1.0000,0.0000,66.625,-1,0,0.0000
8109,2633,2656,0.0000,0.0000,1.0000,105.062,-1,0,0.0000
8110,2633,2657,0.0000,0.0000,1.0000,105.062,-1,0,0.0000
8111,2634,2657,0.0000,0.0000,1.0000,105.062,-1,0,0.0000
8112,2635,2636,1.0000,0.0000,0.0000,66.625,-1,0,0.0000
8113,2635,2658,0.0000,0.0000,1.0000,105.062,-1,0,0.0000
8114,2636,2637,1.0000,0.0000,0.0000,66.625,-1,0,0.0000
8115,2636,4624,0.0000,1.0000,0.0000,66.625,-1,0,0.0000
8116,2636,2658,0.0000,0.0000,1.0000,105.062,-1,0,0.0000
8117,2636,2659,0.0000,0.0000,1.0000,105.062,-1,0,0.0000
8118,2637,2638,1.0000,0.0000,0.0000,66.625,-1,0,0.0000
8119,2637,4624,0.0000,1.0000,0.0000,66.625,-1,0,0.0000
8120,2637,2659,0.0000,0.0000,1.0000,105.062,-1,0,0.0000
8121,2637,2660,0.0000,0.0000,1.0000,105.062,-1,0,0.0000
8122,2638,2660,0.0000,0.0000,1.0000,105.062,-1,0,0.0000
8123,2639,2640,1.0000,0.0000,0.0000,66.625,-1,0,0.0000
8124,2639,2661,0.0000,0.0000,1.0000,105.062,-1,0,0.0000
8125,2640,2641,1.0000,0.0000,0.0000,66.625,-1,0,0.0000
8126,2640,4748,0.0000,1.0000,0.0000,66.625,-1,0,0.0000
8127,2640,2661,0.0000,0.0000,1.0000,105.062,-1,0,0.0000
8128,2640,2662,0.0000,0.0000,1.0000,105.062,-1,0,0.0000
8129,2641,2642,1.0000,0.0000,0.0000,66.625,-1,0,0.0000
8130,2641,4748,0.0000,1.0000,0.0000,66.625,-1,0,0.0000
8131,2641,2662,0.0000,0.0000,1.0000,105.062,-1,0,0.0000
8132,2641,2663,0.0000,0.0000,1.0000,105.062,-1,0,0.0000
8133,2642,2663,0.0000,0.0000,1.0000,105.062,-1,0,0.0000
8134,2643,2644,1.0000,0.0000,0.0000,66.625,-1,0,0.0000
8135,2643,2664,0.0000,0.0000,1.0000,105.062,-1,0,0.0000
8136,2644,2645,1.0000,0.0000,0.0000,66.625,-1,0,0.0000
8137,2644,4872,0.0000,1.0000,0.0000,66.625,-1,0,0.0000
8138,2644,2664,0.0000,0.0000,1.0000,105.062,-1,0,0.0000
8139,2644,2665,0.0000,0.0000,1.0000,105.062,-1,0,0.0000
8140,2645,2646,1.0000,0.0000,0.0000,66.625,-1,0,0.0000
8141,2645,4872,0.0000,1.0000,0.0000,66.625,-1,0,0.0000
8142,2645,2665,0.0000,0.0000,1.0000,105.062,-1,0,0.0000
8143,2645,2666,0.0000,0.0000,1.0000,105.062,-1,0,0.0000
8144,2646,2666,0.0000,0.0000,1.0000,105.062,-1,0,0.0000
8145,2647,2648,1.0000,0.0000,0.0000,66.625,-1,0,0.0000
8146,2647,2667,0.0000,0.0000,1.0000,105.062,-1,0,0.0000
8147,2648,2649,1.0000,0.0000,0.0000,66.625,-1,0,0.0000
8148,2648,4996,0.0000,1.0000,0.0000,66.625,-1,0,0.0000
8149,2648,2667,0.0000,0.0000,1.0000,105.062,-1,0,0.0000
8150,2648,2668,0.0000,0.0000,1.0000,105.062,-1,0,0.0000
8151,2649,2650,1.0000,0.0000,0.0000,66.625,-1,0,0.0000
8152,2649,4996,0.0000,1.0000,0.0000,66.625,-1,0,0.0000
8153,2649,2668,0.0000,0.0000,1.0000,105.062,-1,0,0.0000
8154,2649,2669,0.0000,0.0000,1.0000,105.062,-1,0,0.0000
8155,2650,4146,0.0000,-1.0000,0.0000,66.625,-1,0,0.0000
8156,2650,2669,0.0000,0.0000,1.0000,105.062,-1,0,0.0000
8157,2650,2670,0.0000,0.0000,1.0000,105.062,-1,0,0.0000
8158,2651,2652,1.0000,0.0000,0.0000,66.625,-1,0,0.0000
8159,2651,2671,0.0000,0.0000,1.0000,105.062,-1,0,0.0000
8160,2651,3517,0.0000,-1.0000,0.0000,66.625,-1,0,0.0000
8161,2652,2653,1.0000,0.0000,0.0000,66.625,-1,0,0.0000
8162,2652,2671,0.0000,0.0000,1.0000,105.062,-1,0,0.0000
8163,2652,2672,0.0000,0.0000,1.0000,105.062,-1,0,0.0000
8164,2653,2654,1.0000,0.0000,0.0000,66.625,-1,0,0.0000
8165,2653,2672,0.0000,0.0000,1.0000,105.062,-1,0,0.0000
8166,2653,2673,0.0000,0.0000,1.0000,105.062,-1,0,0.0000
8167,2653,4378,0.0000,1.0000,0.0000,139.750,-1,0,0.0000
8168,2654,2685,0.0000,0.0000,1.0000,220.375,-1,0,0.0000
8169,2655,2656,1.0000,0.0000,0.0000,66.625,-1,0,0.0000
8170,2655,2685,0.0000,0.0000,1.0000,220.375,-1,0,0.0000
8171,2656,2657,1.0000,0.0000,0.0000,66.625,-1,0,0.0000
8172,2656,2674,0.0000,0.0000,1.0000,105.062,-1,0,0.0000
8173,2656,2675,0.0000,0.0000,1.0000,105.062,-1,0,0.0000
8174,2656,4502,0.0000,1.0000,0.0000,139.750,-1,0,0.0000
8175,2657,2686,0.0000,0.0000,1.0000,220.375,-1,0,0.0000
8176,2658,2659,1.0000,0.0000,0.0000,66.625,-1,0,0.0000
8177,2658,2686,0.0000,0.0000,1.0000,220.375,-1,0,0.0000
8178,2659,2660,1.0000,0.0000,0.0000,66.625,-1,0,0.0000
8179,2659,2676,0.0000,0.0000,1.0000,105.062,-1,0,0.0000
8180,2659,2677,0.0000,0.0000,1.0000,105.062,-1,0,0.0000
8181,2659,4626,0.0000,1.0000,0.0000,139.750,-1,0,0.0000
8182,2660,2687,0.0000,0.0000,1.0000,220.375,-1,0,0.0000
8183,2661,2662,1.0000,0.0000,0.0000,66.625,-1,0,0.0000
8184,2661,2687,0.0000,0.0000,1.0000,220.375,-1,0,0.0000
8185,2662,2663,1.0000,0.0000,0.0000,66.625,-1,0,0.0000
8186,2662,2678,0.0000,0.0000,1.0000,105.062,-1,0,0.0000
8187,2662,2679,0.0000,0.0000,1.0000,105.062,-1,0,0.0000
8188,2662,4750,0.0000,1.0000,0.0000,139.750,-1,0,0.0000
8189,2663,2688,0.0000,0.0000,1.0000,220.375,-1,0,0.0000
8190,2664,2665,1.0000,0.0000,0.0000,66.625,-1,0,0.0000
8191,2664,2688,0.0000,0.0000,1.0000,220.375,-1,0,0.0000
8192,2665,2666,1.0000,0.0000,0.0000,66.625,-1,0,0.0000
8193,2665,2680,0.0000,0.0000,1.0000,105.062,-1,0,0.0000
8194,2665,2681,0.0000,0.0000,1.0000,105.062,-1,0,0.0000
8195,2665,4874,0.0000,1.0000,0.0000,139.750,-1,0,0.0000
8196,2666,2689,0.0000,0.0000,1.0000,220.375,-1,0,0.0000
8197,2667,2668,1.0000,0.0000,0.0000,66.625,-1,0,0.0000
8198,2667,2689,0.0000,0.0000,1.0000,220.375,-1,0,0.0000
8199,2668,2669,1.0000,0.0000,0.0000,66.625,-1,0,0.0000
8200,2668,2682,0.0000,0.0000,1.0000,105.062,-1,0,0.0000
8201,2668,2683,0.0000,0.0000,1.0000,105.062,-1,0,0.0000
8202,2668,4998,0.0000,1.0000,0.0000,139.750,-1,0,0.0000
8203,2669,2670,1.0000,0.0000,0.0000,66.625,-1,0,0.0000
8204,2669,2683,0.0000,0.0000,1.0000,105.062,-1,0,0.0000
8205,2669,2684,0.0000,0.0000,1.0000,105.062,-1,0,0.0000
8206,2670,2684,0.0000,0.0000,1.0000,105.062,-1,0,0.0000
8207,2670,4159,0.0000,-1.0000,0.0000,66.625,-1,0,0.0000
8208,2671,2672,1.0000,0.0000,0.0000,66.625,-1,0,0.0000
8209,2671,3523,0.0000,-1.0000,0.0000,66.625,-1,0,0.0000
8210,2671,2690,0.0000,0.0000,1.0000,105.062,-1,0,0.0000
8211,2671,2691,0.0000,0.0000,1.0000,105.062,-1,0,0.0000
8212,2672,2673,1.0000,0.0000,0.0000,66.625,-1,0,0.0000
8213,2672,4380,0.0000,1.0000,0.0000,66.625,-1,0,0.0000
8214,2672,2691,0.0000,0.0000,1.0000,105.062,-1,0,0.0000
8215,2672,2692,0.0000,0.0000,1.0000,105.062,-1,0,0.0000
8216,2673,2685,1.0000,0.0000,0.0000,66.625,-1,0,0.0000
8217,2673,4380,0.0000,1.0000,0.0000,66.625,-1,0,0.0000
8218,2673,2692,0.0000,0.0000,1.0000,105.062,-1,0,0.0000
8219,2674,2675,1.0000,0.0000,0.0000,66.625,-1,0,0.0000
8220,2674,2685,-1.0000,0.0000,0.0000,66.625,-1,0,0.0000
8221,2674,4504,0.0000,1.0000,0.0000,66.625,-1,0,0.0000
8222,2674,2693,0.0000,0.0000,1.0000,105.062,-1,0,0.0000
8223,2675,2686,1.0000,0.0000,0.0000,66.625,-1,0,0.0000
8224,2675,4504,0.0000,1.0000,0.0000,66.625,-1,0,0.0000
8225,2675,2693,0.0000,0.0000,1.0000,105.062,-1,0,0.0000
8226,2676,2677,1.0000,0.0000,0.0000,66.625,-1,0,0.0000
8227,2676,2686,-1.0000,0.0000,0.0000,66.625,-1,0,0.0000
8228,2676,4628,0.0000,1.0000,0.0000,66.625,-1,0,0.0000
8229,2676,2694,0.0000,0.0000,1.0000,105.062,-1,0,0.0000
8230,2677,2687,1.0000,0.0000,0.0000,66.625,-1,0,0.0000
8231,2677,4628,0.0000,1.0000,0.0000,66.625,-1,0,0.0000
8232,2677,2694,0.0000,0.0000,1.0000,105.062,-1,0,0.0000
8233,2678,2679,1.0000,0.0000,0.0000,66.625,-1,0,0.0000
8234,2678,2687,-1.0000,0.0000,0.0000,66.625,-1,0,0.0000
8235,2678,4752,0.0000,1.0000,0.0000,66.625,-1,0,0.0000
8236,2678,2695,0.0000,0.0000,1.0000,105.062,-1,0,0.0000
8237,2679,2688,1.0000,0.0000,0.0000,66.625,-1,0,0.0000
8238,2679,4752,0.0000,1.0000,0.0000,66.625,-1,0,0.0000
8239,2679,2695,0.0000,0.0000,1.0000,105.062,-1,0,0.0000
8240,2680,2681,1.0000,0.0000,0.0000,66.625,-1,0,0.0000
8241,2680,2688,-1.0000,0.0000,0.0000,66.625,-1,0,0.0000
8242,2680,4876,0.0000,1.0000,0.0000,66.625,-1,0,0.0000
8243,2680,2696,0.0000,0.0000,1.0000,105.062,-1,0,0.0000
8244,2681,2689,1.0000,0.0000,0.0000,66.625,-1,0,0.0000
8245,2681,4876,0.0000,1.0000,0.0000,66.625,-1,0,0.0000
8246,2681,2696,0.0000,0.0000,1.0000,105.062,-1,0,0.0000
8247,2682,2683,1.0000,0.0000,0.0000,66.625,-1,0,0.0000
8248,2682,2689,-1.0000,0.0000,0.0000,66.625,-1,0,0.0000
8249,2682,5000,0.0000,1.0000,0.0000,66.625,-1,0,0.0000
8250,2682,2697,0.0000,0.0000,1.0000,105.062,-1,0,0.0000
8251,2683,2684,1.0000,0.0000,0.0000,66.625,-1,0,0.0000
8252,2683,5000,0.0000,1.0000,0.0000,66.625,-1,0,0.0000
8253,2683,2697,0.0000,0.0000,1.0000,105.062,-1,0,0.0000
8254,2683,2698,0.0000,0.0000,1.0000,105.062,-1,0,0.0000
8255,2684,4165,0.0000,-1.0000,0.0000,66.625,-1,0,0.0000
8256,2684,2698,0.0000,0.0000,1.0000,105.062,-1,0,0.0000
8257,2684,2699,0.0000,0.0000,1.0000,105.062,-1,0,0.0000
8258,2685,2692,-1.0000,0.0000,0.0000,66.625,-1,0,0.0000
8259,2685,2693,1.0000,0.0000,0.0000,66.625,-1,0,0.0000
8260,2685,2702,0.0000,0.0000,1.0000,105.062,-1,0,0.0000
8261,2685,2703,0.0000,0.0000,1.0000,220.375,-1,0,0.0000
8262,2685,2704,0.0000,0.0000,1.0000,220.375,-1,0,0.0000
8263,2685,2705,0.0000,0.0000,1.0000,220.375,-1,0,0.0000
8264,2685,2706,0.0000,0.0000,1.0000,105.062,-1,0,0.0000
8265,2686,2693,-1.0000,0.0000,0.0000,66.625,-1,0,0.0000
8266,2686,2694,1.0000,0.0000,0.0000,66.625,-1,0,0.0000
8267,2686,2707,0.0000,0.0000,1.0000,105.062,-1,0,0.0000
8268,2686,2708,0.0000,0.0000,1.0000,220.375,-1,0,0.0000
8269,2686,2709,0.0000,0.0000,1.0000,220.375,-1,0,0.0000
8270,2686,2710,0.0000,0.0000,1.0000,220.375,-1,0,0.0000
8271,2686,2711,0.0000,0.0000,1.0000,105.062,-1,0,0.0000
8272,2687,2694,-1.0000,0.0000,0.0000,66.625,-1,0,0.0000
8273,2687,2695,1.0000,0.0000,0.0000,66.625,-1,0,0.0000
8274,2687,2712,0.0000,0.0000,1.0000,105.062,-1,0,0.0000
8275,2687,2713,0.0000,0.0000,1.0000,220.375,-1,0,0.0000
8276,2687,2714,0.0000,0.0000,1.0000,220.375,-1,0,0.0000
8277,2687,2715,0.0000,0.0000,1.0000,220.375,-1,0,0.0000
8278,2687,2716,0.0000,0.0000,1.0000,105.062,-1,0,0.0000
8279,2688,2695,-1.0000,0.0000,0.0000,66.625,-1,0,0.0000
8280,2688,2696,1.0000,0.0000,0.0000,66.625,-1,0,0.0000
8281,2688,2717,0.0000,0.0000,1.0000,105.062,-1,0,0.0000
8282,2688,2718,0.0000,0.0000,1.0000,220.375,-1,0,0.0000
8283,2688,2719,0.0000,0.0000,1.0000,220.375,-1,0,0.0000
8284,2688,2720,0.0000,0.0000,1.0000,220.375,-1,0,0.0000
8285,2688,2721,0.0000,0.0000,1.0000,105.062,-1,0,0.0000
8286,2689,2696,-1.0000,0.0000,0.0000,66.625,-1,0,0.0000
8287,2689,2697,1.0000,0.0000,0.0000,66.625,-1,0,0.0000
8288,2689,2722,0.0000,0.0000,1.0000,105.062,-1,0,0.0000
8289,2689,2723,0.0000,0.0000,1.0000,220.375,-1,0,0.0000
8290,2689,2724,0.0000,0.0000,1.0000,220.375,-1,0,0.0000
8291,2689,2725,0.0000,0.0000,1.0000,220.375,-1,0,0.0000
8292,2689,2726,0.0000,0.0000,1.0000,105.062,-1,0,0.0000
8293,2690,2691,1.0000,0.0000,0.0000,66.625,-1,0,0.0000
8294,2690,3534,0.0000,-1.0000,0.0000,66.625,-1,0,0.0000
8295,2690,2700,0.0000,0.0000,1.0000,105.062,-1,0,0.0000
8296,2691,2692,1.0000,0.0000,0.0000,66.625,-1,0,0.0000
8297,2691,2700,0.0000,0.0000,1.0000,105.062,-1,0,0.0000
8298,2691,2701,0.0000,0.0000,1.0000,105.062,-1,0,0.0000
8299,2692,4382,0.0000,1.0000,0.0000,139.750,-1,0,0.0000
8300,2692,2701,0.0000,0.0000,1.0000,105.062,-1,0,0.0000
8301,2692,2702,0.0000,0.0000,1.0000,105.062,-1,0,0.0000
8302,2693,4506,0.0000,1.0000,0.0000,139.750,-1,0,0.0000
8303,2693,2706,0.0000,0.0000,1.0000,105.062,-1,0,0.0000
8304,2693,2707,0.0000,0.0000,1.0000,105.062,-1,0,0.0000
8305,2694,4630,0.0000,1.0000,0.0000,139.750,-1,0,0.0000
8306,2694,2711,0.0000,0.0000,1.0000,105.062,-1,0,0.0000
8307,2694,2712,0.0000,0.0000,1.0000,105.062,-1,0,0.0000
8308,2695,4754,0.0000,1.0000,0.0000,139.750,-1,0,0.0000
8309,2695,2716,0.0000,0.0000,1.0000,105.062,-1,0,0.0000
8310,2695,2717,0.0000,0.0000,1.0000,105.062,-1,0,0.0000
8311,2696,4878,0.0000,1.0000,0.0000,139.750,-1,0,0.0000
8312,2696,2721,0.0000,0.0000,1.0000,105.062,-1,0,0.0000
8313,2696,2722,0.0000,0.0000,1.0000,105.062,-1,0,0.0000
8314,2697,2698,1.0000,0.0000,0.0000,66.625,-1,0,0.0000
8315,2697,5002,0.0000,1.0000,0.0000,139.750,-1,0,0.0000
8316,2697,2726,0.0000,0.0000,1.0000,105.062,-1,0,0.0000
8317,2697,2727,0.0000,0.0000,1.0000,105.062,-1,0,0.0000
8318,2698,2699,1.0000,0.0000,0.0000,66.625,-1,0,0.0000
8319,2698,2727,0.0000,0.0000,1.0000,105.062,-1,0,0.0000
8320,2698,2728,0.0000,0.0000,1.0000,105.062,-1,0,0.0000
8321,2699,4176,0.0000,-1.0000,0.0000,66.625,-1,0,0.0000
8322,2699,2728,0.0000,0.0000,1.0000,105.062,-1,0,0.0000
8323,2700,2701,1.0000,0.0000,0.0000,66.625,-1,0,0.0000
8324,2700,2729,0.0000,0.0000,1.0000,105.062,-1,0,0.0000
8325,2700,2730,0.0000,0.0000,1.0000,105.062,-1,0,0.0000
8326,2700,3548,0.0000,-1.0000,0.0000,66.625,-1,0,0.0000
8327,2701,2702,1.0000,0.0000,0.0000,66.625,-1,0,0.0000
8328,2701,2730,0.0000,0.0000,1.0000,105.062,-1,0,0.0000
8329,2701,2731,0.0000,0.0000,1.0000,105.062,-1,0,0.0000
8330,2701,4384,0.0000,1.0000,0.0000,66.625,-1,0,0.0000
8331,2702,2703,1.0000,0.0000,0.0000,66.625,-1,0,0.0000
8332,2702,2731,0.0000,0.0000,1.0000,105.062,-1,0,0.0000
8333,2702,2732,0.0000,0.0000,1.0000,105.062,-1,0,0.0000
8334,2702,4384,0.0000,1.0000,0.0000,66.625,-1,0,0.0000
8335,2703,2704,1.0000,0.0000,0.0000,66.625,-1,0,0.0000
8336,2703,2732,0.0000,0.0000,1.0000,105.062,-1,0,0.0000
8337,2703,2733,0.0000,0.0000,1.0000,105.062,-1,0,0.0000
8338,2704,2705,1.0000,0.0000,0.0000,66.625,-1,0,0.0000
8339,2704,2733,0.0000,0.0000,1.0000,105.062,-1,0,0.0000
8340,2704,2734,0.0000,0.0000,1.0000,105.062,-1,0,0.0000
8341,2705,2706,1.0000,0.0000,0.0000,66.625,-1,0,0.0000
8342,2705,2734,0.0000,0.0000,1.0000,105.062,-1,0,0.0000
8343,2705,2735,0.0000,0.0000,1.0000,105.062,-1,0,0.0000
8344,2706,2707,1.0000,0.0000,0.0000,66.625,-1,0,0.0000
8345,2706,2735,0.0000,0.0000,1.0000,105.062,-1,0,0.0000
8346,2706,2736,0.0000,0.0000,1.0000,105.062,-1,0,0.0000
8347,2706,4508,0.0000,1.0000,0.0000,66.625,-1,0,0.0000
8348,2707,2708,1.0000,0.0000,0.0000,66.625,-1,0,0.0000
8349,2707,2736,0.0000,0.0000,1.0000,105.062,-1,0,0.0000
8350,2707,2737,0.0000,0.0000,1.0000,105.062,-1,0,0.0000
8351,2707,4508,0.0000,1.0000,0.0000,66.625,-1,0,0.0000
8352,2708,2709,1.0000,0.0000,0.0000,66.625,-1,0,0.0000
8353,2708,2737,0.0000,0.0000,1.0000,105.062,-1,0,0.0000
8354,2708,2738,0.0000,0.0000,1.0000,105.062,-1,0,0.0000
8355,2709,2710,1.0000,0.0000,0.0000,66.625,-1,0,0.0000
8356,2709,2738,0.0000,0.0000,1.0000,105.062,-1,0,0.0000
8357,2709,2739,0.0000,0.0000,1.0000,105.062,-1,0,0.0000
8358,2710,2711,1.0000,0.0000,0.0000,66.625,-1,0,0.0000
8359,2710,2739,0.0000,0.0000,1.0000,105.062,-1,0,0.0000
8360,2710,2740,0.0000,0.0000,1.0000,105.062,-1,0,0.0000
8361,2711,2712,1.0000,0.0000,0.0000,66.625,-1,0,0.0000
8362,2711,2740,0.0000,0.0000,1.0000,105.062,-1,0,0.0000
8363,2711,2741,0.0000,0.0000,1.0000,105.062,-1,0,0.0000
8364,2711,4632,0.0000,1.0000,0.0000,66.625,-1,0,0.0000
8365,2712,2713,1.0000,0.0000,0.0000,66.625,-1,0,0.0000
8366,2712,2741,0.0000,0.0000,1.0000,105.062,-1,0,0.0000
8367,2712,2742,0.0000,0.0000,1.0000,105.062,-1,0,0.0000
8368,2712,4632,0.0000,1.0000,0.0000,66.625,-1,0,0.0000
8369,2713,2714,1.0000,0.0000,0.0000,66.625,-1,0,0.0000
8370,2713,2742,0.0000,0.0000,1.0000,105.062,-1,0,0.0000
8371,2713,2743,0.0000,0.0000,1.0000,105.062,-1,0,0.0000
8372,2714,2715,1.0000,0.0000,0.0000,66.625,-1,0,0.0000
8373,2714,2743,0.0000,0.0000,1.0000,105.062,-1,0,0.0000
8374,2714,2744,0.0000,0.0000,1.0000,105.062,-1,0,0.0000
8375,2715,2716,1.0000,0.0000,0.0000,66.625,-1,0,0.0000
8376,2715,2744,0.0000,0.0000,1.0000,105.062,-1,0,0.0000
8377,2715,2745,0.0000,0.0000,1.0000,105.062,-1,0,0.0000
8378,2716,2717,1.0000,0.0000,0.0000,66.625,-1,0,0.0000
8379,2716,2745,0.0000,0.0000,1.0000,105.062,-1,0,0.0000
8380,2716,2746,0.0000,0.0000,1.0000,105.062,-1,0,0.0000
8381,2716,4756,0.0000,1.0000,0.0000,66.625,-1,0,0.0000
8382,2717,2718,1.0000,0.0000,0.0000,66.625,-1,0,0.0000
8383,2717,2746,0.0000,0.0000,1.0000,105.062,-1,0,0.0000
8384,2717,2747,0.0000,0.0000,1.0000,105.062,-1,0,0.0000
8385,2717,4756,0.0000,1.0000,0.0000,66.625,-1,0,0.0000
8386,2718,2719,1.0000,0.0000,0.0000,66.625,-1,0,0.0000
8387,2718,2747,0.0000,0.0000,1.0000,105.062,-1,0,0.0000
8388,2718,2748,0.0000,0.0000,1.0000,105.062,-1,0,0.0000
8389,2719,2720,1.0000,0.0000,0.0000,66.625,-1,0,0.0000
8390,2719,2748,0.0000,0.0000,1.0000,105.062,-1,0,0.0000
8391,2719,2749,0.0000,0.0000,1.0000,105.062,-1,0,0.0000
8392,2720,2721,1.0000,0.0000,0.0000,66.625,-1,0,0.0000
8393,2720,2749,0.0000,0.0000,1.0000,105.062,-1,0,0.0000
8394,2720,2750,0.0000,0.0000,1.0000,105.062,-1,0,0.0000
8395,2721,2722,1.0000,0.0000,0.0000,66.625,-1,0,0.0000
8396,2721,2750,0.0000,0.0000,1.0000,105.062,-1,0,0.0000
8397,2721,2751,0.0000,0.0000,1.0000,105.062,-1,0,0.0000
8398,2721,4880,0.0000,1.0000,0.0000,66.625,-1,0,0.0000
8399,2722,2723,1.0000,0.0000,0.0000,66.625,-1,0,0.0000
8400,2722,2751,0.0000,0.0000,1.0000,105.062,-1,0,0.0000
8401,2722,2752,0.0000,0.0000,1.0000,105.062,-1,0,0.0000
8402,2722,4880,0.0000,1.0000,0.0000,66.625,-1,0,0.0000
8403,2723,2724,1.0000,0.0000,0.0000,66.625,-1,0,0.0000
8404,2723,2752,0.0000,0.0000,1.0000,105.062,-1,0,0.0000
8405,2723,2753,0.0000,0.0000,1.0000,105.062,-1,0,0.0000
8406,2724,2725,1.0000,0.0000,0.0000,66.625,-1,0,0.0000
8407,2724,2753,0.0000,0.0000,1.0000,105.062,-1,0,0.0000
8408,2724,2754,0.0000,0.0000,1.0000,105.062,-1,0,0.0000
8409,2725,2726,1.0000,0.0000,0.0000,66.625,-1,0,0.0000
8410,2725,2754,0.0000,0.0000,1.0000,105.062,-1,0,0.0000
8411,2725,2755,0.0000,0.0000,1.0000,105.062,-1,0,0.0000
8412,2726,2727,1.0000,0.0000,0.0000,66.625,-1,0,0.0000
8413,2726,2755,0.0000,0.0000,1.0000,105.062,-1,0,0.0000
8414,2726,2756,0.0000,0.0000,1.0000,105.062,-1,0,0.0000
8415,2726,5004,0.0000,1.0000,0.0000,66.625,-1,0,0.0000
8416,2727,2728,1.0000,0.0000,0.0000,66.625,-1,0,0.0000
8417,2727,2756,0.0000,0.0000,1.0000,105.062,-1,0,0.0000
8418,2727,2757,0.0000,0.0000,1.0000,105.062,-1,0,0.0000
8419,2727,5004,0.0000,1.0000,0.0000,66.625,-1,0,0.0000
8420,2728,2757,0.0000,0.0000,1.0000,105.062,-1,0,0.0000
8421,2728,2758,0.0000,0.0000,1.0000,105.062,-1,0,0.0000
8422,2728,4190,0.0000,-1.0000,0.0000,66.625,-1,0,0.0000
8423,2729,2730,1.0000,0.0000,0.0000,66.625,-1,0,0.0000
8424,2729,3563,0.0000,-1.0000,0.0000,66.625,-1,0,0.0000
8425,2729,2759,0.0000,0.0000,1.0000,105.062,-1,0,0.0000
8426,2730,2731,1.0000,0.0000,0.0000,66.625,-1,0,0.0000
8427,2730,2759,0.0000,0.0000,1.0000,105.062,-1,0,0.0000
8428,2730,2760,0.0000,0.0000,1.0000,105.062,-1,0,0.0000
8429,2731,2732,1.0000,0.0000,0.0000,66.625,-1,0,0.0000
8430,2731,4386,0.0000,1.0000,0.0000,139.750,-1,0,0.0000
8431,2731,2760,0.0000,0.0000,1.0000,105.062,-1,0,0.0000
8432,2731,2761,0.0000,0.0000,1.0000,105.062,-1,0,0.0000
8433,2732,2733,1.0000,0.0000,0.0000,66.625,-1,0,0.0000
8434,2732,2761,0.0000,0.0000,1.0000,105.062,-1,0,0.0000
8435,2732,2762,0.0000,0.0000,1.0000,105.062,-1,0,0.0000
8436,2733,2734,1.0000,0.0000,0.0000,66.625,-1,0,0.0000
8437,2733,2762,0.0000,0.0000,1.0000,105.062,-1,0,0.0000
8438,2733,2763,0.0000,0.0000,1.0000,105.062,-1,0,0.0000
8439,2734,2735,1.0000,0.0000,0.0000,66.625,-1,0,0.0000
8440,2734,2763,0.0000,0.0000,1.0000,105.062,-1,0,0.0000
8441,2734,2764,0.0000,0.0000,1.0000,105.062,-1,0,0.0000
8442,2735,2736,1.0000,0.0000,0.0000,66.625,-1,0,0.0000
8443,2735,2764,0.0000,0.0000,1.0000,105.062,-1,0,0.0000
8444,2735,2765,0.0000,0.0000,1.0000,105.062,-1,0,0.0000
8445,2736,2737,1.0000,0.0000,0.0000,66.625,-1,0,0.0000
8446,2736,4510,0.0000,1.0000,0.0000,139.750,-1,0,0.0000
8447,2736,2765,0.0000,0.0000,1.0000,105.062,-1,0,0.0000
8448,2736,2766,0.0000,0.0000,1.0000,105.062,-1,0,0.0000
8449,2737,2738,1.0000,0.0000,0.0000,66.625,-1,0,0.0000
8450,2737,2766,0.0000,0.0000,1.0000,105.062,-1,0,0.0000
8451,2737,2767,0.0000,0.0000,1.0000,105.062,-1,0,0.0000
8452,2738,2739,1.0000,0.0000,0.0000,66.625,-1,0,0.0000
8453,2738,2767,0.0000,0.0000,1.0000,105.062,-1,0,0.0000
8454,2738,2768,0.0000,0.0000,1.0000,105.062,-1,0,0.0000
8455,2739,2740,1.0000,0.0000,0.0000,66.625,-1,0,0.0000
8456,2739,2768,0.0000,0.0000,1.0000,105.062,-1,0,0.0000
8457,2739,2769,0.0000,0.0000,1.0000,105.062,-1,0,0.0000
8458,2740,2741,1.0000,0.0000,0.0000,66.625,-1,0,0.0000
8459,2740,2769,0.0000,0.0000,1.0000,105.062,-1,0,0.0000
8460,2740,2770,0.0000,0.0000,1.0000,105.062,-1,0,0.0000
8461,2741,2742,1.0000,0.0000,0.0000,66.625,-1,0,0.0000
8462,2741,4634,0.0000,1.0000,0.0000,139.750,-1,0,0.0000
8463,2741,2770,0.0000,0.0000,1.0000,105.062,-1,0,0.0000
8464,2741,2771,0.0000,0.0000,1.0000,105.062,-1,0,0.0000
8465,2742,2743,1.0000,0.0000,0.0000,66.625,-1,0,0.0000
8466,2742,2771,0.0000,0.0000,1.0000,105.062,-1,0,0.0000
8467,2742,2772,0.0000,0.0000,1.0000,105.062,-1,0,0.0000
8468,2743,2744,1.0000,0.0000,0.0000,66.625,-1,0,0.0000
8469,2743,2772,0.0000,0.0000,1.0000,105.062,-1,0,0.0000
8470,2743,2773,0.0000,0.0000,1.0000,105.062,-1,0,0.0000
8471,2744,2745,1.0000,0.0000,0.0000,66.625,-1,0,0.0000
8472,2744,2773,0.0000,0.0000,1.0000,105.062,-1,0,0.0000
8473,2744,2774,0.0000,0.0000,1.0000,105.062,-1,0,0.0000
8474,2745,2746,1.0000,0.0000,0.0000,66.625,-1,0,0.0000
8475,2745,2774,0.0000,0.0000,1.0000,105.062,-1,0,0.0000
8476,2745,2775,0.0000,0.0000,1.0000,105.062,-1,0,0.0000
8477,2746,2747,1.0000,0.0000,0.0000,66.625,-1,0,0.0000
8478,2746,4758,0.0000,1.0000,0.0000,139.750,-1,0,0.0000
8479,2746,2775,0.0000,0.0000,1.0000,105.062,-1,0,0.0000
8480,2746,2776,0.0000,0.0000,1.0000,105.062,-1,0,0.0000
8481,2747,2748,1.0000,0.0000,0.0000,66.625,-1,0,0.0000
8482,2747,2776,0.0000,0.0000,1.0000,105.062,-1,0,0.0000
8483,2747,2777,0.0000,0.0000,1.0000,105.062,-1,0,0.0000
8484,2748,2749,1.0000,0.0000,0.0000,66.625,-1,0,0.0000
8485,2748,2777,0.0000,0.0000,1.0000,105.062,-1,0,0.0000
8486,2748,2778,0.0000,0.0000,1.0000,105.062,-1,0,0.0000
8487,2749,2750,1.0000,0.0000,0.0000,66.625,-1,0,0.0000
8488,2749,2778,0.0000,0.0000,1.0000,105.062,-1,0,0.0000
8489,2749,2779,0.0000,0.0000,1.0000,105.062,-1,0,0.0000
8490,2750,2751,1.0000,0.0000,0.0000,66.625,-1,0,0.0000
8491,2750,2779,0.0000,0.0000,1.0000,105.062,-1,0,0.0000
8492,2750,2780,0.0000,0.0000,1.0000,105.062,-1,0,0.0000
8493,2751,2752,1.0000,0.0000,0.0000,66.625,-1,0,0.0000
8494,2751,4882,0.0000,1.0000,0.0000,139.750,-1,0,0.0000
8495,2751,2780,0.0000,0.0000,1.0000,105.062,-1,0,0.0000
8496,2751,2781,0.0000,0.0000,1.0000,105.062,-1,0,0.0000
8497,2752,2753,1.0000,0.0000,0.0000,66.625,-1,0,0.0000
8498,2752,2781,0.0000,0.0000,1.0000,105.062,-1,0,0.0000
8499,2752,2782,0.0000,0.0000,1.0000,105.062,-1,0,0.0000
8500,2753,2754,1.0000,0.0000,0.0000,66.625,-1,0,0.0000
8501,2753,2782,0.0000,0.0000,1.0000,105.062,-1,0,0.0000
8502,2753,2783,0.0000,0.0000,1.0000,105.062,-1,0,0.0000
8503,2754,2755,1.0000,0.0000,0.0000,66.625,-1,0,0.0000
8504,2754,2783,0.0000,0.0000,1.0000,105.062,-1,0,0.0000
8505,2754,2784,0.0000,0.0000,1.0000,105.062,-1,0,0.0000
8506,2755,2756,1.0000,0.0000,0.0000,66.625,-1,0,0.0000
8507,2755,2784,0.0000,0.0000,1.0000,105.062,-1,0,0.0000
8508,2755,2785,0.0000,0.0000,1.0000,105.062,-1,0,0.0000
8509,2756,2757,1.0000,0.0000,0.0000,66.625,-1,0,0.0000
8510,2756,5006,0.0000,1.0000,0.0000,139.750,-1,0,0.0000
8511,2756,2785,0.0000,0.0000,1.0000,105.062,-1,0,0.0000
8512,2756,2786,0.0000,0.0000,1.0000,105.062,-1,0,0.0000
8513,2757,2758,1.0000,0.0000,0.0000,66.625,-1,0,0.0000
8514,2757,2786,0.0000,0.0000,1.0000,105.062,-1,0,0.0000
8515,2757,2787,0.0000,0.0000,1.0000,105.062,-1,0,0.0000
8516,2758,4205,0.0000,-1.0000,0.0000,66.625,-1,0,0.0000
8517,2758,2787,0.0000,0.0000,1.0000,105.062,-1,0,0.0000
8518,2759,2760,1.0000,0.0000,0.0000,66.625,-1,0,0.0000
8519,2759,2788,0.0000,0.0000,1.0000,105.062,-1,0,0.0000
8520,2759,2789,0.0000,0.0000,1.0000,105.062,-1,0,0.0000
8521,2759,3577,0.0000,-1.0000,0.0000,66.625,-1,0,0.0000
8522,2760,2761,1.0000,0.0000,0.0000,66.625,-1,0,0.0000
8523,2760,2789,0.0000,0.0000,1.0000,105.062,-1,0,0.0000
8524,2760,2790,0.0000,0.0000,1.0000,105.062,-1,0,0.0000
8525,2760,4388,0.0000,1.0000,0.0000,66.625,-1,0,0.0000
8526,2761,2762,1.0000,0.0000,0.0000,66.625,-1,0,0.0000
8527,2761,2790,0.0000,0.0000,1.0000,105.062,-1,0,0.0000
8528,2761,2791,0.0000,0.0000,1.0000,105.062,-1,0,0.0000
8529,2761,4388,0.0000,1.0000,0.0000,66.625,-1,0,0.0000
8530,2762,2763,1.0000,0.0000,0.0000,66.625,-1,0,0.0000
8531,2762,2791,0.0000,0.0000,1.0000,105.062,-1,0,0.0000
8532,2762,2792,0.0000,0.0000,1.0000,105.062,-1,0,0.0000
8533,2763,2764,1.0000,0.0000,0.0000,66.625,-1,0,0.0000
8534,2763,2792,0.0000,0.0000,1.0000,105.062,-1,0,0.0000
8535,2763,2793,0.0000,0.0000,1.0000,105.062,-1,0,0.0000
8536,2764,2765,1.0000,0.0000,0.0000,66.625,-1,0,0.0000
8537,2764,2793,0.0000,0.0000,1.0000,105.062,-1,0,0.0000
8538,2764,2794,0.0000,0.0000,1.0000,105.062,-1,0,0.0000
8539,2765,2766,1.0000,0.0000,0.0000,66.625,-1,0,0.0000
8540,2765,2794,0.0000,0.0000,1.0000,105.062,-1,0,0.0000
8541,2765,2795,0.0000,0.0000,1.0000,105.062,-1,0,0.0000
8542,2765,4512,0.0000,1.0000,0.0000,66.625,-1,0,0.0000
8543,2766,2767,1.0000,0.0000,0.0000,66.625,-1,0,0.0000
8544,2766,2795,0.0000,0.0000,1.0000,105.062,-1,0,0.0000
8545,2766,2796,0.0000,0.0000,1.0000,105.062,-1,0,0.0000
8546,2766,4512,0.0000,1.0000,0.0000,66.625,-1,0,0.0000
8547,2767,2768,1.0000,0.0000,0.0000,66.625,-1,0,0.0000
8548,2767,2796,0.0000,0.0000,1.0000,105.062,-1,0,0.0000
8549,2767,2797,0.0000,0.0000,1.0000,105.062,-1,0,0.0000
8550,2768,2769,1.0000,0.0000,0.0000,66.625,-1,0,0.0000
8551,2768,2797,0.0000,0.0000,1.0000,105.062,-1,0,0.0000
8552,2768,2798,0.0000,0.0000,1.0000,105.062,-1,0,0.0000
8553,2769,2770,1.0000,0.0000,0.0000,66.625,-1,0,0.0000
8554,2769,2798,0.0000,0.0000,1.0000,105.062,-1,0,0.0000
8555,2769,2799,0.0000,0.0000,1.0000,105.062,-1,0,0.0000
8556,2770,2771,1.0000,0.0000,0.0000,66.625,-1,0,0.0000
8557,2770,2799,0.0000,0.0000,1.0000,105.062,-1,0,0.0000
8558,2770,2800,0.0000,0.0000,1.0000,105.062,-1,0,0.0000
8559,2770,4636,0.0000,1.0000,0.0000,66.625,-1,0,0.0000
8560,2771,2772,1.0000,0.0000,0.0000,66.625,-1,0,0.0000
8561,2771,2800,0.0000,0.0000,1.0000,105.062,-1,0,0.0000
8562,2771,2801,0.0000,0.0000,1.0000,105.062,-1,0,0.0000
8563,2771,4636,0.0000,1.0000,0.0000,66.625,-1,0,0.0000
8564,2772,2773,1.0000,0.0000,0.0000,66.625,-1,0,0.0000
8565,2772,2801,0.0000,0.0000,1.0000,105.062,-1,0,0.0000
8566,2772,2802,0.0000,0.0000,1.0000,105.062,-1,0,0.0000
8567,2773,2774,1.0000,0.0000,0.0000,66.625,-1,0,0.0000
8568,2773,2802,0.0000,0.0000,1.0000,105.062,-1,0,0.0000
8569,2773,2803,0.0000,0.0000,1.0000,105.062,-1,0,0.0000
8570,2774,2775,1.0000,0.0000,0.0000,66.625,-1,0,0.0000
8571,2774,2803,0.0000,0.0000,1.0000,105.062,-1,0,0.0000
8572,2774,2804,0.0000,0.0000,1.0000,105.062,-1,0,0.0000
8573,2775,2776,1.0000,0.0000,0.0000,66.625,-1,0,0.0000
8574,2775,2804,0.0000,0.0000,1.0000,105.062,-1,0,0.0000
8575,2775,2805,0.0000,0.0000,1.0000,105.062,-1,0,0.0000
8576,2775,4760,0.0000,1.0000,0.0000,66.625,-1,0,0.0000
8577,2776,2777,1.0000,0.0000,0.0000,66.625,-1,0,0.0000
8578,2776,2805,0.0000,0.0000,1.0000,105.062,-1,0,0.0000
8579,2776,2806,0.0000,0.0000,1.0000,105.062,-1,0,0.0000
8580,2776,4760,0.0000,1.0000,0.0000,66.625,-1,0,0.0000
8581,2777,2778,1.0000,0.0000,0.0000,66.625,-1,0,0.0000
8582,2777,2806,0.0000,0.0000,1.0000,105.062,-1,0,0.0000
8583,2777,2807,0.0000,0.0000,1.0000,105.062,-1,0,0.0000
8584,2778,2779,1.0000,0.0000,0.0000,66.625,-1,0,0.0000
8585,2778,2807,0.0000,0.0000,1.0000,105.062,-1,0,0.0000
8586,2778,2808,0.0000,0.0000,1.0000,105.062,-1,0,0.0000
8587,2779,2780,1.0000,0.0000,0.0000,66.625,-1,0,0.0000
8588,2779,2808,0.0000,0.0000,1.0000,105.062,-1,0,0.0000
8589,2779,2809,0.0000,0.0000,1.0000,105.062,-1,0,0.0000
8590,2780,2781,1.0000,0.0000,0.0000,66.625,-1,0,0.0000
8591,2780,2809,0.0000,0.0000,1.0000,105.062,-1,0,0.0000
8592,2780,2810,0.0000,0.0000,1.0000,105.062,-1,0,0.0000
8593,2780,4884,0.0000,1.0000,0.0000,66.625,-1,0,0.0000
8594,2781,2782,1.0000,0.0000,0.0000,66.625,-1,0,0.0000
8595,2781,2810,0.0000,0.0000,1.0000,105.062,-1,0,0.0000
8596,2781,2811,0.0000,0.0000,1.0000,105.062,-1,0,0.0000
8597,2781,4884,0.0000,1.0000,0.0000,66.625,-1,0,0.0000
8598,2782,2783,1.0000,0.0000,0.0000,66.625,-1,0,0.0000
8599,2782,2811,0.0000,0.0000,1.0000,105.062,-1,0,0.0000
8600,2782,2812,0.0000,0.0000,1.0000,105.062,-1,0,0.0000
8601,2783,2784,1.0000,0.0000,0.0000,66.625,-1,0,0.0000
8602,2783,2812,0.0000,0.0000,1.0000,105.062,-1,0,0.0000
8603,2783,2813,0.0000,0.0000,1.0000,105.062,-1,0,0.0000
8604,2784,2785,1.0000,0.0000,0.0000,66.625,-1,0,0.0000
8605,2784,2813,0.0000,0.0000,1.0000,105.062,-1,0,0.0000
8606,2784,2814,0.0000,0.0000,1.0000,105.062,-1,0,0.0000
8607,2785,2786,1.0000,0.0000,0.0000,66.625,-1,0,0.0000
8608,2785,2814,0.0000,0.0000,1.0000,105.062,-1,0,0.0000
8609,2785,2815,0.0000,0.0000,1.0000,105.062,-1,0,0.0000
8610,2785,5008,0.0000,1.0000,0.0000,66.625,-1,0,0.0000
8611,2786,2787,1.0000,0.0000,0.0000,66.625,-1,0,0.0000
8612,2786,2815,0.0000,0.0000,1.0000,105.062,-1,0,0.0000
8613,2786,2816,0.0000,0.0000,1.0000,105.062,-1,0,0.0000
8614,2786,5008,0.0000,1.0000,0.0000,66.625,-1,0,0.0000
8615,2787,2816,0.0000,0.0000,1.0000,105.062,-1,0,0.0000
8616,2787,2817,0.0000,0.0000,1.0000,105.062,-1,0,0.0000
8617,2787,4219,0.0000,-1.0000,0.0000,66.625,-1,0,0.0000
8618,2788,2789,1.0000,0.0000,0.0000,66.625,-1,0,0.0000
8619,2788,3592,0.0000,-1.0000,0.0000,66.625,-1,0,0.0000
8620,2788,2818,0.0000,0.0000,1.0000,105.062,-1,0,0.0000
8621,2789,2790,1.0000,0.0000,0.0000,66.625,-1,0,0.0000
8622,2789,2818,0.0000,0.0000,1.0000,105.062,-1,0,0.0000
8623,2789,2819,0.0000,0.0000,1.0000,105.062,-1,0,0.0000
8624,2790,2791,1.0000,0.0000,0.0000,66.625,-1,0,0.0000
8625,2790,4390,0.0000,1.0000,0.0000,139.750,-1,0,0.0000
8626,2790,2819,0.0000,0.0000,1.0000,105.062,-1,0,0.0000
8627,2790,2820,0.0000,0.0000,1.0000,105.062,-1,0,0.0000
8628,2791,2792,1.0000,0.0000,0.0000,66.625,-1,0,0.0000
8629,2791,2820,0.0000,0.0000,1.0000,105.062,-1,0,0.0000
8630,2791,2821,0.0000,0.0000,1.0000,105.062,-1,0,0.0000
8631,2792,2793,1.0000,0.0000,0.0000,66.625,-1,0,0.0000
8632,2792,2821,0.0000,0.0000,1.0000,105.062,-1,0,0.0000
8633,2792,2822,0.0000,0.0000,1.0000,105.062,-1,0,0.0000
8634,2793,2794,1.0000,0.0000,0.0000,66.625,-1,0,0.0000
8635,2793,2822,0.0000,0.0000,1.0000,105.062,-1,0,0.0000
8636,2793,2823,0.0000,0.0000,1.0000,105.062,-1,0,0.0000
8637,2794,2795,1.0000,0.0000,0.0000,66.625,-1,0,0.0000
8638,2794,2823,0.0000,0.0000,1.0000,105.062,-1,0,0.0000
8639,2794,2824,0.0000,0.0000,1.0000,105.062,-1,0,0.0000
8640,2795,2796,1.0000,0.0000,0.0000,66.625,-1,0,0.0000
8641,2795,4514,0.0000,1.0000,0.0000,139.750,-1,0,0.0000
8642,2795,2824,0.0000,0.0000,1.0000,105.062,-1,0,0.0000
8643,2795,2825,0.0000,0.0000,1.0000,105.062,-1,0,0.0000
8644,2796,2797,1.0000,0.0000,0.0000,66.625,-1,0,0.0000
8645,2796,2825,0.0000,0.0000,1.0000,105.062,-1,0,0.0000
8646,2796,2826,0.0000,0.0000,1.0000,105.062,-1,0,0.0000
8647,2797,2798,1.0000,0.0000,0.0000,66.625,-1,0,0.0000
8648,2797,2826,0.0000,0.0000,1.0000,105.062,-1,0,0.0000
8649,2797,2827,0.0000,0.0000,1.0000,105.062,-1,0,0.0000
8650,2798,2799,1.0000,0.0000,0.0000,66.625,-1,0,0.0000
8651,2798,2827,0.0000,0.0000,1.0000,105.062,-1,0,0.0000
8652,2798,2828,0.0000,0.0000,1.0000,105.062,-1,0,0.0000
8653,2799,2800,1.0000,0.0000,0.0000,66.625,-1,0,0.0000
8654,2799,2828,0.0000,0.0000,1.0000,105.062,-1,0,0.0000
8655,2799,2829,0.0000,0.0000,1.0000,105.062,-1,0,0.0000
8656,2800,2801,1.0000,0.0000,0.0000,66.625,-1,0,0.0000
8657,2800,4638,0.0000,1.0000,0.0000,139.750,-1,0,0.0000
8658,2800,2829,0.0000,0.0000,1.0000,105.062,-1,0,0.0000
8659,2800,2830,0.0000,0.0000,1.0000,105.062,-1,0,0.0000
8660,2801,2802,1.0000,0.0000,0.0000,66.625,-1,0,0.0000
8661,2801,2830,0.0000,0.0000,1.0000,105.062,-1,0,0.0000
8662,2801,2831,0.0000,0.0000,1.0000,105.062,-1,0,0.0000
8663,2802,2803,1.0000,0.0000,0.0000,66.625,-1,0,0.0000
8664,2802,2831,0.0000,0.0000,1.0000,105.062,-1,0,0.0000
8665,2802,2832,0.0000,0.0000,1.0000,105.062,-1,0,0.0000
8666,2803,2804,1.0000,0.0000,0.0000,66.625,-1,0,0.0000
8667,2803,2832,0.0000,0.0000,1.0000,105.062,-1,0,0.0000
8668,2803,2833,0.0000,0.0000,1.0000,105.062,-1,0,0.0000
8669,2804,2805,1.0000,0.0000,0.0000,66.625,-1,0,0.0000
8670,2804,2833,0.0000,0.0000,1.0000,105.062,-1,0,0.0000
8671,2804,2834,0.0000,0.0000,1.0000,105.062,-1,0,0.0000
8672,2805,2806,1.0000,0.0000,0.0000,66.625,-1,0,0.0000
8673,2805,4762,0.0000,1.0000,0.0000,139.750,-1,0,0.0000
8674,2805,2834,0.0000,0.0000,1.0000,105.062,-1,0,0.0000
8675,2805,2835,0.0000,0.0000,1.0000,105.062,-1,0,0.0000
8676,2806,2807,1.0000,0.0000,0.0000,66.625,-1,0,0.0000
8677,2806,2835,0.0000,0.0000,1.0000,105.062,-1,0,0.0000
8678,2806,2836,0.0000,0.0000,1.0000,105.062,-1,0,0.0000
8679,2807,2808,1.0000,0.0000,0.0000,66.625,-1,0,0.0000
8680,2807,2836,0.0000,0.0000,1.0000,105.062,-1,0,0.0000
8681,2807,2837,0.0000,0.0000,1.0000,105.062,-1,0,0.0000
8682,2808,2809,1.0000,0.0000,0.0000,66.625,-1,0,0.0000
8683,2808,2837,0.0000,0.0000,1.0000,105.062,-1,0,0.0000
8684,2808,2838,0.0000,0.0000,1.0000,105.062,-1,0,0.0000
8685,2809,2810,1.0000,0.0000,0.0000,66.625,-1,0,0.0000
8686,2809,2838,0.0000,0.0000,1.0000,105.062,-1,0,0.0000
8687,2809,2839,0.0000,0.0000,1.0000,105.062,-1,0,0.0000
8688,2810,2811,1.0000,0.0000,0.0000,66.625,-1,0,0.0000
8689,2810,4886,0.0000,1.0000,0.0000,139.750,-1,0,0.0000
8690,2810,2839,0.0000,0.0000,1.0000,105.062,-1,0,0.0000
8691,2810,2840,0.0000,0.0000,1.0000,105.062,-1,0,0.0000
8692,2811,2812,1.0000,0.0000,0.0000,66.625,-1,0,0.0000
8693,2811,2840,0.0000,0.0000,1.0000,105.062,-1,0,0.0000
8694,2811,2841,0.0000,0.0000,1.0000,105.062,-1,0,0.0000
8695,2812,2813,1.0000,0.0000,0.0000,66.625,-1,0,0.0000
8696,2812,2841,0.0000,0.0000,1.0000,105.062,-1,0,0.0000
8697,2812,2842,0.0000,0.0000,1.0000,105.062,-1,0,0.0000
8698,2813,2814,1.0000,0.0000,0.0000,66.625,-1,0,0.0000
8699,2813,2842,0.0000,0.0000,1.0000,105.062,-1,0,0.0000
8700,2813,2843,0.0000,0.0000,1.0000,105.062,-1,0,0.0000
8701,2814,2815,1.0000,0.0000,0.0000,66.625,-1,0,0.0000
8702,2814,2843,0.0000,0.0000,1.0000,105.062,-1,0,0.0000
8703,2814,2844,0.0000,0.0000,1.0000,105.062,-1,0,0.0000
8704,2815,2816,1.0000,0.0000,0.0000,66.625,-1,0,0.0000
8705,2815,5010,0.0000,1.0000,0.0000,139.750,-1,0,0.0000
8706,2815,2844,0.0000,0.0000,1.0000,105.062,-1,0,0.0000
8707,2815,2845,0.0000,0.0000,1.0000,105.062,-1,0,0.0000
8708,2816,2817,1.0000,0.0000,0.0000,66.625,-1,0,0.0000
8709,2816,2845,0.0000,0.0000,1.0000,105.062,-1,0,0.0000
8710,2816,2846,0.0000,0.0000,1.0000,105.062,-1,0,0.0000
8711,2817,4234,0.0000,-1.0000,0.0000,66.625,-1,0,0.0000
8712,2817,2846,0.0000,0.0000,1.0000,105.062,-1,0,0.0000
8713,2818,2819,1.0000,0.0000,0.0000,66.625,-1,0,0.0000
8714,2818,2847,0.0000,0.0000,1.0000,105.062,-1,0,0.0000
8715,2818,2848,0.0000,0.0000,1.0000,105.062,-1,0,0.0000
8716,2818,3606,0.0000,-1.0000,0.0000,66.625,-1,0,0.0000
8717,2819,2820,1.0000,0.0000,0.0000,66.625,-1,0,0.0000
8718,2819,2848,0.0000,0.0000,1.0000,105.062,-1,0,0.0000
8719,2819,2849,0.0000,0.0000,1.0000,105.062,-1,0,0.0000
8720,2819,4392,0.0000,1.0000,0.0000,66.625,-1,0,0.0000
8721,2820,2821,1.0000,0.0000,0.0000,66.625,-1,0,0.0000
8722,2820,2849,0.0000,0.0000,1.0000,105.062,-1,0,0.0000
8723,2820,2850,0.0000,0.0000,1.0000,105.062,-1,0,0.0000
8724,2820,4392,0.0000,1.0000,0.0000,66.625,-1,0,0.0000
8725,2821,2822,1.0000,0.0000,0.0000,66.625,-1,0,0.0000
8726,2821,2850,0.0000,0.0000,1.0000,105.062,-1,0,0.0000
8727,2821,2851,0.0000,0.0000,1.0000,105.062,-1,0,0.0000
8728,2822,2823,1.0000,0.0000,0.0000,66.625,-1,0,0.0000
8729,2822,2851,0.0000,0.0000,1.0000,105.062,-1,0,0.0000
8730,2822,2852,0.0000,0.0000,1.0000,105.062,-1,0,0.0000
8731,2823,2824,1.0000,0.0000,0.0000,66.625,-1,0,0.0000
8732,2823,2852,0.0000,0.0000,1.0000,105.062,-1,0,0.0000
8733,2823,2853,0.0000,0.0000,1.0000,105.062,-1,0,0.0000
8734,2824,2825,1.0000,0.0000,0.0000,66.625,-1,0,0.0000
8735,2824,2853,0.0000,0.0000,1.0000,105.062,-1,0,0.0000
8736,2824,2854,0.0000,0.0000,1.0000,105.062,-1,0,0.0000
8737,2824,4516,0.0000,1.0000,0.0000,66.625,-1,0,0.0000
8738,2825,2826,1.0000,0.0000,0.0000,66.625,-1,0,0.0000
8739,2825,2854,0.0000,0.0000,1.0000,105.062,-1,0,0.0000
8740,2825,2855,0.0000,0.0000,1.0000,105.062,-1,0,0.0000
8741,2825,4516,0.0000,1.0000,0.0000,66.625,-1,0,0.0000
8742,2826,2827,1.0000,0.0000,0.0000,66.625,-1,0,0.0000
8743,2826,2855,0.0000,0.0000,1.0000,105.062,-1,0,0.0000
8744,2826,2856,0.0000,0.0000,1.0000,105.062,-1,0,0.0000
8745,2827,2828,1.0000,0.0000,0.0000,66.625,-1,0,0.0000
8746,2827,2856,0.0000,0.0000,1.0000,105.062,-1,0,0.0000
8747,2827,2857,0.0000,0.0000,1.0000,105.062,-1,0,0.0000
8748,2828,2829,1.0000,0.0000,0.0000,66.625,-1,0,0.0000
8749,2828,2857,0.0000,0.0000,1.0000,105.062,-1,0,0.0000
8750,2828,2858,0.0000,0.0000,1.0000,105.062,-1,0,0.0000
8751,2829,2830,1.0000,0.0000,0.0000,66.625,-1,0,0.0000
8752,2829,2858,0.0000,0.0000,1.0000,105.062,-1,0,0.0000
8753,2829,2859,0.0000,0.0000,1.0000,105.062,-1,0,0.0000
8754,2829,4640,0.0000,1.0000,0.0000,66.625,-1,0,0.0000
8755,2830,2831,1.0000,0.0000,0.0000,66.625,-1,0,0.0000
8756,2830,2859,0.0000,0.0000,1.0000,105.062,-1,0,0.0000
8757,2830,2860,0.0000,0.0000,1.0000,105.062,-1,0,0.0000
8758,2830,4640,0.0000,1.0000,0.0000,66.625,-1,0,0.0000
8759,2831,2832,1.0000,0.0000,0.0000,66.625,-1,0,0.0000
8760,2831,2860,0.0000,0.0000,1.0000,105.062,-1,0,0.0000
8761,2831,2861,0.0000,0.0000,1.0000,105.062,-1,0,0.0000
8762,2832,2833,1.0000,0.0000,0.0000,66.625,-1,0,0.0000
8763,2832,2861,0.0000,0.0000,1.0000,105.062,-1,0,0.0000
8764,2832,2862,0.0000,0.0000,1.0000,105.062,-1,0,0.0000
8765,2833,2834,1.0000,0.0000,0.0000,66.625,-1,0,0.0000
8766,2833,2862,0.0000,0.0000,1.0000,105.062,-1,0,0.0000
8767,2833,2863,0.0000,0.0000,1.0000,105.062,-1,0,0.0000
8768,2834,2835,1.0000,0.0000,0.0000,66.625,-1,0,0.0000
8769,2834,2863,0.0000,0.0000,1.0000,105.062,-1,0,0.0000
8770,2834,2864,0.0000,0.0000,1.0000,105.062,-1,0,0.0000
8771,2834,4764,0.0000,1.0000,0.0000,66.625,-1,0,0.0000
8772,2835,2836,1.0000,0.0000,0.0000,66.625,-1,0,0.0000
8773,2835,2864,0.0000,0.0000,1.0000,105.062,-1,0,0.0000
8774,2835,2865,0.0000,0.0000,1.0000,105.062,-1,0,0.0000
8775,2835,4764,0.0000,1.0000,0.0000,66.625,-1,0,0.0000
8776,2836,2837,1.0000,0.0000,0.0000,66.625,-1,0,0.0000
8777,2836,2865,0.0000,0.0000,1.0000,105.062,-1,0,0.0000
8778,2836,2866,0.0000,0.0000,1.0000,105.062,-1,0,0.0000
8779,2837,2838,1.0000,0.0000,0.0000,66.625,-1,0,0.0000
8780,2837,2866,0.0000,0.0000,1.0000,105.062,-1,0,0.0000
8781,2837,2867,0.0000,0.0000,1.0000,105.062,-1,0,0.0000
8782,2838,2839,1.0000,0.0000,0.0000,66.625,-1,0,0.0000
8783,2838,2867,0.0000,0.0000,1.0000,105.062,-1,0,0.0000
8784,2838,2868,0.0000,0.0000,1.0000,105.062,-1,0,0.0000
8785,2839,2840,1.0000,0.0000,0.0000,66.625,-1,0,0.0000
8786,2839,2868,0.0000,0.0000,1.0000,105.062,-1,0,0.0000
8787,2839,2869,0.0000,0.0000,1.0000,105.062,-1,0,0.0000
8788,2839,4888,0.0000,1.0000,0.0000,66.625,-1,0,0.0000
8789,2840,2841,1.0000,0.0000,0.0000,66.625,-1,0,0.0000
8790,2840,2869,0.0000,0.0000,1.0000,105.062,-1,0,0.0000
8791,2840,2870,0.0000,0.0000,1.0000,105.062,-1,0,0.0000
8792,2840,4888,0.0000,1.0000,0.0000,66.625,-1,0,0.0000
8793,2841,2842,1.0000,0.0000,0.0000,66.625,-1,0,0.0000
8794,2841,2870,0.0000,0.0000,1.0000,105.062,-1,0,0.0000
8795,2841,2871,0.0000,0.0000,1.0000,105.062,-1,0,0.0000
8796,2842,2843,1.0000,0.0000,0.0000,66.625,-1,0,0.0000
8797,2842,2871,0.0000,0.0000,1.0000,105.062,-1,0,0.0000
8798,2842,2872,0.0000,0.0000,1.0000,105.062,-1,0,0.0000
8799,2843,2844,1.0000,0.0000,0.0000,66.625,-1,0,0.0000
8800,2843,2872,0.0000,0.0000,1.0000,105.062,-1,0,0.0000
8801,2843,2873,0.0000,0.0000,1.0000,105.062,-1,0,0.0000
8802,2844,2845,1.0000,0.0000,0.0000,66.625,-1,0,0.0000
8803,2844,2873,0.0000,0.0000,1.0000,105.062,-1,0,0.0000
8804,2844,2874,0.0000,0.0000,1.0000,105.062,-1,0,0.0000
8805,2844,5012,0.0000,1.0000,0.0000,66.625,-1,0,0.0000
8806,2845,2846,1.0000,0.0000,0.0000,66.625,-1,0,0.0000
8807,2845,2874,0.0000,0.0000,1.0000,105.062,-1,0,0.0000
8808,2845,2875,0.0000,0.0000,1.0000,105.062,-1,0,0.0000
8809,2845,5012,0.0000,1.0000,0.0000,66.625,-1,0,0.0000
8810,2846,2875,0.0000,0.0000,1.0000,105.062,-1,0,0.0000
8811,2846,2876,0.0000,0.0000,1.0000,105.062,-1,0,0.0000
8812,2846,4248,0.0000,-1.0000,0.0000,66.625,-1,0,0.0000
8813,2847,2848,1.0000,0.0000,0.0000,66.625,-1,0,0.0000
8814,2847,3621,0.0000,-1.0000,0.0000,66.625,-1,0,0.0000
8815,2847,2877,0.0000,0.0000,1.0000,105.062,-1,0,0.0000
8816,2848,2849,1.0000,0.0000,0.0000,66.625,-1,0,0.0000
8817,2848,2877,0.0000,0.0000,1.0000,220.375,-1,0,0.0000
8818,2849,2850,1.0000,0.0000,0.0000,66.625,-1,0,0.0000
8819,2849,4394,0.0000,1.0000,0.0000,139.750,-1,0,0.0000
8820,2849,2877,0.0000,0.0000,1.0000,105.062,-1,0,0.0000
8821,2849,2878,0.0000,0.0000,1.0000,105.062,-1,0,0.0000
8822,2850,2851,1.0000,0.0000,0.0000,66.625,-1,0,0.0000
8823,2850,2878,0.0000,0.0000,1.0000,220.375,-1,0,0.0000
8824,2851,2852,1.0000,0.0000,0.0000,66.625,-1,0,0.0000
8825,2851,2878,0.0000,0.0000,1.0000,105.062,-1,0,0.0000
8826,2851,2879,0.0000,0.0000,1.0000,105.062,-1,0,0.0000
8827,2852,2853,1.0000,0.0000,0.0000,66.625,-1,0,0.0000
8828,2852,2879,0.0000,0.0000,1.0000,220.375,-1,0,0.0000
8829,2853,2854,1.0000,0.0000,0.0000,66.625,-1,0,0.0000
8830,2853,2879,0.0000,0.0000,1.0000,105.062,-1,0,0.0000
8831,2853,2880,0.0000,0.0000,1.0000,105.062,-1,0,0.0000
8832,2854,2855,1.0000,0.0000,0.0000,66.625,-1,0,0.0000
8833,2854,4518,0.0000,1.0000,0.0000,139.750,-1,0,0.0000
8834,2854,2880,0.0000,0.0000,1.0000,220.375,-1,0,0.0000
8835,2855,2856,1.0000,0.0000,0.0000,66.625,-1,0,0.0000
8836,2855,2880,0.0000,0.0000,1.0000,105.062,-1,0,0.0000
8837,2855,2881,0.0000,0.0000,1.0000,105.062,-1,0,0.0000
8838,2856,2857,1.0000,0.0000,0.0000,66.625,-1,0,0.0000
8839,2856,2881,0.0000,0.0000,1.0000,220.375,-1,0,0.0000
8840,2857,2858,1.0000,0.0000,0.0000,66.625,-1,0,0.0000
8841,2857,2881,0.0000,0.0000,1.0000,105.062,-1,0,0.0000
8842,2857,2882,0.0000,0.0000,1.0000,105.062,-1,0,0.0000
8843,2858,2859,1.0000,0.0000,0.0000,66.625,-1,0,0.0000
8844,2858,2882,0.0000,0.0000,1.0000,220.375,-1,0,0.0000
8845,2859,2860,1.0000,0.0000,0.0000,66.625,-1,0,0.0000
8846,2859,4642,0.0000,1.0000,0.0000,139.750,-1,0,0.0000
8847,2859,2882,0.0000,0.0000,1.0000,105.062,-1,0,0.0000
8848,2859,2883,0.0000,0.0000,1.0000,105.062,-1,0,0.0000
8849,2860,2861,1.0000,0.0000,0.0000,66.625,-1,0,0.0000
8850,2860,2883,0.0000,0.0000,1.0000,220.375,-1,0,0.0000
8851,2861,2862,1.0000,0.0000,0.0000,66.625,-1,0,0.0000
8852,2861,2883,0.0000,0.0000,1.0000,105.062,-1,0,0.0000
8853,2861,2884,0.0000,0.0000,1.0000,105.062,-1,0,0.0000
8854,2862,2863,1.0000,0.0000,0.0000,66.625,-1,0,0.0000
8855,2862,2884,0.0000,0.0000,1.0000,220.375,-1,0,0.0000
8856,2863,2864,1.0000,0.0000,0.0000,66.625,-1,0,0.0000
8857,2863,2884,0.0000,0.0000,1.0000,105.062,-1,0,0.0000
8858,2863,2885,0.0000,0.0000,1.0000,105.062,-1,0,0.0000
8859,2864,2865,1.0000,0.0000,0.0000,66.625,-1,0,0.0000
8860,2864,4766,0.0000,1.0000,0.0000,139.750,-1,0,0.0000
8861,2864,2885,0.0000,0.0000,1.0000,220.375,-1,0,0.0000
8862,2865,2866,1.0000,0.0000,0.0000,66.625,-1,0,0.0000
8863,2865,2885,0.0000,0.0000,1.0000,105.062,-1,0,0.0000
8864,2865,2886,0.0000,0.0000,1.0000,105.062,-1,0,0.0000
8865,2866,2867,1.0000,0.0000,0.0000,66.625,-1,0,0.0000
8866,2866,2886,0.0000,0.0000,1.0000,220.375,-1,0,0.0000
8867,2867,2868,1.0000,0.0000,0.0000,66.625,-1,0,0.0000
8868,2867,2886,0.0000,0.0000,1.0000,105.062,-1,0,0.0000
8869,2867,2887,0.0000,0.0000,1.0000,105.062,-1,0,0.0000
8870,2868,2869,1.0000,0.0000,0.0000,66.625,-1,0,0.0000
8871,2868,2887,0.0000,0.0000,1.0000,220.375,-1,0,0.0000
8872,2869,2870,1.0000,0.0000,0.0000,66.625,-1,0,0.0000
8873,2869,4890,0.0000,1.0000,0.0000,139.750,-1,0,0.0000
8874,2869,2887,0.0000,0.0000,1.0000,105.062,-1,0,0.0000
8875,2869,2888,0.0000,0.0000,1.0000,105.062,-1,0,0.0000
8876,2870,2871,1.0000,0.0000,0.0000,66.625,-1,0,0.0000
8877,2870,2888,0.0000,0.0000,1.0000,220.375,-1,0,0.0000
8878,2871,2872,1.0000,0.0000,0.0000,66.625,-1,0,0.0000
8879,2871,2888,0.0000,0.0000,1.0000,105.062,-1,0,0.0000
8880,2871,2889,0.0000,0.0000,1.0000,105.062,-1,0,0.0000
8881,2872,2873,1.0000,0.0000,0.0000,66.625,-1,0,0.0000
8882,2872,2889,0.0000,0.0000,1.0000,220.375,-1,0,0.0000
8883,2873,2874,1.0000,0.0000,0.0000,66.625,-1,0,0.0000
8884,2873,2889,0.0000,0.0000,1.0000,105.062,-1,0,0.0000
8885,2873,2890,0.0000,0.0000,1.0000,105.062,-1,0,0.0000
8886,2874,2875,1.0000,0.0000,0.0000,66.625,-1,0,0.0000
8887,2874,5014,0.0000,1.0000,0.0000,139.750,-1,0,0.0000
8888,2874,2890,0.0000,0.0000,1.0000,220.375,-1,0,0.0000
8889,2875,2876,1.0000,0.0000,0.0000,66.625,-1,0,0.0000
8890,2875,2890,0.0000,0.0000,1.0000,105.062,-1,0,0.0000
8891,2875,2891,0.0000,0.0000,1.0000,105.062,-1,0,0.0000
8892,2876,4263,0.0000,-1.0000,0.0000,66.625,-1,0,0.0000
8893,2876,2891,0.0000,0.0000,1.0000,105.062,-1,0,0.0000
8894,4394,2877,0.0000,0.0000,1.0000,41.000,-1,0,0.0000
8895,2877,2878,1.0000,0.0000,0.0000,213.500,-1,0,0.0000
8896,2877,3628,0.0000,-1.0000,0.0000,143.500,-1,0,0.0000
8897,2877,5224,0.0000,0.0000,1.0000,451.000,2,2,-1.0000
8898,4394,2878,0.0000,0.0000,1.0000,41.000,-1,0,0.0000
8899,2878,2879,1.0000,0.0000,0.0000,213.500,-1,0,0.0000
8900,2878,5224,0.0000,0.0000,1.0000,451.000,2,2,-1.0000
8901,2879,2880,1.0000,0.0000,0.0000,213.500,-1,0,0.0000
8902,2879,5224,0.0000,0.0000,1.0000,451.000,2,2,-1.0000
8903,4518,2880,0.0000,0.0000,1.0000,86.000,-1,0,0.0000
8904,2880,2881,1.0000,0.0000,0.0000,213.500,-1,0,0.0000
8905,2880,5224,0.0000,0.0000,1.0000,451.000,2,2,-1.0000
8906,2881,2882,1.0000,0.0000,0.0000,213.500,-1,0,0.0000
8907,2881,5224,0.0000,0.0000,1.0000,451.000,2,2,-1.0000
8908,4642,2882,0.0000,0.0000,1.0000,41.000,-1,0,0.0000
8909,2882,2883,1.0000,0.0000,0.0000,213.500,-1,0,0.0000
8910,2882,5224,0.0000,0.0000,1.0000,451.000,2,2,-1.0000
8911,4642,2883,0.0000,0.0000,1.0000,41.000,-1,0,0.0000
8912,2883,2884,1.0000,0.0000,0.0000,213.500,-1,0,0.0000
8913,2883,5224,0.0000,0.0000,1.0000,451.000,2,2,-1.0000
8914,2884,2885,1.0000,0.0000,0.0000,213.500,-1,0,0.0000
8915,2884,5224,0.0000,0.0000,1.0000,451.000,2,2,-1.0000
8916,4766,2885,0.0000,0.0000,1.0000,86.000,-1,0,0.0000
8917,2885,2886,1.0000,0.0000,0.0000,213.500,-1,0,0.0000
8918,2885,5224,0.0000,0.0000,1.0000,451.000,2,2,-1.0000
8919,2886,2887,1.0000,0.0000,0.0000,213.500,-1,0,0.0000
8920,2886,5224,0.0000,0.0000,1.0000,451.000,2,2,-1.0000
8921,4890,2887,0.0000,0.0000,1.0000,41.000,-1,0,0.0000
8922,2887,2888,1.0000,0.0000,0.0000,213.500,-1,0,0.0000
8923,2887,5224,0.0000,0.0000,1.0000,451.000,2,2,-1.0000
8924,4890,2888,0.0000,0.0000,1.0000,41.000,-1,0,0.0000
8925,2888,2889,1.0000,0.0000,0.0000,213.500,-1,0,0.0000
8926,2888,5224,0.0000,0.0000,1.0000,451.000,2,2,-1.0000
8927,2889,2890,1.0000,0.0000,0.0000,213.500,-1,0,0.0000
8928,2889,5224,0.0000,0.0000,1.0000,451.000,2,2,-1.0000
8929,5014,2890,0.0000,0.0000,1.0000,86.000,-1,0,0.0000
8930,2890,2891,1.0000,0.0000,0.0000,213.500,-1,0,0.0000
8931,2890,5224,0.0000,0.0000,1.0000,451.000,2,2,-1.0000
8932,2891,4270,0.0000,-1.0000,0.0000,143.500,-1,0,0.0000
8933,2891,5224,0.0000,0.0000,1.0000,220.375,2,2,-1.0000
8934,2892,2893,0.0000,1.0000,0.0000,143.500,-1,0,0.0000
8935,2892,2899,0.0000,0.0000,1.0000,220.375,-1,0,0.0100
8936,2892,2900,0.0000,0.0000,1.0000,220.375,-1,0,0.0100
8937,2893,2894,0.0000,1.0000,0.0000,143.500,-1,0,0.0000
8938,2893,2901,0.0000,0.0000,1.0000,220.375,-1,0,0.0087
8939,2893,2902,0.0000,0.0000,1.0000,220.375,-1,0,0.0061
8940,2894,2895,0.0000,1.0000,0.0000,143.500,-1,0,0.0000
8941,2894,2903,0.0000,0.0000,1.0000,220.375,-1,0,0.0063
8942,2894,2904,0.0000,0.0000,1.0000,220.375,-1,0,0.0091
8943,2895,2896,0.0000,1.0000,0.0000,143.500,-1,0,0.0000
8944,2895,2905,0.0000,0.0000,1.0000,220.375,-1,0,0.0099
8945,2895,2906,0.0000,0.0000,1.0000,220.375,-1,0,0.0100
8946,2896,2897,0.0000,1.0000,0.0000,143.500,-1,0,0.0000
8947,2896,2907,0.0000,0.0000,1.0000,220.375,-1,0,0.0091
8948,2896,2908,0.0000,0.0000,1.0000,220.375,-1,0,0.0063
8949,2897,2898,0.0000,1.0000,0.0000,143.500,-1,0,0.0000
8950,2897,2909,0.0000,0.0000,1.0000,220.375,-1,0,0.0059
8951,2897,2910,0.0000,0.0000,1.0000,220.375,-1,0,0.0083
8952,2898,2911,0.0000,0.0000,1.0000,220.375,-1,0,0.0095
8953,2898,2912,0.0000,0.0000,1.0000,220.375,-1,0,0.0095
8954,2899,2900,0.0000,1.0000,0.0000,66.625,-1,0,0.0000
8955,2899,2913,0.0000,0.0000,1.0000,105.062,-1,0,0.0103
8956,2899,2914,0.0000,0.0000,1.0000,105.062,-1,0,0.0099
8957,2900,2901,0.0000,1.0000,0.0000,66.625,-1,0,0.0000
8958,2900,2914,0.0000,0.0000,1.0000,105.062,-1,0,0.0099
8959,2900,2915,0.0000,0.0000,1.0000,105.062,-1,0,0.0083
8960,2901,2902,0.0000,1.0000,0.0000,66.625,-1,0,0.0000
8961,2901,2915,0.0000,0.0000,1.0000,105.062,-1,0,0.0083
8962,2901,2916,0.0000,0.0000,1.0000,105.062,-1,0,0.0060
8963,2902,2903,0.0000,1.0000,0.0000,66.625,-1,0,0.0000
8964,2902,2916,0.0000,0.0000,1.0000,105.062,-1,0,0.0060
8965,2902,2917,0.0000,0.0000,1.0000,105.062,-1,0,0.0049
8966,2903,2904,0.0000,1.0000,0.0000,66.625,-1,0,0.0000
8967,2903,2917,0.0000,0.0000,1.0000,105.062,-1,0,0.0049
8968,2903,2918,0.0000,0.0000,1.0000,105.062,-1,0,0.0061
8969,2904,2905,0.0000,1.0000,0.0000,66.625,-1,0,0.0000
8970,2904,2918,0.0000,0.0000,1.0000,105.062,-1,0,0.0061
8971,2904,2919,0.0000,0.0000,1.0000,105.062,-1,0,0.0087
8972,2905,2906,0.0000,1.0000,0.0000,66.625,-1,0,0.0000
8973,2905,2919,0.0000,0.0000,1.0000,105.062,-1,0,0.0087
8974,2905,2920,0.0000,0.0000,1.0000,105.062,-1,0,0.0099
8975,2906,2907,0.0000,1.0000,0.0000,66.625,-1,0,0.0000
8976,2906,2920,0.0000,0.0000,1.0000,105.062,-1,0,0.0099
8977,2906,2921,0.0000,0.0000,1.0000,105.062,-1,0,0.0086
8978,2907,2908,0.0000,1.0000,0.0000,66.625,-1,0,0.0000
8979,2907,2921,0.0000,0.0000,1.0000,105.062,-1,0,0.0086
8980,2907,2922,0.0000,0.0000,1.0000,105.062,-1,0,0.0061
8981,2908,2909,0.0000,1.0000,0.0000,66.625,-1,0,0.0000
8982,2908,2922,0.0000,0.0000,1.0000,105.062,-1,0,0.0061
8983,2908,2923,0.0000,0.0000,1.0000,105.062,-1,0,0.0047
8984,2909,2910,0.0000,1.0000,0.0000,66.625,-1,0,0.0000
8985,2909,2923,0.0000,0.0000,1.0000,105.062,-1,0,0.0047
8986,2909,2924,0.0000,0.0000,1.0000,105.062,-1,0,0.0058
8987,2910,2911,0.0000,1.0000,0.0000,66.625,-1,0,0.0000
8988,2910,2924,0.0000,0.0000,1.0000,105.062,-1,0,0.0058
8989,2910,2925,0.0000,0.0000,1.0000,105.062,-1,0,0.0080
8990,2911,2912,0.0000,1.0000,0.0000,66.625,-1,0,0.0000
8991,2911,2925,0.0000,0.0000,1.0000,105.062,-1,0,0.0080
8992,2911,2926,0.0000,0.0000,1.0000,105.062,-1,0,0.0094
8993,2912,2926,0.0000,0.0000,1.0000,105.062,-1,0,0.0094
8994,2912,2927,0.0000,0.0000,1.0000,105.062,-1,0,0.0098
8995,2913,2914,0.0000,1.0000,0.0000,66.625,-1,0,0.0000
8996,2913,2928,0.0000,0.0000,1.0000,105.062,-1,0,0.0101
8997,2914,2915,0.0000,1.0000,0.0000,66.625,-1,0,0.0000
8998,2914,2928,0.0000,0.0000,1.0000,105.062,-1,0,0.0101
8999,2914,2929,0.0000,0.0000,1.0000,105.062,-1,0,0.0094
9000,2915,2916,0.0000,1.0000,0.0000,66.625,-1,0,0.0000
9001,2915,2929,0.0000,0.0000,1.0000,105.062,-1,0,0.0094
9002,2915,2930,0.0000,0.0000,1.0000,105.062,-1,0,0.0070
9003,2916,2917,0.0000,1.0000,0.0000,66.625,-1,0,0.0000
9004,2916,2930,0.0000,0.0000,1.0000,105.062,-1,0,0.0070
9005,2916,2931,0.0000,0.0000,1.0000,105.062,-1,0,0.0047
9006,2917,2918,0.0000,1.0000,0.0000,66.625,-1,0,0.0000
9007,2917,2931,0.0000,0.0000,1.0000,105.062,-1,0,0.0047
9008,2917,2932,0.0000,0.0000,1.0000,105.062,-1,0,0.0048
9009,2918,2919,0.0000,1.0000,0.0000,66.625,-1,0,0.0000
9010,2918,2932,0.0000,0.0000,1.0000,105.062,-1,0,0.0048
9011,2918,2933,0.0000,0.0000,1.0000,105.062,-1,0,0.0073
9012,2919,2920,0.0000,1.0000,0.0000,66.625,-1,0,0.0000
9013,2919,2933,0.0000,0.0000,1.0000,105.062,-1,0,0.0073
9014,2919,2934,0.0000,0.0000,1.0000,105.062,-1,0,0.0098
9015,2920,2921,0.0000,1.0000,0.0000,66.625,-1,0,0.0000
9016,2920,2934,0.0000,0.0000,1.0000,105.062,-1,0,0.0098
9017,2920,2935,0.0000,0.0000,1.0000,105.062,-1,0,0.0098
9018,2921,2922,0.0000,1.0000,0.0000,66.625,-1,0,0.0000
9019,2921,2935,0.0000,0.0000,1.0000,105.062,-1,0,0.0098
9020,2921,2936,0.0000,0.0000,1.0000,105.062,-1,0,0.0072
9021,2922,2923,0.0000,1.0000,0.0000,66.625,-1,0,0.0000
9022,2922,2936,0.0000,0.0000,1.0000,105.062,-1,0,0.0072
9023,2922,2937,0.0000,0.0000,1.0000,105.062,-1,0,0.0047
9024,2923,2924,0.0000,1.0000,0.0000,66.625,-1,0,0.0000
9025,2923,2937,0.0000,0.0000,1.0000,105.062,-1,0,0.0047
9026,2923,2938,0.0000,0.0000,1.0000,105.062,-1,0,0.0046
9027,2924,2925,0.0000,1.0000,0.0000,66.625,-1,0,0.0000
9028,2924,2938,0.0000,0.0000,1.0000,105.062,-1,0,0.0046
9029,2924,2939,0.0000,0.0000,1.0000,105.062,-1,0,0.0067
9030,2925,2926,0.0000,1.0000,0.0000,66.625,-1,0,0.0000
9031,2925,2939,0.0000,0.0000,1.0000,105.062,-1,0,0.0067
9032,2925,2940,0.0000,0.0000,1.0000,105.062,-1,0,0.0089
9033,2926,2927,0.0000,1.0000,0.0000,66.625,-1,0,0.0000
9034,2926,2940,0.0000,0.0000,1.0000,105.062,-1,0,0.0089
9035,2926,2941,0.0000,0.0000,1.0000,105.062,-1,0,0.0096
9036,2927,2941,0.0000,0.0000,1.0000,105.062,-1,0,0.0096
9037,2928,2929,0.0000,1.0000,0.0000,66.625,-1,0,0.0000
9038,2928,2942,0.0000,0.0000,1.0000,105.062,-1,0,0.0100
9039,2928,2943,0.0000,0.0000,1.0000,105.062,-1,0,0.0100
9040,2929,2930,0.0000,1.0000,0.0000,66.625,-1,0,0.0000
9041,2929,2943,0.0000,0.0000,1.0000,105.062,-1,0,0.0100
9042,2929,2944,0.0000,0.0000,1.0000,105.062,-1,0,0.0085
9043,2930,2931,0.0000,1.0000,0.0000,66.625,-1,0,0.0000
9044,2930,2944,0.0000,0.0000,1.0000,105.062,-1,0,0.0085
9045,2930,2945,0.0000,0.0000,1.0000,105.062,-1,0,0.0053
9046,2931,2932,0.0000,1.0000,0.0000,66.625,-1,0,0.0000
9047,2931,2945,0.0000,0.0000,1.0000,105.062,-1,0,0.0053
9048,2931,2946,0.0000,0.0000,1.0000,105.062,-1,0,0.0038
9049,2932,2933,0.0000,1.0000,0.0000,66.625,-1,0,0.0000
9050,2932,2946,0.0000,0.0000,1.0000,105.062,-1,0,0.0038
9051,2932,2947,0.0000,0.0000,1.0000,105.062,-1,0,0.0055
9052,2933,2934,0.0000,1.0000,0.0000,66.625,-1,0,0.0000
9053,2933,2947,0.0000,0.0000,1.0000,105.062,-1,0,0.0055
9054,2933,2948,0.0000,0.0000,1.0000,105.062,-1,0,0.0088
9055,2934,2935,0.0000,1.0000,0.0000,66.625,-1,0,0.0000
9056,2934,2948,0.0000,0.0000,1.0000,105.062,-1,0,0.0088
9057,2934,2949,0.0000,0.0000,1.0000,105.062,-1,0,0.0106
9058,2935,2936,0.0000,1.0000,0.0000,66.625,-1,0,0.0000
9059,2935,2949,0.0000,0.0000,1.0000,105.062,-1,0,0.0106
9060,2935,2950,0.0000,0.0000,1.0000,105.062,-1,0,0.0088
9061,2936,2937,0.0000,1.0000,0.0000,66.625,-1,0,0.0000
9062,2936,2950,0.0000,0.0000,1.0000,105.062,-1,0,0.0088
9063,2936,2951,0.0000,0.0000,1.0000,105.062,-1,0,0.0054
9064,2937,2938,0.0000,1.0000,0.0000,66.625,-1,0,0.0000
9065,2937,2951,0.0000,0.0000,1.0000,105.062,-1,0,0.0054
9066,2937,2952,0.0000,0.0000,1.0000,105.062,-1,0,0.0037
9067,2938,2939,0.0000,1.0000,0.0000,66.625,-1,0,0.0000
9068,2938,2952,0.0000,0.0000,1.0000,105.062,-1,0,0.0037
9069,2938,2953,0.0000,0.0000,1.0000,105.062,-1,0,0.0051
9070,2939,2940,0.0000,1.0000,0.0000,66.625,-1,0,0.0000
9071,2939,2953,0.0000,0.0000,1.0000,105.062,-1,0,0.0051
9072,2939,2954,0.0000,0.0000,1.0000,105.062,-1,0,0.0081
9073,2940,2941,0.0000,1.0000,0.0000,66.625,-1,0,0.0000
9074,2940,2954,0.0000,0.0000,1.0000,105.062,-1,0,0.0081
9075,2940,2955,0.0000,0.0000,1.0000,105.062,-1,0,0.0095
9076,2941,2955,0.0000,0.0000,1.0000,105.062,-1,0,0.0095
9077,2941,2956,0.0000,0.0000,1.0000,105.062,-1,0,0.0095
9078,2942,2943,0.0000,1.0000,0.0000,66.625,-1,0,0.0000
9079,2942,2957,0.0000,0.0000,1.0000,105.062,-1,0,0.0099
9080,2943,2944,0.0000,1.0000,0.0000,66.625,-1,0,0.0000
9081,2943,2957,0.0000,0.0000,1.0000,105.062,-1,0,0.0099
9082,2943,2958,0.0000,0.0000,1.0000,105.062,-1,0,0.0099
9083,2944,2945,0.0000,1.0000,0.0000,66.625,-1,0,0.0000
9084,2944,2958,0.0000,0.0000,1.0000,105.062,-1,0,0.0099
9085,2944,2959,0.0000,0.0000,1.0000,105.062,-1,0,0.0067
9086,2945,2946,0.0000,1.0000,0.0000,66.625,-1,0,0.0000
9087,2945,2959,0.0000,0.0000,1.0000,105.062,-1,0,0.0067
9088,2945,2960,0.0000,0.0000,1.0000,105.062,-1,0,0.0037
9089,2946,2947,0.0000,1.0000,0.0000,66.625,-1,0,0.0000
9090,2946,2960,0.0000,0.0000,1.0000,105.062,-1,0,0.0037
9091,2946,2961,0.0000,0.0000,1.0000,105.062,-1,0,0.0037
9092,2947,2948,0.0000,1.0000,0.0000,66.625,-1,0,0.0000
9093,2947,2961,0.0000,0.0000,1.0000,105.062,-1,0,0.0037
9094,2947,2962,0.0000,0.0000,1.0000,105.062,-1,0,0.0070
9095,2948,2949,0.0000,1.0000,0.0000,66.625,-1,0,0.0000
9096,2948,2962,0.0000,0.0000,1.0000,105.062,-1,0,0.0070
9097,2948,2963,0.0000,0.0000,1.0000,105.062,-1,0,0.0105
9098,2949,2950,0.0000,1.0000,0.0000,66.625,-1,0,0.0000
9099,2949,2963,0.0000,0.0000,1.0000,105.062,-1,0,0.0105
9100,2949,2964,0.0000,0.0000,1.0000,105.062,-1,0,0.0104
9101,2950,2951,0.0000,1.0000,0.0000,66.625,-1,0,0.0000
9102,2950,2964,0.0000,0.0000,1.0000,105.062,-1,0,0.0104
9103,2950,2965,0.0000,0.0000,1.0000,105.062,-1,0,0.0069
9104,2951,2952,0.0000,1.0000,0.0000,66.625,-1,0,0.0000
9105,2951,2965,0.0000,0.0000,1.0000,105.062,-1,0,0.0069
9106,2951,2966,0.0000,0.0000,1.0000,105.062,-1,0,0.0036
9107,2952,2953,0.0000,1.0000,0.0000,66.625,-1,0,0.0000
9108,2952,2966,0.0000,0.0000,1.0000,105.062,-1,0,0.0036
9109,2952,2967,0.0000,0.0000,1.0000,105.062,-1,0,0.0036
9110,2953,2954,0.0000,1.0000,0.0000,66.625,-1,0,0.0000
9111,2953,2967,0.0000,0.0000,1.0000,105.062,-1,0,0.0036
9112,2953,2968,0.0000,0.0000,1.0000,105.062,-1,0,0.0065
9113,2954,2955,0.0000,1.0000,0.0000,66.625,-1,0,0.0000
9114,2954,2968,0.0000,0.0000,1.0000,105.062,-1,0,0.0065
9115,2954,2969,0.0000,0.0000,1.0000,105.062,-1,0,0.0094
9116,2955,2956,0.0000,1.0000,0.0000,66.625,-1,0,0.0000
9117,2955,2969,0.0000,0.0000,1.0000,105.062,-1,0,0.0094
9118,2955,2970,0.0000,0.0000,1.0000,105.062,-1,0,0.0094
9119,2956,2970,0.0000,0.0000,1.0000,105.062,-1,0,0.0094
9120,2957,2958,0.0000,1.0000,0.0000,66.625,-1,0,0.0000
9121,2957,2971,0.0000,0.0000,1.0000,105.062,-1,0,0.0097
9122,2957,2972,0.0000,0.0000,1.0000,105.062,-1,0,0.0098
9123,2958,2959,0.0000,1.0000,0.0000,66.625,-1,0,0.0000
9124,2958,2972,0.0000,0.0000,1.0000,105.062,-1,0,0.0098
9125,2958,2973,0.0000,0.0000,1.0000,105.062,-1,0,0.0099
9126,2959,2960,0.0000,1.0000,0.0000,66.625,-1,0,0.0000
9127,2959,2973,0.0000,0.0000,1.0000,105.062,-1,0,0.0099
9128,2959,2980,0.0000,0.0000,1.0000,105.062,-1,0,0.0034
9129,2960,2961,0.0000,1.0000,0.0000,66.625,-1,0,0.0000
9130,2960,2980,0.0000,0.0000,1.0000,220.375,-1,0,0.0034
9131,2961,2962,0.0000,1.0000,0.0000,66.625,-1,0,0.0000
9132,2961,2980,0.0000,0.0000,1.0000,220.375,-1,0,0.0034
9133,2962,2963,0.0000,1.0000,0.0000,66.625,-1,0,0.0000
9134,2962,2974,0.0000,0.0000,1.0000,105.062,-1,0,0.0103
9135,2962,2980,0.0000,0.0000,1.0000,105.062,-1,0,0.0034
9136,2963,2964,0.0000,1.0000,0.0000,66.625,-1,0,0.0000
9137,2963,2974,0.0000,0.0000,1.0000,105.062,-1,0,0.0103
9138,2963,2975,0.0000,0.0000,1.0000,105.062,-1,0,0.0103
9139,2964,2965,0.0000,1.0000,0.0000,66.625,-1,0,0.0000
9140,2964,2975,0.0000,0.0000,1.0000,105.062,-1,0,0.0103
9141,2964,2976,0.0000,0.0000,1.0000,105.062,-1,0,0.0103
9142,2965,2966,0.0000,1.0000,0.0000,66.625,-1,0,0.0000
9143,2965,2976,0.0000,0.0000,1.0000,105.062,-1,0,0.0103
9144,2965,2981,0.0000,0.0000,1.0000,105.062,-1,0,0.0033
9145,2966,2967,0.0000,1.0000,0.0000,66.625,-1,0,0.0000
9146,2966,2981,0.0000,0.0000,1.0000,220.375,-1,0,0.0033
9147,2967,2968,0.0000,1.0000,0.0000,66.625,-1,0,0.0000
9148,2967,2981,0.0000,0.0000,1.0000,220.375,-1,0,0.0033
9149,2968,2969,0.0000,1.0000,0.0000,66.625,-1,0,0.0000
9150,2968,2977,0.0000,0.0000,1.0000,105.062,-1,0,0.0094
9151,2968,2981,0.0000,0.0000,1.0000,105.062,-1,0,0.0033
9152,2969,2970,0.0000,1.0000,0.0000,66.625,-1,0,0.0000
9153,2969,2977,0.0000,0.0000,1.0000,105.062,-1,0,0.0094
9154,2969,2978,0.0000,0.0000,1.0000,105.062,-1,0,0.0093
9155,2970,2978,0.0000,0.0000,1.0000,105.062,-1,0,0.0093
9156,2970,2979,0.0000,0.0000,1.0000,105.062,-1,0,0.0092
9157,2971,2972,0.0000,1.0000,0.0000,66.625,-1,0,0.0000
9158,2971,2982,0.0000,0.0000,1.0000,105.062,-1,0,0.0096
9159,2972,2973,0.0000,1.0000,0.0000,66.625,-1,0,0.0000
9160,2972,2982,0.0000,0.0000,1.0000,105.062,-1,0,0.0096
9161,2972,2983,0.0000,0.0000,1.0000,105.062,-1,0,0.0097
9162,2973,2980,0.0000,1.0000,0.0000,66.625,-1,0,0.0000
9163,2973,2983,0.0000,0.0000,1.0000,105.062,-1,0,0.0097
9164,2973,2984,0.0000,0.0000,1.0000,105.062,-1,0,0.0098
9165,2974,2975,0.0000,1.0000,0.0000,66.625,-1,0,0.0000
9166,2974,2980,0.0000,-1.0000,0.0000,66.625,-1,0,0.0000
9167,2974,2985,0.0000,0.0000,1.0000,105.062,-1,0,0.0102
9168,2974,2986,0.0000,0.0000,1.0000,105.062,-1,0,0.0102
9169,2975,2976,0.0000,1.0000,0.0000,66.625,-1,0,0.0000
9170,2975,2986,0.0000,0.0000,1.0000,105.062,-1,0,0.0102
9171,2975,2987,0.0000,0.0000,1.0000,105.062,-1,0,0.0102
9172,2976,2981,0.0000,1.0000,0.0000,66.625,-1,0,0.0000
9173,2976,2987,0.0000,0.0000,1.0000,105.062,-1,0,0.0102
9174,2976,2988,0.0000,0.0000,1.0000,105.062,-1,0,0.0101
9175,2977,2978,0.0000,1.0000,0.0000,66.625,-1,0,0.0000
9176,2977,2981,0.0000,-1.0000,0.0000,66.625,-1,0,0.0000
9177,2977,2989,0.0000,0.0000,1.0000,105.062,-1,0,0.0093
9178,2977,2990,0.0000,0.0000,1.0000,105.062,-1,0,0.0092
9179,2978,2979,0.0000,1.0000,0.0000,66.625,-1,0,0.0000
9180,2978,2990,0.0000,0.0000,1.0000,105.062,-1,0,0.0092
9181,2978,2991,0.0000,0.0000,1.0000,105.062,-1,0,0.0091
9182,2979,2991,0.0000,0.0000,1.0000,105.062,-1,0,0.0091
9183,2980,2984,0.0000,0.0000,1.0000,105.062,-1,0,0.0098
9184,2980,2985,0.0000,0.0000,1.0000,105.062,-1,0,0.0102
9185,2981,2988,0.0000,0.0000,1.0000,105.062,-1,0,0.0101
9186,2981,2989,0.0000,0.0000,1.0000,105.062,-1,0,0.0093
9187,2982,2983,0.0000,1.0000,0.0000,66.625,-1,0,0.0000
9188,2982,2992,0.0000,0.0000,1.0000,105.062,-1,0,0.0094
9189,2982,2993,0.0000,0.0000,1.0000,105.062,-1,0,0.0095
9190,2983,2984,0.0000,1.0000,0.0000,66.625,-1,0,0.0000
9191,2983,2993,0.0000,0.0000,1.0000,105.062,-1,0,0.0095
9192,2983,2994,0.0000,0.0000,1.0000,105.062,-1,0,0.0096
9193,2984,2994,0.0000,0.0000,1.0000,105.062,-1,0,0.0096
9194,2984,2995,0.0000,0.0000,1.0000,105.062,-1,0,0.0097
9195,2985,2986,0.0000,1.0000,0.0000,66.625,-1,0,0.0000
9196,2985,2996,0.0000,0.0000,1.0000,105.062,-1,0,0.0101
9197,2985,2997,0.0000,0.0000,1.0000,105.062,-1,0,0.0101
9198,2986,2987,0.0000,1.0000,0.0000,66.625,-1,0,0.0000
9199,2986,2997,0.0000,0.0000,1.0000,105.062,-1,0,0.0101
9200,2986,2998,0.0000,0.0000,1.0000,105.062,-1,0,0.0101
9201,2987,2988,0.0000,1.0000,0.0000,66.625,-1,0,0.0000
9202,2987,2998,0.0000,0.0000,1.0000,105.062,-1,0,0.0101
9203,2987,2999,0.0000,0.0000,1.0000,105.062,-1,0,0.0100
9204,2988,2999,0.0000,0.0000,1.0000,105.062,-1,0,0.0100
9205,2988,3000,0.0000,0.0000,1.0000,105.062,-1,0,0.0100
9206,2989,2990,0.0000,1.0000,0.0000,66.625,-1,0,0.0000
9207,2989,3001,0.0000,0.0000,1.0000,105.062,-1,0,0.0092
9208,2989,3002,0.0000,0.0000,1.0000,105.062,-1,0,0.0091
9209,2990,2991,0.0000,1.0000,0.0000,66.625,-1,0,0.0000
9210,2990,3002,0.0000,0.0000,1.0000,105.062,-1,0,0.0091
9211,2990,3003,0.0000,0.0000,1.0000,105.062,-1,0,0.0090
9212,2991,3003,0.0000,0.0000,1.0000,105.062,-1,0,0.0090
9213,2991,3004,0.0000,0.0000,1.0000,105.062,-1,0,0.0089
9214,2992,2993,0.0000,1.0000,0.0000,66.625,-1,0,0.0000
9215,2992,3005,0.0000,0.0000,1.0000,105.062,-1,0,0.0093
9216,2993,2994,0.0000,1.0000,0.0000,66.625,-1,0,0.0000
9217,2993,3005,0.0000,0.0000,1.0000,105.062,-1,0,0.0093
9218,2993,3006,0.0000,0.0000,1.0000,105.062,-1,0,0.0094
9219,2994,2995,0.0000,1.0000,0.0000,66.625,-1,0,0.0000
9220,2994,3006,0.0000,0.0000,1.0000,105.062,-1,0,0.0094
9221,2994,3007,0.0000,0.0000,1.0000,105.062,-1,0,0.0096
9222,2995,3007,0.0000,0.0000,1.0000,105.062,-1,0,0.0096
9223,2996,2997,0.0000,1.0000,0.0000,66.625,-1,0,0.0000
9224,2996,3008,0.0000,0.0000,1.0000,105.062,-1,0,0.0100
9225,2997,2998,0.0000,1.0000,0.0000,66.625,-1,0,0.0000
9226,2997,3008,0.0000,0.0000,1.0000,105.062,-1,0,0.0100
9227,2997,3009,0.0000,0.0000,1.0000,105.062,-1,0,0.0099
9228,2998,2999,0.0000,1.0000,0.0000,66.625,-1,0,0.0000
9229,2998,3009,0.0000,0.0000,1.0000,105.062,-1,0,0.0099
9230,2998,3010,0.0000,0.0000,1.0000,105.062,-1,0,0.0099
9231,2999,3000,0.0000,1.0000,0.0000,66.625,-1,0,0.0000
9232,2999,3010,0.0000,0.0000,1.0000,105.062,-1,0,0.0099
9233,2999,3011,0.0000,0.0000,1.0000,105.062,-1,0,0.0099
9234,3000,3011,0.0000,0.0000,1.0000,105.062,-1,0,0.0099
9235,3001,3002,0.0000,1.0000,0.0000,66.625,-1,0,0.0000
9236,3001,3012,0.0000,0.0000,1.0000,105.062,-1,0,0.0091
9237,3002,3003,0.0000,1.0000,0.0000,66.625,-1,0,0.0000
9238,3002,3012,0.0000,0.0000,1.0000,105.062,-1,0,0.0091
9239,3002,3013,0.0000,0.0000,1.0000,105.062,-1,0,0.0089
9240,3003,3004,0.0000,1.0000,0.0000,66.625,-1,0,0.0000
9241,3003,3013,0.0000,0.0000,1.0000,105.062,-1,0,0.0089
9242,3003,3014,0.0000,0.0000,1.0000,105.062,-1,0,0.0088
9243,3004,3014,0.0000,0.0000,1.0000,105.062,-1,0,0.0088
9244,3005,3006,0.0000,1.0000,0.0000,66.625,-1,0,0.0000
9245,3005,3015,0.0000,0.0000,1.0000,105.062,-1,0,0.0091
9246,3005,3016,0.0000,0.0000,1.0000,105.062,-1,0,0.0092
9247,3006,3007,0.0000,1.0000,0.0000,66.625,-1,0,0.0000
9248,3006,3016,0.0000,0.0000,1.0000,105.062,-1,0,0.0092
9249,3006,3017,0.0000,0.0000,1.0000,105.062,-1,0,0.0094
9250,3007,3017,0.0000,0.0000,1.0000,105.062,-1,0,0.0094
9251,3007,3018,0.0000,0.0000,1.0000,105.062,-1,0,0.0095
9252,3008,3009,0.0000,1.0000,0.0000,66.625,-1,0,0.0000
9253,3008,3019,0.0000,0.0000,1.0000,105.062,-1,0,0.0099
9254,3008,3020,0.0000,0.0000,1.0000,105.062,-1,0,0.0098
9255,3009,3010,0.0000,1.0000,0.0000,66.625,-1,0,0.0000
9256,3009,3020,0.0000,0.0000,1.0000,105.062,-1,0,0.0098
9257,3009,3021,0.0000,0.0000,1.0000,105.062,-1,0,0.0098
9258,3010,3011,0.0000,1.0000,0.0000,66.625,-1,0,0.0000
9259,3010,3021,0.0000,0.0000,1.0000,105.062,-1,0,0.0098
9260,3010,3022,0.0000,0.0000,1.0000,105.062,-1,0,0.0098
9261,3011,3022,0.0000,0.0000,1.0000,105.062,-1,0,0.0098
9262,3011,3023,0.0000,0.0000,1.0000,105.062,-1,0,0.0098
9263,3012,3013,0.0000,1.0000,0.0000,66.625,-1,0,0.0000
9264,3012,3024,0.0000,0.0000,1.0000,105.062,-1,0,0.0090
9265,3012,3025,0.0000,0.0000,1.0000,105.062,-1,0,0.0089
9266,3013,3014,0.0000,1.0000,0.0000,66.625,-1,0,0.0000
9267,3013,3025,0.0000,0.0000,1.0000,105.062,-1,0,0.0089
9268,3013,3026,0.0000,0.0000,1.0000,105.062,-1,0,0.0087
9269,3014,3026,0.0000,0.0000,1.0000,105.062,-1,0,0.0087
9270,3014,3027,0.0000,0.0000,1.0000,105.062,-1,0,0.0086
9271,3015,3016,0.0000,1.0000,0.0000,66.625,-1,0,0.0000
9272,3015,3028,0.0000,0.0000,1.0000,105.062,-1,0,0.0090
9273,3016,3017,0.0000,1.0000,0.0000,66.625,-1,0,0.0000
9274,3016,3028,0.0000,0.0000,1.0000,105.062,-1,0,0.0090
9275,3016,3029,0.0000,0.0000,1.0000,105.062,-1,0,0.0092
9276,3017,3018,0.0000,1.0000,0.0000,66.625,-1,0,0.0000
9277,3017,3029,0.0000,0.0000,1.0000,105.062,-1,0,0.0092
9278,3017,3030,0.0000,0.0000,1.0000,105.062,-1,0,0.0093
9279,3018,3030,0.0000,0.0000,1.0000,105.062,-1,0,0.0093
9280,3019,3020,0.0000,1.0000,0.0000,66.625,-1,0,0.0000
9281,3019,3031,0.0000,0.0000,1.0000,105.062,-1,0,0.0097
9282,3020,3021,0.0000,1.0000,0.0000,66.625,-1,0,0.0000
9283,3020,3031,0.0000,0.0000,1.0000,105.062,-1,0,0.0097
9284,3020,3032,0.0000,0.0000,1.0000,105.062,-1,0,0.0097
9285,3021,3022,0.0000,1.0000,0.0000,66.625,-1,0,0.0000
9286,3021,3032,0.0000,0.0000,1.0000,105.062,-1,0,0.0097
9287,3021,3033,0.0000,0.0000,1.0000,105.062,-1,0,0.0097
9288,3022,3023,0.0000,1.0000,0.0000,66.625,-1,0,0.0000
9289,3022,3033,0.0000,0.0000,1.0000,105.062,-1,0,0.0097
9290,3022,3034,0.0000,0.0000,1.0000,105.062,-1,0,0.0096
9291,3023,3034,0.0000,0.0000,1.0000,105.062,-1,0,0.0096
9292,3024,3025,0.0000,1.0000,0.0000,66.625,-1,0,0.0000
9293,3024,3035,0.0000,0.0000,1.0000,105.062,-1,0,0.0089
9294,3025,3026,0.0000,1.0000,0.0000,66.625,-1,0,0.0000
9295,3025,3035,0.0000,0.0000,1.0000,105.062,-1,0,0.0089
9296,3025,3036,0.0000,0.0000,1.0000,105.062,-1,0,0.0087
9297,3026,3027,0.0000,1.0000,0.0000,66.625,-1,0,0.0000
9298,3026,3036,0.0000,0.0000,1.0000,105.062,-1,0,0.0087
9299,3026,3037,0.0000,0.0000,1.0000,105.062,-1,0,0.0085
9300,3027,3037,0.0000,0.0000,1.0000,105.062,-1,0,0.0085
9301,3028,3029,0.0000,1.0000,0.0000,66.625,-1,0,0.0000
9302,3028,3038,0.0000,0.0000,1.0000,105.062,-1,0,0.0088
9303,3028,3039,0.0000,0.0000,1.0000,105.062,-1,0,0.0089
9304,3029,3030,0.0000,1.0000,0.0000,66.625,-1,0,0.0000
9305,3029,3039,0.0000,0.0000,1.0000,105.062,-1,0,0.0089
9306,3029,3040,0.0000,0.0000,1.0000,105.062,-1,0,0.0092
9307,3030,3040,0.0000,0.0000,1.0000,105.062,-1,0,0.0092
9308,3030,3041,0.0000,0.0000,1.0000,105.062,-1,0,0.0093
9309,3031,3032,0.0000,1.0000,0.0000,66.625,-1,0,0.0000
9310,3031,3042,0.0000,0.0000,1.0000,105.062,-1,0,0.0096
9311,3031,3043,0.0000,0.0000,1.0000,105.062,-1,0,0.0096
9312,3032,3033,0.0000,1.0000,0.0000,66.625,-1,0,0.0000
9313,3032,3043,0.0000,0.0000,1.0000,105.062,-1,0,0.0096
9314,3032,3044,0.0000,0.0000,1.0000,105.062,-1,0,0.0095
9315,3033,3034,0.0000,1.0000,0.0000,66.625,-1,0,0.0000
9316,3033,3044,0.0000,0.0000,1.0000,105.062,-1,0,0.0095
9317,3033,3045,0.0000,0.0000,1.0000,105.062,-1,0,0.0095
9318,3034,3045,0.0000,0.0000,1.0000,105.062,-1,0,0.0095
9319,3034,3046,0.0000,0.0000,1.0000,105.062,-1,0,0.0095
9320,3035,3036,0.0000,1.0000,0.0000,66.625,-1,0,0.0000
9321,3035,3047,0.0000,0.0000,1.0000,105.062,-1,0,0.0088
9322,3035,3048,0.0000,0.0000,1.0000,105.062,-1,0,0.0087
9323,3036,3037,0.0000,1.0000,0.0000,66.625,-1,0,0.0000
9324,3036,3048,0.0000,0.0000,1.0000,105.062,-1,0,0.0087
9325,3036,3049,0.0000,0.0000,1.0000,105.062,-1,0,0.0084
9326,3037,3049,0.0000,0.0000,1.0000,105.062,-1,0,0.0084
9327,3037,3050,0.0000,0.0000,1.0000,105.062,-1,0,0.0083
9328,3038,3039,0.0000,1.0000,0.0000,66.625,-1,0,0.0000
9329,3038,3051,0.0000,0.0000,1.0000,105.062,-1,0,0.0087
9330,3039,3040,0.0000,1.0000,0.0000,66.625,-1,0,0.0000
9331,3039,3051,0.0000,0.0000,1.0000,105.062,-1,0,0.0087
9332,3039,3052,0.0000,0.0000,1.0000,105.062,-1,0,0.0089
9333,3040,3041,0.0000,1.0000,0.0000,66.625,-1,0,0.0000
9334,3040,3052,0.0000,0.0000,1.0000,105.062,-1,0,0.0089
9335,3040,3053,0.0000,0.0000,1.0000,105.062,-1,0,0.0091
9336,3041,3053,0.0000,0.0000,1.0000,105.062,-1,0,0.0091
9337,3042,3043,0.0000,1.0000,0.0000,66.625,-1,0,0.0000
9338,3042,3054,0.0000,0.0000,1.0000,105.062,-1,0,0.0095
9339,3043,3044,0.0000,1.0000,0.0000,66.625,-1,0,0.0000
9340,3043,3054,0.0000,0.0000,1.0000,105.062,-1,0,0.0095
9341,3043,3055,0.0000,0.0000,1.0000,105.062,-1,0,0.0094
9342,3044,3045,0.0000,1.0000,0.0000,66.625,-1,0,0.0000
9343,3044,3055,0.0000,0.0000,1.0000,105.062,-1,0,0.0094
9344,3044,3056,0.0000,0.0000,1.0000,105.062,-1,0,0.0094
9345,3045,3046,0.0000,1.0000,0.0000,66.625,-1,0,0.0000
9346,3045,3056,0.0000,0.0000,1.0000,105.062,-1,0,0.0094
9347,3045,3057,0.0000,0.0000,1.0000,105.062,-1,0,0.0094
9348,3046,3057,0.0000,0.0000,1.0000,105.062,-1,0,0.0094
9349,3047,3048,0.0000,1.0000,0.0000,66.625,-1,0,0.0000
9350,3047,3058,0.0000,0.0000,1.0000,105.062,-1,0,0.0087
9351,3048,3049,0.0000,1.0000,0.0000,66.625,-1,0,0.0000
9352,3048,3058,0.0000,0.0000,1.0000,105.062,-1,0,0.0087
9353,3048,3059,0.0000,0.0000,1.0000,105.062,-1,0,0.0084
9354,3049,3050,0.0000,1.0000,0.0000,66.625,-1,0,0.0000
9355,3049,3059,0.0000,0.0000,1.0000,105.062,-1,0,0.0084
9356,3049,3060,0.0000,0.0000,1.0000,105.062,-1,0,0.0082
9357,3050,3060,0.0000,0.0000,1.0000,105.062,-1,0,0.0082
9358,3051,3052,0.0000,1.0000,0.0000,66.625,-1,0,0.0000
9359,3051,3061,0.0000,0.0000,1.0000,105.062,-1,0,0.0085
9360,3051,3062,0.0000,0.0000,1.0000,105.062,-1,0,0.0087
9361,3052,3053,0.0000,1.0000,0.0000,66.625,-1,0,0.0000
9362,3052,3062,0.0000,0.0000,1.0000,105.062,-1,0,0.0087
9363,3052,3063,0.0000,0.0000,1.0000,105.062,-1,0,0.0090
9364,3053,3063,0.0000,0.0000,1.0000,105.062,-1,0,0.0090
9365,3053,3064,0.0000,0.0000,1.0000,105.062,-1,0,0.0091
9366,3054,3055,0.0000,1.0000,0.0000,66.625,-1,0,0.0000
9367,3054,3065,0.0000,0.0000,1.0000,105.062,-1,0,0.0094
9368,3054,3066,0.0000,0.0000,1.0000,105.062,-1,0,0.0093
9369,3055,3056,0.0000,1.0000,0.0000,66.625,-1,0,0.0000
9370,3055,3066,0.0000,0.0000,1.0000,105.062,-1,0,0.0093
9371,3055,3067,0.0000,0.0000,1.0000,105.062,-1,0,0.0093
9372,3056,3057,0.0000,1.0000,0.0000,66.625,-1,0,0.0000
9373,3056,3067,0.0000,0.0000,1.0000,105.062,-1,0,0.0093
9374,3056,3068,0.0000,0.0000,1.0000,105.062,-1,0,0.0093
9375,3057,3068,0.0000,0.0000,1.0000,105.062,-1,0,0.0093
9376,3057,3069,0.0000,0.0000,1.0000,105.062,-1,0,0.0093
9377,3058,3059,0.0000,1.0000,0.0000,66.625,-1,0,0.0000
9378,3058,3070,0.0000,0.0000,1.0000,105.062,-1,0,0.0086
9379,3058,3071,0.0000,0.0000,1.0000,105.062,-1,0,0.0085
9380,3059,3060,0.0000,1.0000,0.0000,66.625,-1,0,0.0000
9381,3059,3071,0.0000,0.0000,1.0000,105.062,-1,0,0.0085
9382,3059,3072,0.0000,0.0000,1.0000,105.062,-1,0,0.0082
9383,3060,3072,0.0000,0.0000,1.0000,105.062,-1,0,0.0082
9384,3060,3073,0.0000,0.0000,1.0000,105.062,-1,0,0.0080
9385,3061,3062,0.0000,1.0000,0.0000,66.625,-1,0,0.0000
9386,3061,3074,0.0000,0.0000,1.0000,105.062,-1,0,0.0084
9387,3062,3063,0.0000,1.0000,0.0000,66.625,-1,0,0.0000
9388,3062,3074,0.0000,0.0000,1.0000,105.062,-1,0,0.0084
9389,3062,3075,0.0000,0.0000,1.0000,105.062,-1,0,0.0087
9390,3063,3064,0.0000,1.0000,0.0000,66.625,-1,0,0.0000
9391,3063,3075,0.0000,0.0000,1.0000,105.062,-1,0,0.0087
9392,3063,3076,0.0000,0.0000,1.0000,105.062,-1,0,0.0090
9393,3064,3076,0.0000,0.0000,1.0000,105.062,-1,0,0.0090
9394,3065,3066,0.0000,1.0000,0.0000,66.625,-1,0,0.0000
9395,3065,3077,0.0000,0.0000,1.0000,105.062,-1,0,0.0093
9396,3066,3067,0.0000,1.0000,0.0000,66.625,-1,0,0.0000
9397,3066,3077,0.0000,0.0000,1.0000,105.062,-1,0,0.0093
9398,3066,3078,0.0000,0.0000,1.0000,105.062,-1,0,0.0092
9399,3067,3068,0.0000,1.0000,0.0000,66.625,-1,0,0.0000
9400,3067,3078,0.0000,0.0000,1.0000,105.062,-1,0,0.0092
9401,3067,3079,0.0000,0.0000,1.0000,105.062,-1,0,0.0091
9402,3068,3069,0.0000,1.0000,0.0000,66.625,-1,0,0.0000
9403,3068,3079,0.0000,0.0000,1.0000,105.062,-1,0,0.0091
9404,3068,3080,0.0000,0.0000,1.0000,105.062,-1,0,0.0091
9405,3069,3080,0.0000,0.0000,1.0000,105.062,-1,0,0.0091
9406,3070,3071,0.0000,1.0000,0.0000,66.625,-1,0,0.0000
9407,3070,3081,0.0000,0.0000,1.0000,105.062,-1,0,0.0085
9408,3071,3072,0.0000,1.0000,0.0000,66.625,-1,0,0.0000
9409,3071,3081,0.0000,0.0000,1.0000,105.062,-1,0,0.0085
9410,3071,3082,0.0000,0.0000,1.0000,105.062,-1,0,0.0082
9411,3072,3073,0.0000,1.0000,0.0000,66.625,-1,0,0.0000
9412,3072,3082,0.0000,0.0000,1.0000,105.062,-1,0,0.0082
9413,3072,3083,0.0000,0.0000,1.0000,105.062,-1,0,0.0079
9414,3073,3083,0.0000,0.0000,1.0000,105.062,-1,0,0.0079
9415,3074,3075,0.0000,1.0000,0.0000,66.625,-1,0,0.0000
9416,3074,3084,0.0000,0.0000,1.0000,105.062,-1,0,0.0081
9417,3074,3085,0.0000,0.0000,1.0000,105.062,-1,0,0.0083
9418,3075,3076,0.0000,1.0000,0.0000,66.625,-1,0,0.0000
9419,3075,3085,0.0000,0.0000,1.0000,105.062,-1,0,0.0083
9420,3075,3086,0.0000,0.0000,1.0000,105.062,-1,0,0.0087
9421,3076,3086,0.0000,0.0000,1.0000,105.062,-1,0,0.0087
9422,3076,3087,0.0000,0.0000,1.0000,105.062,-1,0,0.0089
9423,3077,3078,0.0000,1.0000,0.0000,66.625,-1,0,0.0000
9424,3077,3088,0.0000,0.0000,1.0000,105.062,-1,0,0.0092
9425,3077,3089,0.0000,0.0000,1.0000,105.062,-1,0,0.0091
9426,3078,3079,0.0000,1.0000,0.0000,66.625,-1,0,0.0000
9427,3078,3089,0.0000,0.0000,1.0000,105.062,-1,0,0.0091
9428,3078,3090,0.0000,0.0000,1.0000,105.062,-1,0,0.0090
9429,3079,3080,0.0000,1.0000,0.0000,66.625,-1,0,0.0000
9430,3079,3090,0.0000,0.0000,1.0000,105.062,-1,0,0.0090
9431,3079,3091,0.0000,0.0000,1.0000,105.062,-1,0,0.0090
9432,3080,3091,0.0000,0.0000,1.0000,105.062,-1,0,0.0090
9433,3080,3092,0.0000,0.0000,1.0000,105.062,-1,0,0.0090
9434,3081,3082,0.0000,1.0000,0.0000,66.625,-1,0,0.0000
9435,3081,3093,0.0000,0.0000,1.0000,105.062,-1,0,0.0085
9436,3081,3094,0.0000,0.0000,1.0000,105.062,-1,0,0.0083
9437,3082,3083,0.0000,1.0000,0.0000,66.625,-1,0,0.0000
9438,3082,3094,0.0000,0.0000,1.0000,105.062,-1,0,0.0083
9439,3082,3095,0.0000,0.0000,1.0000,105.062,-1,0,0.0079
9440,3083,3095,0.0000,0.0000,1.0000,105.062,-1,0,0.0079
9441,3083,3096,0.0000,0.0000,1.0000,105.062,-1,0,0.0076
9442,3084,3085,0.0000,1.0000,0.0000,66.625,-1,0,0.0000
9443,3084,3097,0.0000,0.0000,1.0000,105.062,-1,0,0.0080
9444,3085,3086,0.0000,1.0000,0.0000,66.625,-1,0,0.0000
9445,3085,3097,0.0000,0.0000,1.0000,105.062,-1,0,0.0080
9446,3085,3098,0.0000,0.0000,1.0000,105.062,-1,0,0.0084
9447,3086,3087,0.0000,1.0000,0.0000,66.625,-1,0,0.0000
9448,3086,3098,0.0000,0.0000,1.0000,105.062,-1,0,0.0084
9449,3086,3099,0.0000,0.0000,1.0000,105.062,-1,0,0.0088
9450,3087,3099,0.0000,0.0000,1.0000,105.062,-1,0,0.0088
9451,3088,3089,0.0000,1.0000,0.0000,66.625,-1,0,0.0000
9452,3088,3100,0.0000,0.0000,1.0000,105.062,-1,0,0.0090
9453,3089,3090,0.0000,1.0000,0.0000,66.625,-1,0,0.0000
9454,3089,3100,0.0000,0.0000,1.0000,105.062,-1,0,0.0090
9455,3089,3101,0.0000,0.0000,1.0000,105.062,-1,0,0.0089
9456,3090,3091,0.0000,1.0000,0.0000,66.625,-1,0,0.0000
9457,3090,3101,0.0000,0.0000,1.0000,105.062,-1,0,0.0089
9458,3090,3102,0.0000,0.0000,1.0000,105.062,-1,0,0.0088
9459,3091,3092,0.0000,1.0000,0.0000,66.625,-1,0,0.0000
9460,3091,3102,0.0000,0.0000,1.0000,105.062,-1,0,0.0088
9461,3091,3103,0.0000,0.0000,1.0000,105.062,-1,0,0.0089
9462,3092,3103,0.0000,0.0000,1.0000,105.062,-1,0,0.0089
9463,3093,3094,0.0000,1.0000,0.0000,66.625,-1,0,0.0000
9464,3093,3104,0.0000,0.0000,1.0000,105.062,-1,0,0.0083
9465,3094,3095,0.0000,1.0000,0.0000,66.625,-1,0,0.0000
9466,3094,3104,0.0000,0.0000,1.0000,105.062,-1,0,0.0083
9467,3094,3105,0.0000,0.0000,1.0000,105.062,-1,0,0.0079
9468,3095,3096,0.0000,1.0000,0.0000,66.625,-1,0,0.0000
9469,3095,3105,0.0000,0.0000,1.0000,105.062,-1,0,0.0079
9470,3095,3106,0.0000,0.0000,1.0000,105.062,-1,0,0.0075
9471,3096,3106,0.0000,0.0000,1.0000,105.062,-1,0,0.0075
9472,3097,3098,0.0000,1.0000,0.0000,66.625,-1,0,0.0000
9473,3097,3107,0.0000,0.0000,1.0000,105.062,-1,0,0.0078
9474,3097,3108,0.0000,0.0000,1.0000,105.062,-1,0,0.0080
9475,3098,3099,0.0000,1.0000,0.0000,66.625,-1,0,0.0000
9476,3098,3108,0.0000,0.0000,1.0000,105.062,-1,0,0.0080
9477,3098,3109,0.0000,0.0000,1.0000,105.062,-1,0,0.0086
9478,3099,3109,0.0000,0.0000,1.0000,105.062,-1,0,0.0086
9479,3099,3110,0.0000,0.0000,1.0000,105.062,-1,0,0.0088
9480,3100,3101,0.0000,1.0000,0.0000,66.625,-1,0,0.0000
9481,3100,3111,0.0000,0.0000,1.0000,105.062,-1,0,0.0090
9482,3100,3112,0.0000,0.0000,1.0000,105.062,-1,0,0.0089
9483,3101,3102,0.0000,1.0000,0.0000,66.625,-1,0,0.0000
9484,3101,3112,0.0000,0.0000,1.0000,105.062,-1,0,0.0089
9485,3101,3113,0.0000,0.0000,1.0000,105.062,-1,0,0.0087
9486,3102,3103,0.0000,1.0000,0.0000,66.625,-1,0,0.0000
9487,3102,3113,0.0000,0.0000,1.0000,105.062,-1,0,0.0087
9488,3102,3114,0.0000,0.0000,1.0000,105.062,-1,0,0.0087
9489,3103,3114,0.0000,0.0000,1.0000,105.062,-1,0,0.0087
9490,3103,3115,0.0000,0.0000,1.0000,105.062,-1,0,0.0088
9491,3104,3105,0.0000,1.0000,0.0000,66.625,-1,0,0.0000
9492,3104,3116,0.0000,0.0000,1.0000,105.062,-1,0,0.0083
9493,3104,3117,0.0000,0.0000,1.0000,105.062,-1,0,0.0081
9494,3105,3106,0.0000,1.0000,0.0000,66.625,-1,0,0.0000
9495,3105,3117,0.0000,0.0000,1.0000,105.062,-1,0,0.0081
9496,3105,3118,0.0000,0.0000,1.0000,105.062,-1,0,0.0075
9497,3106,3118,0.0000,0.0000,1.0000,105.062,-1,0,0.0075
9498,3106,3119,0.0000,0.0000,1.0000,105.062,-1,0,0.0073
9499,3107,3108,0.0000,1.0000,0.0000,66.625,-1,0,0.0000
9500,3107,3120,0.0000,0.0000,1.0000,105.062,-1,0,0.0076
9501,3108,3109,0.0000,1.0000,0.0000,66.625,-1,0,0.0000
9502,3108,3120,0.0000,0.0000,1.0000,105.062,-1,0,0.0076
9503,3108,3121,0.0000,0.0000,1.0000,105.062,-1,0,0.0082
9504,3109,3110,0.0000,1.0000,0.0000,66.625,-1,0,0.0000
9505,3109,3121,0.0000,0.0000,1.0000,105.062,-1,0,0.0082
9506,3109,3122,0.0000,0.0000,1.0000,105.062,-1,0,0.0087
9507,3110,3122,0.0000,0.0000,1.0000,105.062,-1,0,0.0087
9508,3111,3112,0.0000,1.0000,0.0000,66.625,-1,0,0.0000
9509,3111,3123,0.0000,0.0000,1.0000,105.062,-1,0,0.0089
9510,3112,3113,0.0000,1.0000,0.0000,66.625,-1,0,0.0000
9511,3112,3123,0.0000,0.0000,1.0000,105.062,-1,0,0.0089
9512,3112,3124,0.0000,0.0000,1.0000,105.062,-1,0,0.0086
9513,3113,3114,0.0000,1.0000,0.0000,66.625,-1,0,0.0000
9514,3113,3124,0.0000,0.0000,1.0000,105.062,-1,0,0.0086
9515,3113,3125,0.0000,0.0000,1.0000,105.062,-1,0,0.0085
9516,3114,3115,0.0000,1.0000,0.0000,66.625,-1,0,0.0000
9517,3114,3125,0.0000,0.0000,1.0000,105.062,-1,0,0.0085
9518,3114,3126,0.0000,0.0000,1.0000,105.062,-1,0,0.0087
9519,3115,3126,0.0000,0.0000,1.0000,105.062,-1,0,0.0087
9520,3116,3117,0.0000,1.0000,0.0000,66.625,-1,0,0.0000
9521,3116,3127,0.0000,0.0000,1.0000,105.062,-1,0,0.0082
9522,3117,3118,0.0000,1.0000,0.0000,66.625,-1,0,0.0000
9523,3117,3127,0.0000,0.0000,1.0000,105.062,-1,0,0.0082
9524,3117,3128,0.0000,0.0000,1.0000,105.062,-1,0,0.0077
9525,3118,3119,0.0000,1.0000,0.0000,66.625,-1,0,0.0000
9526,3118,3128,0.0000,0.0000,1.0000,105.062,-1,0,0.0077
9527,3118,3129,0.0000,0.0000,1.0000,105.062,-1,0,0.0071
9528,3119,3129,0.0000,0.0000,1.0000,105.062,-1,0,0.0071
9529,3120,3121,0.0000,1.0000,0.0000,66.625,-1,0,0.0000
9530,3120,3130,0.0000,0.0000,1.0000,105.062,-1,0,0.0073
9531,3120,3131,0.0000,0.0000,1.0000,105.062,-1,0,0.0077
9532,3121,3122,0.0000,1.0000,0.0000,66.625,-1,0,0.0000
9533,3121,3131,0.0000,0.0000,1.0000,105.062,-1,0,0.0077
9534,3121,3132,0.0000,0.0000,1.0000,105.062,-1,0,0.0084
9535,3122,3132,0.0000,0.0000,1.0000,105.062,-1,0,0.0084
9536,3122,3133,0.0000,0.0000,1.0000,105.062,-1,0,0.0088
9537,3123,3124,0.0000,1.0000,0.0000,66.625,-1,0,0.0000
9538,3123,3134,0.0000,0.0000,1.0000,105.062,-1,0,0.0088
9539,3123,3135,0.0000,0.0000,1.0000,105.062,-1,0,0.0086
9540,3124,3125,0.0000,1.0000,0.0000,66.625,-1,0,0.0000
9541,3124,3135,0.0000,0.0000,1.0000,105.062,-1,0,0.0086
9542,3124,3136,0.0000,0.0000,1.0000,105.062,-1,0,0.0083
9543,3125,3126,0.0000,1.0000,0.0000,66.625,-1,0,0.0000
9544,3125,3136,0.0000,0.0000,1.0000,105.062,-1,0,0.0083
9545,3125,3137,0.0000,0.0000,1.0000,105.062,-1,0,0.0085
9546,3126,3137,0.0000,0.0000,1.0000,105.062,-1,0,0.0085
9547,3126,3138,0.0000,0.0000,1.0000,105.062,-1,0,0.0086
9548,3127,3128,0.0000,1.0000,0.0000,66.625,-1,0,0.0000
9549,3127,3139,0.0000,0.0000,1.0000,105.062,-1,0,0.0083
9550,3127,3140,0.0000,0.0000,1.0000,105.062,-1,0,0.0079
9551,3128,3129,0.0000,1.0000,0.0000,66.625,-1,0,0.0000
9552,3128,3140,0.0000,0.0000,1.0000,105.062,-1,0,0.0079
9553,3128,3141,0.0000,0.0000,1.0000,105.062,-1,0,0.0072
9554,3129,3141,0.0000,0.0000,1.0000,105.062,-1,0,0.0072
9555,3129,3142,0.0000,0.0000,1.0000,105.062,-1,0,0.0068
9556,3130,3131,0.0000,1.0000,0.0000,66.625,-1,0,0.0000
9557,3130,3143,0.0000,0.0000,1.0000,105.062,-1,0,0.0072
9558,3131,3132,0.0000,1.0000,0.0000,66.625,-1,0,0.0000
9559,3131,3143,0.0000,0.0000,1.0000,105.062,-1,0,0.0072
9560,3131,3144,0.0000,0.0000,1.0000,105.062,-1,0,0.0079
9561,3132,3133,0.0000,1.0000,0.0000,66.625,-1,0,0.0000
9562,3132,3144,0.0000,0.0000,1.0000,105.062,-1,0,0.0079
9563,3132,3145,0.0000,0.0000,1.0000,105.062,-1,0,0.0086
9564,3133,3145,0.0000,0.0000,1.0000,105.062,-1,0,0.0086
9565,3134,3135,0.0000,1.0000,0.0000,66.625,-1,0,0.0000
9566,3134,3146,0.0000,0.0000,1.0000,105.062,-1,0,0.0087
9567,3135,3136,0.0000,1.0000,0.0000,66.625,-1,0,0.0000
9568,3135,3146,0.0000,0.0000,1.0000,105.062,-1,0,0.0087
9569,3135,3147,0.0000,0.0000,1.0000,105.062,-1,0,0.0083
9570,3136,3137,0.0000,1.0000,0.0000,66.625,-1,0,0.0000
9571,3136,3147,0.0000,0.0000,1.0000,105.062,-1,0,0.0083
9572,3136,3148,0.0000,0.0000,1.0000,105.062,-1,0,0.0082
9573,3137,3138,0.0000,1.0000,0.0000,66.625,-1,0,0.0000
9574,3137,3148,0.0000,0.0000,1.0000,105.062,-1,0,0.0082
9575,3137,3149,0.0000,0.0000,1.0000,105.062,-1,0,0.0085
9576,3138,3149,0.0000,0.0000,1.0000,105.062,-1,0,0.0085
9577,3139,3140,0.0000,1.0000,0.0000,66.625,-1,0,0.0000
9578,3139,3150,0.0000,0.0000,1.0000,105.062,-1,0,0.0082
9579,3140,3141,0.0000,1.0000,0.0000,66.625,-1,0,0.0000
9580,3140,3150,0.0000,0.0000,1.0000,105.062,-1,0,0.0082
9581,3140,3151,0.0000,0.0000,1.0000,105.062,-1,0,0.0074
9582,3141,3142,0.0000,1.0000,0.0000,66.625,-1,0,0.0000
9583,3141,3151,0.0000,0.0000,1.0000,105.062,-1,0,0.0074
9584,3141,3152,0.0000,0.0000,1.0000,105.062,-1,0,0.0067
9585,3142,3152,0.0000,0.0000,1.0000,105.062,-1,0,0.0067
9586,3143,3144,0.0000,1.0000,0.0000,66.625,-1,0,0.0000
9587,3143,3153,0.0000,0.0000,1.0000,105.062,-1,0,0.0069
9588,3143,3154,0.0000,0.0000,1.0000,105.062,-1,0,0.0073
9589,3144,3145,0.0000,1.0000,0.0000,66.625,-1,0,0.0000
9590,3144,3154,0.0000,0.0000,1.0000,105.062,-1,0,0.0073
9591,3144,3155,0.0000,0.0000,1.0000,105.062,-1,0,0.0082
9592,3145,3155,0.0000,0.0000,1.0000,105.062,-1,0,0.0082
9593,3145,3156,0.0000,0.0000,1.0000,105.062,-1,0,0.0088
9594,3146,3147,0.0000,1.0000,0.0000,66.625,-1,0,0.0000
9595,3146,3157,0.0000,0.0000,1.0000,105.062,-1,0,0.0088
9596,3146,3158,0.0000,0.0000,1.0000,105.062,-1,0,0.0084
9597,3147,3148,0.0000,1.0000,0.0000,66.625,-1,0,0.0000
9598,3147,3158,0.0000,0.0000,1.0000,105.062,-1,0,0.0084
9599,3147,3159,0.0000,0.0000,1.0000,105.062,-1,0,0.0079
9600,3148,3149,0.0000,1.0000,0.0000,66.625,-1,0,0.0000
9601,3148,3159,0.0000,0.0000,1.0000,105.062,-1,0,0.0079
9602,3148,3160,0.0000,0.0000,1.0000,105.062,-1,0,0.0082
9603,3149,3160,0.0000,0.0000,1.0000,105.062,-1,0,0.0082
9604,3149,3161,0.0000,0.0000,1.0000,105.062,-1,0,0.0086
9605,3150,3151,0.0000,1.0000,0.0000,66.625,-1,0,0.0000
9606,3150,3162,0.0000,0.0000,1.0000,105.062,-1,0,0.0083
9607,3150,3163,0.0000,0.0000,1.0000,105.062,-1,0,0.0078
9608,3151,3152,0.0000,1.0000,0.0000,66.625,-1,0,0.0000
9609,3151,3163,0.0000,0.0000,1.0000,105.062,-1,0,0.0078
9610,3151,3164,0.0000,0.0000,1.0000,105.062,-1,0,0.0068
9611,3152,3164,0.0000,0.0000,1.0000,105.062,-1,0,0.0068
9612,3152,3165,0.0000,0.0000,1.0000,105.062,-1,0,0.0064
9613,3153,3154,0.0000,1.0000,0.0000,66.625,-1,0,0.0000
9614,3153,3166,0.0000,0.0000,1.0000,105.062,-1,0,0.0068
9615,3154,3155,0.0000,1.0000,0.0000,66.625,-1,0,0.0000
9616,3154,3166,0.0000,0.0000,1.0000,105.062,-1,0,0.0068
9617,3154,3167,0.0000,0.0000,1.0000,105.062,-1,0,0.0076
9618,3155,3156,0.0000,1.0000,0.0000,66.625,-1,0,0.0000
9619,3155,3167,0.0000,0.0000,1.0000,105.062,-1,0,0.0076
9620,3155,3168,0.0000,0.0000,1.0000,105.062,-1,0,0.0087
9621,3156,3168,0.0000,0.0000,1.0000,105.062,-1,0,0.0087
9622,3157,3158,0.0000,1.0000,0.0000,66.625,-1,0,0.0000
9623,3157,3169,0.0000,0.0000,1.0000,105.062,-1,0,0.0087
9624,3158,3159,0.0000,1.0000,0.0000,66.625,-1,0,0.0000
9625,3158,3169,0.0000,0.0000,1.0000,105.062,-1,0,0.0087
9626,3158,3170,0.0000,0.0000,1.0000,105.062,-1,0,0.0078
9627,3159,3160,0.0000,1.0000,0.0000,66.625,-1,0,0.0000
9628,3159,3170,0.0000,0.0000,1.0000,105.062,-1,0,0.0078
9629,3159,3171,0.0000,0.0000,1.0000,105.062,-1,0,0.0077
9630,3160,3161,0.0000,1.0000,0.0000,66.625,-1,0,0.0000
9631,3160,3171,0.0000,0.0000,1.0000,105.062,-1,0,0.0077
9632,3160,3172,0.0000,0.0000,1.0000,105.062,-1,0,0.0084
9633,3161,3172,0.0000,0.0000,1.0000,105.062,-1,0,0.0084
9634,3162,3163,0.0000,1.0000,0.0000,66.625,-1,0,0.0000
9635,3162,3173,0.0000,0.0000,1.0000,105.062,-1,0,0.0082
9636,3163,3164,0.0000,1.0000,0.0000,66.625,-1,0,0.0000
9637,3163,3173,0.0000,0.0000,1.0000,105.062,-1,0,0.0082
9638,3163,3174,0.0000,0.0000,1.0000,105.062,-1,0,0.0071
9639,3164,3165,0.0000,1.0000,0.0000,66.625,-1,0,0.0000
9640,3164,3174,0.0000,0.0000,1.0000,105.062,-1,0,0.0071
9641,3164,3175,0.0000,0.0000,1.0000,105.062,-1,0,0.0062
9642,3165,3175,0.0000,0.0000,1.0000,105.062,-1,0,0.0062
9643,3166,3167,0.0000,1.0000,0.0000,66.625,-1,0,0.0000
9644,3166,3176,0.0000,0.0000,1.0000,105.062,-1,0,0.0064
9645,3166,3177,0.0000,0.0000,1.0000,105.062,-1,0,0.0068
9646,3167,3168,0.0000,1.0000,0.0000,66.625,-1,0,0.0000
9647,3167,3177,0.0000,0.0000,1.0000,105.062,-1,0,0.0068
9648,3167,3178,0.0000,0.0000,1.0000,105.062,-1,0,0.0081
9649,3168,3178,0.0000,0.0000,1.0000,105.062,-1,0,0.0081
9650,3168,3179,0.0000,0.0000,1.0000,105.062,-1,0,0.0090
9651,3169,3170,0.0000,1.0000,0.0000,66.625,-1,0,0.0000
9652,3169,3180,0.0000,0.0000,1.0000,105.062,-1,0,0.0090
9653,3169,3181,0.0000,0.0000,1.0000,105.062,-1,0,0.0081
9654,3170,3171,0.0000,1.0000,0.0000,66.625,-1,0,0.0000
9655,3170,3181,0.0000,0.0000,1.0000,105.062,-1,0,0.0081
9656,3170,3182,0.0000,0.0000,1.0000,105.062,-1,0,0.0072
9657,3171,3172,0.0000,1.0000,0.0000,66.625,-1,0,0.0000
9658,3171,3182,0.0000,0.0000,1.0000,105.062,-1,0,0.0072
9659,3171,3183,0.0000,0.0000,1.0000,105.062,-1,0,0.0079
9660,3172,3183,0.0000,0.0000,1.0000,105.062,-1,0,0.0079
9661,3172,3184,0.0000,0.0000,1.0000,105.062,-1,0,0.0087
9662,3173,3174,0.0000,1.0000,0.0000,66.625,-1,0,0.0000
9663,3173,3185,0.0000,0.0000,1.0000,105.062,-1,0,0.0085
9664,3173,3186,0.0000,0.0000,1.0000,105.062,-1,0,0.0076
9665,3174,3175,0.0000,1.0000,0.0000,66.625,-1,0,0.0000
9666,3174,3186,0.0000,0.0000,1.0000,105.062,-1,0,0.0076
9667,3174,3187,0.0000,0.0000,1.0000,105.062,-1,0,0.0063
9668,3175,3187,0.0000,0.0000,1.0000,105.062,-1,0,0.0063
9669,3175,3188,0.0000,0.0000,1.0000,105.062,-1,0,0.0059
9670,3176,3177,0.0000,1.0000,0.0000,66.625,-1,0,0.0000
9671,3176,3189,0.0000,0.0000,1.0000,105.062,-1,0,0.0063
9672,3177,3178,0.0000,1.0000,0.0000,66.625,-1,0,0.0000
9673,3177,3189,0.0000,0.0000,1.0000,105.062,-1,0,0.0063
9674,3177,3190,0.0000,0.0000,1.0000,105.062,-1,0,0.0071
9675,3178,3179,0.0000,1.0000,0.0000,66.625,-1,0,0.0000
9676,3178,3190,0.0000,0.0000,1.0000,105.062,-1,0,0.0071
9677,3178,3191,0.0000,0.0000,1.0000,105.062,-1,0,0.0088
9678,3179,3191,0.0000,0.0000,1.0000,105.062,-1,0,0.0088
9679,3180,3181,0.0000,1.0000,0.0000,66.625,-1,0,0.0000
9680,3180,3192,0.0000,0.0000,1.0000,105.062,-1,0,0.0089
9681,3181,3182,0.0000,1.0000,0.0000,66.625,-1,0,0.0000
9682,3181,3192,0.0000,0.0000,1.0000,105.062,-1,0,0.0089
9683,3181,3193,0.0000,0.0000,1.0000,105.062,-1,0,0.0072
9684,3182,3183,0.0000,1.0000,0.0000,66.625,-1,0,0.0000
9685,3182,3193,0.0000,0.0000,1.0000,105.062,-1,0,0.0072
9686,3182,3194,0.0000,0.0000,1.0000,105.062,-1,0,0.0071
9687,3183,3184,0.0000,1.0000,0.0000,66.625,-1,0,0.0000
9688,3183,3194,0.0000,0.0000,1.0000,105.062,-1,0,0.0071
9689,3183,3195,0.0000,0.0000,1.0000,105.062,-1,0,0.0086
9690,3184,3195,0.0000,0.0000,1.0000,105.062,-1,0,0.0086
9691,3185,3186,0.0000,1.0000,0.0000,66.625,-1,0,0.0000
9692,3185,3196,0.0000,0.0000,1.0000,105.062,-1,0,0.0084
9693,3186,3187,0.0000,1.0000,0.0000,66.625,-1,0,0.0000
9694,3186,3196,0.0000,0.0000,1.0000,105.062,-1,0,0.0084
9695,3186,3197,0.0000,0.0000,1.0000,105.062,-1,0,0.0066
9696,3187,3188,0.0000,1.0000,0.0000,66.625,-1,0,0.0000
9697,3187,3197,0.0000,0.0000,1.0000,105.062,-1,0,0.0066
9698,3187,3198,0.0000,0.0000,1.0000,105.062,-1,0,0.0058
9699,3188,3198,0.0000,0.0000,1.0000,105.062,-1,0,0.0058
9700,3189,3190,0.0000,1.0000,0.0000,66.625,-1,0,0.0000
9701,3189,3199,0.0000,0.0000,1.0000,105.062,-1,0,0.0062
9702,3189,3200,0.0000,0.0000,1.0000,105.062,-1,0,0.0061
9703,3190,3191,0.0000,1.0000,0.0000,66.625,-1,0,0.0000
9704,3190,3200,0.0000,0.0000,1.0000,105.062,-1,0,0.0061
9705,3190,3201,0.0000,0.0000,1.0000,105.062,-1,0,0.0078
9706,3191,3201,0.0000,0.0000,1.0000,105.062,-1,0,0.0078
9707,3191,3202,0.0000,0.0000,1.0000,105.062,-1,0,0.0096
9708,3192,3193,0.0000,1.0000,0.0000,66.625,-1,0,0.0000
9709,3192,3203,0.0000,0.0000,1.0000,105.062,-1,0,0.0096
9710,3192,3204,0.0000,0.0000,1.0000,105.062,-1,0,0.0079
9711,3193,3194,0.0000,1.0000,0.0000,66.625,-1,0,0.0000
9712,3193,3204,0.0000,0.0000,1.0000,105.062,-1,0,0.0079
9713,3193,3205,0.0000,0.0000,1.0000,105.062,-1,0,0.0062
9714,3194,3195,0.0000,1.0000,0.0000,66.625,-1,0,0.0000
9715,3194,3205,0.0000,0.0000,1.0000,105.062,-1,0,0.0062
9716,3194,3206,0.0000,0.0000,1.0000,105.062,-1,0,0.0077
9717,3195,3206,0.0000,0.0000,1.0000,105.062,-1,0,0.0077
9718,3195,3207,0.0000,0.0000,1.0000,105.062,-1,0,0.0092
9719,3196,3197,0.0000,1.0000,0.0000,66.625,-1,0,0.0000
9720,3196,3208,0.0000,0.0000,1.0000,105.062,-1,0,0.0092
9721,3196,3209,0.0000,0.0000,1.0000,105.062,-1,0,0.0073
9722,3197,3198,0.0000,1.0000,0.0000,66.625,-1,0,0.0000
9723,3197,3209,0.0000,0.0000,1.0000,105.062,-1,0,0.0073
9724,3197,3210,0.0000,0.0000,1.0000,105.062,-1,0,0.0056
9725,3198,3210,0.0000,0.0000,1.0000,105.062,-1,0,0.0056
9726,3198,3211,0.0000,0.0000,1.0000,105.062,-1,0,0.0057
9727,3199,3200,0.0000,1.0000,0.0000,66.625,-1,0,0.0000
9728,3199,3212,0.0000,0.0000,1.0000,105.062,-1,0,0.0061
9729,3200,3201,0.0000,1.0000,0.0000,66.625,-1,0,0.0000
9730,3200,3212,0.0000,0.0000,1.0000,105.062,-1,0,0.0061
9731,3200,3213,0.0000,0.0000,1.0000,105.062,-1,0,0.0059
9732,3201,3202,0.0000,1.0000,0.0000,66.625,-1,0,0.0000
9733,3201,3213,0.0000,0.0000,1.0000,105.062,-1,0,0.0059
9734,3201,3218,0.0000,0.0000,1.0000,105.062,-1,0,0.0047
9735,3202,3218,0.0000,0.0000,1.0000,105.062,-1,0,0.0047
9736,3203,3204,0.0000,1.0000,0.0000,66.625,-1,0,0.0000
9737,3203,3218,0.0000,0.0000,1.0000,105.062,-1,0,0.0047
9738,3204,3205,0.0000,1.0000,0.0000,66.625,-1,0,0.0000
9739,3204,3214,0.0000,0.0000,1.0000,105.062,-1,0,0.0060
9740,3204,3218,0.0000,0.0000,1.0000,105.062,-1,0,0.0047
9741,3205,3206,0.0000,1.0000,0.0000,66.625,-1,0,0.0000
9742,3205,3214,0.0000,0.0000,1.0000,105.062,-1,0,0.0060
9743,3205,3215,0.0000,0.0000,1.0000,105.062,-1,0,0.0061
9744,3206,3207,0.0000,1.0000,0.0000,66.625,-1,0,0.0000
9745,3206,3215,0.0000,0.0000,1.0000,105.062,-1,0,0.0061
9746,3206,3219,0.0000,0.0000,1.0000,105.062,-1,0,0.0045
9747,3207,3219,0.0000,0.0000,1.0000,105.062,-1,0,0.0045
9748,3208,3209,0.0000,1.0000,0.0000,66.625,-1,0,0.0000
9749,3208,3219,0.0000,0.0000,1.0000,105.062,-1,0,0.0045
9750,3209,3210,0.0000,1.0000,0.0000,66.625,-1,0,0.0000
9751,3209,3216,0.0000,0.0000,1.0000,105.062,-1,0,0.0054
9752,3209,3219,0.0000,0.0000,1.0000,105.062,-1,0,0.0045
9753,3210,3211,0.0000,1.0000,0.0000,66.625,-1,0,0.0000
9754,3210,3216,0.0000,0.0000,1.0000,105.062,-1,0,0.0054
9755,3210,3217,0.0000,0.0000,1.0000,105.062,-1,0,0.0056
9756,3211,3217,0.0000,0.0000,1.0000,105.062,-1,0,0.0056
9757,3212,3213,0.0000,1.0000,0.0000,66.625,-1,0,0.0000
9758,3212,3220,0.0000,0.0000,1.0000,105.062,-1,0,0.0060
9759,3212,3221,0.0000,0.0000,1.0000,105.062,-1,0,0.0059
9760,3213,3218,0.0000,1.0000,0.0000,66.625,-1,0,0.0000
9761,3213,3221,0.0000,0.0000,1.0000,105.062,-1,0,0.0059
9762,3213,3222,0.0000,0.0000,1.0000,105.062,-1,0,0.0057
9763,3214,3215,0.0000,1.0000,0.0000,66.625,-1,0,0.0000
9764,3214,3218,0.0000,-1.0000,0.0000,66.625,-1,0,0.0000
9765,3214,3223,0.0000,0.0000,1.0000,105.062,-1,0,0.0059
9766,3214,3224,0.0000,0.0000,1.0000,105.062,-1,0,0.0059
9767,3215,3219,0.0000,1.0000,0.0000,66.625,-1,0,0.0000
9768,3215,3224,0.0000,0.0000,1.0000,105.062,-1,0,0.0059
9769,3215,3225,0.0000,0.0000,1.0000,105.062,-1,0,0.0060
9770,3216,3217,0.0000,1.0000,0.0000,66.625,-1,0,0.0000
9771,3216,3219,0.0000,-1.0000,0.0000,66.625,-1,0,0.0000
9772,3216,3226,0.0000,0.0000,1.0000,105.062,-1,0,0.0051
9773,3216,3227,0.0000,0.0000,1.0000,105.062,-1,0,0.0054
9774,3217,3227,0.0000,0.0000,1.0000,105.062,-1,0,0.0054
9775,3217,3228,0.0000,0.0000,1.0000,105.062,-1,0,0.0056
9776,3218,3222,0.0000,-1.0000,0.0000,66.625,-1,0,0.0000
9777,3218,3223,0.0000,1.0000,0.0000,66.625,-1,0,0.0000
9778,3218,3231,0.0000,0.0000,1.0000,220.375,-1,0,0.0026
9779,3218,3232,0.0000,0.0000,1.0000,220.375,-1,0,0.0021
9780,3218,3233,0.0000,0.0000,1.0000,220.375,-1,0,0.0024
9781,3218,3234,0.0000,0.0000,1.0000,220.375,-1,0,0.0027
9782,3219,3225,0.0000,-1.0000,0.0000,66.625,-1,0,0.0000
9783,3219,3226,0.0000,1.0000,0.0000,66.625,-1,0,0.0000
9784,3219,3237,0.0000,0.0000,1.0000,220.375,-1,0,0.0029
9785,3219,3238,0.0000,0.0000,1.0000,220.375,-1,0,0.0022
9786,3219,3239,0.0000,0.0000,1.0000,220.375,-1,0,0.0021
9787,3219,3240,0.0000,0.0000,1.0000,220.375,-1,0,0.0023
9788,3220,3221,0.0000,1.0000,0.0000,66.625,-1,0,0.0000
9789,3220,3229,0.0000,0.0000,1.0000,105.062,-1,0,0.0059
9790,3221,3222,0.0000,1.0000,0.0000,66.625,-1,0,0.0000
9791,3221,3229,0.0000,0.0000,1.0000,105.062,-1,0,0.0059
9792,3221,3230,0.0000,0.0000,1.0000,105.062,-1,0,0.0056
9793,3222,3230,0.0000,0.0000,1.0000,105.062,-1,0,0.0056
9794,3223,3224,0.0000,1.0000,0.0000,66.625,-1,0,0.0000
9795,3223,3235,0.0000,0.0000,1.0000,105.062,-1,0,0.0057
9796,3224,3225,0.0000,1.0000,0.0000,66.625,-1,0,0.0000
9797,3224,3235,0.0000,0.0000,1.0000,105.062,-1,0,0.0057
9798,3224,3236,0.0000,0.0000,1.0000,105.062,-1,0,0.0059
9799,3225,3236,0.0000,0.0000,1.0000,105.062,-1,0,0.0059
9800,3226,3227,0.0000,1.0000,0.0000,66.625,-1,0,0.0000
9801,3226,3241,0.0000,0.0000,1.0000,105.062,-1,0,0.0050
9802,3227,3228,0.0000,1.0000,0.0000,66.625,-1,0,0.0000
9803,3227,3241,0.0000,0.0000,1.0000,105.062,-1,0,0.0050
9804,3227,3242,0.0000,0.0000,1.0000,105.062,-1,0,0.0055
9805,3228,3242,0.0000,0.0000,1.0000,105.062,-1,0,0.0055
9806,3229,3230,0.0000,1.0000,0.0000,66.625,-1,0,0.0000
9807,3229,3243,0.0000,0.0000,1.0000,105.062,-1,0,0.0058
9808,3229,3244,0.0000,0.0000,1.0000,105.062,-1,0,0.0058
9809,3230,3231,0.0000,1.0000,0.0000,66.625,-1,0,0.0000
9810,3230,3244,0.0000,0.0000,1.0000,105.062,-1,0,0.0058
9811,3230,3245,0.0000,0.0000,1.0000,105.062,-1,0,0.0051
9812,3231,3232,0.0000,1.0000,0.0000,66.625,-1,0,0.0000
9813,3231,3245,0.0000,0.0000,1.0000,105.062,-1,0,0.0051
9814,3231,3246,0.0000,0.0000,1.0000,105.062,-1,0,0.0042
9815,3232,3233,0.0000,1.0000,0.0000,66.625,-1,0,0.0000
9816,3232,3246,0.0000,0.0000,1.0000,105.062,-1,0,0.0042
9817,3232,3247,0.0000,0.0000,1.0000,105.062,-1,0,0.0040
9818,3233,3234,0.0000,1.0000,0.0000,66.625,-1,0,0.0000
9819,3233,3247,0.0000,0.0000,1.0000,105.062,-1,0,0.0040
9820,3233,3248,0.0000,0.0000,1.0000,105.062,-1,0,0.0047
9821,3234,3235,0.0000,1.0000,0.0000,66.625,-1,0,0.0000
9822,3234,3248,0.0000,0.0000,1.0000,105.062,-1,0,0.0047
9823,3234,3249,0.0000,0.0000,1.0000,105.062,-1,0,0.0053
9824,3235,3236,0.0000,1.0000,0.0000,66.625,-1,0,0.0000
9825,3235,3249,0.0000,0.0000,1.0000,105.062,-1,0,0.0053
9826,3235,3250,0.0000,0.0000,1.0000,105.062,-1,0,0.0059
9827,3236,3237,0.0000,1.0000,0.0000,66.625,-1,0,0.0000
9828,3236,3250,0.0000,0.0000,1.0000,105.062,-1,0,0.0059
9829,3236,3251,0.0000,0.0000,1.0000,105.062,-1,0,0.0056
9830,3237,3238,0.0000,1.0000,0.0000,66.625,-1,0,0.0000
9831,3237,3251,0.0000,0.0000,1.0000,105.062,-1,0,0.0056
9832,3237,3252,0.0000,0.0000,1.0000,105.062,-1,0,0.0043
9833,3238,3239,0.0000,1.0000,0.0000,66.625,-1,0,0.0000
9834,3238,3252,0.0000,0.0000,1.0000,105.062,-1,0,0.0043
9835,3238,3253,0.0000,0.0000,1.0000,105.062,-1,0,0.0038
9836,3239,3240,0.0000,1.0000,0.0000,66.625,-1,0,0.0000
9837,3239,3253,0.0000,0.0000,1.0000,105.062,-1,0,0.0038
9838,3239,3254,0.0000,0.0000,1.0000,105.062,-1,0,0.0041
9839,3240,3241,0.0000,1.0000,0.0000,66.625,-1,0,0.0000
9840,3240,3254,0.0000,0.0000,1.0000,105.062,-1,0,0.0041
9841,3240,3255,0.0000,0.0000,1.0000,105.062,-1,0,0.0045
9842,3241,3242,0.0000,1.0000,0.0000,66.625,-1,0,0.0000
9843,3241,3255,0.0000,0.0000,1.0000,105.062,-1,0,0.0045
9844,3241,3256,0.0000,0.0000,1.0000,105.062,-1,0,0.0052
9845,3242,3256,0.0000,0.0000,1.0000,105.062,-1,0,0.0052
9846,3242,3257,0.0000,0.0000,1.0000,105.062,-1,0,0.0056
9847,3243,3244,0.0000,1.0000,0.0000,66.625,-1,0,0.0000
9848,3243,3258,0.0000,0.0000,1.0000,105.062,-1,0,0.0057
9849,3244,3245,0.0000,1.0000,0.0000,66.625,-1,0,0.0000
9850,3244,3258,0.0000,0.0000,1.0000,105.062,-1,0,0.0057
9851,3244,3259,0.0000,0.0000,1.0000,105.062,-1,0,0.0056
9852,3245,3246,0.0000,1.0000,0.0000,66.625,-1,0,0.0000
9853,3245,3259,0.0000,0.0000,1.0000,105.062,-1,0,0.0056
9854,3245,3260,0.0000,0.0000,1.0000,105.062,-1,0,0.0044
9855,3246,3247,0.0000,1.0000,0.0000,66.625,-1,0,0.0000
9856,3246,3260,0.0000,0.0000,1.0000,105.062,-1,0,0.0044
9857,3246,3261,0.0000,0.0000,1.0000,105.062,-1,0,0.0037
9858,3247,3248,0.0000,1.0000,0.0000,66.625,-1,0,0.0000
9859,3247,3261,0.0000,0.0000,1.0000,105.062,-1,0,0.0037
9860,3247,3262,0.0000,0.0000,1.0000,105.062,-1,0,0.0042
9861,3248,3249,0.0000,1.0000,0.0000,66.625,-1,0,0.0000
9862,3248,3262,0.0000,0.0000,1.0000,105.062,-1,0,0.0042
9863,3248,3263,0.0000,0.0000,1.0000,105.062,-1,0,0.0050
9864,3249,3250,0.0000,1.0000,0.0000,66.625,-1,0,0.0000
9865,3249,3263,0.0000,0.0000,1.0000,105.062,-1,0,0.0050
9866,3249,3264,0.0000,0.0000,1.0000,105.062,-1,0,0.0054
9867,3250,3251,0.0000,1.0000,0.0000,66.625,-1,0,0.0000
9868,3250,3264,0.0000,0.0000,1.0000,105.062,-1,0,0.0054
9869,3250,3265,0.0000,0.0000,1.0000,105.062,-1,0,0.0062
9870,3251,3252,0.0000,1.0000,0.0000,66.625,-1,0,0.0000
9871,3251,3265,0.0000,0.0000,1.0000,105.062,-1,0,0.0062
9872,3251,3266,0.0000,0.0000,1.0000,105.062,-1,0,0.0047
9873,3252,3253,0.0000,1.0000,0.0000,66.625,-1,0,0.0000
9874,3252,3266,0.0000,0.0000,1.0000,105.062,-1,0,0.0047
9875,3252,3267,0.0000,0.0000,1.0000,105.062,-1,0,0.0037
9876,3253,3254,0.0000,1.0000,0.0000,66.625,-1,0,0.0000
9877,3253,3267,0.0000,0.0000,1.0000,105.062,-1,0,0.0037
9878,3253,3268,0.0000,0.0000,1.0000,105.062,-1,0,0.0038
9879,3254,3255,0.0000,1.0000,0.0000,66.625,-1,0,0.0000
9880,3254,3268,0.0000,0.0000,1.0000,105.062,-1,0,0.0038
9881,3254,3269,0.0000,0.0000,1.0000,105.062,-1,0,0.0042
9882,3255,3256,0.0000,1.0000,0.0000,66.625,-1,0,0.0000
9883,3255,3269,0.0000,0.0000,1.0000,105.062,-1,0,0.0042
9884,3255,3270,0.0000,0.0000,1.0000,105.062,-1,0,0.0046
9885,3256,3257,0.0000,1.0000,0.0000,66.625,-1,0,0.0000
9886,3256,3270,0.0000,0.0000,1.0000,105.062,-1,0,0.0046
9887,3256,3271,0.0000,0.0000,1.0000,105.062,-1,0,0.0054
9888,3257,3271,0.0000,0.0000,1.0000,105.062,-1,0,0.0054
9889,3258,3259,0.0000,1.0000,0.0000,66.625,-1,0,0.0000
9890,3258,3272,0.0000,0.0000,1.0000,105.062,-1,0,0.0059
9891,3258,3273,0.0000,0.0000,1.0000,105.062,-1,0,0.0052
9892,3259,3260,0.0000,1.0000,0.0000,66.625,-1,0,0.0000
9893,3259,3273,0.0000,0.0000,1.0000,220.375,-1,0,0.0052
9894,3260,3261,0.0000,1.0000,0.0000,66.625,-1,0,0.0000
9895,3260,3273,0.0000,0.0000,1.0000,105.062,-1,0,0.0052
9896,3260,3274,0.0000,0.0000,1.0000,105.062,-1,0,0.0034
9897,3261,3262,0.0000,1.0000,0.0000,66.625,-1,0,0.0000
9898,3261,3274,0.0000,0.0000,1.0000,220.375,-1,0,0.0034
9899,3262,3263,0.0000,1.0000,0.0000,66.625,-1,0,0.0000
9900,3262,3274,0.0000,0.0000,1.0000,105.062,-1,0,0.0034
9901,3262,3275,0.0000,0.0000,1.0000,105.062,-1,0,0.0047
9902,3263,3264,0.0000,1.0000,0.0000,66.625,-1,0,0.0000
9903,3263,3275,0.0000,0.0000,1.0000,220.375,-1,0,0.0047
9904,3264,3265,0.0000,1.0000,0.0000,66.625,-1,0,0.0000
9905,3264,3275,0.0000,0.0000,1.0000,105.062,-1,0,0.0047
9906,3264,3276,0.0000,0.0000,1.0000,105.062,-1,0,0.0058
9907,3265,3266,0.0000,1.0000,0.0000,66.625,-1,0,0.0000
9908,3265,3276,0.0000,0.0000,1.0000,220.375,-1,0,0.0058
9909,3266,3267,0.0000,1.0000,0.0000,66.625,-1,0,0.0000
9910,3266,3276,0.0000,0.0000,1.0000,105.062,-1,0,0.0058
9911,3266,3277,0.0000,0.0000,1.0000,105.062,-1,0,0.0034
9912,3267,3268,0.0000,1.0000,0.0000,66.625,-1,0,0.0000
9913,3267,3277,0.0000,0.0000,1.0000,220.375,-1,0,0.0034
9914,3268,3269,0.0000,1.0000,0.0000,66.625,-1,0,0.0000
9915,3268,3277,0.0000,0.0000,1.0000,105.062,-1,0,0.0034
9916,3268,3278,0.0000,0.0000,1.0000,105.062,-1,0,0.0039
9917,3269,3270,0.0000,1.0000,0.0000,66.625,-1,0,0.0000
9918,3269,3278,0.0000,0.0000,1.0000,220.375,-1,0,0.0039
9919,3270,3271,0.0000,1.0000,0.0000,66.625,-1,0,0.0000
9920,3270,3278,0.0000,0.0000,1.0000,105.062,-1,0,0.0039
9921,3270,3279,0.0000,0.0000,1.0000,105.062,-1,0,0.0051
9922,3271,3279,0.0000,0.0000,1.0000,220.375,-1,0,0.0051
9923,3272,3273,0.0000,1.0000,0.0000,66.625,-1,0,0.0000
9924,3272,3280,0.0000,0.0000,1.0000,105.062,-1,0,0.0058
9925,3273,3274,0.0000,1.0000,0.0000,66.625,-1,0,0.0000
9926,3273,3280,0.0000,0.0000,1.0000,105.062,-1,0,0.0058
9927,3273,3281,0.0000,0.0000,1.0000,220.375,-1,0,0.0057
9928,3273,3282,0.0000,0.0000,1.0000,105.062,-1,0,0.0042
9929,3274,3275,0.0000,1.0000,0.0000,66.625,-1,0,0.0000
9930,3274,3282,0.0000,0.0000,1.0000,105.062,-1,0,0.0042
9931,3274,3283,0.0000,0.0000,1.0000,220.375,-1,0,0.0034
9932,3274,3284,0.0000,0.0000,1.0000,105.062,-1,0,0.0031
9933,3275,3276,0.0000,1.0000,0.0000,66.625,-1,0,0.0000
9934,3275,3284,0.0000,0.0000,1.0000,105.062,-1,0,0.0031
9935,3275,3285,0.0000,0.0000,1.0000,220.375,-1,0,0.0060
9936,3275,3286,0.0000,0.0000,1.0000,105.062,-1,0,0.0062
9937,3276,3277,0.0000,1.0000,0.0000,66.625,-1,0,0.0000
9938,3276,3286,0.0000,0.0000,1.0000,105.062,-1,0,0.0062
9939,3276,3287,0.0000,0.0000,1.0000,220.375,-1,0,0.0067
9940,3276,3288,0.0000,0.0000,1.0000,105.062,-1,0,0.0045
9941,3277,3278,0.0000,1.0000,0.0000,66.625,-1,0,0.0000
9942,3277,3288,0.0000,0.0000,1.0000,105.062,-1,0,0.0045
9943,3277,3289,0.0000,0.0000,1.0000,220.375,-1,0,0.0036
9944,3277,3290,0.0000,0.0000,1.0000,105.062,-1,0,0.0028
9945,3278,3279,0.0000,1.0000,0.0000,66.625,-1,0,0.0000
9946,3278,3290,0.0000,0.0000,1.0000,105.062,-1,0,0.0028
9947,3278,3291,0.0000,0.0000,1.0000,220.375,-1,0,0.0047
9948,3278,3292,0.0000,0.0000,1.0000,105.062,-1,0,0.0049
9949,3279,3292,0.0000,0.0000,1.0000,105.062,-1,0,0.0049
9950,3279,3293,0.0000,0.0000,1.0000,220.375,-1,0,0.0050
9951,3280,3281,0.0000,1.0000,0.0000,66.625,-1,0,0.0000
9952,3280,3294,0.0000,0.0000,1.0000,105.062,-1,0,0.0056
9953,3280,3295,0.0000,0.0000,1.0000,105.062,-1,0,0.0057
9954,3281,3282,0.0000,1.0000,0.0000,66.625,-1,0,0.0000
9955,3281,3295,0.0000,0.0000,1.0000,105.062,-1,0,0.0057
9956,3281,3296,0.0000,0.0000,1.0000,105.062,-1,0,0.0049
9957,3282,3283,0.0000,1.0000,0.0000,66.625,-1,0,0.0000
9958,3282,3296,0.0000,0.0000,1.0000,105.062,-1,0,0.0049
9959,3282,3297,0.0000,0.0000,1.0000,105.062,-1,0,0.0032
9960,3283,3284,0.0000,1.0000,0.0000,66.625,-1,0,0.0000
9961,3283,3297,0.0000,0.0000,1.0000,105.062,-1,0,0.0032
9962,3283,3298,0.0000,0.0000,1.0000,105.062,-1,0,0.0024
9963,3284,3285,0.0000,1.0000,0.0000,66.625,-1,0,0.0000
9964,3284,3298,0.0000,0.0000,1.0000,105.062,-1,0,0.0024
9965,3284,3299,0.0000,0.0000,1.0000,105.062,-1,0,0.0035
9966,3285,3286,0.0000,1.0000,0.0000,66.625,-1,0,0.0000
9967,3285,3299,0.0000,0.0000,1.0000,105.062,-1,0,0.0035
9968,3285,3300,0.0000,0.0000,1.0000,105.062,-1,0,0.0056
9969,3286,3287,0.0000,1.0000,0.0000,66.625,-1,0,0.0000
9970,3286,3300,0.0000,0.0000,1.0000,105.062,-1,0,0.0056
9971,3286,3301,0.0000,0.0000,1.0000,105.062,-1,0,0.0066
9972,3287,3288,0.0000,1.0000,0.0000,66.625,-1,0,0.0000
9973,3287,3301,0.0000,0.0000,1.0000,105.062,-1,0,0.0066
9974,3287,3302,0.0000,0.0000,1.0000,105.062,-1,0,0.0055
9975,3288,3289,0.0000,1.0000,0.0000,66.625,-1,0,0.0000
9976,3288,3302,0.0000,0.0000,1.0000,105.062,-1,0,0.0055
9977,3288,3303,0.0000,0.0000,1.0000,105.062,-1,0,0.0033
9978,3289,3290,0.0000,1.0000,0.0000,66.625,-1,0,0.0000
9979,3289,3303,0.0000,0.0000,1.0000,105.062,-1,0,0.0033
9980,3289,3304,0.0000,0.0000,1.0000,105.062,-1,0,0.0023
9981,3290,3291,0.0000,1.0000,0.0000,66.625,-1,0,0.0000
9982,3290,3304,0.0000,0.0000,1.0000,105.062,-1,0,0.0023
9983,3290,3305,0.0000,0.0000,1.0000,105.062,-1,0,0.0030
9984,3291,3292,0.0000,1.0000,0.0000,66.625,-1,0,0.0000
9985,3291,3305,0.0000,0.0000,1.0000,105.062,-1,0,0.0030
9986,3291,3306,0.0000,0.0000,1.0000,105.062,-1,0,0.0044
9987,3292,3293,0.0000,1.0000,0.0000,66.625,-1,0,0.0000
9988,3292,3306,0.0000,0.0000,1.0000,105.062,-1,0,0.0044
9989,3292,3307,0.0000,0.0000,1.0000,105.062,-1,0,0.0051
9990,3293,3307,0.0000,0.0000,1.0000,105.062,-1,0,0.0051
9991,3293,3308,0.0000,0.0000,1.0000,105.062,-1,0,0.0050
9992,3294,3295,0.0000,1.0000,0.0000,66.625,-1,0,0.0000
9993,3294,3309,0.0000,0.0000,1.0000,105.062,-1,0,0.0055
9994,3295,3296,0.0000,1.0000,0.0000,66.625,-1,0,0.0000
9995,3295,3309,0.0000,0.0000,1.0000,105.062,-1,0,0.0055
9996,3295,3310,0.0000,0.0000,1.0000,105.062,-1,0,0.0056
9997,3296,3297,0.0000,1.0000,0.0000,66.625,-1,0,0.0000
9998,3296,3310,0.0000,0.0000,1.0000,105.062,-1,0,0.0056
9999,3296,3311,0.0000,0.0000,1.0000,105.062,-1,0,0.0039
10000,3297,3298,0.0000,1.0000,0.0000,66.625,-1,0,0.0000
10001,3297,3311,0.0000,0.0000,1.0000,105.062,-1,0,0.0039
10002,3297,3312,0.0000,0.0000,1.0000,105.062,-1,0,0.0023
10003,3298,3299,0.0000,1.0000,0.0000,66.625,-1,0,0.0000
10004,3298,3312,0.0000,0.0000,1.0000,105.062,-1,0,0.0023
10005,3298,3313,0.0000,0.0000,1.0000,105.062,-1,0,0.0023
10006,3299,3300,0.0000,1.0000,0.0000,66.625,-1,0,0.0000
10007,3299,3313,0.0000,0.0000,1.0000,105.062,-1,0,0.0023
10008,3299,3314,0.0000,0.0000,1.0000,105.062,-1,0,0.0044
10009,3300,3301,0.0000,1.0000,0.0000,66.625,-1,0,0.0000
10010,3300,3314,0.0000,0.0000,1.0000,105.062,-1,0,0.0044
10011,3300,3315,0.0000,0.0000,1.0000,105.062,-1,0,0.0065
10012,3301,3302,0.0000,1.0000,0.0000,66.625,-1,0,0.0000
10013,3301,3315,0.0000,0.0000,1.0000,105.062,-1,0,0.0065
10014,3301,3316,0.0000,0.0000,1.0000,105.062,-1,0,0.0064
10015,3302,3303,0.0000,1.0000,0.0000,66.625,-1,0,0.0000
10016,3302,3316,0.0000,0.0000,1.0000,105.062,-1,0,0.0064
10017,3302,3317,0.0000,0.0000,1.0000,105.062,-1,0,0.0042
10018,3303,3304,0.0000,1.0000,0.0000,66.625,-1,0,0.0000
10019,3303,3317,0.0000,0.0000,1.0000,105.062,-1,0,0.0042
10020,3303,3318,0.0000,0.0000,1.0000,105.062,-1,0,0.0022
10021,3304,3305,0.0000,1.0000,0.0000,66.625,-1,0,0.0000
10022,3304,3318,0.0000,0.0000,1.0000,105.062,-1,0,0.0022
10023,3304,3319,0.0000,0.0000,1.0000,105.062,-1,0,0.0022
10024,3305,3306,0.0000,1.0000,0.0000,66.625,-1,0,0.0000
10025,3305,3319,0.0000,0.0000,1.0000,105.062,-1,0,0.0022
10026,3305,3320,0.0000,0.0000,1.0000,105.062,-1,0,0.0036
10027,3306,3307,0.0000,1.0000,0.0000,66.625,-1,0,0.0000
10028,3306,3320,0.0000,0.0000,1.0000,105.062,-1,0,0.0036
10029,3306,3321,0.0000,0.0000,1.0000,105.062,-1,0,0.0050
10030,3307,3308,0.0000,1.0000,0.0000,66.625,-1,0,0.0000
10031,3307,3321,0.0000,0.0000,1.0000,105.062,-1,0,0.0050
10032,3307,3322,0.0000,0.0000,1.0000,105.062,-1,0,0.0049
10033,3308,3322,0.0000,0.0000,1.0000,105.062,-1,0,0.0049
10034,3309,3310,0.0000,1.0000,0.0000,66.625,-1,0,0.0000
10035,3309,3323,0.0000,0.0000,1.0000,105.062,-1,0,0.0053
10036,3309,3324,0.0000,0.0000,1.0000,105.062,-1,0,0.0054
10037,3310,3311,0.0000,1.0000,0.0000,66.625,-1,0,0.0000
10038,3310,3324,0.0000,0.0000,1.0000,105.062,-1,0,0.0054
10039,3310,3325,0.0000,0.0000,1.0000,105.062,-1,0,0.0056
10040,3311,3312,0.0000,1.0000,0.0000,66.625,-1,0,0.0000
10041,3311,3325,0.0000,0.0000,1.0000,105.062,-1,0,0.0056
10042,3311,3332,0.0000,0.0000,1.0000,105.062,-1,0,0.0021
10043,3312,3313,0.0000,1.0000,0.0000,66.625,-1,0,0.0000
10044,3312,3332,0.0000,0.0000,1.0000,220.375,-1,0,0.0021
10045,3313,3314,0.0000,1.0000,0.0000,66.625,-1,0,0.0000
10046,3313,3332,0.0000,0.0000,1.0000,220.375,-1,0,0.0021
10047,3314,3315,0.0000,1.0000,0.0000,66.625,-1,0,0.0000
10048,3314,3326,0.0000,0.0000,1.0000,105.062,-1,0,0.0064
10049,3314,3332,0.0000,0.0000,1.0000,105.062,-1,0,0.0021
10050,3315,3316,0.0000,1.0000,0.0000,66.625,-1,0,0.0000
10051,3315,3326,0.0000,0.0000,1.0000,105.062,-1,0,0.0064
10052,3315,3327,0.0000,0.0000,1.0000,105.062,-1,0,0.0063
10053,3316,3317,0.0000,1.0000,0.0000,66.625,-1,0,0.0000
10054,3316,3327,0.0000,0.0000,1.0000,105.062,-1,0,0.0063
10055,3316,3328,0.0000,0.0000,1.0000,105.062,-1,0,0.0063
10056,3317,3318,0.0000,1.0000,0.0000,66.625,-1,0,0.0000
10057,3317,3328,0.0000,0.0000,1.0000,105.062,-1,0,0.0063
10058,3317,3333,0.0000,0.0000,1.0000,105.062,-1,0,0.0019
10059,3318,3319,0.0000,1.0000,0.0000,66.625,-1,0,0.0000
10060,3318,3333,0.0000,0.0000,1.0000,220.375,-1,0,0.0019
10061,3319,3320,0.0000,1.0000,0.0000,66.625,-1,0,0.0000
10062,3319,3333,0.0000,0.0000,1.0000,220.375,-1,0,0.0019
10063,3320,3321,0.0000,1.0000,0.0000,66.625,-1,0,0.0000
10064,3320,3329,0.0000,0.0000,1.0000,105.062,-1,0,0.0050
10065,3320,3333,0.0000,0.0000,1.0000,105.062,-1,0,0.0019
10066,3321,3322,0.0000,1.0000,0.0000,66.625,-1,0,0.0000
10067,3321,3329,0.0000,0.0000,1.0000,105.062,-1,0,0.0050
10068,3321,3330,0.0000,0.0000,1.0000,105.062,-1,0,0.0048
10069,3322,3330,0.0000,0.0000,1.0000,105.062,-1,0,0.0048
10070,3322,3331,0.0000,0.0000,1.0000,105.062,-1,0,0.0047
10071,3323,3324,0.0000,1.0000,0.0000,66.625,-1,0,0.0000
10072,3323,3334,0.0000,0.0000,1.0000,105.062,-1,0,0.0052
10073,3324,3325,0.0000,1.0000,0.0000,66.625,-1,0,0.0000
10074,3324,3334,0.0000,0.0000,1.0000,105.062,-1,0,0.0052
10075,3324,3335,0.0000,0.0000,1.0000,105.062,-1,0,0.0053
10076,3325,3332,0.0000,1.0000,0.0000,66.625,-1,0,0.0000
10077,3325,3335,0.0000,0.0000,1.0000,105.062,-1,0,0.0053
10078,3325,3336,0.0000,0.0000,1.0000,105.062,-1,0,0.0055
10079,3326,3327,0.0000,1.0000,0.0000,66.625,-1,0,0.0000
10080,3326,3332,0.0000,-1.0000,0.0000,66.625,-1,0,0.0000
10081,3326,3337,0.0000,0.0000,1.0000,105.062,-1,0,0.0063
10082,3326,3338,0.0000,0.0000,1.0000,105.062,-1,0,0.0063
10083,3327,3328,0.0000,1.0000,0.0000,66.625,-1,0,0.0000
10084,3327,3338,0.0000,0.0000,1.0000,105.062,-1,0,0.0063
10085,3327,3339,0.0000,0.0000,1.0000,105.062,-1,0,0.0062
10086,3328,3333,0.0000,1.0000,0.0000,66.625,-1,0,0.0000
10087,3328,3339,0.0000,0.0000,1.0000,105.062,-1,0,0.0062
10088,3328,3340,0.0000,0.0000,1.0000,105.062,-1,0,0.0061
10089,3329,3330,0.0000,1.0000,0.0000,66.625,-1,0,0.0000
10090,3329,3333,0.0000,-1.0000,0.0000,66.625,-1,0,0.0000
10091,3329,3341,0.0000,0.0000,1.0000,105.062,-1,0,0.0049
10092,3329,3342,0.0000,0.0000,1.0000,105.062,-1,0,0.0048
10093,3330,3331,0.0000,1.0000,0.0000,66.625,-1,0,0.0000
10094,3330,3342,0.0000,0.0000,1.0000,105.062,-1,0,0.0048
10095,3330,3343,0.0000,0.0000,1.0000,105.062,-1,0,0.0046
10096,3331,3343,0.0000,0.0000,1.0000,105.062,-1,0,0.0046
10097,3332,3336,0.0000,0.0000,1.0000,105.062,-1,0,0.0055
10098,3332,3337,0.0000,0.0000,1.0000,105.062,-1,0,0.0063
10099,3333,3340,0.0000,0.0000,1.0000,105.062,-1,0,0.0061
10100,3333,3341,0.0000,0.0000,1.0000,105.062,-1,0,0.0049
10101,3334,3335,0.0000,1.0000,0.0000,66.625,-1,0,0.0000
10102,3334,3344,0.0000,0.0000,1.0000,105.062,-1,0,0.0050
10103,3334,3345,0.0000,0.0000,1.0000,105.062,-1,0,0.0051
10104,3335,3336,0.0000,1.0000,0.0000,66.625,-1,0,0.0000
10105,3335,3345,0.0000,0.0000,1.0000,105.062,-1,0,0.0051
10106,3335,3346,0.0000,0.0000,1.0000,105.062,-1,0,0.0053
10107,3336,3346,0.0000,0.0000,1.0000,105.062,-1,0,0.0053
10108,3336,3347,0.0000,0.0000,1.0000,105.062,-1,0,0.0054
10109,3337,3338,0.0000,1.0000,0.0000,66.625,-1,0,0.0000
10110,3337,3348,0.0000,0.0000,1.0000,105.062,-1,0,0.0062
10111,3337,3349,0.0000,0.0000,1.0000,105.062,-1,0,0.0062
10112,3338,3339,0.0000,1.0000,0.0000,66.625,-1,0,0.0000
10113,3338,3349,0.0000,0.0000,1.0000,105.062,-1,0,0.0062
10114,3338,3350,0.0000,0.0000,1.0000,105.062,-1,0,0.0061
10115,3339,3340,0.0000,1.0000,0.0000,66.625,-1,0,0.0000
10116,3339,3350,0.0000,0.0000,1.0000,105.062,-1,0,0.0061
10117,3339,3351,0.0000,0.0000,1.0000,105.062,-1,0,0.0060
10118,3340,3351,0.0000,0.0000,1.0000,105.062,-1,0,0.0060
10119,3340,3352,0.0000,0.0000,1.0000,105.062,-1,0,0.0060
10120,3341,3342,0.0000,1.0000,0.0000,66.625,-1,0,0.0000
10121,3341,3353,0.0000,0.0000,1.0000,105.062,-1,0,0.0048
10122,3341,3354,0.0000,0.0000,1.0000,105.062,-1,0,0.0047
10123,3342,3343,0.0000,1.0000,0.0000,66.625,-1,0,0.0000
10124,3342,3354,0.0000,0.0000,1.0000,105.062,-1,0,0.0047
10125,3342,3355,0.0000,0.0000,1.0000,105.062,-1,0,0.0045
10126,3343,3355,0.0000,0.0000,1.0000,105.062,-1,0,0.0045
10127,3343,3356,0.0000,0.0000,1.0000,105.062,-1,0,0.0044
10128,3344,3345,0.0000,1.0000,0.0000,66.625,-1,0,0.0000
10129,3344,3357,0.0000,0.0000,1.0000,105.062,-1,0,0.0049
10130,3345,3346,0.0000,1.0000,0.0000,66.625,-1,0,0.0000
10131,3345,3357,0.0000,0.0000,1.0000,105.062,-1,0,0.0049
10132,3345,3358,0.0000,0.0000,1.0000,105.062,-1,0,0.0051
10133,3346,3347,0.0000,1.0000,0.0000,66.625,-1,0,0.0000
10134,3346,3358,0.0000,0.0000,1.0000,105.062,-1,0,0.0051
10135,3346,3359,0.0000,0.0000,1.0000,105.062,-1,0,0.0053
10136,3347,3359,0.0000,0.0000,1.0000,105.062,-1,0,0.0053
10137,3348,3349,0.0000,1.0000,0.0000,66.625,-1,0,0.0000
10138,3348,3360,0.0000,0.0000,1.0000,105.062,-1,0,0.0061
10139,3349,3350,0.0000,1.0000,0.0000,66.625,-1,0,0.0000
10140,3349,3360,0.0000,0.0000,1.0000,105.062,-1,0,0.0061
10141,3349,3361,0.0000,0.0000,1.0000,105.062,-1,0,0.0060
10142,3350,3351,0.0000,1.0000,0.0000,66.625,-1,0,0.0000
10143,3350,3361,0.0000,0.0000,1.0000,105.062,-1,0,0.0060
10144,3350,3362,0.0000,0.0000,1.0000,105.062,-1,0,0.0059
10145,3351,3352,0.0000,1.0000,0.0000,66.625,-1,0,0.0000
10146,3351,3362,0.0000,0.0000,1.0000,105.062,-1,0,0.0059
10147,3351,3363,0.0000,0.0000,1.0000,105.062,-1,0,0.0059
10148,3352,3363,0.0000,0.0000,1.0000,105.062,-1,0,0.0059
10149,3353,3354,0.0000,1.0000,0.0000,66.625,-1,0,0.0000
10150,3353,3364,0.0000,0.0000,1.0000,105.062,-1,0,0.0047
10151,3354,3355,0.0000,1.0000,0.0000,66.625,-1,0,0.0000
10152,3354,3364,0.0000,0.0000,1.0000,105.062,-1,0,0.0047
10153,3354,3365,0.0000,0.0000,1.0000,105.062,-1,0,0.0045
10154,3355,3356,0.0000,1.0000,0.0000,66.625,-1,0,0.0000
10155,3355,3365,0.0000,0.0000,1.0000,105.062,-1,0,0.0045
10156,3355,3366,0.0000,0.0000,1.0000,105.062,-1,0,0.0043
10157,3356,3366,0.0000,0.0000,1.0000,105.062,-1,0,0.0043
10158,3357,3358,0.0000,1.0000,0.0000,66.625,-1,0,0.0000
10159,3357,3367,0.0000,0.0000,1.0000,105.062,-1,0,0.0047
10160,3357,3368,0.0000,0.0000,1.0000,105.062,-1,0,0.0048
10161,3358,3359,0.0000,1.0000,0.0000,66.625,-1,0,0.0000
10162,3358,3368,0.0000,0.0000,1.0000,105.062,-1,0,0.0048
10163,3358,3369,0.0000,0.0000,1.0000,105.062,-1,0,0.0051
10164,3359,3369,0.0000,0.0000,1.0000,105.062,-1,0,0.0051
10165,3359,3370,0.0000,0.0000,1.0000,105.062,-1,0,0.0053
10166,3360,3361,0.0000,1.0000,0.0000,66.625,-1,0,0.0000
10167,3360,3371,0.0000,0.0000,1.0000,105.062,-1,0,0.0060
10168,3360,3372,0.0000,0.0000,1.0000,105.062,-1,0,0.0059
10169,3361,3362,0.0000,1.0000,0.0000,66.625,-1,0,0.0000
10170,3361,3372,0.0000,0.0000,1.0000,105.062,-1,0,0.0059
10171,3361,3373,0.0000,0.0000,1.0000,105.062,-1,0,0.0058
10172,3362,3363,0.0000,1.0000,0.0000,66.625,-1,0,0.0000
10173,3362,3373,0.0000,0.0000,1.0000,105.062,-1,0,0.0058
10174,3362,3374,0.0000,0.0000,1.0000,105.062,-1,0,0.0058
10175,3363,3374,0.0000,0.0000,1.0000,105.062,-1,0,0.0058
10176,3363,3375,0.0000,0.0000,1.0000,105.062,-1,0,0.0057
10177,3364,3365,0.0000,1.0000,0.0000,66.625,-1,0,0.0000
10178,3364,3376,0.0000,0.0000,1.0000,105.062,-1,0,0.0046
10179,3364,3377,0.0000,0.0000,1.0000,105.062,-1,0,0.0045
10180,3365,3366,0.0000,1.0000,0.0000,66.625,-1,0,0.0000
10181,3365,3377,0.0000,0.0000,1.0000,105.062,-1,0,0.0045
10182,3365,3378,0.0000,0.0000,1.0000,105.062,-1,0,0.0042
10183,3366,3378,0.0000,0.0000,1.0000,105.062,-1,0,0.0042
10184,3366,3379,0.0000,0.0000,1.0000,105.062,-1,0,0.0041
10185,3367,3368,0.0000,1.0000,0.0000,66.625,-1,0,0.0000
10186,3367,3380,0.0000,0.0000,1.0000,105.062,-1,0,0.0045
10187,3368,3369,0.0000,1.0000,0.0000,66.625,-1,0,0.0000
10188,3368,3380,0.0000,0.0000,1.0000,105.062,-1,0,0.0045
10189,3368,3381,0.0000,0.0000,1.0000,105.062,-1,0,0.0048
10190,3369,3370,0.0000,1.0000,0.0000,66.625,-1,0,0.0000
10191,3369,3381,0.0000,0.0000,1.0000,105.062,-1,0,0.0048
10192,3369,3382,0.0000,0.0000,1.0000,105.062,-1,0,0.0051
10193,3370,3382,0.0000,0.0000,1.0000,105.062,-1,0,0.0051
10194,3371,3372,0.0000,1.0000,0.0000,66.625,-1,0,0.0000
10195,3371,3383,0.0000,0.0000,1.0000,105.062,-1,0,0.0058
10196,3372,3373,0.0000,1.0000,0.0000,66.625,-1,0,0.0000
10197,3372,3383,0.0000,0.0000,1.0000,105.062,-1,0,0.0058
10198,3372,3384,0.0000,0.0000,1.0000,105.062,-1,0,0.0058
10199,3373,3374,0.0000,1.0000,0.0000,66.625,-1,0,0.0000
10200,3373,3384,0.0000,0.0000,1.0000,105.062,-1,0,0.0058
10201,3373,3385,0.0000,0.0000,1.0000,105.062,-1,0,0.0057
10202,3374,3375,0.0000,1.0000,0.0000,66.625,-1,0,0.0000
10203,3374,3385,0.0000,0.0000,1.0000,105.062,-1,0,0.0057
10204,3374,3386,0.0000,0.0000,1.0000,105.062,-1,0,0.0056
10205,3375,3386,0.0000,0.0000,1.0000,105.062,-1,0,0.0056
10206,3376,3377,0.0000,1.0000,0.0000,66.625,-1,0,0.0000
10207,3376,3387,0.0000,0.0000,1.0000,105.062,-1,0,0.0045
10208,3377,3378,0.0000,1.0000,0.0000,66.625,-1,0,0.0000
10209,3377,3387,0.0000,0.0000,1.0000,105.062,-1,0,0.0045
10210,3377,3388,0.0000,0.0000,1.0000,105.062,-1,0,0.0043
10211,3378,3379,0.0000,1.0000,0.0000,66.625,-1,0,0.0000
10212,3378,3388,0.0000,0.0000,1.0000,105.062,-1,0,0.0043
10213,3378,3389,0.0000,0.0000,1.0000,105.062,-1,0,0.0040
10214,3379,3389,0.0000,0.0000,1.0000,105.062,-1,0,0.0040
10215,3380,3381,0.0000,1.0000,0.0000,66.625,-1,0,0.0000
10216,3380,3390,0.0000,0.0000,1.0000,105.062,-1,0,0.0043
10217,3380,3391,0.0000,0.0000,1.0000,105.062,-1,0,0.0045
10218,3381,3382,0.0000,1.0000,0.0000,66.625,-1,0,0.0000
10219,3381,3391,0.0000,0.0000,1.0000,105.062,-1,0,0.0045
10220,3381,3392,0.0000,0.0000,1.0000,105.062,-1,0,0.0049
10221,3382,3392,0.0000,0.0000,1.0000,105.062,-1,0,0.0049
10222,3382,3393,0.0000,0.0000,1.0000,105.062,-1,0,0.0051
10223,3383,3384,0.0000,1.0000,0.0000,66.625,-1,0,0.0000
10224,3383,3394,0.0000,0.0000,1.0000,105.062,-1,0,0.0058
10225,3383,3395,0.0000,0.0000,1.0000,105.062,-1,0,0.0057
10226,3384,3385,0.0000,1.0000,0.0000,66.625,-1,0,0.0000
10227,3384,3395,0.0000,0.0000,1.0000,105.062,-1,0,0.0057
10228,3384,3396,0.0000,0.0000,1.0000,105.062,-1,0,0.0056
10229,3385,3386,0.0000,1.0000,0.0000,66.625,-1,0,0.0000
10230,3385,3396,0.0000,0.0000,1.0000,105.062,-1,0,0.0056
10231,3385,3397,0.0000,0.0000,1.0000,105.062,-1,0,0.0055
10232,3386,3397,0.0000,0.0000,1.0000,105.062,-1,0,0.0055
10233,3386,3398,0.0000,0.0000,1.0000,105.062,-1,0,0.0055
10234,3387,3388,0.0000,1.0000,0.0000,66.625,-1,0,0.0000
10235,3387,3399,0.0000,0.0000,1.0000,105.062,-1,0,0.0045
10236,3387,3400,0.0000,0.0000,1.0000,105.062,-1,0,0.0043
10237,3388,3389,0.0000,1.0000,0.0000,66.625,-1,0,0.0000
10238,3388,3400,0.0000,0.0000,1.0000,105.062,-1,0,0.0043
10239,3388,3401,0.0000,0.0000,1.0000,105.062,-1,0,0.0039
10240,3389,3401,0.0000,0.0000,1.0000,105.062,-1,0,0.0039
10241,3389,3402,0.0000,0.0000,1.0000,105.062,-1,0,0.0037
10242,3390,3391,0.0000,1.0000,0.0000,66.625,-1,0,0.0000
10243,3390,3403,0.0000,0.0000,1.0000,105.062,-1,0,0.0042
10244,3391,3392,0.0000,1.0000,0.0000,66.625,-1,0,0.0000
10245,3391,3403,0.0000,0.0000,1.0000,105.062,-1,0,0.0042
10246,3391,3404,0.0000,0.0000,1.0000,105.062,-1,0,0.0046
10247,3392,3393,0.0000,1.0000,0.0000,66.625,-1,0,0.0000
10248,3392,3404,0.0000,0.0000,1.0000,105.062,-1,0,0.0046
10249,3392,3405,0.0000,0.0000,1.0000,105.062,-1,0,0.0050
10250,3393,3405,0.0000,0.0000,1.0000,105.062,-1,0,0.0050
10251,3394,3395,0.0000,1.0000,0.0000,66.625,-1,0,0.0000
10252,3394,3406,0.0000,0.0000,1.0000,105.062,-1,0,0.0056
10253,3395,3396,0.0000,1.0000,0.0000,66.625,-1,0,0.0000
10254,3395,3406,0.0000,0.0000,1.0000,105.062,-1,0,0.0056
10255,3395,3407,0.0000,0.0000,1.0000,105.062,-1,0,0.0055
10256,3396,3397,0.0000,1.0000,0.0000,66.625,-1,0,0.0000
10257,3396,3407,0.0000,0.0000,1.0000,105.062,-1,0,0.0055
10258,3396,3408,0.0000,0.0000,1.0000,105.062,-1,0,0.0054
10259,3397,3398,0.0000,1.0000,0.0000,66.625,-1,0,0.0000
10260,3397,3408,0.0000,0.0000,1.0000,105.062,-1,0,0.0054
10261,3397,3409,0.0000,0.0000,1.0000,105.062,-1,0,0.0054
10262,3398,3409,0.0000,0.0000,1.0000,105.062,-1,0,0.0054
10263,3399,3400,0.0000,1.0000,0.0000,66.625,-1,0,0.0000
10264,3399,3410,0.0000,0.0000,1.0000,105.062,-1,0,0.0044
10265,3400,3401,0.0000,1.0000,0.0000,66.625,-1,0,0.0000
10266,3400,3410,0.0000,0.0000,1.0000,105.062,-1,0,0.0044
10267,3400,3411,0.0000,0.0000,1.0000,105.062,-1,0,0.0040
10268,3401,3402,0.0000,1.0000,0.0000,66.625,-1,0,0.0000
10269,3401,3411,0.0000,0.0000,1.0000,105.062,-1,0,0.0040
10270,3401,3412,0.0000,0.0000,1.0000,105.062,-1,0,0.0036
10271,3402,3412,0.0000,0.0000,1.0000,105.062,-1,0,0.0036
10272,3403,3404,0.0000,1.0000,0.0000,66.625,-1,0,0.0000
10273,3403,3413,0.0000,0.0000,1.0000,105.062,-1,0,0.0039
10274,3403,3414,0.0000,0.0000,1.0000,105.062,-1,0,0.0042
10275,3404,3405,0.0000,1.0000,0.0000,66.625,-1,0,0.0000
10276,3404,3414,0.0000,0.0000,1.0000,105.062,-1,0,0.0042
10277,3404,3415,0.0000,0.0000,1.0000,105.062,-1,0,0.0047
10278,3405,3415,0.0000,0.0000,1.0000,105.062,-1,0,0.0047
10279,3405,3416,0.0000,0.0000,1.0000,105.062,-1,0,0.0050
10280,3406,3407,0.0000,1.0000,0.0000,66.625,-1,0,0.0000
10281,3406,3417,0.0000,0.0000,1.0000,105.062,-1,0,0.0056
10282,3406,3418,0.0000,0.0000,1.0000,105.062,-1,0,0.0055
10283,3407,3408,0.0000,1.0000,0.0000,66.625,-1,0,0.0000
10284,3407,3418,0.0000,0.0000,1.0000,105.062,-1,0,0.0055
10285,3407,3419,0.0000,0.0000,1.0000,105.062,-1,0,0.0053
10286,3408,3409,0.0000,1.0000,0.0000,66.625,-1,0,0.0000
10287,3408,3419,0.0000,0.0000,1.0000,105.062,-1,0,0.0053
10288,3408,3420,0.0000,0.0000,1.0000,105.062,-1,0,0.0052
10289,3409,3420,0.0000,0.0000,1.0000,105.062,-1,0,0.0052
10290,3409,3421,0.0000,0.0000,1.0000,105.062,-1,0,0.0052
10291,3410,3411,0.0000,1.0000,0.0000,66.625,-1,0,0.0000
10292,3410,3422,0.0000,0.0000,1.0000,105.062,-1,0,0.0044
10293,3410,3423,0.0000,0.0000,1.0000,105.062,-1,0,0.0041
10294,3411,3412,0.0000,1.0000,0.0000,66.625,-1,0,0.0000
10295,3411,3423,0.0000,0.0000,1.0000,105.062,-1,0,0.0041
10296,3411,3424,0.0000,0.0000,1.0000,105.062,-1,0,0.0036
10297,3412,3424,0.0000,0.0000,1.0000,105.062,-1,0,0.0036
10298,3412,3425,0.0000,0.0000,1.0000,105.062,-1,0,0.0034
10299,3413,3414,0.0000,1.0000,0.0000,66.625,-1,0,0.0000
10300,3413,3426,0.0000,0.0000,1.0000,105.062,-1,0,0.0038
10301,3414,3415,0.0000,1.0000,0.0000,66.625,-1,0,0.0000
10302,3414,3426,0.0000,0.0000,1.0000,105.062,-1,0,0.0038
10303,3414,3427,0.0000,0.0000,1.0000,105.062,-1,0,0.0043
10304,3415,3416,0.0000,1.0000,0.0000,66.625,-1,0,0.0000
10305,3415,3427,0.0000,0.0000,1.0000,105.062,-1,0,0.0043
10306,3415,3428,0.0000,0.0000,1.0000,105.062,-1,0,0.0049
10307,3416,3428,0.0000,0.0000,1.0000,105.062,-1,0,0.0049
10308,3417,3418,0.0000,1.0000,0.0000,66.625,-1,0,0.0000
10309,3417,3429,0.0000,0.0000,1.0000,105.062,-1,0,0.0054
10310,3418,3419,0.0000,1.0000,0.0000,66.625,-1,0,0.0000
10311,3418,3429,0.0000,0.0000,1.0000,105.062,-1,0,0.0054
10312,3418,3430,0.0000,0.0000,1.0000,105.062,-1,0,0.0052
10313,3419,3420,0.0000,1.0000,0.0000,66.625,-1,0,0.0000
10314,3419,3430,0.0000,0.0000,1.0000,105.062,-1,0,0.0052
10315,3419,3431,0.0000,0.0000,1.0000,105.062,-1,0,0.0051
10316,3420,3421,0.0000,1.0000,0.0000,66.625,-1,0,0.0000
10317,3420,3431,0.0000,0.0000,1.0000,105.062,-1,0,0.0051
10318,3420,3432,0.0000,0.0000,1.0000,105.062,-1,0,0.0051
10319,3421,3432,0.0000,0.0000,1.0000,105.062,-1,0,0.0051
10320,3422,3423,0.0000,1.0000,0.0000,66.625,-1,0,0.0000
10321,3422,3433,0.0000,0.0000,1.0000,105.062,-1,0,0.0042
10322,3423,3424,0.0000,1.0000,0.0000,66.625,-1,0,0.0000
10323,3423,3433,0.0000,0.0000,1.0000,105.062,-1,0,0.0042
10324,3423,3434,0.0000,0.0000,1.0000,105.062,-1,0,0.0037
10325,3424,3425,0.0000,1.0000,0.0000,66.625,-1,0,0.0000
10326,3424,3434,0.0000,0.0000,1.0000,105.062,-1,0,0.0037
10327,3424,3435,0.0000,0.0000,1.0000,105.062,-1,0,0.0033
10328,3425,3435,0.0000,0.0000,1.0000,105.062,-1,0,0.0033
10329,3426,3427,0.0000,1.0000,0.0000,66.625,-1,0,0.0000
10330,3426,3436,0.0000,0.0000,1.0000,105.062,-1,0,0.0035
10331,3426,3437,0.0000,0.0000,1.0000,105.062,-1,0,0.0039
10332,3427,3428,0.0000,1.0000,0.0000,66.625,-1,0,0.0000
10333,3427,3437,0.0000,0.0000,1.0000,105.062,-1,0,0.0039
10334,3427,3438,0.0000,0.0000,1.0000,105.062,-1,0,0.0046
10335,3428,3438,0.0000,0.0000,1.0000,105.062,-1,0,0.0046
10336,3428,3439,0.0000,0.0000,1.0000,105.062,-1,0,0.0049
10337,3429,3430,0.0000,1.0000,0.0000,66.625,-1,0,0.0000
10338,3429,3440,0.0000,0.0000,1.0000,105.062,-1,0,0.0054
10339,3429,3441,0.0000,0.0000,1.0000,105.062,-1,0,0.0052
10340,3430,3431,0.0000,1.0000,0.0000,66.625,-1,0,0.0000
10341,3430,3441,0.0000,0.0000,1.0000,105.062,-1,0,0.0052
10342,3430,3442,0.0000,0.0000,1.0000,105.062,-1,0,0.0050
10343,3431,3432,0.0000,1.0000,0.0000,66.625,-1,0,0.0000
10344,3431,3442,0.0000,0.0000,1.0000,105.062,-1,0,0.0050
10345,3431,3443,0.0000,0.0000,1.0000,105.062,-1,0,0.0050
10346,3432,3443,0.0000,0.0000,1.0000,105.062,-1,0,0.0050
10347,3432,3444,0.0000,0.0000,1.0000,105.062,-1,0,0.0050
10348,3433,3434,0.0000,1.0000,0.0000,66.625,-1,0,0.0000
10349,3433,3445,0.0000,0.0000,1.0000,105.062,-1,0,0.0043
10350,3433,3446,0.0000,0.0000,1.0000,105.062,-1,0,0.0039
10351,3434,3435,0.0000,1.0000,0.0000,66.625,-1,0,0.0000
10352,3434,3446,0.0000,0.0000,1.0000,105.062,-1,0,0.0039
10353,3434,3447,0.0000,0.0000,1.0000,105.062,-1,0,0.0033
10354,3435,3447,0.0000,0.0000,1.0000,105.062,-1,0,0.0033
10355,3435,3448,0.0000,0.0000,1.0000,105.062,-1,0,0.0030
10356,3436,3437,0.0000,1.0000,0.0000,66.625,-1,0,0.0000
10357,3436,3449,0.0000,0.0000,1.0000,105.062,-1,0,0.0034
10358,3437,3438,0.0000,1.0000,0.0000,66.625,-1,0,0.0000
10359,3437,3449,0.0000,0.0000,1.0000,105.062,-1,0,0.0034
10360,3437,3450,0.0000,0.0000,1.0000,105.062,-1,0,0.0041
10361,3438,3439,0.0000,1.0000,0.0000,66.625,-1,0,0.0000
10362,3438,3450,0.0000,0.0000,1.0000,105.062,-1,0,0.0041
10363,3438,3451,0.0000,0.0000,1.0000,105.062,-1,0,0.0048
10364,3439,3451,0.0000,0.0000,1.0000,105.062,-1,0,0.0048
10365,3440,3441,0.0000,1.0000,0.0000,66.625,-1,0,0.0000
10366,3440,3452,0.0000,0.0000,1.0000,105.062,-1,0,0.0053
10367,3441,3442,0.0000,1.0000,0.0000,66.625,-1,0,0.0000
10368,3441,3452,0.0000,0.0000,1.0000,105.062,-1,0,0.0053
10369,3441,3453,0.0000,0.0000,1.0000,105.062,-1,0,0.0049
10370,3442,3443,0.0000,1.0000,0.0000,66.625,-1,0,0.0000
10371,3442,3453,0.0000,0.0000,1.0000,105.062,-1,0,0.0049
10372,3442,3454,0.0000,0.0000,1.0000,105.062,-1,0,0.0048
10373,3443,3444,0.0000,1.0000,0.0000,66.625,-1,0,0.0000
10374,3443,3454,0.0000,0.0000,1.0000,105.062,-1,0,0.0048
10375,3443,3455,0.0000,0.0000,1.0000,105.062,-1,0,0.0049
10376,3444,3455,0.0000,0.0000,1.0000,105.062,-1,0,0.0049
10377,3445,3446,0.0000,1.0000,0.0000,66.625,-1,0,0.0000
10378,3445,3456,0.0000,0.0000,1.0000,105.062,-1,0,0.0042
10379,3446,3447,0.0000,1.0000,0.0000,66.625,-1,0,0.0000
10380,3446,3456,0.0000,0.0000,1.0000,105.062,-1,0,0.0042
10381,3446,3457,0.0000,0.0000,1.0000,105.062,-1,0,0.0035
10382,3447,3448,0.0000,1.0000,0.0000,66.625,-1,0,0.0000
10383,3447,3457,0.0000,0.0000,1.0000,105.062,-1,0,0.0035
10384,3447,3458,0.0000,0.0000,1.0000,105.062,-1,0,0.0028
10385,3448,3458,0.0000,0.0000,1.0000,105.062,-1,0,0.0028
10386,3449,3450,0.0000,1.0000,0.0000,66.625,-1,0,0.0000
10387,3449,3459,0.0000,0.0000,1.0000,105.062,-1,0,0.0031
10388,3449,3460,0.0000,0.0000,1.0000,105.062,-1,0,0.0035
10389,3450,3451,0.0000,1.0000,0.0000,66.625,-1,0,0.0000
10390,3450,3460,0.0000,0.0000,1.0000,105.062,-1,0,0.0035
10391,3450,3461,0.0000,0.0000,1.0000,105.062,-1,0,0.0044
10392,3451,3461,0.0000,0.0000,1.0000,105.062,-1,0,0.0044
10393,3451,3462,0.0000,0.0000,1.0000,105.062,-1,0,0.0049
10394,3452,3453,0.0000,1.0000,0.0000,66.625,-1,0,0.0000
10395,3452,3463,0.0000,0.0000,1.0000,105.062,-1,0,0.0053
10396,3452,3464,0.0000,0.0000,1.0000,105.062,-1,0,0.0050
10397,3453,3454,0.0000,1.0000,0.0000,66.625,-1,0,0.0000
10398,3453,3464,0.0000,0.0000,1.0000,105.062,-1,0,0.0050
10399,3453,3465,0.0000,0.0000,1.0000,105.062,-1,0,0.0046
10400,3454,3455,0.0000,1.0000,0.0000,66.625,-1,0,0.0000
10401,3454,3465,0.0000,0.0000,1.0000,105.062,-1,0,0.0046
10402,3454,3466,0.0000,0.0000,1.0000,105.062,-1,0,0.0047
10403,3455,3466,0.0000,0.0000,1.0000,105.062,-1,0,0.0047
10404,3455,3467,0.0000,0.0000,1.0000,105.062,-1,0,0.0048
10405,3456,3457,0.0000,1.0000,0.0000,66.625,-1,0,0.0000
10406,3456,3468,0.0000,0.0000,1.0000,105.062,-1,0,0.0043
10407,3456,3469,0.0000,0.0000,1.0000,105.062,-1,0,0.0038
10408,3457,3458,0.0000,1.0000,0.0000,66.625,-1,0,0.0000
10409,3457,3469,0.0000,0.0000,1.0000,105.062,-1,0,0.0038
10410,3457,3470,0.0000,0.0000,1.0000,105.062,-1,0,0.0029
10411,3458,3470,0.0000,0.0000,1.0000,105.062,-1,0,0.0029
10412,3458,3471,0.0000,0.0000,1.0000,105.062,-1,0,0.0025
10413,3459,3460,0.0000,1.0000,0.0000,66.625,-1,0,0.0000
10414,3459,3472,0.0000,0.0000,1.0000,105.062,-1,0,0.0029
10415,3460,3461,0.0000,1.0000,0.0000,66.625,-1,0,0.0000
10416,3460,3472,0.0000,0.0000,1.0000,105.062,-1,0,0.0029
10417,3460,3473,0.0000,0.0000,1.0000,105.062,-1,0,0.0038
10418,3461,3462,0.0000,1.0000,0.0000,66.625,-1,0,0.0000
10419,3461,3473,0.0000,0.0000,1.0000,105.062,-1,0,0.0038
10420,3461,3474,0.0000,0.0000,1.0000,105.062,-1,0,0.0048
10421,3462,3474,0.0000,0.0000,1.0000,105.062,-1,0,0.0048
10422,3463,3464,0.0000,1.0000,0.0000,66.625,-1,0,0.0000
10423,3463,3475,0.0000,0.0000,1.0000,105.062,-1,0,0.0052
10424,3464,3465,0.0000,1.0000,0.0000,66.625,-1,0,0.0000
10425,3464,3475,0.0000,0.0000,1.0000,105.062,-1,0,0.0052
10426,3464,3476,0.0000,0.0000,1.0000,105.062,-1,0,0.0046
10427,3465,3466,0.0000,1.0000,0.0000,66.625,-1,0,0.0000
10428,3465,3476,0.0000,0.0000,1.0000,105.062,-1,0,0.0046
10429,3465,3477,0.0000,0.0000,1.0000,105.062,-1,0,0.0044
10430,3466,3467,0.0000,1.0000,0.0000,66.625,-1,0,0.0000
10431,3466,3477,0.0000,0.0000,1.0000,105.062,-1,0,0.0044
10432,3466,3478,0.0000,0.0000,1.0000,105.062,-1,0,0.0047
10433,3467,3478,0.0000,0.0000,1.0000,105.062,-1,0,0.0047
10434,3468,3469,0.0000,1.0000,0.0000,66.625,-1,0,0.0000
10435,3468,3479,0.0000,0.0000,1.0000,105.062,-1,0,0.0041
10436,3469,3470,0.0000,1.0000,0.0000,66.625,-1,0,0.0000
10437,3469,3479,0.0000,0.0000,1.0000,105.062,-1,0,0.0041
10438,3469,3480,0.0000,0.0000,1.0000,105.062,-1,0,0.0032
10439,3470,3471,0.0000,1.0000,0.0000,66.625,-1,0,0.0000
10440,3470,3480,0.0000,0.0000,1.0000,105.062,-1,0,0.0032
10441,3470,3481,0.0000,0.0000,1.0000,105.062,-1,0,0.0024
10442,3471,3481,0.0000,0.0000,1.0000,105.062,-1,0,0.0024
10443,3472,3473,0.0000,1.0000,0.0000,66.625,-1,0,0.0000
10444,3472,3482,0.0000,0.0000,1.0000,105.062,-1,0,0.0026
10445,3472,3483,0.0000,0.0000,1.0000,105.062,-1,0,0.0030
10446,3473,3474,0.0000,1.0000,0.0000,66.625,-1,0,0.0000
10447,3473,3483,0.0000,0.0000,1.0000,105.062,-1,0,0.0030
10448,3473,3484,0.0000,0.0000,1.0000,105.062,-1,0,0.0043
10449,3474,3484,0.0000,0.0000,1.0000,105.062,-1,0,0.0043
10450,3474,3485,0.0000,0.0000,1.0000,105.062,-1,0,0.0051
10451,3475,3476,0.0000,1.0000,0.0000,66.625,-1,0,0.0000
10452,3475,3486,0.0000,0.0000,1.0000,105.062,-1,0,0.0053
10453,3475,3487,0.0000,0.0000,1.0000,105.062,-1,0,0.0048
10454,3476,3477,0.0000,1.0000,0.0000,66.625,-1,0,0.0000
10455,3476,3487,0.0000,0.0000,1.0000,105.062,-1,0,0.0048
10456,3476,3488,0.0000,0.0000,1.0000,105.062,-1,0,0.0041
10457,3477,3478,0.0000,1.0000,0.0000,66.625,-1,0,0.0000
10458,3477,3488,0.0000,0.0000,1.0000,105.062,-1,0,0.0041
10459,3477,3489,0.0000,0.0000,1.0000,105.062,-1,0,0.0044
10460,3478,3489,0.0000,0.0000,1.0000,105.062,-1,0,0.0044
10461,3478,3490,0.0000,0.0000,1.0000,105.062,-1,0,0.0048
10462,3479,3480,0.0000,1.0000,0.0000,66.625,-1,0,0.0000
10463,3479,3491,0.0000,0.0000,1.0000,105.062,-1,0,0.0044
10464,3479,3492,0.0000,0.0000,1.0000,105.062,-1,0,0.0036
10465,3480,3481,0.0000,1.0000,0.0000,66.625,-1,0,0.0000
10466,3480,3492,0.0000,0.0000,1.0000,105.062,-1,0,0.0036
10467,3480,3493,0.0000,0.0000,1.0000,105.062,-1,0,0.0025
10468,3481,3493,0.0000,0.0000,1.0000,105.062,-1,0,0.0025
10469,3481,3494,0.0000,0.0000,1.0000,105.062,-1,0,0.0021
10470,3482,3483,0.0000,1.0000,0.0000,66.625,-1,0,0.0000
10471,3482,3495,0.0000,0.0000,1.0000,105.062,-1,0,0.0025
10472,3483,3484,0.0000,1.0000,0.0000,66.625,-1,0,0.0000
10473,3483,3495,0.0000,0.0000,1.0000,105.062,-1,0,0.0025
10474,3483,3496,0.0000,0.0000,1.0000,105.062,-1,0,0.0033
10475,3484,3485,0.0000,1.0000,0.0000,66.625,-1,0,0.0000
10476,3484,3496,0.0000,0.0000,1.0000,105.062,-1,0,0.0033
10477,3484,3497,0.0000,0.0000,1.0000,105.062,-1,0,0.0049
10478,3485,3497,0.0000,0.0000,1.0000,105.062,-1,0,0.0049
10479,3486,3487,0.0000,1.0000,0.0000,66.625,-1,0,0.0000
10480,3486,3498,0.0000,0.0000,1.0000,105.062,-1,0,0.0052
10481,3487,3488,0.0000,1.0000,0.0000,66.625,-1,0,0.0000
10482,3487,3498,0.0000,0.0000,1.0000,105.062,-1,0,0.0052
10483,3487,3499,0.0000,0.0000,1.0000,105.062,-1,0,0.0041
10484,3488,3489,0.0000,1.0000,0.0000,66.625,-1,0,0.0000
10485,3488,3499,0.0000,0.0000,1.0000,105.062,-1,0,0.0041
10486,3488,3500,0.0000,0.0000,1.0000,105.062,-1,0,0.0039
10487,3489,3490,0.0000,1.0000,0.0000,66.625,-1,0,0.0000
10488,3489,3500,0.0000,0.0000,1.0000,105.062,-1,0,0.0039
10489,3489,3501,0.0000,0.0000,1.0000,105.062,-1,0,0.0047
10490,3490,3501,0.0000,0.0000,1.0000,105.062,-1,0,0.0047
10491,3491,3492,0.0000,1.0000,0.0000,66.625,-1,0,0.0000
10492,3491,3502,0.0000,0.0000,1.0000,105.062,-1,0,0.0043
10493,3492,3493,0.0000,1.0000,0.0000,66.625,-1,0,0.0000
10494,3492,3502,0.0000,0.0000,1.0000,105.062,-1,0,0.0043
10495,3492,3503,0.0000,0.0000,1.0000,105.062,-1,0,0.0027
10496,3493,3494,0.0000,1.0000,0.0000,66.625,-1,0,0.0000
10497,3493,3503,0.0000,0.0000,1.0000,105.062,-1,0,0.0027
10498,3493,3504,0.0000,0.0000,1.0000,105.062,-1,0,0.0019
10499,3494,3504,0.0000,0.0000,1.0000,105.062,-1,0,0.0019
10500,3495,3496,0.0000,1.0000,0.0000,66.625,-1,0,0.0000
10501,3495,3505,0.0000,0.0000,1.0000,105.062,-1,0,0.0023
10502,3495,3506,0.0000,0.0000,1.0000,105.062,-1,0,0.0024
10503,3496,3497,0.0000,1.0000,0.0000,66.625,-1,0,0.0000
10504,3496,3506,0.0000,0.0000,1.0000,105.062,-1,0,0.0024
10505,3496,3507,0.0000,0.0000,1.0000,105.062,-1,0,0.0040
10506,3497,3507,0.0000,0.0000,1.0000,105.062,-1,0,0.0040
10507,3497,3508,0.0000,0.0000,1.0000,105.062,-1,0,0.0056
10508,3498,3499,0.0000,1.0000,0.0000,66.625,-1,0,0.0000
10509,3498,3509,0.0000,0.0000,1.0000,105.062,-1,0,0.0056
10510,3498,3510,0.0000,0.0000,1.0000,105.062,-1,0,0.0045
10511,3499,3500,0.0000,1.0000,0.0000,66.625,-1,0,0.0000
10512,3499,3510,0.0000,0.0000,1.0000,105.062,-1,0,0.0045
10513,3499,3511,0.0000,0.0000,1.0000,105.062,-1,0,0.0034
10514,3500,3501,0.0000,1.0000,0.0000,66.625,-1,0,0.0000
10515,3500,3511,0.0000,0.0000,1.0000,105.062,-1,0,0.0034
10516,3500,3512,0.0000,0.0000,1.0000,105.062,-1,0,0.0041
10517,3501,3512,0.0000,0.0000,1.0000,105.062,-1,0,0.0041
10518,3501,3513,0.0000,0.0000,1.0000,105.062,-1,0,0.0049
10519,3502,3503,0.0000,1.0000,0.0000,66.625,-1,0,0.0000
10520,3502,3514,0.0000,0.0000,1.0000,105.062,-1,0,0.0049
10521,3502,3515,0.0000,0.0000,1.0000,105.062,-1,0,0.0034
10522,3503,3504,0.0000,1.0000,0.0000,66.625,-1,0,0.0000
10523,3503,3515,0.0000,0.0000,1.0000,105.062,-1,0,0.0034
10524,3503,3516,0.0000,0.0000,1.0000,105.062,-1,0,0.0018
10525,3504,3516,0.0000,0.0000,1.0000,105.062,-1,0,0.0018
10526,3504,3517,0.0000,0.0000,1.0000,105.062,-1,0,0.0018
10527,3505,3506,0.0000,1.0000,0.0000,66.625,-1,0,0.0000
10528,3505,3518,0.0000,0.0000,1.0000,105.062,-1,0,0.0022
10529,3506,3507,0.0000,1.0000,0.0000,66.625,-1,0,0.0000
10530,3506,3518,0.0000,0.0000,1.0000,105.062,-1,0,0.0022
10531,3506,3519,0.0000,0.0000,1.0000,105.062,-1,0,0.0023
10532,3507,3508,0.0000,1.0000,0.0000,66.625,-1,0,0.0000
10533,3507,3519,0.0000,0.0000,1.0000,105.062,-1,0,0.0023
10534,3507,3524,0.0000,0.0000,1.0000,105.062,-1,0,0.0027
10535,3508,3524,0.0000,0.0000,1.0000,105.062,-1,0,0.0027
10536,3509,3510,0.0000,1.0000,0.0000,66.625,-1,0,0.0000
10537,3509,3524,0.0000,0.0000,1.0000,105.062,-1,0,0.0027
10538,3510,3511,0.0000,1.0000,0.0000,66.625,-1,0,0.0000
10539,3510,3520,0.0000,0.0000,1.0000,105.062,-1,0,0.0033
10540,3510,3524,0.0000,0.0000,1.0000,105.062,-1,0,0.0027
10541,3511,3512,0.0000,1.0000,0.0000,66.625,-1,0,0.0000
10542,3511,3520,0.0000,0.0000,1.0000,105.062,-1,0,0.0033
10543,3511,3521,0.0000,0.0000,1.0000,105.062,-1,0,0.0033
10544,3512,3513,0.0000,1.0000,0.0000,66.625,-1,0,0.0000
10545,3512,3521,0.0000,0.0000,1.0000,105.062,-1,0,0.0033
10546,3512,3525,0.0000,0.0000,1.0000,105.062,-1,0,0.0024
10547,3513,3525,0.0000,0.0000,1.0000,105.062,-1,0,0.0024
10548,3514,3515,0.0000,1.0000,0.0000,66.625,-1,0,0.0000
10549,3514,3525,0.0000,0.0000,1.0000,105.062,-1,0,0.0024
10550,3515,3516,0.0000,1.0000,0.0000,66.625,-1,0,0.0000
10551,3515,3522,0.0000,0.0000,1.0000,105.062,-1,0,0.0018
10552,3515,3525,0.0000,0.0000,1.0000,105.062,-1,0,0.0024
10553,3516,3517,0.0000,1.0000,0.0000,66.625,-1,0,0.0000
10554,3516,3522,0.0000,0.0000,1.0000,105.062,-1,0,0.0018
10555,3516,3523,0.0000,0.0000,1.0000,105.062,-1,0,0.0017
10556,3517,3523,0.0000,0.0000,1.0000,105.062,-1,0,0.0017
10557,3518,3519,0.0000,1.0000,0.0000,66.625,-1,0,0.0000
10558,3518,3526,0.0000,0.0000,1.0000,105.062,-1,0,0.0020
10559,3518,3527,0.0000,0.0000,1.0000,105.062,-1,0,0.0021
10560,3519,3524,0.0000,1.0000,0.0000,66.625,-1,0,0.0000
10561,3519,3527,0.0000,0.0000,1.0000,105.062,-1,0,0.0021
10562,3519,3528,0.0000,0.0000,1.0000,105.062,-1,0,0.0022
10563,3520,3521,0.0000,1.0000,0.0000,66.625,-1,0,0.0000
10564,3520,3524,0.0000,-1.0000,0.0000,66.625,-1,0,0.0000
10565,3520,3529,0.0000,0.0000,1.0000,105.062,-1,0,0.0032
10566,3520,3530,0.0000,0.0000,1.0000,105.062,-1,0,0.0031
10567,3521,3525,0.0000,1.0000,0.0000,66.625,-1,0,0.0000
10568,3521,3530,0.0000,0.0000,1.0000,105.062,-1,0,0.0031
10569,3521,3531,0.0000,0.0000,1.0000,105.062,-1,0,0.0031
10570,3522,3523,0.0000,1.0000,0.0000,66.625,-1,0,0.0000
10571,3522,3525,0.0000,-1.0000,0.0000,66.625,-1,0,0.0000
10572,3522,3532,0.0000,0.0000,1.0000,105.062,-1,0,0.0017
10573,3522,3533,0.0000,0.0000,1.0000,105.062,-1,0,0.0016
10574,3523,3533,0.0000,0.0000,1.0000,105.062,-1,0,0.0016
10575,3523,3534,0.0000,0.0000,1.0000,105.062,-1,0,0.0015
10576,3524,3528,0.0000,-1.0000,0.0000,66.625,-1,0,0.0000
10577,3524,3529,0.0000,1.0000,0.0000,66.625,-1,0,0.0000
10578,3524,3537,0.0000,0.0000,1.0000,220.375,-1,0,0.0012
10579,3524,3538,0.0000,0.0000,1.0000,220.375,-1,0,0.0013
10580,3524,3539,0.0000,0.0000,1.0000,220.375,-1,0,0.0014
10581,3524,3540,0.0000,0.0000,1.0000,220.375,-1,0,0.0015
10582,3525,3531,0.0000,-1.0000,0.0000,66.625,-1,0,0.0000
10583,3525,3532,0.0000,1.0000,0.0000,66.625,-1,0,0.0000
10584,3525,3543,0.0000,0.0000,1.0000,220.375,-1,0,0.0014
10585,3525,3544,0.0000,0.0000,1.0000,220.375,-1,0,0.0013
10586,3525,3545,0.0000,0.0000,1.0000,220.375,-1,0,0.0012
10587,3525,3546,0.0000,0.0000,1.0000,220.375,-1,0,0.0010
10588,3526,3527,0.0000,1.0000,0.0000,66.625,-1,0,0.0000
10589,3526,3535,0.0000,0.0000,1.0000,105.062,-1,0,0.0019
10590,3527,3528,0.0000,1.0000,0.0000,66.625,-1,0,0.0000
10591,3527,3535,0.0000,0.0000,1.0000,105.062,-1,0,0.0019
10592,3527,3536,0.0000,0.0000,1.0000,105.062,-1,0,0.0021
10593,3528,3536,0.0000,0.0000,1.0000,105.062,-1,0,0.0021
10594,3529,3530,0.0000,1.0000,0.0000,66.625,-1,0,0.0000
10595,3529,3541,0.0000,0.0000,1.0000,105.062,-1,0,0.0030
10596,3530,3531,0.0000,1.0000,0.0000,66.625,-1,0,0.0000
10597,3530,3541,0.0000,0.0000,1.0000,105.062,-1,0,0.0030
10598,3530,3542,0.0000,0.0000,1.0000,105.062,-1,0,0.0030
10599,3531,3542,0.0000,0.0000,1.0000,105.062,-1,0,0.0030
10600,3532,3533,0.0000,1.0000,0.0000,66.625,-1,0,0.0000
10601,3532,3547,0.0000,0.0000,1.0000,105.062,-1,0,0.0015
10602,3533,3534,0.0000,1.0000,0.0000,66.625,-1,0,0.0000
10603,3533,3547,0.0000,0.0000,1.0000,105.062,-1,0,0.0015
10604,3533,3548,0.0000,0.0000,1.0000,105.062,-1,0,0.0014
10605,3534,3548,0.0000,0.0000,1.0000,105.062,-1,0,0.0014
10606,3535,3536,0.0000,1.0000,0.0000,66.625,-1,0,0.0000
10607,3535,3549,0.0000,0.0000,1.0000,105.062,-1,0,0.0017
10608,3535,3550,0.0000,0.0000,1.0000,105.062,-1,0,0.0018
10609,3536,3537,0.0000,1.0000,0.0000,66.625,-1,0,0.0000
10610,3536,3550,0.0000,0.0000,1.0000,105.062,-1,0,0.0018
10611,3536,3551,0.0000,0.0000,1.0000,105.062,-1,0,0.0021
10612,3537,3538,0.0000,1.0000,0.0000,66.625,-1,0,0.0000
10613,3537,3551,0.0000,0.0000,1.0000,105.062,-1,0,0.0021
10614,3537,3552,0.0000,0.0000,1.0000,105.062,-1,0,0.0024
10615,3538,3539,0.0000,1.0000,0.0000,66.625,-1,0,0.0000
10616,3538,3552,0.0000,0.0000,1.0000,105.062,-1,0,0.0024
10617,3538,3553,0.0000,0.0000,1.0000,105.062,-1,0,0.0026
10618,3539,3540,0.0000,1.0000,0.0000,66.625,-1,0,0.0000
10619,3539,3553,0.0000,0.0000,1.0000,105.062,-1,0,0.0026
10620,3539,3554,0.0000,0.0000,1.0000,105.062,-1,0,0.0028
10621,3540,3541,0.0000,1.0000,0.0000,66.625,-1,0,0.0000
10622,3540,3554,0.0000,0.0000,1.0000,105.062,-1,0,0.0028
10623,3540,3555,0.0000,0.0000,1.0000,105.062,-1,0,0.0029
10624,3541,3542,0.0000,1.0000,0.0000,66.625,-1,0,0.0000
10625,3541,3555,0.0000,0.0000,1.0000,105.062,-1,0,0.0029
10626,3541,3556,0.0000,0.0000,1.0000,105.062,-1,0,0.0029
10627,3542,3543,0.0000,1.0000,0.0000,66.625,-1,0,0.0000
10628,3542,3556,0.0000,0.0000,1.0000,105.062,-1,0,0.0029
10629,3542,3557,0.0000,0.0000,1.0000,105.062,-1,0,0.0028
10630,3543,3544,0.0000,1.0000,0.0000,66.625,-1,0,0.0000
10631,3543,3557,0.0000,0.0000,1.0000,105.062,-1,0,0.0028
10632,3543,3558,0.0000,0.0000,1.0000,105.062,-1,0,0.0026
10633,3544,3545,0.0000,1.0000,0.0000,66.625,-1,0,0.0000
10634,3544,3558,0.0000,0.0000,1.0000,105.062,-1,0,0.0026
10635,3544,3559,0.0000,0.0000,1.0000,105.062,-1,0,0.0022
10636,3545,3546,0.0000,1.0000,0.0000,66.625,-1,0,0.0000
10637,3545,3559,0.0000,0.0000,1.0000,105.062,-1,0,0.0022
10638,3545,3560,0.0000,0.0000,1.0000,105.062,-1,0,0.0019
10639,3546,3547,0.0000,1.0000,0.0000,66.625,-1,0,0.0000
10640,3546,3560,0.0000,0.0000,1.0000,105.062,-1,0,0.0019
10641,3546,3561,0.0000,0.0000,1.0000,105.062,-1,0,0.0015
10642,3547,3548,0.0000,1.0000,0.0000,66.625,-1,0,0.0000
10643,3547,3561,0.0000,0.0000,1.0000,105.062,-1,0,0.0015
10644,3547,3562,0.0000,0.0000,1.0000,105.062,-1,0,0.0013
10645,3548,3562,0.0000,0.0000,1.0000,105.062,-1,0,0.0013
10646,3548,3563,0.0000,0.0000,1.0000,105.062,-1,0,0.0012
10647,3549,3550,0.0000,1.0000,0.0000,66.625,-1,0,0.0000
10648,3549,3564,0.0000,0.0000,1.0000,105.062,-1,0,0.0016
10649,3550,3551,0.0000,1.0000,0.0000,66.625,-1,0,0.0000
10650,3550,3564,0.0000,0.0000,1.0000,105.062,-1,0,0.0016
10651,3550,3565,0.0000,0.0000,1.0000,105.062,-1,0,0.0018
10652,3551,3552,0.0000,1.0000,0.0000,66.625,-1,0,0.0000
10653,3551,3565,0.0000,0.0000,1.0000,105.062,-1,0,0.0018
10654,3551,3566,0.0000,0.0000,1.0000,105.062,-1,0,0.0021
10655,3552,3553,0.0000,1.0000,0.0000,66.625,-1,0,0.0000
10656,3552,3566,0.0000,0.0000,1.0000,105.062,-1,0,0.0021
10657,3552,3567,0.0000,0.0000,1.0000,105.062,-1,0,0.0024
10658,3553,3554,0.0000,1.0000,0.0000,66.625,-1,0,0.0000
10659,3553,3567,0.0000,0.0000,1.0000,105.062,-1,0,0.0024
10660,3553,3568,0.0000,0.0000,1.0000,105.062,-1,0,0.0026
10661,3554,3555,0.0000,1.0000,0.0000,66.625,-1,0,0.0000
10662,3554,3568,0.0000,0.0000,1.0000,105.062,-1,0,0.0026
10663,3554,3569,0.0000,0.0000,1.0000,105.062,-1,0,0.0027
10664,3555,3556,0.0000,1.0000,0.0000,66.625,-1,0,0.0000
10665,3555,3569,0.0000,0.0000,1.0000,105.062,-1,0,0.0027
10666,3555,3570,0.0000,0.0000,1.0000,105.062,-1,0,0.0028
10667,3556,3557,0.0000,1.0000,0.0000,66.625,-1,0,0.0000
10668,3556,3570,0.0000,0.0000,1.0000,105.062,-1,0,0.0028
10669,3556,3571,0.0000,0.0000,1.0000,105.062,-1,0,0.0028
10670,3557,3558,0.0000,1.0000,0.0000,66.625,-1,0,0.0000
10671,3557,3571,0.0000,0.0000,1.0000,105.062,-1,0,0.0028
10672,3557,3572,0.0000,0.0000,1.0000,105.062,-1,0,0.0026
10673,3558,3559,0.0000,1.0000,0.0000,66.625,-1,0,0.0000
10674,3558,3572,0.0000,0.0000,1.0000,105.062,-1,0,0.0026
10675,3558,3573,0.0000,0.0000,1.0000,105.062,-1,0,0.0023
10676,3559,3560,0.0000,1.0000,0.0000,66.625,-1,0,0.0000
10677,3559,3573,0.0000,0.0000,1.0000,105.062,-1,0,0.0023
10678,3559,3574,0.0000,0.0000,1.0000,105.062,-1,0,0.0019
10679,3560,3561,0.0000,1.0000,0.0000,66.625,-1,0,0.0000
10680,3560,3574,0.0000,0.0000,1.0000,105.062,-1,0,0.0019
10681,3560,3575,0.0000,0.0000,1.0000,105.062,-1,0,0.0016
10682,3561,3562,0.0000,1.0000,0.0000,66.625,-1,0,0.0000
10683,3561,3575,0.0000,0.0000,1.0000,105.062,-1,0,0.0016
10684,3561,3576,0.0000,0.0000,1.0000,105.062,-1,0,0.0013
10685,3562,3563,0.0000,1.0000,0.0000,66.625,-1,0,0.0000
10686,3562,3576,0.0000,0.0000,1.0000,105.062,-1,0,0.0013
10687,3562,3577,0.0000,0.0000,1.0000,105.062,-1,0,0.0011
10688,3563,3577,0.0000,0.0000,1.0000,105.062,-1,0,0.0011
10689,3564,3565,0.0000,1.0000,0.0000,66.625,-1,0,0.0000
10690,3564,3578,0.0000,0.0000,1.0000,105.062,-1,0,0.0014
10691,3564,3579,0.0000,0.0000,1.0000,105.062,-1,0,0.0015
10692,3565,3566,0.0000,1.0000,0.0000,66.625,-1,0,0.0000
10693,3565,3579,0.0000,0.0000,1.0000,105.062,-1,0,0.0015
10694,3565,3580,0.0000,0.0000,1.0000,105.062,-1,0,0.0018
10695,3566,3567,0.0000,1.0000,0.0000,66.625,-1,0,0.0000
10696,3566,3580,0.0000,0.0000,1.0000,105.062,-1,0,0.0018
10697,3566,3581,0.0000,0.0000,1.0000,105.062,-1,0,0.0021
10698,3567,3568,0.0000,1.0000,0.0000,66.625,-1,0,0.0000
10699,3567,3581,0.0000,0.0000,1.0000,105.062,-1,0,0.0021
10700,3567,3582,0.0000,0.0000,1.0000,105.062,-1,0,0.0024
10701,3568,3569,0.0000,1.0000,0.0000,66.625,-1,0,0.0000
10702,3568,3582,0.0000,0.0000,1.0000,105.062,-1,0,0.0024
10703,3568,3583,0.0000,0.0000,1.0000,105.062,-1,0,0.0026
10704,3569,3570,0.0000,1.0000,0.0000,66.625,-1,0,0.0000
10705,3569,3583,0.0000,0.0000,1.0000,105.062,-1,0,0.0026
10706,3569,3584,0.0000,0.0000,1.0000,105.062,-1,0,0.0027
10707,3570,3571,0.0000,1.0000,0.0000,66.625,-1,0,0.0000
10708,3570,3584,0.0000,0.0000,1.0000,105.062,-1,0,0.0027
10709,3570,3585,0.0000,0.0000,1.0000,105.062,-1,0,0.0027
10710,3571,3572,0.0000,1.0000,0.0000,66.625,-1,0,0.0000
10711,3571,3585,0.0000,0.0000,1.0000,105.062,-1,0,0.0027
10712,3571,3586,0.0000,0.0000,1.0000,105.062,-1,0,0.0026
10713,3572,3573,0.0000,1.0000,0.0000,66.625,-1,0,0.0000
10714,3572,3586,0.0000,0.0000,1.0000,105.062,-1,0,0.0026
10715,3572,3587,0.0000,0.0000,1.0000,105.062,-1,0,0.0023
10716,3573,3574,0.0000,1.0000,0.0000,66.625,-1,0,0.0000
10717,3573,3587,0.0000,0.0000,1.0000,105.062,-1,0,0.0023
10718,3573,3588,0.0000,0.0000,1.0000,105.062,-1,0,0.0020
10719,3574,3575,0.0000,1.0000,0.0000,66.625,-1,0,0.0000
10720,3574,3588,0.0000,0.0000,1.0000,105.062,-1,0,0.0020
10721,3574,3589,0.0000,0.0000,1.0000,105.062,-1,0,0.0016
10722,3575,3576,0.0000,1.0000,0.0000,66.625,-1,0,0.0000
10723,3575,3589,0.0000,0.0000,1.0000,105.062,-1,0,0.0016
10724,3575,3590,0.0000,0.0000,1.0000,105.062,-1,0,0.0013
10725,3576,3577,0.0000,1.0000,0.0000,66.625,-1,0,0.0000
10726,3576,3590,0.0000,0.0000,1.0000,105.062,-1,0,0.0013
10727,3576,3591,0.0000,0.0000,1.0000,105.062,-1,0,0.0010
10728,3577,3591,0.0000,0.0000,1.0000,105.062,-1,0,0.0010
10729,3577,3592,0.0000,0.0000,1.0000,105.062,-1,0,0.0009
10730,3578,3579,0.0000,1.0000,0.0000,66.625,-1,0,0.0000
10731,3578,3593,0.0000,0.0000,1.0000,105.062,-1,0,0.0013
10732,3579,3580,0.0000,1.0000,0.0000,66.625,-1,0,0.0000
10733,3579,3593,0.0000,0.0000,1.0000,105.062,-1,0,0.0013
10734,3579,3594,0.0000,0.0000,1.0000,105.062,-1,0,0.0015
10735,3580,3581,0.0000,1.0000,0.0000,66.625,-1,0,0.0000
10736,3580,3594,0.0000,0.0000,1.0000,105.062,-1,0,0.0015
10737,3580,3595,0.0000,0.0000,1.0000,105.062,-1,0,0.0018
10738,3581,3582,0.0000,1.0000,0.0000,66.625,-1,0,0.0000
10739,3581,3595,0.0000,0.0000,1.0000,105.062,-1,0,0.0018
10740,3581,3596,0.0000,0.0000,1.0000,105.062,-1,0,0.0021
10741,3582,3583,0.0000,1.0000,0.0000,66.625,-1,0,0.0000
10742,3582,3596,0.0000,0.0000,1.0000,105.062,-1,0,0.0021
10743,3582,3597,0.0000,0.0000,1.0000,105.062,-1,0,0.0024
10744,3583,3584,0.0000,1.0000,0.0000,66.625,-1,0,0.0000
10745,3583,3597,0.0000,0.0000,1.0000,105.062,-1,0,0.0024
10746,3583,3598,0.0000,0.0000,1.0000,105.062,-1,0,0.0025
10747,3584,3585,0.0000,1.0000,0.0000,66.625,-1,0,0.0000
10748,3584,3598,0.0000,0.0000,1.0000,105.062,-1,0,0.0025
10749,3584,3599,0.0000,0.0000,1.0000,105.062,-1,0,0.0026
10750,3585,3586,0.0000,1.0000,0.0000,66.625,-1,0,0.0000
10751,3585,3599,0.0000,0.0000,1.0000,105.062,-1,0,0.0026
10752,3585,3600,0.0000,0.0000,1.0000,105.062,-1,0,0.0026
10753,3586,3587,0.0000,1.0000,0.0000,66.625,-1,0,0.0000
10754,3586,3600,0.0000,0.0000,1.0000,105.062,-1,0,0.0026
10755,3586,3601,0.0000,0.0000,1.0000,105.062,-1,0,0.0023
10756,3587,3588,0.0000,1.0000,0.0000,66.625,-1,0,0.0000
10757,3587,3601,0.0000,0.0000,1.0000,105.062,-1,0,0.0023
10758,3587,3602,0.0000,0.0000,1.0000,105.062,-1,0,0.0021
10759,3588,3589,0.0000,1.0000,0.0000,66.625,-1,0,0.0000
10760,3588,3602,0.0000,0.0000,1.0000,105.062,-1,0,0.0021
10761,3588,3603,0.0000,0.0000,1.0000,105.062,-1,0,0.0017
10762,3589,3590,0.0000,1.0000,0.0000,66.625,-1,0,0.0000
10763,3589,3603,0.0000,0.0000,1.0000,105.062,-1,0,0.0017
10764,3589,3604,0.0000,0.0000,1.0000,105.062,-1,0,0.0013
10765,3590,3591,0.0000,1.0000,0.0000,66.625,-1,0,0.0000
10766,3590,3604,0.0000,0.0000,1.0000,105.062,-1,0,0.0013
10767,3590,3605,0.0000,0.0000,1.0000,105.062,-1,0,0.0010
10768,3591,3592,0.0000,1.0000,0.0000,66.625,-1,0,0.0000
10769,3591,3605,0.0000,0.0000,1.0000,105.062,-1,0,0.0010
10770,3591,3606,0.0000,0.0000,1.0000,105.062,-1,0,0.0008
10771,3592,3606,0.0000,0.0000,1.0000,105.062,-1,0,0.0008
10772,3593,3594,0.0000,1.0000,0.0000,66.625,-1,0,0.0000
10773,3593,3607,0.0000,0.0000,1.0000,105.062,-1,0,0.0012
10774,3593,3608,0.0000,0.0000,1.0000,105.062,-1,0,0.0012
10775,3594,3595,0.0000,1.0000,0.0000,66.625,-1,0,0.0000
10776,3594,3608,0.0000,0.0000,1.0000,105.062,-1,0,0.0012
10777,3594,3609,0.0000,0.0000,1.0000,105.062,-1,0,0.0015
10778,3595,3596,0.0000,1.0000,0.0000,66.625,-1,0,0.0000
10779,3595,3609,0.0000,0.0000,1.0000,105.062,-1,0,0.0015
10780,3595,3610,0.0000,0.0000,1.0000,105.062,-1,0,0.0019
10781,3596,3597,0.0000,1.0000,0.0000,66.625,-1,0,0.0000
10782,3596,3610,0.0000,0.0000,1.0000,105.062,-1,0,0.0019
10783,3596,3611,0.0000,0.0000,1.0000,105.062,-1,0,0.0021
10784,3597,3598,0.0000,1.0000,0.0000,66.625,-1,0,0.0000
10785,3597,3611,0.0000,0.0000,1.0000,105.062,-1,0,0.0021
10786,3597,3612,0.0000,0.0000,1.0000,105.062,-1,0,0.0024
10787,3598,3599,0.0000,1.0000,0.0000,66.625,-1,0,0.0000
10788,3598,3612,0.0000,0.0000,1.0000,105.062,-1,0,0.0024
10789,3598,3613,0.0000,0.0000,1.0000,105.062,-1,0,0.0024
10790,3599,3600,0.0000,1.0000,0.0000,66.625,-1,0,0.0000
10791,3599,3613,0.0000,0.0000,1.0000,105.062,-1,0,0.0024
10792,3599,3614,0.0000,0.0000,1.0000,105.062,-1,0,0.0026
10793,3600,3601,0.0000,1.0000,0.0000,66.625,-1,0,0.0000
10794,3600,3614,0.0000,0.0000,1.0000,105.062,-1,0,0.0026
10795,3600,3615,0.0000,0.0000,1.0000,105.062,-1,0,0.0023
10796,3601,3602,0.0000,1.0000,0.0000,66.625,-1,0,0.0000
10797,3601,3615,0.0000,0.0000,1.0000,105.062,-1,0,0.0023
10798,3601,3616,0.0000,0.0000,1.0000,105.062,-1,0,0.0022
10799,3602,3603,0.0000,1.0000,0.0000,66.625,-1,0,0.0000
10800,3602,3616,0.0000,0.0000,1.0000,105.062,-1,0,0.0022
10801,3602,3617,0.0000,0.0000,1.0000,105.062,-1,0,0.0017
10802,3603,3604,0.0000,1.0000,0.0000,66.625,-1,0,0.0000
10803,3603,3617,0.0000,0.0000,1.0000,105.062,-1,0,0.0017
10804,3603,3618,0.0000,0.0000,1.0000,105.062,-1,0,0.0014
10805,3604,3605,0.0000,1.0000,0.0000,66.625,-1,0,0.0000
10806,3604,3618,0.0000,0.0000,1.0000,105.062,-1,0,0.0014
10807,3604,3619,0.0000,0.0000,1.0000,105.062,-1,0,0.0010
10808,3605,3606,0.0000,1.0000,0.0000,66.625,-1,0,0.0000
10809,3605,3619,0.0000,0.0000,1.0000,105.062,-1,0,0.0010
10810,3605,3620,0.0000,0.0000,1.0000,105.062,-1,0,0.0007
10811,3606,3620,0.0000,0.0000,1.0000,105.062,-1,0,0.0007
10812,3606,3621,0.0000,0.0000,1.0000,105.062,-1,0,0.0007
10813,3607,3608,0.0000,1.0000,0.0000,66.625,-1,0,0.0000
10814,3607,3622,0.0000,0.0000,1.0000,105.062,-1,0,0.0010
10815,3608,3609,0.0000,1.0000,0.0000,66.625,-1,0,0.0000
10816,3608,3622,0.0000,0.0000,1.0000,220.375,-1,0,0.0010
10817,3609,3610,0.0000,1.0000,0.0000,66.625,-1,0,0.0000
10818,3609,3622,0.0000,0.0000,1.0000,105.062,-1,0,0.0010
10819,3609,3623,0.0000,0.0000,1.0000,105.062,-1,0,0.0017
10820,3610,3611,0.0000,1.0000,0.0000,66.625,-1,0,0.0000
10821,3610,3623,0.0000,0.0000,1.0000,220.375,-1,0,0.0017
10822,3611,3612,0.0000,1.0000,0.0000,66.625,-1,0,0.0000
10823,3611,3623,0.0000,0.0000,1.0000,105.062,-1,0,0.0017
10824,3611,3624,0.0000,0.0000,1.0000,105.062,-1,0,0.0022
10825,3612,3613,0.0000,1.0000,0.0000,66.625,-1,0,0.0000
10826,3612,3624,0.0000,0.0000,1.0000,220.375,-1,0,0.0022
10827,3613,3614,0.0000,1.0000,0.0000,66.625,-1,0,0.0000
10828,3613,3624,0.0000,0.0000,1.0000,105.062,-1,0,0.0022
10829,3613,3625,0.0000,0.0000,1.0000,105.062,-1,0,0.0023
10830,3614,3615,0.0000,1.0000,0.0000,66.625,-1,0,0.0000
10831,3614,3625,0.0000,0.0000,1.0000,220.375,-1,0,0.0023
10832,3615,3616,0.0000,1.0000,0.0000,66.625,-1,0,0.0000
10833,3615,3625,0.0000,0.0000,1.0000,105.062,-1,0,0.0023
10834,3615,3626,0.0000,0.0000,1.0000,105.062,-1,0,0.0019
10835,3616,3617,0.0000,1.0000,0.0000,66.625,-1,0,0.0000
10836,3616,3626,0.0000,0.0000,1.0000,220.375,-1,0,0.0019
10837,3617,3618,0.0000,1.0000,0.0000,66.625,-1,0,0.0000
10838,3617,3626,0.0000,0.0000,1.0000,105.062,-1,0,0.0019
10839,3617,3627,0.0000,0.0000,1.0000,105.062,-1,0,0.0012
10840,3618,3619,0.0000,1.0000,0.0000,66.625,-1,0,0.0000
10841,3618,3627,0.0000,0.0000,1.0000,220.375,-1,0,0.0012
10842,3619,3620,0.0000,1.0000,0.0000,66.625,-1,0,0.0000
10843,3619,3627,0.0000,0.0000,1.0000,105.062,-1,0,0.0012
10844,3619,3628,0.0000,0.0000,1.0000,105.062,-1,0,0.0005
10845,3620,3621,0.0000,1.0000,0.0000,66.625,-1,0,0.0000
10846,3620,3628,0.0000,0.0000,1.0000,220.375,-1,0,0.0005
10847,3621,3628,0.0000,0.0000,1.0000,105.062,-1,0,0.0005
10848,3622,3623,0.0000,1.0000,0.0000,143.500,-1,0,0.0000
10849,3622,5015,0.0000,0.0000,1.0000,105.062,-1,0,0.0008
10850,3622,5016,0.0000,0.0000,1.0000,220.375,-1,0,0.0012
10851,3622,5223,0.0000,0.0000,1.0000,105.062,-1,0,0.0000
10852,3623,3624,0.0000,1.0000,0.0000,143.500,-1,0,0.0000
10853,3623,5017,0.0000,0.0000,1.0000,220.375,-1,0,0.0014
10854,3623,5018,0.0000,0.0000,1.0000,220.375,-1,0,0.0016
10855,3624,3625,0.0000,1.0000,0.0000,143.500,-1,0,0.0000
10856,3624,5019,0.0000,0.0000,1.0000,220.375,-1,0,0.0018
10857,3624,5020,0.0000,0.0000,1.0000,220.375,-1,0,0.0020
10858,3625,3626,0.0000,1.0000,0.0000,143.500,-1,0,0.0000
10859,3625,5021,0.0000,0.0000,1.0000,220.375,-1,0,0.0020
10860,3625,5022,0.0000,0.0000,1.0000,220.375,-1,0,0.0020
10861,3626,3627,0.0000,1.0000,0.0000,143.500,-1,0,0.0000
10862,3626,5023,0.0000,0.0000,1.0000,220.375,-1,0,0.0020
10863,3626,5024,0.0000,0.0000,1.0000,220.375,-1,0,0.0017
10864,3627,3628,0.0000,1.0000,0.0000,143.500,-1,0,0.0000
10865,3627,5025,0.0000,0.0000,1.0000,220.375,-1,0,0.0013
10866,3627,5026,0.0000,0.0000,1.0000,220.375,-1,0,0.0009
10867,3628,5027,0.0000,0.0000,1.0000,220.375,-1,0,0.0004
10868,3628,5028,0.0000,0.0000,1.0000,105.062,1,2,-1.0000
10869,3628,5224,0.0000,0.0000,1.0000,105.062,1,2,-1.0000
10870,3629,3630,0.0000,1.0000,0.0000,143.500,-1,0,0.0000
10871,5250,3629,-1.0000,0.0000,0.0000,66.625,-1,0,0.0000
10872,5251,3629,-1.0000,0.0000,0.0000,66.625,-1,0,0.0000
10873,3629,5252,1.0000,0.0000,0.0000,139.750,-1,0,0.0000
10874,3629,3633,0.0000,0.0000,1.0000,220.375,-1,0,0.0047
10875,3629,3634,0.0000,0.0000,1.0000,220.375,-1,0,0.0048
10876,3630,3635,0.0000,0.0000,1.0000,220.375,-1,0,0.0048
10877,3630,3636,0.0000,0.0000,1.0000,220.375,-1,0,0.0048
10878,3631,3632,0.0000,1.0000,0.0000,143.500,-1,0,0.0000
10879,3631,3637,0.0000,0.0000,1.0000,220.375,-1,0,0.0048
10880,3631,3638,0.0000,0.0000,1.0000,220.375,-1,0,0.0048
10881,5431,3632,-1.0000,0.0000,0.0000,66.625,-1,0,0.0000
10882,5432,3632,-1.0000,0.0000,0.0000,66.625,-1,0,0.0000
10883,3632,5433,1.0000,0.0000,0.0000,139.750,-1,0,0.0000
10884,3632,3639,0.0000,0.0000,1.0000,220.375,-1,0,0.0048
10885,3632,3640,0.0000,0.0000,1.0000,220.375,-1,0,0.0047
10886,3633,3634,0.0000,1.0000,0.0000,66.625,-1,0,0.0000
10887,3633,3641,0.0000,0.0000,1.0000,105.062,-1,0,0.0047
10888,3633,3642,0.0000,0.0000,1.0000,105.062,-1,0,0.0048
10889,3634,3635,0.0000,1.0000,0.0000,66.625,-1,0,0.0000
10890,3634,3642,0.0000,0.0000,1.0000,105.062,-1,0,0.0048
10891,3634,3643,0.0000,0.0000,1.0000,105.062,-1,0,0.0048
10892,3634,5254,1.0000,0.0000,0.0000,66.625,-1,0,0.0000
10893,3634,5255,1.0000,0.0000,0.0000,66.625,-1,0,0.0000
10894,3635,3636,0.0000,1.0000,0.0000,66.625,-1,0,0.0000
10895,3635,3643,0.0000,0.0000,1.0000,105.062,-1,0,0.0048
10896,3635,3644,0.0000,0.0000,1.0000,105.062,-1,0,0.0049
10897,3636,3644,0.0000,0.0000,1.0000,105.062,-1,0,0.0049
10898,3636,3645,0.0000,0.0000,1.0000,105.062,-1,0,0.0049
10899,3637,3638,0.0000,1.0000,0.0000,66.625,-1,0,0.0000
10900,3637,3646,0.0000,0.0000,1.0000,105.062,-1,0,0.0049
10901,3637,3647,0.0000,0.0000,1.0000,105.062,-1,0,0.0049
10902,3638,3639,0.0000,1.0000,0.0000,66.625,-1,0,0.0000
10903,3638,3647,0.0000,0.0000,1.0000,105.062,-1,0,0.0049
10904,3638,3648,0.0000,0.0000,1.0000,105.062,-1,0,0.0048
10905,3639,3640,0.0000,1.0000,0.0000,66.625,-1,0,0.0000
10906,3639,3648,0.0000,0.0000,1.0000,105.062,-1,0,0.0048
10907,3639,3649,0.0000,0.0000,1.0000,105.062,-1,0,0.0048
10908,3639,5435,1.0000,0.0000,0.0000,66.625,-1,0,0.0000
10909,3639,5436,1.0000,0.0000,0.0000,66.625,-1,0,0.0000
10910,3640,3649,0.0000,0.0000,1.0000,105.062,-1,0,0.0048
10911,3640,3650,0.0000,0.0000,1.0000,105.062,-1,0,0.0047
10912,3641,3642,0.0000,1.0000,0.0000,66.625,-1,0,0.0000
10913,3641,3651,0.0000,0.0000,1.0000,105.062,-1,0,0.0046
10914,3642,3643,0.0000,1.0000,0.0000,66.625,-1,0,0.0000
10915,3642,5256,1.0000,0.0000,0.0000,66.625,-1,0,0.0000
10916,3642,3651,0.0000,0.0000,1.0000,105.062,-1,0,0.0046
10917,3642,3652,0.0000,0.0000,1.0000,105.062,-1,0,0.0047
10918,3643,3644,0.0000,1.0000,0.0000,66.625,-1,0,0.0000
10919,3643,5256,1.0000,0.0000,0.0000,66.625,-1,0,0.0000
10920,3643,3652,0.0000,0.0000,1.0000,105.062,-1,0,0.0047
10921,3643,3653,0.0000,0.0000,1.0000,105.062,-1,0,0.0048
10922,3644,3645,0.0000,1.0000,0.0000,66.625,-1,0,0.0000
10923,3644,3653,0.0000,0.0000,1.0000,105.062,-1,0,0.0048
10924,3644,3654,0.0000,0.0000,1.0000,105.062,-1,0,0.0048
10925,3645,3654,0.0000,0.0000,1.0000,105.062,-1,0,0.0048
10926,3646,3647,0.0000,1.0000,0.0000,66.625,-1,0,0.0000
10927,3646,3655,0.0000,0.0000,1.0000,105.062,-1,0,0.0048
10928,3647,3648,0.0000,1.0000,0.0000,66.625,-1,0,0.0000
10929,3647,3655,0.0000,0.0000,1.0000,105.062,-1,0,0.0048
10930,3647,3656,0.0000,0.0000,1.0000,105.062,-1,0,0.0048
10931,3648,3649,0.0000,1.0000,0.0000,66.625,-1,0,0.0000
10932,3648,5437,1.0000,0.0000,0.0000,66.625,-1,0,0.0000
10933,3648,3656,0.0000,0.0000,1.0000,105.062,-1,0,0.0048
10934,3648,3657,0.0000,0.0000,1.0000,105.062,-1,0,0.0047
10935,3649,3650,0.0000,1.0000,0.0000,66.625,-1,0,0.0000
10936,3649,5437,1.0000,0.0000,0.0000,66.625,-1,0,0.0000
10937,3649,3657,0.0000,0.0000,1.0000,105.062,-1,0,0.0047
10938,3649,3658,0.0000,0.0000,1.0000,105.062,-1,0,0.0046
10939,3650,3658,0.0000,0.0000,1.0000,105.062,-1,0,0.0046
10940,3651,3652,0.0000,1.0000,0.0000,66.625,-1,0,0.0000
10941,3651,3659,0.0000,0.0000,1.0000,105.062,-1,0,0.0044
10942,3651,3660,0.0000,0.0000,1.0000,105.062,-1,0,0.0045
10943,3652,3653,0.0000,1.0000,0.0000,66.625,-1,0,0.0000
10944,3652,3660,0.0000,0.0000,1.0000,105.062,-1,0,0.0045
10945,3652,3661,0.0000,0.0000,1.0000,105.062,-1,0,0.0046
10946,3652,5258,1.0000,0.0000,0.0000,66.625,-1,0,0.0000
10947,3652,5259,1.0000,0.0000,0.0000,66.625,-1,0,0.0000
10948,3653,3654,0.0000,1.0000,0.0000,66.625,-1,0,0.0000
10949,3653,3661,0.0000,0.0000,1.0000,105.062,-1,0,0.0046
10950,3653,3662,0.0000,0.0000,1.0000,105.062,-1,0,0.0047
10951,3654,3662,0.0000,0.0000,1.0000,105.062,-1,0,0.0047
10952,3654,3663,0.0000,0.0000,1.0000,105.062,-1,0,0.0047
10953,3655,3656,0.0000,1.0000,0.0000,66.625,-1,0,0.0000
10954,3655,3664,0.0000,0.0000,1.0000,105.062,-1,0,0.0047
10955,3655,3665,0.0000,0.0000,1.0000,105.062,-1,0,0.0047
10956,3656,3657,0.0000,1.0000,0.0000,66.625,-1,0,0.0000
10957,3656,3665,0.0000,0.0000,1.0000,105.062,-1,0,0.0047
10958,3656,3666,0.0000,0.0000,1.0000,105.062,-1,0,0.0046
10959,3657,3658,0.0000,1.0000,0.0000,66.625,-1,0,0.0000
10960,3657,3666,0.0000,0.0000,1.0000,105.062,-1,0,0.0046
10961,3657,3667,0.0000,0.0000,1.0000,105.062,-1,0,0.0045
10962,3657,5439,1.0000,0.0000,0.0000,66.625,-1,0,0.0000
10963,3657,5440,1.0000,0.0000,0.0000,66.625,-1,0,0.0000
10964,3658,3667,0.0000,0.0000,1.0000,105.062,-1,0,0.0045
10965,3658,3668,0.0000,0.0000,1.0000,105.062,-1,0,0.0044
10966,3659,3660,0.0000,1.0000,0.0000,66.625,-1,0,0.0000
10967,3659,3669,0.0000,0.0000,1.0000,105.062,-1,0,0.0043
10968,3660,3661,0.0000,1.0000,0.0000,66.625,-1,0,0.0000
10969,3660,5260,1.0000,0.0000,0.0000,66.625,-1,0,0.0000
10970,3660,3669,0.0000,0.0000,1.0000,105.062,-1,0,0.0043
10971,3660,3670,0.0000,0.0000,1.0000,105.062,-1,0,0.0044
10972,3661,3662,0.0000,1.0000,0.0000,66.625,-1,0,0.0000
10973,3661,5260,1.0000,0.0000,0.0000,66.625,-1,0,0.0000
10974,3661,3670,0.0000,0.0000,1.0000,105.062,-1,0,0.0044
10975,3661,3671,0.0000,0.0000,1.0000,105.062,-1,0,0.0045
10976,3662,3663,0.0000,1.0000,0.0000,66.625,-1,0,0.0000
10977,3662,3671,0.0000,0.0000,1.0000,105.062,-1,0,0.0045
10978,3662,3672,0.0000,0.0000,1.0000,105.062,-1,0,0.0046
10979,3663,3672,0.0000,0.0000,1.0000,105.062,-1,0,0.0046
10980,3664,3665,0.0000,1.0000,0.0000,66.625,-1,0,0.0000
10981,3664,3673,0.0000,0.0000,1.0000,105.062,-1,0,0.0046
10982,3665,3666,0.0000,1.0000,0.0000,66.625,-1,0,0.0000
10983,3665,3673,0.0000,0.0000,1.0000,105.062,-1,0,0.0046
10984,3665,3674,0.0000,0.0000,1.0000,105.062,-1,0,0.0045
10985,3666,3667,0.0000,1.0000,0.0000,66.625,-1,0,0.0000
10986,3666,5441,1.0000,0.0000,0.0000,66.625,-1,0,0.0000
10987,3666,3674,0.0000,0.0000,1.0000,105.062,-1,0,0.0045
10988,3666,3675,0.0000,0.0000,1.0000,105.062,-1,0,0.0044
10989,3667,3668,0.0000,1.0000,0.0000,66.625,-1,0,0.0000
10990,3667,5441,1.0000,0.0000,0.0000,66.625,-1,0,0.0000
10991,3667,3675,0.0000,0.0000,1.0000,105.062,-1,0,0.0044
10992,3667,3676,0.0000,0.0000,1.0000,105.062,-1,0,0.0043
10993,3668,3676,0.0000,0.0000,1.0000,105.062,-1,0,0.0043
10994,3669,3670,0.0000,1.0000,0.0000,66.625,-1,0,0.0000
10995,3669,3677,0.0000,0.0000,1.0000,105.062,-1,0,0.0042
10996,3669,3678,0.0000,0.0000,1.0000,105.062,-1,0,0.0042
10997,3670,3671,0.0000,1.0000,0.0000,66.625,-1,0,0.0000
10998,3670,3678,0.0000,0.0000,1.0000,105.062,-1,0,0.0042
10999,3670,3679,0.0000,0.0000,1.0000,105.062,-1,0,0.0043
11000,3670,5262,1.0000,0.0000,0.0000,66.625,-1,0,0.0000
11001,3670,5263,1.0000,0.0000,0.0000,66.625,-1,0,0.0000
11002,3671,3672,0.0000,1.0000,0.0000,66.625,-1,0,0.0000
11003,3671,3679,0.0000,0.0000,1.0000,105.062,-1,0,0.0043
11004,3671,3680,0.0000,0.0000,1.0000,105.062,-1,0,0.0044
11005,3672,3680,0.0000,0.0000,1.0000,105.062,-1,0,0.0044
11006,3672,3681,0.0000,0.0000,1.0000,105.062,-1,0,0.0045
11007,3673,3674,0.0000,1.0000,0.0000,66.625,-1,0,0.0000
11008,3673,3682,0.0000,0.0000,1.0000,105.062,-1,0,0.0045
11009,3673,3683,0.0000,0.0000,1.0000,105.062,-1,0,0.0044
11010,3674,3675,0.0000,1.0000,0.0000,66.625,-1,0,0.0000
11011,3674,3683,0.0000,0.0000,1.0000,105.062,-1,0,0.0044
11012,3674,3684,0.0000,0.0000,1.0000,105.062,-1,0,0.0043
11013,3675,3676,0.0000,1.0000,0.0000,66.625,-1,0,0.0000
11014,3675,3684,0.0000,0.0000,1.0000,105.062,-1,0,0.0043
11015,3675,3685,0.0000,0.0000,1.0000,105.062,-1,0,0.0042
11016,3675,5443,1.0000,0.0000,0.0000,66.625,-1,0,0.0000
11017,3675,5444,1.0000,0.0000,0.0000,66.625,-1,0,0.0000
11018,3676,3685,0.0000,0.0000,1.0000,105.062,-1,0,0.0042
11019,3676,3686,0.0000,0.0000,1.0000,105.062,-1,0,0.0042
11020,3677,3678,0.0000,1.0000,0.0000,66.625,-1,0,0.0000
11021,3677,3687,0.0000,0.0000,1.0000,105.062,-1,0,0.0040
11022,3678,3679,0.0000,1.0000,0.0000,66.625,-1,0,0.0000
11023,3678,5264,1.0000,0.0000,0.0000,66.625,-1,0,0.0000
11024,3678,3687,0.0000,0.0000,1.0000,105.062,-1,0,0.0040
11025,3678,3688,0.0000,0.0000,1.0000,105.062,-1,0,0.0041
11026,3679,3680,0.0000,1.0000,0.0000,66.625,-1,0,0.0000
11027,3679,5264,1.0000,0.0000,0.0000,66.625,-1,0,0.0000
11028,3679,3688,0.0000,0.0000,1.0000,105.062,-1,0,0.0041
11029,3679,3689,0.0000,0.0000,1.0000,105.062,-1,0,0.0043
11030,3680,3681,0.0000,1.0000,0.0000,66.625,-1,0,0.0000
11031,3680,3689,0.0000,0.0000,1.0000,105.062,-1,0,0.0043
11032,3680,3690,0.0000,0.0000,1.0000,105.062,-1,0,0.0043
11033,3681,3690,0.0000,0.0000,1.0000,105.062,-1,0,0.0043
11034,3682,3683,0.0000,1.0000,0.0000,66.625,-1,0,0.0000
11035,3682,3691,0.0000,0.0000,1.0000,105.062,-1,0,0.0044
11036,3683,3684,0.0000,1.0000,0.0000,66.625,-1,0,0.0000
11037,3683,3691,0.0000,0.0000,1.0000,105.062,-1,0,0.0044
11038,3683,3692,0.0000,0.0000,1.0000,105.062,-1,0,0.0043
11039,3684,3685,0.0000,1.0000,0.0000,66.625,-1,0,0.0000
11040,3684,5445,1.0000,0.0000,0.0000,66.625,-1,0,0.0000
11041,3684,3692,0.0000,0.0000,1.0000,105.062,-1,0,0.0043
11042,3684,3693,0.0000,0.0000,1.0000,105.062,-1,0,0.0041
11043,3685,3686,0.0000,1.0000,0.0000,66.625,-1,0,0.0000
11044,3685,5445,1.0000,0.0000,0.0000,66.625,-1,0,0.0000
11045,3685,3693,0.0000,0.0000,1.0000,105.062,-1,0,0.0041
11046,3685,3694,0.0000,0.0000,1.0000,105.062,-1,0,0.0041
11047,3686,3694,0.0000,0.0000,1.0000,105.062,-1,0,0.0041
11048,3687,3688,0.0000,1.0000,0.0000,66.625,-1,0,0.0000
11049,3687,3695,0.0000,0.0000,1.0000,105.062,-1,0,0.0039
11050,3687,3696,0.0000,0.0000,1.0000,105.062,-1,0,0.0039
11051,3688,3689,0.0000,1.0000,0.0000,66.625,-1,0,0.0000
11052,3688,3696,0.0000,0.0000,1.0000,105.062,-1,0,0.0039
11053,3688,3697,0.0000,0.0000,1.0000,105.062,-1,0,0.0041
11054,3688,5266,1.0000,0.0000,0.0000,66.625,-1,0,0.0000
11055,3688,5267,1.0000,0.0000,0.0000,66.625,-1,0,0.0000
11056,3689,3690,0.0000,1.0000,0.0000,66.625,-1,0,0.0000
11057,3689,3697,0.0000,0.0000,1.0000,105.062,-1,0,0.0041
11058,3689,3698,0.0000,0.0000,1.0000,105.062,-1,0,0.0042
11059,3690,3698,0.0000,0.0000,1.0000,105.062,-1,0,0.0042
11060,3690,3699,0.0000,0.0000,1.0000,105.062,-1,0,0.0042
11061,3691,3692,0.0000,1.0000,0.0000,66.625,-1,0,0.0000
11062,3691,3700,0.0000,0.0000,1.0000,105.062,-1,0,0.0042
11063,3691,3701,0.0000,0.0000,1.0000,105.062,-1,0,0.0042
11064,3692,3693,0.0000,1.0000,0.0000,66.625,-1,0,0.0000
11065,3692,3701,0.0000,0.0000,1.0000,105.062,-1,0,0.0042
11066,3692,3702,0.0000,0.0000,1.0000,105.062,-1,0,0.0041
11067,3693,3694,0.0000,1.0000,0.0000,66.625,-1,0,0.0000
11068,3693,3702,0.0000,0.0000,1.0000,105.062,-1,0,0.0041
11069,3693,3703,0.0000,0.0000,1.0000,105.062,-1,0,0.0040
11070,3693,5447,1.0000,0.0000,0.0000,66.625,-1,0,0.0000
11071,3693,5448,1.0000,0.0000,0.0000,66.625,-1,0,0.0000
11072,3694,3703,0.0000,0.0000,1.0000,105.062,-1,0,0.0040
11073,3694,3704,0.0000,0.0000,1.0000,105.062,-1,0,0.0039
11074,3695,3696,0.0000,1.0000,0.0000,66.625,-1,0,0.0000
11075,3695,3705,0.0000,0.0000,1.0000,105.062,-1,0,0.0038
11076,3696,3697,0.0000,1.0000,0.0000,66.625,-1,0,0.0000
11077,3696,5268,1.0000,0.0000,0.0000,66.625,-1,0,0.0000
11078,3696,3705,0.0000,0.0000,1.0000,105.062,-1,0,0.0038
11079,3696,3706,0.0000,0.0000,1.0000,105.062,-1,0,0.0039
11080,3697,3698,0.0000,1.0000,0.0000,66.625,-1,0,0.0000
11081,3697,5268,1.0000,0.0000,0.0000,66.625,-1,0,0.0000
11082,3697,3706,0.0000,0.0000,1.0000,105.062,-1,0,0.0039
11083,3697,3707,0.0000,0.0000,1.0000,105.062,-1,0,0.0040
11084,3698,3699,0.0000,1.0000,0.0000,66.625,-1,0,0.0000
11085,3698,3707,0.0000,0.0000,1.0000,105.062,-1,0,0.0040
11086,3698,3708,0.0000,0.0000,1.0000,105.062,-1,0,0.0041
11087,3699,3708,0.0000,0.0000,1.0000,105.062,-1,0,0.0041
11088,3700,3701,0.0000,1.0000,0.0000,66.625,-1,0,0.0000
11089,3700,3709,0.0000,0.0000,1.0000,105.062,-1,0,0.0041
11090,3701,3702,0.0000,1.0000,0.0000,66.625,-1,0,0.0000
11091,3701,3709,0.0000,0.0000,1.0000,105.062,-1,0,0.0041
11092,3701,3710,0.0000,0.0000,1.0000,105.062,-1,0,0.0040
11093,3702,3703,0.0000,1.0000,0.0000,66.625,-1,0,0.0000
11094,3702,5449,1.0000,0.0000,0.0000,66.625,-1,0,0.0000
11095,3702,3710,0.0000,0.0000,1.0000,105.062,-1,0,0.0040
11096,3702,3711,0.0000,0.0000,1.0000,105.062,-1,0,0.0039
11097,3703,3704,0.0000,1.0000,0.0000,66.625,-1,0,0.0000
11098,3703,5449,1.0000,0.0000,0.0000,66.625,-1,0,0.0000
11099,3703,3711,0.0000,0.0000,1.0000,105.062,-1,0,0.0039
11100,3703,3712,0.0000,0.0000,1.0000,105.062,-1,0,0.0038
11101,3704,3712,0.0000,0.0000,1.0000,105.062,-1,0,0.0038
11102,3705,3706,0.0000,1.0000,0.0000,66.625,-1,0,0.0000
11103,3705,3713,0.0000,0.0000,1.0000,105.062,-1,0,0.0036
11104,3705,3714,0.0000,0.0000,1.0000,105.062,-1,0,0.0037
11105,3706,3707,0.0000,1.0000,0.0000,66.625,-1,0,0.0000
11106,3706,3714,0.0000,0.0000,1.0000,105.062,-1,0,0.0037
11107,3706,3715,0.0000,0.0000,1.0000,105.062,-1,0,0.0038
11108,3706,5270,1.0000,0.0000,0.0000,66.625,-1,0,0.0000
11109,3706,5271,1.0000,0.0000,0.0000,66.625,-1,0,0.0000
11110,3707,3708,0.0000,1.0000,0.0000,66.625,-1,0,0.0000
11111,3707,3715,0.0000,0.0000,1.0000,105.062,-1,0,0.0038
11112,3707,3716,0.0000,0.0000,1.0000,105.062,-1,0,0.0040
11113,3708,3716,0.0000,0.0000,1.0000,105.062,-1,0,0.0040
11114,3708,3717,0.0000,0.0000,1.0000,105.062,-1,0,0.0040
11115,3709,3710,0.0000,1.0000,0.0000,66.625,-1,0,0.0000
11116,3709,3718,0.0000,0.0000,1.0000,105.062,-1,0,0.0040
11117,3709,3719,0.0000,0.0000,1.0000,105.062,-1,0,0.0040
11118,3710,3711,0.0000,1.0000,0.0000,66.625,-1,0,0.0000
11119,3710,3719,0.0000,0.0000,1.0000,105.062,-1,0,0.0040
11120,3710,3720,0.0000,0.0000,1.0000,105.062,-1,0,0.0038
11121,3711,3712,0.0000,1.0000,0.0000,66.625,-1,0,0.0000
11122,3711,3720,0.0000,0.0000,1.0000,105.062,-1,0,0.0038
11123,3711,3721,0.0000,0.0000,1.0000,105.062,-1,0,0.0037
11124,3711,5451,1.0000,0.0000,0.0000,66.625,-1,0,0.0000
11125,3711,5452,1.0000,0.0000,0.0000,66.625,-1,0,0.0000
11126,3712,3721,0.0000,0.0000,1.0000,105.062,-1,0,0.0037
11127,3712,3722,0.0000,0.0000,1.0000,105.062,-1,0,0.0036
11128,3713,3714,0.0000,1.0000,0.0000,66.625,-1,0,0.0000
11129,3713,3723,0.0000,0.0000,1.0000,105.062,-1,0,0.0035
11130,3714,3715,0.0000,1.0000,0.0000,66.625,-1,0,0.0000
11131,3714,5272,1.0000,0.0000,0.0000,66.625,-1,0,0.0000
11132,3714,3723,0.0000,0.0000,1.0000,105.062,-1,0,0.0035
11133,3714,3724,0.0000,0.0000,1.0000,105.062,-1,0,0.0036
11134,3715,3716,0.0000,1.0000,0.0000,66.625,-1,0,0.0000
11135,3715,5272,1.0000,0.0000,0.0000,66.625,-1,0,0.0000
11136,3715,3724,0.0000,0.0000,1.0000,105.062,-1,0,0.0036
11137,3715,3725,0.0000,0.0000,1.0000,105.062,-1,0,0.0038
11138,3716,3717,0.0000,1.0000,0.0000,66.625,-1,0,0.0000
11139,3716,3725,0.0000,0.0000,1.0000,105.062,-1,0,0.0038
11140,3716,3726,0.0000,0.0000,1.0000,105.062,-1,0,0.0039
11141,3717,3726,0.0000,0.0000,1.0000,105.062,-1,0,0.0039
11142,3718,3719,0.0000,1.0000,0.0000,66.625,-1,0,0.0000
11143,3718,3727,0.0000,0.0000,1.0000,105.062,-1,0,0.0039
11144,3719,3720,0.0000,1.0000,0.0000,66.625,-1,0,0.0000
11145,3719,3727,0.0000,0.0000,1.0000,105.062,-1,0,0.0039
11146,3719,3728,0.0000,0.0000,1.0000,105.062,-1,0,0.0038
11147,3720,3721,0.0000,1.0000,0.0000,66.625,-1,0,0.0000
11148,3720,5453,1.0000,0.0000,0.0000,66.625,-1,0,0.0000
11149,3720,3728,0.0000,0.0000,1.0000,105.062,-1,0,0.0038
11150,3720,3729,0.0000,0.0000,1.0000,105.062,-1,0,0.0036
11151,3721,3722,0.0000,1.0000,0.0000,66.625,-1,0,0.0000
11152,3721,5453,1.0000,0.0000,0.0000,66.625,-1,0,0.0000
11153,3721,3729,0.0000,0.0000,1.0000,105.062,-1,0,0.0036
11154,3721,3730,0.0000,0.0000,1.0000,105.062,-1,0,0.0035
11155,3722,3730,0.0000,0.0000,1.0000,105.062,-1,0,0.0035
11156,3723,3724,0.0000,1.0000,0.0000,66.625,-1,0,0.0000
11157,3723,3731,0.0000,0.0000,1.0000,105.062,-1,0,0.0033
11158,3723,3732,0.0000,0.0000,1.0000,105.062,-1,0,0.0034
11159,3724,3725,0.0000,1.0000,0.0000,66.625,-1,0,0.0000
11160,3724,3732,0.0000,0.0000,1.0000,105.062,-1,0,0.0034
11161,3724,3733,0.0000,0.0000,1.0000,105.062,-1,0,0.0036
11162,3724,5274,1.0000,0.0000,0.0000,66.625,-1,0,0.0000
11163,3724,5275,1.0000,0.0000,0.0000,66.625,-1,0,0.0000
11164,3725,3726,0.0000,1.0000,0.0000,66.625,-1,0,0.0000
11165,3725,3733,0.0000,0.0000,1.0000,105.062,-1,0,0.0036
11166,3725,3734,0.0000,0.0000,1.0000,105.062,-1,0,0.0037
11167,3726,3734,0.0000,0.0000,1.0000,105.062,-1,0,0.0037
11168,3726,3735,0.0000,0.0000,1.0000,105.062,-1,0,0.0038
11169,3727,3728,0.0000,1.0000,0.0000,66.625,-1,0,0.0000
11170,3727,3736,0.0000,0.0000,1.0000,105.062,-1,0,0.0038
11171,3727,3737,0.0000,0.0000,1.0000,105.062,-1,0,0.0037
11172,3728,3729,0.0000,1.0000,0.0000,66.625,-1,0,0.0000
11173,3728,3737,0.0000,0.0000,1.0000,105.062,-1,0,0.0037
11174,3728,3738,0.0000,0.0000,1.0000,105.062,-1,0,0.0036
11175,3729,3730,0.0000,1.0000,0.0000,66.625,-1,0,0.0000
11176,3729,3738,0.0000,0.0000,1.0000,105.062,-1,0,0.0036
11177,3729,3739,0.0000,0.0000,1.0000,105.062,-1,0,0.0034
11178,3729,5455,1.0000,0.0000,0.0000,66.625,-1,0,0.0000
11179,3729,5456,1.0000,0.0000,0.0000,66.625,-1,0,0.0000
11180,3730,3739,0.0000,0.0000,1.0000,105.062,-1,0,0.0034
11181,3730,3740,0.0000,0.0000,1.0000,105.062,-1,0,0.0033
11182,3731,3732,0.0000,1.0000,0.0000,66.625,-1,0,0.0000
11183,3731,3741,0.0000,0.0000,1.0000,105.062,-1,0,0.0032
11184,3732,3733,0.0000,1.0000,0.0000,66.625,-1,0,0.0000
11185,3732,5276,1.0000,0.0000,0.0000,66.625,-1,0,0.0000
11186,3732,3741,0.0000,0.0000,1.0000,105.062,-1,0,0.0032
11187,3732,3742,0.0000,0.0000,1.0000,105.062,-1,0,0.0033
11188,3733,3734,0.0000,1.0000,0.0000,66.625,-1,0,0.0000
11189,3733,5276,1.0000,0.0000,0.0000,66.625,-1,0,0.0000
11190,3733,3742,0.0000,0.0000,1.0000,105.062,-1,0,0.0033
11191,3733,3743,0.0000,0.0000,1.0000,105.062,-1,0,0.0035
11192,3734,3735,0.0000,1.0000,0.0000,66.625,-1,0,0.0000
11193,3734,3743,0.0000,0.0000,1.0000,105.062,-1,0,0.0035
11194,3734,3744,0.0000,0.0000,1.0000,105.062,-1,0,0.0037
11195,3735,3744,0.0000,0.0000,1.0000,105.062,-1,0,0.0037
11196,3736,3737,0.0000,1.0000,0.0000,66.625,-1,0,0.0000
11197,3736,3745,0.0000,0.0000,1.0000,105.062,-1,0,0.0037
11198,3737,3738,0.0000,1.0000,0.0000,66.625,-1,0,0.0000
11199,3737,3745,0.0000,0.0000,1.0000,105.062,-1,0,0.0037
11200,3737,3746,0.0000,0.0000,1.0000,105.062,-1,0,0.0035
11201,3738,3739,0.0000,1.0000,0.0000,66.625,-1,0,0.0000
11202,3738,5457,1.0000,0.0000,0.0000,66.625,-1,0,0.0000
11203,3738,3746,0.0000,0.0000,1.0000,105.062,-1,0,0.0035
11204,3738,3747,0.0000,0.0000,1.0000,105.062,-1,0,0.0033
11205,3739,3740,0.0000,1.0000,0.0000,66.625,-1,0,0.0000
11206,3739,5457,1.0000,0.0000,0.0000,66.625,-1,0,0.0000
11207,3739,3747,0.0000,0.0000,1.0000,105.062,-1,0,0.0033
11208,3739,3748,0.0000,0.0000,1.0000,105.062,-1,0,0.0032
11209,3740,3748,0.0000,0.0000,1.0000,105.062,-1,0,0.0032
11210,3741,3742,0.0000,1.0000,0.0000,66.625,-1,0,0.0000
11211,3741,3749,0.0000,0.0000,1.0000,105.062,-1,0,0.0030
11212,3741,3750,0.0000,0.0000,1.0000,105.062,-1,0,0.0031
11213,3742,3743,0.0000,1.0000,0.0000,66.625,-1,0,0.0000
11214,3742,5278,1.0000,0.0000,0.0000,66.625,-1,0,0.0000
11215,3742,5279,1.0000,0.0000,0.0000,66.625,-1,0,0.0000
11216,3742,3750,0.0000,0.0000,1.0000,105.062,-1,0,0.0031
11217,3742,3751,0.0000,0.0000,1.0000,105.062,-1,0,0.0033
11218,3743,3744,0.0000,1.0000,0.0000,66.625,-1,0,0.0000
11219,3743,3751,0.0000,0.0000,1.0000,105.062,-1,0,0.0033
11220,3743,3752,0.0000,0.0000,1.0000,105.062,-1,0,0.0035
11221,3744,3752,0.0000,0.0000,1.0000,105.062,-1,0,0.0035
11222,3744,3753,0.0000,0.0000,1.0000,105.062,-1,0,0.0036
11223,3745,3746,0.0000,1.0000,0.0000,66.625,-1,0,0.0000
11224,3745,3754,0.0000,0.0000,1.0000,105.062,-1,0,0.0036
11225,3745,3755,0.0000,0.0000,1.0000,105.062,-1,0,0.0035
11226,3746,3747,0.0000,1.0000,0.0000,66.625,-1,0,0.0000
11227,3746,3755,0.0000,0.0000,1.0000,105.062,-1,0,0.0035
11228,3746,3756,0.0000,0.0000,1.0000,105.062,-1,0,0.0033
11229,3747,3748,0.0000,1.0000,0.0000,66.625,-1,0,0.0000
11230,3747,5459,1.0000,0.0000,0.0000,66.625,-1,0,0.0000
11231,3747,5460,1.0000,0.0000,0.0000,66.625,-1,0,0.0000
11232,3747,3756,0.0000,0.0000,1.0000,105.062,-1,0,0.0033
11233,3747,3757,0.0000,0.0000,1.0000,105.062,-1,0,0.0031
11234,3748,3757,0.0000,0.0000,1.0000,105.062,-1,0,0.0031
11235,3748,3758,0.0000,0.0000,1.0000,105.062,-1,0,0.0030
11236,3749,3750,0.0000,1.0000,0.0000,66.625,-1,0,0.0000
11237,3749,3759,0.0000,0.0000,1.0000,105.062,-1,0,0.0029
11238,3750,3751,0.0000,1.0000,0.0000,66.625,-1,0,0.0000
11239,3750,3759,0.0000,0.0000,1.0000,105.062,-1,0,0.0029
11240,3750,3760,0.0000,0.0000,1.0000,105.062,-1,0,0.0031
11241,3750,5280,1.0000,0.0000,0.0000,66.625,-1,0,0.0000
11242,3751,3752,0.0000,1.0000,0.0000,66.625,-1,0,0.0000
11243,3751,3760,0.0000,0.0000,1.0000,105.062,-1,0,0.0031
11244,3751,3761,0.0000,0.0000,1.0000,105.062,-1,0,0.0033
11245,3751,5280,1.0000,0.0000,0.0000,66.625,-1,0,0.0000
11246,3752,3753,0.0000,1.0000,0.0000,66.625,-1,0,0.0000
11247,3752,3761,0.0000,0.0000,1.0000,105.062,-1,0,0.0033
11248,3752,3762,0.0000,0.0000,1.0000,105.062,-1,0,0.0035
11249,3753,3762,0.0000,0.0000,1.0000,105.062,-1,0,0.0035
11250,3754,3755,0.0000,1.0000,0.0000,66.625,-1,0,0.0000
11251,3754,3763,0.0000,0.0000,1.0000,105.062,-1,0,0.0035
11252,3755,3756,0.0000,1.0000,0.0000,66.625,-1,0,0.0000
11253,3755,3763,0.0000,0.0000,1.0000,105.062,-1,0,0.0035
11254,3755,3764,0.0000,0.0000,1.0000,105.062,-1,0,0.0033
11255,3756,3757,0.0000,1.0000,0.0000,66.625,-1,0,0.0000
11256,3756,3764,0.0000,0.0000,1.0000,105.062,-1,0,0.0033
11257,3756,3765,0.0000,0.0000,1.0000,105.062,-1,0,0.0031
11258,3756,5461,1.0000,0.0000,0.0000,66.625,-1,0,0.0000
11259,3757,3758,0.0000,1.0000,0.0000,66.625,-1,0,0.0000
11260,3757,3765,0.0000,0.0000,1.0000,105.062,-1,0,0.0031
11261,3757,3766,0.0000,0.0000,1.0000,105.062,-1,0,0.0029
11262,3757,5461,1.0000,0.0000,0.0000,66.625,-1,0,0.0000
11263,3758,3766,0.0000,0.0000,1.0000,105.062,-1,0,0.0029
11264,3759,3760,0.0000,1.0000,0.0000,66.625,-1,0,0.0000
11265,3759,3767,0.0000,0.0000,1.0000,105.062,-1,0,0.0027
11266,3759,3768,0.0000,0.0000,1.0000,105.062,-1,0,0.0028
11267,3760,3761,0.0000,1.0000,0.0000,66.625,-1,0,0.0000
11268,3760,5282,1.0000,0.0000,0.0000,66.625,-1,0,0.0000
11269,3760,5283,1.0000,0.0000,0.0000,66.625,-1,0,0.0000
11270,3760,3768,0.0000,0.0000,1.0000,105.062,-1,0,0.0028
11271,3760,3769,0.0000,0.0000,1.0000,105.062,-1,0,0.0031
11272,3761,3762,0.0000,1.0000,0.0000,66.625,-1,0,0.0000
11273,3761,3769,0.0000,0.0000,1.0000,105.062,-1,0,0.0031
11274,3761,3770,0.0000,0.0000,1.0000,105.062,-1,0,0.0033
11275,3762,3770,0.0000,0.0000,1.0000,105.062,-1,0,0.0033
11276,3762,3771,0.0000,0.0000,1.0000,105.062,-1,0,0.0034
11277,3763,3764,0.0000,1.0000,0.0000,66.625,-1,0,0.0000
11278,3763,3772,0.0000,0.0000,1.0000,105.062,-1,0,0.0034
11279,3763,3773,0.0000,0.0000,1.0000,105.062,-1,0,0.0033
11280,3764,3765,0.0000,1.0000,0.0000,66.625,-1,0,0.0000
11281,3764,3773,0.0000,0.0000,1.0000,105.062,-1,0,0.0033
11282,3764,3774,0.0000,0.0000,1.0000,105.062,-1,0,0.0031
11283,3765,3766,0.0000,1.0000,0.0000,66.625,-1,0,0.0000
11284,3765,5463,1.0000,0.0000,0.0000,66.625,-1,0,0.0000
11285,3765,5464,1.0000,0.0000,0.0000,66.625,-1,0,0.0000
11286,3765,3774,0.0000,0.0000,1.0000,105.062,-1,0,0.0031
11287,3765,3775,0.0000,0.0000,1.0000,105.062,-1,0,0.0028
11288,3766,3775,0.0000,0.0000,1.0000,105.062,-1,0,0.0028
11289,3766,3776,0.0000,0.0000,1.0000,105.062,-1,0,0.0027
11290,3767,3768,0.0000,1.0000,0.0000,66.625,-1,0,0.0000
11291,3767,3777,0.0000,0.0000,1.0000,105.062,-1,0,0.0026
11292,3768,3769,0.0000,1.0000,0.0000,66.625,-1,0,0.0000
11293,3768,3777,0.0000,0.0000,1.0000,105.062,-1,0,0.0026
11294,3768,3778,0.0000,0.0000,1.0000,105.062,-1,0,0.0028
11295,3768,5284,1.0000,0.0000,0.0000,66.625,-1,0,0.0000
11296,3769,3770,0.0000,1.0000,0.0000,66.625,-1,0,0.0000
11297,3769,3778,0.0000,0.0000,1.0000,105.062,-1,0,0.0028
11298,3769,3779,0.0000,0.0000,1.0000,105.062,-1,0,0.0031
11299,3769,5284,1.0000,0.0000,0.0000,66.625,-1,0,0.0000
11300,3770,3771,0.0000,1.0000,0.0000,66.625,-1,0,0.0000
11301,3770,3779,0.0000,0.0000,1.0000,105.062,-1,0,0.0031
11302,3770,3780,0.0000,0.0000,1.0000,105.062,-1,0,0.0033
11303,3771,3780,0.0000,0.0000,1.0000,105.062,-1,0,0.0033
11304,3772,3773,0.0000,1.0000,0.0000,66.625,-1,0,0.0000
11305,3772,3781,0.0000,0.0000,1.0000,105.062,-1,0,0.0033
11306,3773,3774,0.0000,1.0000,0.0000,66.625,-1,0,0.0000
11307,3773,3781,0.0000,0.0000,1.0000,105.062,-1,0,0.0033
11308,3773,3782,0.0000,0.0000,1.0000,105.062,-1,0,0.0031
11309,3774,3775,0.0000,1.0000,0.0000,66.625,-1,0,0.0000
11310,3774,3782,0.0000,0.0000,1.0000,105.062,-1,0,0.0031
11311,3774,3783,0.0000,0.0000,1.0000,105.062,-1,0,0.0028
11312,3774,5465,1.0000,0.0000,0.0000,66.625,-1,0,0.0000
11313,3775,3776,0.0000,1.0000,0.0000,66.625,-1,0,0.0000
11314,3775,3783,0.0000,0.0000,1.0000,105.062,-1,0,0.0028
11315,3775,3784,0.0000,0.0000,1.0000,105.062,-1,0,0.0026
11316,3775,5465,1.0000,0.0000,0.0000,66.625,-1,0,0.0000
11317,3776,3784,0.0000,0.0000,1.0000,105.062,-1,0,0.0026
11318,3777,3778,0.0000,1.0000,0.0000,66.625,-1,0,0.0000
11319,3777,3785,0.0000,0.0000,1.0000,105.062,-1,0,0.0024
11320,3777,3786,0.0000,0.0000,1.0000,105.062,-1,0,0.0025
11321,3778,3779,0.0000,1.0000,0.0000,66.625,-1,0,0.0000
11322,3778,5286,1.0000,0.0000,0.0000,66.625,-1,0,0.0000
11323,3778,5287,1.0000,0.0000,0.0000,66.625,-1,0,0.0000
11324,3778,3786,0.0000,0.0000,1.0000,105.062,-1,0,0.0025
11325,3778,3787,0.0000,0.0000,1.0000,105.062,-1,0,0.0028
11326,3779,3780,0.0000,1.0000,0.0000,66.625,-1,0,0.0000
11327,3779,3787,0.0000,0.0000,1.0000,105.062,-1,0,0.0028
11328,3779,3788,0.0000,0.0000,1.0000,105.062,-1,0,0.0031
11329,3780,3788,0.0000,0.0000,1.0000,105.062,-1,0,0.0031
11330,3780,3789,0.0000,0.0000,1.0000,105.062,-1,0,0.0032
11331,3781,3782,0.0000,1.0000,0.0000,66.625,-1,0,0.0000
11332,3781,3790,0.0000,0.0000,1.0000,105.062,-1,0,0.0032
11333,3781,3791,0.0000,0.0000,1.0000,105.062,-1,0,0.0031
11334,3782,3783,0.0000,1.0000,0.0000,66.625,-1,0,0.0000
11335,3782,3791,0.0000,0.0000,1.0000,105.062,-1,0,0.0031
11336,3782,3792,0.0000,0.0000,1.0000,105.062,-1,0,0.0028
11337,3783,3784,0.0000,1.0000,0.0000,66.625,-1,0,0.0000
11338,3783,5467,1.0000,0.0000,0.0000,66.625,-1,0,0.0000
11339,3783,5468,1.0000,0.0000,0.0000,66.625,-1,0,0.0000
11340,3783,3792,0.0000,0.0000,1.0000,105.062,-1,0,0.0028
11341,3783,3793,0.0000,0.0000,1.0000,105.062,-1,0,0.0025
11342,3784,3793,0.0000,0.0000,1.0000,105.062,-1,0,0.0025
11343,3784,3794,0.0000,0.0000,1.0000,105.062,-1,0,0.0024
11344,3785,3786,0.0000,1.0000,0.0000,66.625,-1,0,0.0000
11345,3785,3795,0.0000,0.0000,1.0000,105.062,-1,0,0.0023
11346,3786,3787,0.0000,1.0000,0.0000,66.625,-1,0,0.0000
11347,3786,3795,0.0000,0.0000,1.0000,105.062,-1,0,0.0023
11348,3786,3796,0.0000,0.0000,1.0000,105.062,-1,0,0.0025
11349,3786,5288,1.0000,0.0000,0.0000,66.625,-1,0,0.0000
11350,3787,3788,0.0000,1.0000,0.0000,66.625,-1,0,0.0000
11351,3787,3796,0.0000,0.0000,1.0000,105.062,-1,0,0.0025
11352,3787,3797,0.0000,0.0000,1.0000,105.062,-1,0,0.0028
11353,3787,5288,1.0000,0.0000,0.0000,66.625,-1,0,0.0000
11354,3788,3789,0.0000,1.0000,0.0000,66.625,-1,0,0.0000
11355,3788,3797,0.0000,0.0000,1.0000,105.062,-1,0,0.0028
11356,3788,3798,0.0000,0.0000,1.0000,105.062,-1,0,0.0031
11357,3789,3798,0.0000,0.0000,1.0000,105.062,-1,0,0.0031
11358,3790,3791,0.0000,1.0000,0.0000,66.625,-1,0,0.0000
11359,3790,3799,0.0000,0.0000,1.0000,105.062,-1,0,0.0031
11360,3791,3792,0.0000,1.0000,0.0000,66.625,-1,0,0.0000
11361,3791,3799,0.0000,0.0000,1.0000,105.062,-1,0,0.0031
11362,3791,3800,0.0000,0.0000,1.0000,105.062,-1,0,0.0028
11363,3792,3793,0.0000,1.0000,0.0000,66.625,-1,0,0.0000
11364,3792,3800,0.0000,0.0000,1.0000,105.062,-1,0,0.0028
11365,3792,3801,0.0000,0.0000,1.0000,105.062,-1,0,0.0025
11366,3792,5469,1.0000,0.0000,0.0000,66.625,-1,0,0.0000
11367,3793,3794,0.0000,1.0000,0.0000,66.625,-1,0,0.0000
11368,3793,3801,0.0000,0.0000,1.0000,105.062,-1,0,0.0025
11369,3793,3802,0.0000,0.0000,1.0000,105.062,-1,0,0.0023
11370,3793,5469,1.0000,0.0000,0.0000,66.625,-1,0,0.0000
11371,3794,3802,0.0000,0.0000,1.0000,105.062,-1,0,0.0023
11372,3795,3796,0.0000,1.0000,0.0000,66.625,-1,0,0.0000
11373,3795,3803,0.0000,0.0000,1.0000,105.062,-1,0,0.0021
11374,3795,3804,0.0000,0.0000,1.0000,105.062,-1,0,0.0022
11375,3796,3797,0.0000,1.0000,0.0000,66.625,-1,0,0.0000
11376,3796,5290,1.0000,0.0000,0.0000,66.625,-1,0,0.0000
11377,3796,5291,1.0000,0.0000,0.0000,66.625,-1,0,0.0000
11378,3796,3804,0.0000,0.0000,1.0000,105.062,-1,0,0.0022
11379,3796,3805,0.0000,0.0000,1.0000,105.062,-1,0,0.0025
11380,3797,3798,0.0000,1.0000,0.0000,66.625,-1,0,0.0000
11381,3797,3805,0.0000,0.0000,1.0000,105.062,-1,0,0.0025
11382,3797,3806,0.0000,0.0000,1.0000,105.062,-1,0,0.0029
11383,3798,3806,0.0000,0.0000,1.0000,105.062,-1,0,0.0029
11384,3798,3807,0.0000,0.0000,1.0000,105.062,-1,0,0.0030
11385,3799,3800,0.0000,1.0000,0.0000,66.625,-1,0,0.0000
11386,3799,3808,0.0000,0.0000,1.0000,105.062,-1,0,0.0030
11387,3799,3809,0.0000,0.0000,1.0000,105.062,-1,0,0.0029
11388,3800,3801,0.0000,1.0000,0.0000,66.625,-1,0,0.0000
11389,3800,3809,0.0000,0.0000,1.0000,105.062,-1,0,0.0029
11390,3800,3810,0.0000,0.0000,1.0000,105.062,-1,0,0.0025
11391,3801,3802,0.0000,1.0000,0.0000,66.625,-1,0,0.0000
11392,3801,5471,1.0000,0.0000,0.0000,66.625,-1,0,0.0000
11393,3801,5472,1.0000,0.0000,0.0000,66.625,-1,0,0.0000
11394,3801,3810,0.0000,0.0000,1.0000,105.062,-1,0,0.0025
11395,3801,3811,0.0000,0.0000,1.0000,105.062,-1,0,0.0022
11396,3802,3811,0.0000,0.0000,1.0000,105.062,-1,0,0.0022
11397,3802,3812,0.0000,0.0000,1.0000,105.062,-1,0,0.0021
11398,3803,3804,0.0000,1.0000,0.0000,66.625,-1,0,0.0000
11399,3803,3813,0.0000,0.0000,1.0000,105.062,-1,0,0.0020
11400,3804,3805,0.0000,1.0000,0.0000,66.625,-1,0,0.0000
11401,3804,3813,0.0000,0.0000,1.0000,105.062,-1,0,0.0020
11402,3804,3814,0.0000,0.0000,1.0000,105.062,-1,0,0.0022
11403,3804,5292,1.0000,0.0000,0.0000,66.625,-1,0,0.0000
11404,3805,3806,0.0000,1.0000,0.0000,66.625,-1,0,0.0000
11405,3805,3814,0.0000,0.0000,1.0000,105.062,-1,0,0.0022
11406,3805,3815,0.0000,0.0000,1.0000,105.062,-1,0,0.0026
11407,3805,5292,1.0000,0.0000,0.0000,66.625,-1,0,0.0000
11408,3806,3807,0.0000,1.0000,0.0000,66.625,-1,0,0.0000
11409,3806,3815,0.0000,0.0000,1.0000,105.062,-1,0,0.0026
11410,3806,3816,0.0000,0.0000,1.0000,105.062,-1,0,0.0029
11411,3807,3816,0.0000,0.0000,1.0000,105.062,-1,0,0.0029
11412,3808,3809,0.0000,1.0000,0.0000,66.625,-1,0,0.0000
11413,3808,3817,0.0000,0.0000,1.0000,105.062,-1,0,0.0029
11414,3809,3810,0.0000,1.0000,0.0000,66.625,-1,0,0.0000
11415,3809,3817,0.0000,0.0000,1.0000,105.062,-1,0,0.0029
11416,3809,3818,0.0000,0.0000,1.0000,105.062,-1,0,0.0026
11417,3810,3811,0.0000,1.0000,0.0000,66.625,-1,0,0.0000
11418,3810,3818,0.0000,0.0000,1.0000,105.062,-1,0,0.0026
11419,3810,3819,0.0000,0.0000,1.0000,105.062,-1,0,0.0022
11420,3810,5473,1.0000,0.0000,0.0000,66.625,-1,0,0.0000
11421,3811,3812,0.0000,1.0000,0.0000,66.625,-1,0,0.0000
11422,3811,3819,0.0000,0.0000,1.0000,105.062,-1,0,0.0022
11423,3811,3820,0.0000,0.0000,1.0000,105.062,-1,0,0.0020
11424,3811,5473,1.0000,0.0000,0.0000,66.625,-1,0,0.0000
11425,3812,3820,0.0000,0.0000,1.0000,105.062,-1,0,0.0020
11426,3813,3814,0.0000,1.0000,0.0000,66.625,-1,0,0.0000
11427,3813,3821,0.0000,0.0000,1.0000,105.062,-1,0,0.0018
11428,3813,3822,0.0000,0.0000,1.0000,105.062,-1,0,0.0019
11429,3814,3815,0.0000,1.0000,0.0000,66.625,-1,0,0.0000
11430,3814,5294,1.0000,0.0000,0.0000,66.625,-1,0,0.0000
11431,3814,5295,1.0000,0.0000,0.0000,66.625,-1,0,0.0000
11432,3814,3822,0.0000,0.0000,1.0000,105.062,-1,0,0.0019
11433,3814,3823,0.0000,0.0000,1.0000,105.062,-1,0,0.0022
11434,3815,3816,0.0000,1.0000,0.0000,66.625,-1,0,0.0000
11435,3815,3823,0.0000,0.0000,1.0000,105.062,-1,0,0.0022
11436,3815,3824,0.0000,0.0000,1.0000,105.062,-1,0,0.0027
11437,3816,3824,0.0000,0.0000,1.0000,105.062,-1,0,0.0027
11438,3816,3825,0.0000,0.0000,1.0000,105.062,-1,0,0.0029
11439,3817,3818,0.0000,1.0000,0.0000,66.625,-1,0,0.0000
11440,3817,3826,0.0000,0.0000,1.0000,105.062,-1,0,0.0029
11441,3817,3827,0.0000,0.0000,1.0000,105.062,-1,0,0.0027
11442,3818,3819,0.0000,1.0000,0.0000,66.625,-1,0,0.0000
11443,3818,3827,0.0000,0.0000,1.0000,105.062,-1,0,0.0027
11444,3818,3828,0.0000,0.0000,1.0000,105.062,-1,0,0.0023
11445,3819,3820,0.0000,1.0000,0.0000,66.625,-1,0,0.0000
11446,3819,5475,1.0000,0.0000,0.0000,66.625,-1,0,0.0000
11447,3819,5476,1.0000,0.0000,0.0000,66.625,-1,0,0.0000
11448,3819,3828,0.0000,0.0000,1.0000,105.062,-1,0,0.0023
11449,3819,3829,0.0000,0.0000,1.0000,105.062,-1,0,0.0019
11450,3820,3829,0.0000,0.0000,1.0000,105.062,-1,0,0.0019
11451,3820,3830,0.0000,0.0000,1.0000,105.062,-1,0,0.0018
11452,3821,3822,0.0000,1.0000,0.0000,66.625,-1,0,0.0000
11453,3821,3831,0.0000,0.0000,1.0000,105.062,-1,0,0.0017
11454,3822,3823,0.0000,1.0000,0.0000,66.625,-1,0,0.0000
11455,3822,3831,0.0000,0.0000,1.0000,105.062,-1,0,0.0017
11456,3822,3832,0.0000,0.0000,1.0000,105.062,-1,0,0.0019
11457,3822,5296,1.0000,0.0000,0.0000,66.625,-1,0,0.0000
11458,3823,3824,0.0000,1.0000,0.0000,66.625,-1,0,0.0000
11459,3823,3832,0.0000,0.0000,1.0000,105.062,-1,0,0.0019
11460,3823,3833,0.0000,0.0000,1.0000,105.062,-1,0,0.0023
11461,3823,5296,1.0000,0.0000,0.0000,66.625,-1,0,0.0000
11462,3824,3825,0.0000,1.0000,0.0000,66.625,-1,0,0.0000
11463,3824,3833,0.0000,0.0000,1.0000,105.062,-1,0,0.0023
11464,3824,3834,0.0000,0.0000,1.0000,105.062,-1,0,0.0028
11465,3825,3834,0.0000,0.0000,1.0000,105.062,-1,0,0.0028
11466,3826,3827,0.0000,1.0000,0.0000,66.625,-1,0,0.0000
11467,3826,3835,0.0000,0.0000,1.0000,105.062,-1,0,0.0028
11468,3827,3828,0.0000,1.0000,0.0000,66.625,-1,0,0.0000
11469,3827,3835,0.0000,0.0000,1.0000,105.062,-1,0,0.0028
11470,3827,3836,0.0000,0.0000,1.0000,105.062,-1,0,0.0023
11471,3828,3829,0.0000,1.0000,0.0000,66.625,-1,0,0.0000
11472,3828,3836,0.0000,0.0000,1.0000,105.062,-1,0,0.0023
11473,3828,3837,0.0000,0.0000,1.0000,105.062,-1,0,0.0019
11474,3828,5477,1.0000,0.0000,0.0000,66.625,-1,0,0.0000
11475,3829,3830,0.0000,1.0000,0.0000,66.625,-1,0,0.0000
11476,3829,3837,0.0000,0.0000,1.0000,105.062,-1,0,0.0019
11477,3829,3838,0.0000,0.0000,1.0000,105.062,-1,0,0.0017
11478,3829,5477,1.0000,0.0000,0.0000,66.625,-1,0,0.0000
11479,3830,3838,0.0000,0.0000,1.0000,105.062,-1,0,0.0017
11480,3831,3832,0.0000,1.0000,0.0000,66.625,-1,0,0.0000
11481,3831,3839,0.0000,0.0000,1.0000,105.062,-1,0,0.0015
11482,3831,3840,0.0000,0.0000,1.0000,105.062,-1,0,0.0016
11483,3832,3833,0.0000,1.0000,0.0000,66.625,-1,0,0.0000
11484,3832,5298,1.0000,0.0000,0.0000,66.625,-1,0,0.0000
11485,3832,5299,1.0000,0.0000,0.0000,66.625,-1,0,0.0000
11486,3832,3840,0.0000,0.0000,1.0000,105.062,-1,0,0.0016
11487,3832,3841,0.0000,0.0000,1.0000,105.062,-1,0,0.0019
11488,3833,3834,0.0000,1.0000,0.0000,66.625,-1,0,0.0000
11489,3833,3841,0.0000,0.0000,1.0000,105.062,-1,0,0.0019
11490,3833,3842,0.0000,0.0000,1.0000,105.062,-1,0,0.0025
11491,3834,3842,0.0000,0.0000,1.0000,105.062,-1,0,0.0025
11492,3834,3843,0.0000,0.0000,1.0000,105.062,-1,0,0.0028
11493,3835,3836,0.0000,1.0000,0.0000,66.625,-1,0,0.0000
11494,3835,3844,0.0000,0.0000,1.0000,105.062,-1,0,0.0028
11495,3835,3845,0.0000,0.0000,1.0000,105.062,-1,0,0.0025
11496,3836,3837,0.0000,1.0000,0.0000,66.625,-1,0,0.0000
11497,3836,3845,0.0000,0.0000,1.0000,105.062,-1,0,0.0025
11498,3836,3846,0.0000,0.0000,1.0000,105.062,-1,0,0.0019
11499,3837,3838,0.0000,1.0000,0.0000,66.625,-1,0,0.0000
11500,3837,5479,1.0000,0.0000,0.0000,66.625,-1,0,0.0000
11501,3837,5480,1.0000,0.0000,0.0000,66.625,-1,0,0.0000
11502,3837,3846,0.0000,0.0000,1.0000,105.062,-1,0,0.0019
11503,3837,3847,0.0000,0.0000,1.0000,105.062,-1,0,0.0016
11504,3838,3847,0.0000,0.0000,1.0000,105.062,-1,0,0.0016
11505,3838,3848,0.0000,0.0000,1.0000,105.062,-1,0,0.0015
11506,3839,3840,0.0000,1.0000,0.0000,66.625,-1,0,0.0000
11507,3839,3849,0.0000,0.0000,1.0000,105.062,-1,0,0.0014
11508,3840,3841,0.0000,1.0000,0.0000,66.625,-1,0,0.0000
11509,3840,3849,0.0000,0.0000,1.0000,105.062,-1,0,0.0014
11510,3840,3850,0.0000,0.0000,1.0000,105.062,-1,0,0.0016
11511,3840,5300,1.0000,0.0000,0.0000,66.625,-1,0,0.0000
11512,3841,3842,0.0000,1.0000,0.0000,66.625,-1,0,0.0000
11513,3841,3850,0.0000,0.0000,1.0000,105.062,-1,0,0.0016
11514,3841,3851,0.0000,0.0000,1.0000,105.062,-1,0,0.0021
11515,3841,5300,1.0000,0.0000,0.0000,66.625,-1,0,0.0000
11516,3842,3843,0.0000,1.0000,0.0000,66.625,-1,0,0.0000
11517,3842,3851,0.0000,0.0000,1.0000,105.062,-1,0,0.0021
11518,3842,3852,0.0000,0.0000,1.0000,105.062,-1,0,0.0027
11519,3843,3852,0.0000,0.0000,1.0000,105.062,-1,0,0.0027
11520,3844,3845,0.0000,1.0000,0.0000,66.625,-1,0,0.0000
11521,3844,3853,0.0000,0.0000,1.0000,105.062,-1,0,0.0027
11522,3845,3846,0.0000,1.0000,0.0000,66.625,-1,0,0.0000
11523,3845,3853,0.0000,0.0000,1.0000,105.062,-1,0,0.0027
11524,3845,3854,0.0000,0.0000,1.0000,105.062,-1,0,0.0021
11525,3846,3847,0.0000,1.0000,0.0000,66.625,-1,0,0.0000
11526,3846,3854,0.0000,0.0000,1.0000,105.062,-1,0,0.0021
11527,3846,3855,0.0000,0.0000,1.0000,105.062,-1,0,0.0016
11528,3846,5481,1.0000,0.0000,0.0000,66.625,-1,0,0.0000
11529,3847,3848,0.0000,1.0000,0.0000,66.625,-1,0,0.0000
11530,3847,3855,0.0000,0.0000,1.0000,105.062,-1,0,0.0016
11531,3847,3856,0.0000,0.0000,1.0000,105.062,-1,0,0.0014
11532,3847,5481,1.0000,0.0000,0.0000,66.625,-1,0,0.0000
11533,3848,3856,0.0000,0.0000,1.0000,105.062,-1,0,0.0014
11534,3849,3850,0.0000,1.0000,0.0000,66.625,-1,0,0.0000
11535,3849,3857,0.0000,0.0000,1.0000,105.062,-1,0,0.0013
11536,3849,3858,0.0000,0.0000,1.0000,105.062,-1,0,0.0013
11537,3850,3851,0.0000,1.0000,0.0000,66.625,-1,0,0.0000
11538,3850,5302,1.0000,0.0000,0.0000,66.625,-1,0,0.0000
11539,3850,5303,1.0000,0.0000,0.0000,66.625,-1,0,0.0000
11540,3850,3858,0.0000,0.0000,1.0000,105.062,-1,0,0.0013
11541,3850,3859,0.0000,0.0000,1.0000,105.062,-1,0,0.0016
11542,3851,3852,0.0000,1.0000,0.0000,66.625,-1,0,0.0000
11543,3851,3859,0.0000,0.0000,1.0000,105.062,-1,0,0.0016
11544,3851,3860,0.0000,0.0000,1.0000,105.062,-1,0,0.0023
11545,3852,3860,0.0000,0.0000,1.0000,105.062,-1,0,0.0023
11546,3852,3861,0.0000,0.0000,1.0000,105.062,-1,0,0.0028
11547,3853,3854,0.0000,1.0000,0.0000,66.625,-1,0,0.0000
11548,3853,3862,0.0000,0.0000,1.0000,105.062,-1,0,0.0028
11549,3853,3863,0.0000,0.0000,1.0000,105.062,-1,0,0.0023
11550,3854,3855,0.0000,1.0000,0.0000,66.625,-1,0,0.0000
11551,3854,3863,0.0000,0.0000,1.0000,105.062,-1,0,0.0023
11552,3854,3864,0.0000,0.0000,1.0000,105.062,-1,0,0.0016
11553,3855,3856,0.0000,1.0000,0.0000,66.625,-1,0,0.0000
11554,3855,5483,1.0000,0.0000,0.0000,66.625,-1,0,0.0000
11555,3855,5484,1.0000,0.0000,0.0000,66.625,-1,0,0.0000
11556,3855,3864,0.0000,0.0000,1.0000,105.062,-1,0,0.0016
11557,3855,3865,0.0000,0.0000,1.0000,105.062,-1,0,0.0013
11558,3856,3865,0.0000,0.0000,1.0000,105.062,-1,0,0.0013
11559,3856,3866,0.0000,0.0000,1.0000,105.062,-1,0,0.0013
11560,3857,3858,0.0000,1.0000,0.0000,66.625,-1,0,0.0000
11561,3857,3867,0.0000,0.0000,1.0000,105.062,-1,0,0.0012
11562,3858,3859,0.0000,1.0000,0.0000,66.625,-1,0,0.0000
11563,3858,5304,1.0000,0.0000,0.0000,66.625,-1,0,0.0000
11564,3858,3867,0.0000,0.0000,1.0000,105.062,-1,0,0.0012
11565,3858,3868,0.0000,0.0000,1.0000,105.062,-1,0,0.0012
11566,3859,3860,0.0000,1.0000,0.0000,66.625,-1,0,0.0000
11567,3859,5304,1.0000,0.0000,0.0000,66.625,-1,0,0.0000
11568,3859,3868,0.0000,0.0000,1.0000,105.062,-1,0,0.0012
11569,3859,3869,0.0000,0.0000,1.0000,105.062,-1,0,0.0017
11570,3860,3861,0.0000,1.0000,0.0000,66.625,-1,0,0.0000
11571,3860,3869,0.0000,0.0000,1.0000,105.062,-1,0,0.0017
11572,3860,3870,0.0000,0.0000,1.0000,105.062,-1,0,0.0027
11573,3861,3870,0.0000,0.0000,1.0000,105.062,-1,0,0.0027
11574,3862,3863,0.0000,1.0000,0.0000,66.625,-1,0,0.0000
11575,3862,3871,0.0000,0.0000,1.0000,105.062,-1,0,0.0027
11576,3863,3864,0.0000,1.0000,0.0000,66.625,-1,0,0.0000
11577,3863,3871,0.0000,0.0000,1.0000,105.062,-1,0,0.0027
11578,3863,3872,0.0000,0.0000,1.0000,105.062,-1,0,0.0017
11579,3864,3865,0.0000,1.0000,0.0000,66.625,-1,0,0.0000
11580,3864,5485,1.0000,0.0000,0.0000,66.625,-1,0,0.0000
11581,3864,3872,0.0000,0.0000,1.0000,105.062,-1,0,0.0017
11582,3864,3873,0.0000,0.0000,1.0000,105.062,-1,0,0.0012
11583,3865,3866,0.0000,1.0000,0.0000,66.625,-1,0,0.0000
11584,3865,5485,1.0000,0.0000,0.0000,66.625,-1,0,0.0000
11585,3865,3873,0.0000,0.0000,1.0000,105.062,-1,0,0.0012
11586,3865,3874,0.0000,0.0000,1.0000,105.062,-1,0,0.0012
11587,3866,3874,0.0000,0.0000,1.0000,105.062,-1,0,0.0012
11588,3867,3868,0.0000,1.0000,0.0000,66.625,-1,0,0.0000
11589,3867,3875,0.0000,0.0000,1.0000,105.062,-1,0,0.0010
11590,3867,3876,0.0000,0.0000,1.0000,105.062,-1,0,0.0010
11591,3868,3869,0.0000,1.0000,0.0000,66.625,-1,0,0.0000
11592,3868,3876,0.0000,0.0000,1.0000,105.062,-1,0,0.0010
11593,3868,3877,0.0000,0.0000,1.0000,105.062,-1,0,0.0010
11594,3868,5306,1.0000,0.0000,0.0000,66.625,-1,0,0.0000
11595,3868,5307,1.0000,0.0000,0.0000,66.625,-1,0,0.0000
11596,3869,3870,0.0000,1.0000,0.0000,66.625,-1,0,0.0000
11597,3869,3877,0.0000,0.0000,1.0000,105.062,-1,0,0.0010
11598,3869,3878,0.0000,0.0000,1.0000,105.062,-1,0,0.0021
11599,3870,3878,0.0000,0.0000,1.0000,105.062,-1,0,0.0021
11600,3870,3879,0.0000,0.0000,1.0000,105.062,-1,0,0.0031
11601,3871,3872,0.0000,1.0000,0.0000,66.625,-1,0,0.0000
11602,3871,3880,0.0000,0.0000,1.0000,105.062,-1,0,0.0031
11603,3871,3881,0.0000,0.0000,1.0000,105.062,-1,0,0.0021
11604,3872,3873,0.0000,1.0000,0.0000,66.625,-1,0,0.0000
11605,3872,3881,0.0000,0.0000,1.0000,105.062,-1,0,0.0021
11606,3872,3882,0.0000,0.0000,1.0000,105.062,-1,0,0.0011
11607,3873,3874,0.0000,1.0000,0.0000,66.625,-1,0,0.0000
11608,3873,3882,0.0000,0.0000,1.0000,105.062,-1,0,0.0011
11609,3873,3883,0.0000,0.0000,1.0000,105.062,-1,0,0.0010
11610,3873,5487,1.0000,0.0000,0.0000,66.625,-1,0,0.0000
11611,3873,5488,1.0000,0.0000,0.0000,66.625,-1,0,0.0000
11612,3874,3883,0.0000,0.0000,1.0000,105.062,-1,0,0.0010
11613,3874,3884,0.0000,0.0000,1.0000,105.062,-1,0,0.0010
11614,3875,3876,0.0000,1.0000,0.0000,66.625,-1,0,0.0000
11615,3875,3885,0.0000,0.0000,1.0000,105.062,-1,0,0.0009
11616,3876,3877,0.0000,1.0000,0.0000,66.625,-1,0,0.0000
11617,3876,5308,1.0000,0.0000,0.0000,66.625,-1,0,0.0000
11618,3876,3885,0.0000,0.0000,1.0000,105.062,-1,0,0.0009
11619,3876,3886,0.0000,0.0000,1.0000,105.062,-1,0,0.0009
11620,3877,3878,0.0000,1.0000,0.0000,66.625,-1,0,0.0000
11621,3877,5308,1.0000,0.0000,0.0000,66.625,-1,0,0.0000
11622,3877,3886,0.0000,0.0000,1.0000,105.062,-1,0,0.0009
11623,3877,3887,0.0000,0.0000,1.0000,105.062,-1,0,0.0009
11624,3878,3879,0.0000,1.0000,0.0000,66.625,-1,0,0.0000
11625,3878,3887,0.0000,0.0000,1.0000,105.062,-1,0,0.0009
11626,3878,3891,0.0000,0.0000,1.0000,105.062,-1,0,0.0015
11627,3879,3891,0.0000,0.0000,1.0000,105.062,-1,0,0.0015
11628,3880,3881,0.0000,1.0000,0.0000,66.625,-1,0,0.0000
11629,3880,3891,0.0000,0.0000,1.0000,105.062,-1,0,0.0015
11630,3881,3882,0.0000,1.0000,0.0000,66.625,-1,0,0.0000
11631,3881,3888,0.0000,0.0000,1.0000,105.062,-1,0,0.0009
11632,3881,3891,0.0000,0.0000,1.0000,105.062,-1,0,0.0015
11633,3882,3883,0.0000,1.0000,0.0000,66.625,-1,0,0.0000
11634,3882,5489,1.0000,0.0000,0.0000,66.625,-1,0,0.0000
11635,3882,3888,0.0000,0.0000,1.0000,105.062,-1,0,0.0009
11636,3882,3889,0.0000,0.0000,1.0000,105.062,-1,0,0.0009
11637,3883,3884,0.0000,1.0000,0.0000,66.625,-1,0,0.0000
11638,3883,5489,1.0000,0.0000,0.0000,66.625,-1,0,0.0000
11639,3883,3889,0.0000,0.0000,1.0000,105.062,-1,0,0.0009
11640,3883,3890,0.0000,0.0000,1.0000,105.062,-1,0,0.0009
11641,3884,3890,0.0000,0.0000,1.0000,105.062,-1,0,0.0009
11642,3885,3886,0.0000,1.0000,0.0000,66.625,-1,0,0.0000
11643,3885,3892,0.0000,0.0000,1.0000,105.062,-1,0,0.0008
11644,3885,3893,0.0000,0.0000,1.0000,105.062,-1,0,0.0008
11645,3886,3887,0.0000,1.0000,0.0000,66.625,-1,0,0.0000
11646,3886,3893,0.0000,0.0000,1.0000,105.062,-1,0,0.0008
11647,3886,3894,0.0000,0.0000,1.0000,105.062,-1,0,0.0008
11648,3886,5310,1.0000,0.0000,0.0000,66.625,-1,0,0.0000
11649,3886,5311,1.0000,0.0000,0.0000,66.625,-1,0,0.0000
11650,3887,3891,0.0000,1.0000,0.0000,66.625,-1,0,0.0000
11651,3887,3894,0.0000,0.0000,1.0000,105.062,-1,0,0.0008
11652,3887,3895,0.0000,0.0000,1.0000,105.062,-1,0,0.0008
11653,3888,3889,0.0000,1.0000,0.0000,66.625,-1,0,0.0000
11654,3888,3891,0.0000,-1.0000,0.0000,66.625,-1,0,0.0000
11655,3888,3896,0.0000,0.0000,1.0000,105.062,-1,0,0.0008
11656,3888,3897,0.0000,0.0000,1.0000,105.062,-1,0,0.0008
11657,3889,3890,0.0000,1.0000,0.0000,66.625,-1,0,0.0000
11658,3889,3897,0.0000,0.0000,1.0000,105.062,-1,0,0.0008
11659,3889,3898,0.0000,0.0000,1.0000,105.062,-1,0,0.0008
11660,3889,5491,1.0000,0.0000,0.0000,66.625,-1,0,0.0000
11661,3889,5492,1.0000,0.0000,0.0000,66.625,-1,0,0.0000
11662,3890,3898,0.0000,0.0000,1.0000,105.062,-1,0,0.0008
11663,3890,3899,0.0000,0.0000,1.0000,105.062,-1,0,0.0008
11664,3891,3895,0.0000,-1.0000,0.0000,66.625,-1,0,0.0000
11665,3891,3896,0.0000,1.0000,0.0000,66.625,-1,0,0.0000
11666,3891,3903,0.0000,0.0000,1.0000,220.375,-1,0,0.0003
11667,3891,3904,0.0000,0.0000,1.0000,220.375,-1,0,0.0003
11668,3891,3905,0.0000,0.0000,1.0000,220.375,-1,0,0.0003
11669,3891,3906,0.0000,0.0000,1.0000,220.375,-1,0,0.0003
11670,3891,3907,0.0000,0.0000,1.0000,220.375,-1,0,0.0003
11671,3891,3908,0.0000,0.0000,1.0000,220.375,-1,0,0.0003
11672,3891,3909,0.0000,0.0000,1.0000,220.375,-1,0,0.0003
11673,3891,3910,0.0000,0.0000,1.0000,220.375,-1,0,0.0003
11674,3892,3893,0.0000,1.0000,0.0000,66.625,-1,0,0.0000
11675,3892,3900,0.0000,0.0000,1.0000,105.062,-1,0,0.0007
11676,3893,3894,0.0000,1.0000,0.0000,66.625,-1,0,0.0000
11677,3893,5312,1.0000,0.0000,0.0000,66.625,-1,0,0.0000
11678,3893,3900,0.0000,0.0000,1.0000,105.062,-1,0,0.0007
11679,3893,3901,0.0000,0.0000,1.0000,105.062,-1,0,0.0007
11680,3894,3895,0.0000,1.0000,0.0000,66.625,-1,0,0.0000
11681,3894,5312,1.0000,0.0000,0.0000,66.625,-1,0,0.0000
11682,3894,3901,0.0000,0.0000,1.0000,105.062,-1,0,0.0007
11683,3894,3902,0.0000,0.0000,1.0000,105.062,-1,0,0.0007
11684,3895,3902,0.0000,0.0000,1.0000,105.062,-1,0,0.0007
11685,3896,3897,0.0000,1.0000,0.0000,66.625,-1,0,0.0000
11686,3896,3911,0.0000,0.0000,1.0000,105.062,-1,0,0.0007
11687,3897,3898,0.0000,1.0000,0.0000,66.625,-1,0,0.0000
11688,3897,5493,1.0000,0.0000,0.0000,66.625,-1,0,0.0000
11689,3897,3911,0.0000,0.0000,1.0000,105.062,-1,0,0.0007
11690,3897,3912,0.0000,0.0000,1.0000,105.062,-1,0,0.0007
11691,3898,3899,0.0000,1.0000,0.0000,66.625,-1,0,0.0000
11692,3898,5493,1.0000,0.0000,0.0000,66.625,-1,0,0.0000
11693,3898,3912,0.0000,0.0000,1.0000,105.062,-1,0,0.0007
11694,3898,3913,0.0000,0.0000,1.0000,105.062,-1,0,0.0007
11695,3899,3913,0.0000,0.0000,1.0000,105.062,-1,0,0.0007
11696,3900,3901,0.0000,1.0000,0.0000,66.625,-1,0,0.0000
11697,3900,3914,0.0000,0.0000,1.0000,105.062,-1,0,0.0005
11698,3900,3915,0.0000,0.0000,1.0000,105.062,-1,0,0.0005
11699,3901,3902,0.0000,1.0000,0.0000,66.625,-1,0,0.0000
11700,3901,3915,0.0000,0.0000,1.0000,220.375,-1,0,0.0005
11701,3901,5314,1.0000,0.0000,0.0000,66.625,-1,0,0.0000
11702,3901,5315,1.0000,0.0000,0.0000,66.625,-1,0,0.0000
11703,3902,3903,0.0000,1.0000,0.0000,66.625,-1,0,0.0000
11704,3902,3915,0.0000,0.0000,1.0000,105.062,-1,0,0.0005
11705,3902,3916,0.0000,0.0000,1.0000,105.062,-1,0,0.0005
11706,3903,3904,0.0000,1.0000,0.0000,66.625,-1,0,0.0000
11707,3903,3916,0.0000,0.0000,1.0000,220.375,-1,0,0.0005
11708,3904,3905,0.0000,1.0000,0.0000,66.625,-1,0,0.0000
11709,3904,3916,0.0000,0.0000,1.0000,105.062,-1,0,0.0005
11710,3904,3917,0.0000,0.0000,1.0000,105.062,-1,0,0.0005
11711,3905,3906,0.0000,1.0000,0.0000,66.625,-1,0,0.0000
11712,3905,3917,0.0000,0.0000,1.0000,220.375,-1,0,0.0005
11713,3906,3907,0.0000,1.0000,0.0000,66.625,-1,0,0.0000
11714,3906,3917,0.0000,0.0000,1.0000,105.062,-1,0,0.0005
11715,3906,3918,0.0000,0.0000,1.0000,105.062,-1,0,0.0005
11716,3907,3908,0.0000,1.0000,0.0000,66.625,-1,0,0.0000
11717,3907,3918,0.0000,0.0000,1.0000,220.375,-1,0,0.0005
11718,3908,3909,0.0000,1.0000,0.0000,66.625,-1,0,0.0000
11719,3908,3918,0.0000,0.0000,1.0000,105.062,-1,0,0.0005
11720,3908,3919,0.0000,0.0000,1.0000,105.062,-1,0,0.0005
11721,3909,3910,0.0000,1.0000,0.0000,66.625,-1,0,0.0000
11722,3909,3919,0.0000,0.0000,1.0000,220.375,-1,0,0.0005
11723,3910,3911,0.0000,1.0000,0.0000,66.625,-1,0,0.0000
11724,3910,3919,0.0000,0.0000,1.0000,105.062,-1,0,0.0005
11725,3910,3920,0.0000,0.0000,1.0000,105.062,-1,0,0.0005
11726,3911,3912,0.0000,1.0000,0.0000,66.625,-1,0,0.0000
11727,3911,3920,0.0000,0.0000,1.0000,220.375,-1,0,0.0005
11728,3912,3913,0.0000,1.0000,0.0000,66.625,-1,0,0.0000
11729,3912,3920,0.0000,0.0000,1.0000,105.062,-1,0,0.0005
11730,3912,3921,0.0000,0.0000,1.0000,105.062,-1,0,0.0005
11731,3912,5495,1.0000,0.0000,0.0000,66.625,-1,0,0.0000
11732,3912,5496,1.0000,0.0000,0.0000,66.625,-1,0,0.0000
11733,3913,3921,0.0000,0.0000,1.0000,220.375,-1,0,0.0005
11734,3914,3915,0.0000,1.0000,0.0000,66.625,-1,0,0.0000
11735,3914,3922,0.0000,0.0000,1.0000,105.062,-1,0,0.0004
11736,3915,3916,0.0000,1.0000,0.0000,66.625,-1,0,0.0000
11737,3915,5316,1.0000,0.0000,0.0000,139.750,-1,0,0.0000
11738,3915,3922,0.0000,0.0000,1.0000,105.062,-1,0,0.0004
11739,3915,3923,0.0000,0.0000,1.0000,220.375,-1,0,0.0004
11740,3915,3924,0.0000,0.0000,1.0000,105.062,-1,0,0.0004
11741,3916,3917,0.0000,1.0000,0.0000,66.625,-1,0,0.0000
11742,3916,3924,0.0000,0.0000,1.0000,105.062,-1,0,0.0004
11743,3916,3925,0.0000,0.0000,1.0000,220.375,-1,0,0.0004
11744,3916,3926,0.0000,0.0000,1.0000,105.062,-1,0,0.0004
11745,3917,3918,0.0000,1.0000,0.0000,66.625,-1,0,0.0000
11746,3917,3926,0.0000,0.0000,1.0000,105.062,-1,0,0.0004
11747,3917,3927,0.0000,0.0000,1.0000,220.375,-1,0,0.0004
11748,3917,3928,0.0000,0.0000,1.0000,105.062,-1,0,0.0004
11749,3918,3919,0.0000,1.0000,0.0000,66.625,-1,0,0.0000
11750,3918,3928,0.0000,0.0000,1.0000,105.062,-1,0,0.0004
11751,3918,3929,0.0000,0.0000,1.0000,220.375,-1,0,0.0004
11752,3918,3930,0.0000,0.0000,1.0000,105.062,-1,0,0.0004
11753,3919,3920,0.0000,1.0000,0.0000,66.625,-1,0,0.0000
11754,3919,3930,0.0000,0.0000,1.0000,105.062,-1,0,0.0004
11755,3919,3931,0.0000,0.0000,1.0000,220.375,-1,0,0.0004
11756,3919,3932,0.0000,0.0000,1.0000,105.062,-1,0,0.0004
11757,3920,3921,0.0000,1.0000,0.0000,66.625,-1,0,0.0000
11758,3920,5497,1.0000,0.0000,0.0000,66.625,-1,0,0.0000
11759,3920,3932,0.0000,0.0000,1.0000,105.062,-1,0,0.0004
11760,3920,3933,0.0000,0.0000,1.0000,220.375,-1,0,0.0004
11761,3920,3934,0.0000,0.0000,1.0000,105.062,-1,0,0.0004
11762,3921,5497,1.0000,0.0000,0.0000,66.625,-1,0,0.0000
11763,3921,3934,0.0000,0.0000,1.0000,105.062,-1,0,0.0004
11764,3921,3935,0.0000,0.0000,1.0000,220.375,-1,0,0.0004
11765,3922,3923,0.0000,1.0000,0.0000,66.625,-1,0,0.0000
11766,3922,3936,0.0000,0.0000,1.0000,105.062,-1,0,0.0002
11767,3922,3937,0.0000,0.0000,1.0000,105.062,-1,0,0.0003
11768,3923,3924,0.0000,1.0000,0.0000,66.625,-1,0,0.0000
11769,3923,3937,0.0000,0.0000,1.0000,105.062,-1,0,0.0003
11770,3923,3938,0.0000,0.0000,1.0000,105.062,-1,0,0.0003
11771,3923,5318,1.0000,0.0000,0.0000,66.625,-1,0,0.0000
11772,3923,5319,1.0000,0.0000,0.0000,66.625,-1,0,0.0000
11773,3924,3925,0.0000,1.0000,0.0000,66.625,-1,0,0.0000
11774,3924,3938,0.0000,0.0000,1.0000,105.062,-1,0,0.0003
11775,3924,3939,0.0000,0.0000,1.0000,105.062,-1,0,0.0003
11776,3925,3926,0.0000,1.0000,0.0000,66.625,-1,0,0.0000
11777,3925,3939,0.0000,0.0000,1.0000,105.062,-1,0,0.0003
11778,3925,3940,0.0000,0.0000,1.0000,105.062,-1,0,0.0003
11779,3926,3927,0.0000,1.0000,0.0000,66.625,-1,0,0.0000
11780,3926,3940,0.0000,0.0000,1.0000,105.062,-1,0,0.0003
11781,3926,3941,0.0000,0.0000,1.0000,105.062,-1,0,0.0003
11782,3927,3928,0.0000,1.0000,0.0000,66.625,-1,0,0.0000
11783,3927,3941,0.0000,0.0000,1.0000,105.062,-1,0,0.0003
11784,3927,3942,0.0000,0.0000,1.0000,105.062,-1,0,0.0003
11785,3928,3929,0.0000,1.0000,0.0000,66.625,-1,0,0.0000
11786,3928,3942,0.0000,0.0000,1.0000,105.062,-1,0,0.0003
11787,3928,3943,0.0000,0.0000,1.0000,105.062,-1,0,0.0003
11788,3929,3930,0.0000,1.0000,0.0000,66.625,-1,0,0.0000
11789,3929,3943,0.0000,0.0000,1.0000,105.062,-1,0,0.0003
11790,3929,3944,0.0000,0.0000,1.0000,105.062,-1,0,0.0003
11791,3930,3931,0.0000,1.0000,0.0000,66.625,-1,0,0.0000
11792,3930,3944,0.0000,0.0000,1.0000,105.062,-1,0,0.0003
11793,3930,3945,0.0000,0.0000,1.0000,105.062,-1,0,0.0003
11794,3931,3932,0.0000,1.0000,0.0000,66.625,-1,0,0.0000
11795,3931,3945,0.0000,0.0000,1.0000,105.062,-1,0,0.0003
11796,3931,3946,0.0000,0.0000,1.0000,105.062,-1,0,0.0003
11797,3932,3933,0.0000,1.0000,0.0000,66.625,-1,0,0.0000
11798,3932,3946,0.0000,0.0000,1.0000,105.062,-1,0,0.0003
11799,3932,3947,0.0000,0.0000,1.0000,105.062,-1,0,0.0003
11800,3933,3934,0.0000,1.0000,0.0000,66.625,-1,0,0.0000
11801,3933,3947,0.0000,0.0000,1.0000,105.062,-1,0,0.0003
11802,3933,3948,0.0000,0.0000,1.0000,105.062,-1,0,0.0003
11803,3934,3935,0.0000,1.0000,0.0000,66.625,-1,0,0.0000
11804,3934,3948,0.0000,0.0000,1.0000,105.062,-1,0,0.0003
11805,3934,3949,0.0000,0.0000,1.0000,105.062,-1,0,0.0003
11806,3934,5499,1.0000,0.0000,0.0000,66.625,-1,0,0.0000
11807,3934,5500,1.0000,0.0000,0.0000,66.625,-1,0,0.0000
11808,3935,3949,0.0000,0.0000,1.0000,105.062,-1,0,0.0003
11809,3935,3950,0.0000,0.0000,1.0000,105.062,-1,0,0.0002
11810,3936,3937,0.0000,1.0000,0.0000,66.625,-1,0,0.0000
11811,3936,3951,0.0000,0.0000,1.0000,105.062,-1,0,0.0001
11812,3937,3938,0.0000,1.0000,0.0000,66.625,-1,0,0.0000
11813,3937,5320,1.0000,0.0000,0.0000,66.625,-1,0,0.0000
11814,3937,3951,0.0000,0.0000,1.0000,105.062,-1,0,0.0001
11815,3937,3952,0.0000,0.0000,1.0000,105.062,-1,0,0.0001
11816,3938,3939,0.0000,1.0000,0.0000,66.625,-1,0,0.0000
11817,3938,5320,1.0000,0.0000,0.0000,66.625,-1,0,0.0000
11818,3938,3952,0.0000,0.0000,1.0000,105.062,-1,0,0.0001
11819,3938,3953,0.0000,0.0000,1.0000,105.062,-1,0,0.0001
11820,3939,3940,0.0000,1.0000,0.0000,66.625,-1,0,0.0000
11821,3939,3953,0.0000,0.0000,1.0000,105.062,-1,0,0.0001
11822,3939,3954,0.0000,0.0000,1.0000,105.062,-1,0,0.0001
11823,3940,3941,0.0000,1.0000,0.0000,66.625,-1,0,0.0000
11824,3940,3954,0.0000,0.0000,1.0000,105.062,-1,0,0.0001
11825,3940,3955,0.0000,0.0000,1.0000,105.062,-1,0,0.0001
11826,3941,3942,0.0000,1.0000,0.0000,66.625,-1,0,0.0000
11827,3941,3955,0.0000,0.0000,1.0000,105.062,-1,0,0.0001
11828,3941,3956,0.0000,0.0000,1.0000,105.062,-1,0,0.0001
11829,3942,3943,0.0000,1.0000,0.0000,66.625,-1,0,0.0000
11830,3942,3956,0.0000,0.0000,1.0000,105.062,-1,0,0.0001
11831,3942,3957,0.0000,0.0000,1.0000,105.062,-1,0,0.0001
11832,3943,3944,0.0000,1.0000,0.0000,66.625,-1,0,0.0000
11833,3943,3957,0.0000,0.0000,1.0000,105.062,-1,0,0.0001
11834,3943,3958,0.0000,0.0000,1.0000,105.062,-1,0,0.0001
11835,3944,3945,0.0000,1.0000,0.0000,66.625,-1,0,0.0000
11836,3944,3958,0.0000,0.0000,1.0000,105.062,-1,0,0.0001
11837,3944,3959,0.0000,0.0000,1.0000,105.062,-1,0,0.0001
11838,3945,3946,0.0000,1.0000,0.0000,66.625,-1,0,0.0000
11839,3945,3959,0.0000,0.0000,1.0000,105.062,-1,0,0.0001
11840,3945,3960,0.0000,0.0000,1.0000,105.062,-1,0,0.0001
11841,3946,3947,0.0000,1.0000,0.0000,66.625,-1,0,0.0000
11842,3946,3960,0.0000,0.0000,1.0000,105.062,-1,0,0.0001
11843,3946,3961,0.0000,0.0000,1.0000,105.062,-1,0,0.0001
11844,3947,3948,0.0000,1.0000,0.0000,66.625,-1,0,0.0000
11845,3947,3961,0.0000,0.0000,1.0000,105.062,-1,0,0.0001
11846,3947,3962,0.0000,0.0000,1.0000,105.062,-1,0,0.0001
11847,3948,3949,0.0000,1.0000,0.0000,66.625,-1,0,0.0000
11848,3948,5501,1.0000,0.0000,0.0000,66.625,-1,0,0.0000
11849,3948,3962,0.0000,0.0000,1.0000,105.062,-1,0,0.0001
11850,3948,3963,0.0000,0.0000,1.0000,105.062,-1,0,0.0001
11851,3949,3950,0.0000,1.0000,0.0000,66.625,-1,0,0.0000
11852,3949,5501,1.0000,0.0000,0.0000,66.625,-1,0,0.0000
11853,3949,3963,0.0000,0.0000,1.0000,105.062,-1,0,0.0001
11854,3949,3964,0.0000,0.0000,1.0000,105.062,-1,0,0.0001
11855,3950,3964,0.0000,0.0000,1.0000,105.062,-1,0,0.0001
11856,3951,3952,0.0000,1.0000,0.0000,66.625,-1,0,0.0000
11857,3951,3965,0.0000,0.0000,1.0000,105.062,-1,0,-1.0000
11858,3951,3966,0.0000,0.0000,1.0000,105.062,-1,0,-1.0000
11859,3952,3953,0.0000,1.0000,0.0000,66.625,-1,0,0.0000
11860,3952,3966,0.0000,0.0000,1.0000,105.062,-1,0,-1.0000
11861,3952,3967,0.0000,0.0000,1.0000,105.062,-1,0,-1.0000
11862,3952,5322,1.0000,0.0000,0.0000,66.625,-1,0,0.0000
11863,3952,5323,1.0000,0.0000,0.0000,66.625,-1,0,0.0000
11864,3953,3954,0.0000,1.0000,0.0000,66.625,-1,0,0.0000
11865,3953,3967,0.0000,0.0000,1.0000,105.062,-1,0,-1.0000
11866,3953,3974,0.0000,0.0000,1.0000,105.062,-1,0,-1.0000
11867,3954,3955,0.0000,1.0000,0.0000,66.625,-1,0,0.0000
11868,3954,3974,0.0000,0.0000,1.0000,220.375,-1,0,-1.0000
11869,3955,3956,0.0000,1.0000,0.0000,66.625,-1,0,0.0000
11870,3955,3974,0.0000,0.0000,1.0000,220.375,-1,0,-1.0000
11871,3956,3957,0.0000,1.0000,0.0000,66.625,-1,0,0.0000
11872,3956,3968,0.0000,0.0000,1.0000,105.062,-1,0,-1.0000
11873,3956,3974,0.0000,0.0000,1.0000,105.062,-1,0,-1.0000
11874,3957,3958,0.0000,1.0000,0.0000,66.625,-1,0,0.0000
11875,3957,3968,0.0000,0.0000,1.0000,105.062,-1,0,-1.0000
11876,3957,3969,0.0000,0.0000,1.0000,105.062,-1,0,-1.0000
11877,3958,3959,0.0000,1.0000,0.0000,66.625,-1,0,0.0000
11878,3958,3969,0.0000,0.0000,1.0000,105.062,-1,0,-1.0000
11879,3958,3970,0.0000,0.0000,1.0000,105.062,-1,0,-1.0000
11880,3959,3960,0.0000,1.0000,0.0000,66.625,-1,0,0.0000
11881,3959,3970,0.0000,0.0000,1.0000,105.062,-1,0,-1.0000
11882,3959,3975,0.0000,0.0000,1.0000,105.062,-1,0,-1.0000
11883,3960,3961,0.0000,1.0000,0.0000,66.625,-1,0,0.0000
11884,3960,3975,0.0000,0.0000,1.0000,220.375,-1,0,-1.0000
11885,3961,3962,0.0000,1.0000,0.0000,66.625,-1,0,0.0000
11886,3961,3975,0.0000,0.0000,1.0000,220.375,-1,0,-1.0000
11887,3962,3963,0.0000,1.0000,0.0000,66.625,-1,0,0.0000
11888,3962,3971,0.0000,0.0000,1.0000,105.062,-1,0,-1.0000
11889,3962,3975,0.0000,0.0000,1.0000,105.062,-1,0,-1.0000
11890,3963,3964,0.0000,1.0000,0.0000,66.625,-1,0,0.0000
11891,3963,3971,0.0000,0.0000,1.0000,105.062,-1,0,-1.0000
11892,3963,3972,0.0000,0.0000,1.0000,105.062,-1,0,-1.0000
11893,3963,5503,1.0000,0.0000,0.0000,66.625,-1,0,0.0000
11894,3963,5504,1.0000,0.0000,0.0000,66.625,-1,0,0.0000
11895,3964,3972,0.0000,0.0000,1.0000,105.062,-1,0,-1.0000
11896,3964,3973,0.0000,0.0000,1.0000,105.062,-1,0,-1.0000
11897,3965,3966,0.0000,1.0000,0.0000,66.625,-1,0,-1.0000
11898,3965,3976,0.0000,0.0000,1.0000,105.062,-1,0,-1.0000
11899,3966,3967,0.0000,1.0000,0.0000,66.625,-1,0,-1.0000
11900,3966,5324,1.0000,0.0000,0.0000,66.625,-1,0,-1.0000
11901,3966,3976,0.0000,0.0000,1.0000,105.062,-1,0,-1.0000
11902,3966,3977,0.0000,0.0000,1.0000,105.062,-1,0,-1.0000
11903,3967,3974,0.0000,1.0000,0.0000,66.625,-1,0,-1.0000
11904,3967,5324,1.0000,0.0000,0.0000,66.625,-1,0,-1.0000
11905,3967,3977,0.0000,0.0000,1.0000,105.062,-1,0,-1.0000
11906,3967,3978,0.0000,0.0000,1.0000,105.062,-1,0,-1.0000
11907,3968,3969,0.0000,1.0000,0.0000,66.625,-1,0,-1.0000
11908,3968,3974,0.0000,-1.0000,0.0000,66.625,-1,0,-1.0000
11909,3968,3979,0.0000,0.0000,1.0000,105.062,-1,0,-1.0000
11910,3968,3980,0.0000,0.0000,1.0000,105.062,-1,0,-1.0000
11911,3969,3970,0.0000,1.0000,0.0000,66.625,-1,0,-1.0000
11912,3969,3980,0.0000,0.0000,1.0000,105.062,-1,0,-1.0000
11913,3969,3981,0.0000,0.0000,1.0000,105.062,-1,0,-1.0000
11914,3970,3975,0.0000,1.0000,0.0000,66.625,-1,0,-1.0000
11915,3970,3981,0.0000,0.0000,1.0000,105.062,-1,0,-1.0000
11916,3970,3982,0.0000,0.0000,1.0000,105.062,-1,0,-1.0000
11917,3971,3972,0.0000,1.0000,0.0000,66.625,-1,0,-1.0000
11918,3971,3975,0.0000,-1.0000,0.0000,66.625,-1,0,-1.0000
11919,3971,5505,1.0000,0.0000,0.0000,66.625,-1,0,-1.0000
11920,3971,3983,0.0000,0.0000,1.0000,105.062,-1,0,-1.0000
11921,3971,3984,0.0000,0.0000,1.0000,105.062,-1,0,-1.0000
11922,3972,3973,0.0000,1.0000,0.0000,66.625,-1,0,-1.0000
11923,3972,5505,1.0000,0.0000,0.0000,66.625,-1,0,-1.0000
11924,3972,3984,0.0000,0.0000,1.0000,105.062,-1,0,-1.0000
11925,3972,3985,0.0000,0.0000,1.0000,105.062,-1,0,-1.0000
11926,3973,3985,0.0000,0.0000,1.0000,105.062,-1,0,-1.0000
11927,3974,3978,0.0000,0.0000,1.0000,105.062,-1,0,-1.0000
11928,3974,3979,0.0000,0.0000,1.0000,105.062,-1,0,-1.0000
11929,3975,3982,0.0000,0.0000,1.0000,105.062,-1,0,-1.0000
11930,3975,3983,0.0000,0.0000,1.0000,105.062,-1,0,-1.0000
11931,3976,3977,0.0000,1.0000,0.0000,66.625,-1,0,0.0000
11932,3976,3986,0.0000,0.0000,1.0000,105.062,-1,0,0.0084
11933,3976,3987,0.0000,0.0000,1.0000,105.062,-1,0,0.0082
11934,3977,3978,0.0000,1.0000,0.0000,66.625,1,2,-1.0000
11935,3977,3987,0.0000,0.0000,1.0000,105.062,-1,0,0.0082
11936,3977,3988,0.0000,0.0000,1.0000,105.062,-1,0,0.1556
11937,3977,5326,1.0000,0.0000,0.0000,66.625,-1,0,0.2780
11938,3977,5327,1.0000,0.0000,0.0000,66.625,-1,0,0.2780
11939,3978,3988,0.0000,0.0000,1.0000,105.062,-1,0,0.0000
11940,3978,3989,0.0000,0.0000,1.0000,105.062,-1,0,0.0000
11941,3979,3980,0.0000,1.0000,0.0000,66.625,-1,0,0.0000
11942,3979,3990,0.0000,0.0000,1.0000,105.062,-1,0,0.0000
11943,3979,3991,0.0000,0.0000,1.0000,105.062,-1,0,0.0000
11944,3980,3981,0.0000,1.0000,0.0000,66.625,-1,0,0.0000
11945,3980,3991,0.0000,0.0000,1.0000,105.062,-1,0,0.0000
11946,3980,3992,0.0000,0.0000,1.0000,105.062,-1,0,0.0000
11947,3981,3982,0.0000,1.0000,0.0000,66.625,-1,0,0.0000
11948,3981,3992,0.0000,0.0000,1.0000,105.062,-1,0,0.0000
11949,3981,3993,0.0000,0.0000,1.0000,105.062,-1,0,0.0000
11950,3982,3993,0.0000,0.0000,1.0000,105.062,-1,0,0.0000
11951,3982,3994,0.0000,0.0000,1.0000,105.062,-1,0,0.0000
11952,3983,3984,0.0000,1.0000,0.0000,66.625,-1,0,0.0000
11953,3983,3995,0.0000,0.0000,1.0000,105.062,-1,0,0.0000
11954,3983,3996,0.0000,0.0000,1.0000,105.062,-1,0,0.0000
11955,3984,3985,0.0000,1.0000,0.0000,66.625,-1,0,0.0000
11956,3984,3996,0.0000,0.0000,1.0000,105.062,-1,0,0.0000
11957,3984,3997,0.0000,0.0000,1.0000,105.062,-1,0,0.0000
11958,3984,5507,1.0000,0.0000,0.0000,66.625,-1,0,0.0000
11959,3984,5508,1.0000,0.0000,0.0000,66.625,-1,0,0.0000
11960,3985,3997,0.0000,0.0000,1.0000,105.062,-1,0,0.0000
11961,3985,3998,0.0000,0.0000,1.0000,105.062,-1,0,0.0000
11962,3986,3987,0.0000,1.0000,0.0000,66.625,-1,0,0.0000
11963,3986,3999,0.0000,0.0000,1.0000,105.062,-1,0,0.0083
11964,3987,3988,0.0000,1.0000,0.0000,66.625,-1,0,0.0000
11965,3987,5328,1.0000,0.0000,0.0000,66.625,-1,0,0.0000
11966,3987,3999,0.0000,0.0000,1.0000,105.062,-1,0,0.0083
11967,3987,4000,0.0000,0.0000,1.0000,105.062,-1,0,0.0079
11968,3988,3989,0.0000,1.0000,0.0000,66.625,-1,0,0.0000
11969,3988,5328,1.0000,0.0000,0.0000,66.625,-1,0,0.0000
11970,3988,4000,0.0000,0.0000,1.0000,105.062,-1,0,0.0079
11971,3988,4001,0.0000,0.0000,1.0000,105.062,-1,0,0.1997
11972,3989,4001,0.0000,0.0000,1.0000,105.062,-1,0,0.0000
11973,3990,3991,0.0000,1.0000,0.0000,66.625,-1,0,0.0000
11974,3990,4002,0.0000,0.0000,1.0000,105.062,-1,0,0.0000
11975,3991,3992,0.0000,1.0000,0.0000,66.625,-1,0,0.0000
11976,3991,4002,0.0000,0.0000,1.0000,105.062,-1,0,0.0000
11977,3991,4003,0.0000,0.0000,1.0000,105.062,-1,0,0.0000
11978,3992,3993,0.0000,1.0000,0.0000,66.625,-1,0,0.0000
11979,3992,4003,0.0000,0.0000,1.0000,105.062,-1,0,0.0000
11980,3992,4004,0.0000,0.0000,1.0000,105.062,-1,0,0.0000
11981,3993,3994,0.0000,1.0000,0.0000,66.625,-1,0,0.0000
11982,3993,4004,0.0000,0.0000,1.0000,105.062,-1,0,0.0000
11983,3993,4005,0.0000,0.0000,1.0000,105.062,-1,0,0.0000
11984,3994,4005,0.0000,0.0000,1.0000,105.062,-1,0,0.0000
11985,3995,3996,0.0000,1.0000,0.0000,66.625,-1,0,0.0000
11986,3995,4006,0.0000,0.0000,1.0000,105.062,-1,0,0.0000
11987,3996,3997,0.0000,1.0000,0.0000,66.625,-1,0,0.0000
11988,3996,5509,1.0000,0.0000,0.0000,66.625,-1,0,0.0000
11989,3996,4006,0.0000,0.0000,1.0000,105.062,-1,0,0.0000
11990,3996,4007,0.0000,0.0000,1.0000,105.062,-1,0,0.0000
11991,3997,3998,0.0000,1.0000,0.0000,66.625,-1,0,0.0000
11992,3997,5509,1.0000,0.0000,0.0000,66.625,-1,0,0.0000
11993,3997,4007,0.0000,0.0000,1.0000,105.062,-1,0,0.0000
11994,3997,4008,0.0000,0.0000,1.0000,105.062,-1,0,0.0000
11995,3998,4008,0.0000,0.0000,1.0000,105.062,-1,0,0.0000
11996,3999,4000,0.0000,1.0000,0.0000,66.625,-1,0,0.0000
11997,3999,4009,0.0000,0.0000,1.0000,105.062,-1,0,0.0083
11998,3999,4010,0.0000,0.0000,1.0000,105.062,-1,0,0.0080
11999,4000,4001,0.0000,1.0000,0.0000,66.625,-1,0,0.0000
12000,4000,4010,0.0000,0.0000,1.0000,105.062,-1,0,0.0080
12001,4000,4011,0.0000,0.0000,1.0000,105.062,-1,0,0.0075
12002,4000,5330,1.0000,0.0000,0.0000,66.625,-1,0,0.0000
12003,4000,5331,1.0000,0.0000,0.0000,66.625,-1,0,0.0000
12004,4001,4011,0.0000,0.0000,1.0000,105.062,-1,0,0.0075
12005,4001,4012,0.0000,0.0000,1.0000,105.062,-1,0,0.0073
12006,4002,4003,0.0000,1.0000,0.0000,66.625,-1,0,0.0000
12007,4002,4013,0.0000,0.0000,1.0000,105.062,-1,0,0.0000
12008,4002,4014,0.0000,0.0000,1.0000,105.062,-1,0,0.0000
12009,4003,4004,0.0000,1.0000,0.0000,66.625,-1,0,0.0000
12010,4003,4014,0.0000,0.0000,1.0000,105.062,-1,0,0.0000
12011,4003,4015,0.0000,0.0000,1.0000,105.062,-1,0,0.0000
12012,4004,4005,0.0000,1.0000,0.0000,66.625,-1,0,0.0000
12013,4004,4015,0.0000,0.0000,1.0000,105.062,-1,0,0.0000
12014,4004,4016,0.0000,0.0000,1.0000,105.062,-1,0,0.0000
12015,4005,4016,0.0000,0.0000,1.0000,105.062,-1,0,0.0000
12016,4005,4017,0.0000,0.0000,1.0000,105.062,-1,0,0.0000
12017,4006,4007,0.0000,1.0000,0.0000,66.625,-1,0,0.0000
12018,4006,4018,0.0000,0.0000,1.0000,105.062,-1,0,0.0000
12019,4006,4019,0.0000,0.0000,1.0000,105.062,-1,0,0.0000
12020,4007,4008,0.0000,1.0000,0.0000,66.625,-1,0,0.0000
12021,4007,4019,0.0000,0.0000,1.0000,105.062,-1,0,0.0000
12022,4007,4020,0.0000,0.0000,1.0000,105.062,-1,0,0.0000
12023,4007,5511,1.0000,0.0000,0.0000,66.625,-1,0,0.0000
12024,4007,5512,1.0000,0.0000,0.0000,66.625,-1,0,0.0000
12025,4008,4020,0.0000,0.0000,1.0000,105.062,-1,0,0.0000
12026,4008,4021,0.0000,0.0000,1.0000,105.062,-1,0,0.0000
12027,4009,4010,0.0000,1.0000,0.0000,66.625,-1,0,0.0000
12028,4009,4022,0.0000,0.0000,1.0000,105.062,-1,0,0.0082
12029,4010,4011,0.0000,1.0000,0.0000,66.625,-1,0,0.0000
12030,4010,5332,1.0000,0.0000,0.0000,66.625,-1,0,0.0000
12031,4010,4022,0.0000,0.0000,1.0000,105.062,-1,0,0.0082
12032,4010,4023,0.0000,0.0000,1.0000,105.062,-1,0,0.0077
12033,4011,4012,0.0000,1.0000,0.0000,66.625,-1,0,0.0000
12034,4011,5332,1.0000,0.0000,0.0000,66.625,-1,0,0.0000
12035,4011,4023,0.0000,0.0000,1.0000,105.062,-1,0,0.0077
12036,4011,4024,0.0000,0.0000,1.0000,105.062,-1,0,0.0072
12037,4012,4024,0.0000,0.0000,1.0000,105.062,-1,0,0.0072
12038,4013,4014,0.0000,1.0000,0.0000,66.625,-1,0,0.0000
12039,4013,4025,0.0000,0.0000,1.0000,105.062,-1,0,0.0000
12040,4014,4015,0.0000,1.0000,0.0000,66.625,-1,0,0.0000
12041,4014,4025,0.0000,0.0000,1.0000,105.062,-1,0,0.0000
12042,4014,4026,0.0000,0.0000,1.0000,105.062,-1,0,0.0000
12043,4015,4016,0.0000,1.0000,0.0000,66.625,-1,0,0.0000
12044,4015,4026,0.0000,0.0000,1.0000,105.062,-1,0,0.0000
12045,4015,4027,0.0000,0.0000,1.0000,105.062,-1,0,0.0000
12046,4016,4017,0.0000,1.0000,0.0000,66.625,-1,0,0.0000
12047,4016,4027,0.0000,0.0000,1.0000,105.062,-1,0,0.0000
12048,4016,4028,0.0000,0.0000,1.0000,105.062,-1,0,0.0000
12049,4017,4028,0.0000,0.0000,1.0000,105.062,-1,0,0.0000
12050,4018,4019,0.0000,1.0000,0.0000,66.625,-1,0,0.0000
12051,4018,4029,0.0000,0.0000,1.0000,105.062,-1,0,0.0000
12052,4019,4020,0.0000,1.0000,0.0000,66.625,-1,0,0.0000
12053,4019,5513,1.0000,0.0000,0.0000,66.625,-1,0,0.0000
12054,4019,4029,0.0000,0.0000,1.0000,105.062,-1,0,0.0000
12055,4019,4030,0.0000,0.0000,1.0000,105.062,-1,0,0.0000
12056,4020,4021,0.0000,1.0000,0.0000,66.625,-1,0,0.0000
12057,4020,5513,1.0000,0.0000,0.0000,66.625,-1,0,0.0000
12058,4020,4030,0.0000,0.0000,1.0000,105.062,-1,0,0.0000
12059,4020,4031,0.0000,0.0000,1.0000,105.062,-1,0,0.0000
12060,4021,4031,0.0000,0.0000,1.0000,105.062,-1,0,0.0000
12061,4022,4023,0.0000,1.0000,0.0000,66.625,-1,0,0.0000
12062,4022,4032,0.0000,0.0000,1.0000,105.062,-1,0,0.0082
12063,4022,4033,0.0000,0.0000,1.0000,105.062,-1,0,0.0079
12064,4023,4024,0.0000,1.0000,0.0000,66.625,-1,0,0.0000
12065,4023,5334,1.0000,0.0000,0.0000,66.625,-1,0,0.0000
12066,4023,5335,1.0000,0.0000,0.0000,66.625,-1,0,0.0000
12067,4023,4033,0.0000,0.0000,1.0000,105.062,-1,0,0.0079
12068,4023,4034,0.0000,0.0000,1.0000,105.062,-1,0,0.0072
12069,4024,4034,0.0000,0.0000,1.0000,105.062,-1,0,0.0072
12070,4024,4035,0.0000,0.0000,1.0000,105.062,-1,0,0.0069
12071,4025,4026,0.0000,1.0000,0.0000,66.625,-1,0,0.0000
12072,4025,4036,0.0000,0.0000,1.0000,105.062,-1,0,0.0000
12073,4025,4037,0.0000,0.0000,1.0000,105.062,-1,0,0.0000
12074,4026,4027,0.0000,1.0000,0.0000,66.625,-1,0,0.0000
12075,4026,4037,0.0000,0.0000,1.0000,105.062,-1,0,0.0000
12076,4026,4038,0.0000,0.0000,1.0000,105.062,-1,0,0.0000
12077,4027,4028,0.0000,1.0000,0.0000,66.625,-1,0,0.0000
12078,4027,4038,0.0000,0.0000,1.0000,105.062,-1,0,0.0000
12079,4027,4039,0.0000,0.0000,1.0000,105.062,-1,0,0.0000
12080,4028,4039,0.0000,0.0000,1.0000,105.062,-1,0,0.0000
12081,4028,4040,0.0000,0.0000,1.0000,105.062,-1,0,0.0000
12082,4029,4030,0.0000,1.0000,0.0000,66.625,-1,0,0.0000
12083,4029,4041,0.0000,0.0000,1.0000,105.062,-1,0,0.0000
12084,4029,4042,0.0000,0.0000,1.0000,105.062,-1,0,0.0000
12085,4030,4031,0.0000,1.0000,0.0000,66.625,-1,0,0.0000
12086,4030,5515,1.0000,0.0000,0.0000,66.625,-1,0,0.0000
12087,4030,5516,1.0000,0.0000,0.0000,66.625,-1,0,0.0000
12088,4030,4042,0.0000,0.0000,1.0000,105.062,-1,0,0.0000
12089,4030,4043,0.0000,0.0000,1.0000,105.062,-1,0,0.0000
12090,4031,4043,0.0000,0.0000,1.0000,105.062,-1,0,0.0000
12091,4031,4044,0.0000,0.0000,1.0000,105.062,-1,0,0.0000
12092,4032,4033,0.0000,1.0000,0.0000,66.625,-1,0,0.0000
12093,4032,4045,0.0000,0.0000,1.0000,105.062,-1,0,0.0081
12094,4033,4034,0.0000,1.0000,0.0000,66.625,-1,0,0.0000
12095,4033,4045,0.0000,0.0000,1.0000,105.062,-1,0,0.0081
12096,4033,4046,0.0000,0.0000,1.0000,105.062,-1,0,0.0074
12097,4033,5336,1.0000,0.0000,0.0000,66.625,-1,0,0.0000
12098,4034,4035,0.0000,1.0000,0.0000,66.625,-1,0,0.0000
12099,4034,4046,0.0000,0.0000,1.0000,105.062,-1,0,0.0074
12100,4034,4047,0.0000,0.0000,1.0000,105.062,-1,0,0.0067
12101,4034,5336,1.0000,0.0000,0.0000,66.625,-1,0,0.0000
12102,4035,4047,0.0000,0.0000,1.0000,105.062,-1,0,0.0067
12103,4036,4037,0.0000,1.0000,0.0000,66.625,-1,0,0.0000
12104,4036,4048,0.0000,0.0000,1.0000,105.062,-1,0,0.0000
12105,4037,4038,0.0000,1.0000,0.0000,66.625,-1,0,0.0000
12106,4037,4048,0.0000,0.0000,1.0000,105.062,-1,0,0.0000
12107,4037,4049,0.0000,0.0000,1.0000,105.062,-1,0,0.0000
12108,4038,4039,0.0000,1.0000,0.0000,66.625,-1,0,0.0000
12109,4038,4049,0.0000,0.0000,1.0000,105.062,-1,0,0.0000
12110,4038,4050,0.0000,0.0000,1.0000,105.062,-1,0,0.0000
12111,4039,4040,0.0000,1.0000,0.0000,66.625,-1,0,0.0000
12112,4039,4050,0.0000,0.0000,1.0000,105.062,-1,0,0.0000
12113,4039,4051,0.0000,0.0000,1.0000,105.062,-1,0,0.0000
12114,4040,4051,0.0000,0.0000,1.0000,105.062,-1,0,0.0000
12115,4041,4042,0.0000,1.0000,0.0000,66.625,-1,0,0.0000
12116,4041,4052,0.0000,0.0000,1.0000,105.062,-1,0,0.0000
12117,4042,4043,0.0000,1.0000,0.0000,66.625,-1,0,0.0000
12118,4042,4052,0.0000,0.0000,1.0000,105.062,-1,0,0.0000
12119,4042,4053,0.0000,0.0000,1.0000,105.062,-1,0,0.0000
12120,4042,5517,1.0000,0.0000,0.0000,66.625,-1,0,0.0000
12121,4043,4044,0.0000,1.0000,0.0000,66.625,-1,0,0.0000
12122,4043,4053,0.0000,0.0000,1.0000,105.062,-1,0,0.0000
12123,4043,4054,0.0000,0.0000,1.0000,105.062,-1,0,0.0000
12124,4043,5517,1.0000,0.0000,0.0000,66.625,-1,0,0.0000
12125,4044,4054,0.0000,0.0000,1.0000,105.062,-1,0,0.0000
12126,4045,4046,0.0000,1.0000,0.0000,66.625,-1,0,0.0000
12127,4045,4055,0.0000,0.0000,1.0000,105.062,-1,0,0.0082
12128,4045,4056,0.0000,0.0000,1.0000,105.062,-1,0,0.0077
12129,4046,4047,0.0000,1.0000,0.0000,66.625,-1,0,0.0000
12130,4046,5338,1.0000,0.0000,0.0000,66.625,-1,0,0.0000
12131,4046,5339,1.0000,0.0000,0.0000,66.625,-1,0,0.0000
12132,4046,4056,0.0000,0.0000,1.0000,105.062,-1,0,0.0077
12133,4046,4057,0.0000,0.0000,1.0000,105.062,-1,0,0.0068
12134,4047,4057,0.0000,0.0000,1.0000,105.062,-1,0,0.0068
12135,4047,4058,0.0000,0.0000,1.0000,105.062,-1,0,0.0064
12136,4048,4049,0.0000,1.0000,0.0000,66.625,-1,0,0.0000
12137,4048,4059,0.0000,0.0000,1.0000,105.062,-1,0,0.0000
12138,4048,4060,0.0000,0.0000,1.0000,105.062,-1,0,0.0000
12139,4049,4050,0.0000,1.0000,0.0000,66.625,-1,0,0.0000
12140,4049,4060,0.0000,0.0000,1.0000,105.062,-1,0,0.0000
12141,4049,4061,0.0000,0.0000,1.0000,105.062,-1,0,0.0000
12142,4050,4051,0.0000,1.0000,0.0000,66.625,-1,0,0.0000
12143,4050,4061,0.0000,0.0000,1.0000,105.062,-1,0,0.0000
12144,4050,4062,0.0000,0.0000,1.0000,105.062,-1,0,0.0000
12145,4051,4062,0.0000,0.0000,1.0000,105.062,-1,0,0.0000
12146,4051,4063,0.0000,0.0000,1.0000,105.062,-1,0,0.0000
12147,4052,4053,0.0000,1.0000,0.0000,66.625,-1,0,0.0000
12148,4052,4064,0.0000,0.0000,1.0000,105.062,-1,0,0.0000
12149,4052,4065,0.0000,0.0000,1.0000,105.062,-1,0,0.0000
12150,4053,4054,0.0000,1.0000,0.0000,66.625,-1,0,0.0000
12151,4053,5519,1.0000,0.0000,0.0000,66.625,-1,0,0.0000
12152,4053,5520,1.0000,0.0000,0.0000,66.625,-1,0,0.0000
12153,4053,4065,0.0000,0.0000,1.0000,105.062,-1,0,0.0000
12154,4053,4066,0.0000,0.0000,1.0000,105.062,-1,0,0.0000
12155,4054,4066,0.0000,0.0000,1.0000,105.062,-1,0,0.0000
12156,4054,4067,0.0000,0.0000,1.0000,105.062,-1,0,0.0000
12157,4055,4056,0.0000,1.0000,0.0000,66.625,-1,0,0.0000
12158,4055,4068,0.0000,0.0000,1.0000,105.062,-1,0,0.0080
12159,4056,4057,0.0000,1.0000,0.0000,66.625,-1,0,0.0000
12160,4056,4068,0.0000,0.0000,1.0000,105.062,-1,0,0.0080
12161,4056,4069,0.0000,0.0000,1.0000,105.062,-1,0,0.0072
12162,4056,5340,1.0000,0.0000,0.0000,66.625,-1,0,0.0000
12163,4057,4058,0.0000,1.0000,0.0000,66.625,-1,0,0.0000
12164,4057,4069,0.0000,0.0000,1.0000,105.062,-1,0,0.0072
12165,4057,4070,0.0000,0.0000,1.0000,105.062,-1,0,0.0062
12166,4057,5340,1.0000,0.0000,0.0000,66.625,-1,0,0.0000
12167,4058,4070,0.0000,0.0000,1.0000,105.062,-1,0,0.0062
12168,4059,4060,0.0000,1.0000,0.0000,66.625,-1,0,0.0000
12169,4059,4071,0.0000,0.0000,1.0000,105.062,-1,0,0.0000
12170,4060,4061,0.0000,1.0000,0.0000,66.625,-1,0,0.0000
12171,4060,4071,0.0000,0.0000,1.0000,105.062,-1,0,0.0000
12172,4060,4072,0.0000,0.0000,1.0000,105.062,-1,0,0.0000
12173,4061,4062,0.0000,1.0000,0.0000,66.625,-1,0,0.0000
12174,4061,4072,0.0000,0.0000,1.0000,105.062,-1,0,0.0000
12175,4061,4073,0.0000,0.0000,1.0000,105.062,-1,0,0.0000
12176,4062,4063,0.0000,1.0000,0.0000,66.625,-1,0,0.0000
12177,4062,4073,0.0000,0.0000,1.0000,105.062,-1,0,0.0000
12178,4062,4074,0.0000,0.0000,1.0000,105.062,-1,0,0.0000
12179,4063,4074,0.0000,0.0000,1.0000,105.062,-1,0,0.0000
12180,4064,4065,0.0000,1.0000,0.0000,66.625,-1,0,0.0000
12181,4064,4075,0.0000,0.0000,1.0000,105.062,-1,0,0.0000
12182,4065,4066,0.0000,1.0000,0.0000,66.625,-1,0,0.0000
12183,4065,4075,0.0000,0.0000,1.0000,105.062,-1,0,0.0000
12184,4065,4076,0.0000,0.0000,1.0000,105.062,-1,0,0.0000
12185,4065,5521,1.0000,0.0000,0.0000,66.625,-1,0,0.0000
12186,4066,4067,0.0000,1.0000,0.0000,66.625,-1,0,0.0000
12187,4066,4076,0.0000,0.0000,1.0000,105.062,-1,0,0.0000
12188,4066,4077,0.0000,0.0000,1.0000,105.062,-1,0,0.0000
12189,4066,5521,1.0000,0.0000,0.0000,66.625,-1,0,0.0000
12190,4067,4077,0.0000,0.0000,1.0000,105.062,-1,0,0.0000
12191,4068,4069,0.0000,1.0000,0.0000,66.625,-1,0,0.0000
12192,4068,4078,0.0000,0.0000,1.0000,105.062,-1,0,0.0082
12193,4068,4079,0.0000,0.0000,1.0000,105.062,-1,0,0.0077
12194,4069,4070,0.0000,1.0000,0.0000,66.625,-1,0,0.0000
12195,4069,5342,1.0000,0.0000,0.0000,66.625,-1,0,0.0000
12196,4069,5343,1.0000,0.0000,0.0000,66.625,-1,0,0.0000
12197,4069,4079,0.0000,0.0000,1.0000,105.062,-1,0,0.0077
12198,4069,4080,0.0000,0.0000,1.0000,105.062,-1,0,0.0065
12199,4070,4080,0.0000,0.0000,1.0000,105.062,-1,0,0.0065
12200,4070,4081,0.0000,0.0000,1.0000,105.062,-1,0,0.0058
12201,4071,4072,0.0000,1.0000,0.0000,66.625,-1,0,0.0000
12202,4071,4082,0.0000,0.0000,1.0000,105.062,-1,0,0.0000
12203,4071,4083,0.0000,0.0000,1.0000,105.062,-1,0,0.0000
12204,4072,4073,0.0000,1.0000,0.0000,66.625,-1,0,0.0000
12205,4072,4083,0.0000,0.0000,1.0000,105.062,-1,0,0.0000
12206,4072,4084,0.0000,0.0000,1.0000,105.062,-1,0,0.0000
12207,4073,4074,0.0000,1.0000,0.0000,66.625,-1,0,0.0000
12208,4073,4084,0.0000,0.0000,1.0000,105.062,-1,0,0.0000
12209,4073,4085,0.0000,0.0000,1.0000,105.062,-1,0,0.0000
12210,4074,4085,0.0000,0.0000,1.0000,105.062,-1,0,0.0000
12211,4074,4086,0.0000,0.0000,1.0000,105.062,-1,0,0.0000
12212,4075,4076,0.0000,1.0000,0.0000,66.625,-1,0,0.0000
12213,4075,4087,0.0000,0.0000,1.0000,105.062,-1,0,0.0000
12214,4075,4088,0.0000,0.0000,1.0000,105.062,-1,0,0.0000
12215,4076,4077,0.0000,1.0000,0.0000,66.625,-1,0,0.0000
12216,4076,5523,1.0000,0.0000,0.0000,66.625,-1,0,0.0000
12217,4076,5524,1.0000,0.0000,0.0000,66.625,-1,0,0.0000
12218,4076,4088,0.0000,0.0000,1.0000,105.062,-1,0,0.0000
12219,4076,4089,0.0000,0.0000,1.0000,105.062,-1,0,0.0000
12220,4077,4089,0.0000,0.0000,1.0000,105.062,-1,0,0.0000
12221,4077,4090,0.0000,0.0000,1.0000,105.062,-1,0,0.0000
12222,4078,4079,0.0000,1.0000,0.0000,66.625,-1,0,0.0000
12223,4078,4091,0.0000,0.0000,1.0000,105.062,-1,0,0.0081
12224,4079,4080,0.0000,1.0000,0.0000,66.625,-1,0,0.0000
12225,4079,4091,0.0000,0.0000,1.0000,105.062,-1,0,0.0081
12226,4079,4092,0.0000,0.0000,1.0000,105.062,-1,0,0.0070
12227,4079,5344,1.0000,0.0000,0.0000,66.625,-1,0,0.0000
12228,4080,4081,0.0000,1.0000,0.0000,66.625,-1,0,0.0000
12229,4080,4092,0.0000,0.0000,1.0000,105.062,-1,0,0.0070
12230,4080,4093,0.0000,0.0000,1.0000,105.062,-1,0,0.0057
12231,4080,5344,1.0000,0.0000,0.0000,66.625,-1,0,0.0000
12232,4081,4093,0.0000,0.0000,1.0000,105.062,-1,0,0.0057
12233,4082,4083,0.0000,1.0000,0.0000,66.625,-1,0,0.0000
12234,4082,4094,0.0000,0.0000,1.0000,105.062,-1,0,0.0000
12235,4083,4084,0.0000,1.0000,0.0000,66.625,-1,0,0.0000
12236,4083,4094,0.0000,0.0000,1.0000,105.062,-1,0,0.0000
12237,4083,4095,0.0000,0.0000,1.0000,105.062,-1,0,0.0000
12238,4084,4085,0.0000,1.0000,0.0000,66.625,-1,0,0.0000
12239,4084,4095,0.0000,0.0000,1.0000,105.062,-1,0,0.0000
12240,4084,4096,0.0000,0.0000,1.0000,105.062,-1,0,0.0000
12241,4085,4086,0.0000,1.0000,0.0000,66.625,-1,0,0.0000
12242,4085,4096,0.0000,0.0000,1.0000,105.062,-1,0,0.0000
12243,4085,4097,0.0000,0.0000,1.0000,105.062,-1,0,0.0000
12244,4086,4097,0.0000,0.0000,1.0000,105.062,-1,0,0.0000
12245,4087,4088,0.0000,1.0000,0.0000,66.625,-1,0,0.0000
12246,4087,4098,0.0000,0.0000,1.0000,105.062,-1,0,0.0000
12247,4088,4089,0.0000,1.0000,0.0000,66.625,-1,0,0.0000
12248,4088,4098,0.0000,0.0000,1.0000,105.062,-1,0,0.0000
12249,4088,4099,0.0000,0.0000,1.0000,105.062,-1,0,0.0000
12250,4088,5525,1.0000,0.0000,0.0000,66.625,-1,0,0.0000
12251,4089,4090,0.0000,1.0000,0.0000,66.625,-1,0,0.0000
12252,4089,4099,0.0000,0.0000,1.0000,105.062,-1,0,0.0000
12253,4089,4100,0.0000,0.0000,1.0000,105.062,-1,0,0.0000
12254,4089,5525,1.0000,0.0000,0.0000,66.625,-1,0,0.0000
12255,4090,4100,0.0000,0.0000,1.0000,105.062,-1,0,0.0000
12256,4091,4092,0.0000,1.0000,0.0000,66.625,-1,0,0.0000
12257,4091,4101,0.0000,0.0000,1.0000,105.062,-1,0,0.0082
12258,4091,4102,0.0000,0.0000,1.0000,105.062,-1,0,0.0077
12259,4092,4093,0.0000,1.0000,0.0000,66.625,-1,0,0.0000
12260,4092,5346,1.0000,0.0000,0.0000,66.625,-1,0,0.0000
12261,4092,5347,1.0000,0.0000,0.0000,66.625,-1,0,0.0000
12262,4092,4102,0.0000,0.0000,1.0000,105.062,-1,0,0.0077
12263,4092,4103,0.0000,0.0000,1.0000,105.062,-1,0,0.0061
12264,4093,4103,0.0000,0.0000,1.0000,105.062,-1,0,0.0061
12265,4093,4104,0.0000,0.0000,1.0000,105.062,-1,0,0.0050
12266,4094,4095,0.0000,1.0000,0.0000,66.625,-1,0,0.0000
12267,4094,4105,0.0000,0.0000,1.0000,105.062,-1,0,0.0000
12268,4094,4106,0.0000,0.0000,1.0000,105.062,-1,0,0.0000
12269,4095,4096,0.0000,1.0000,0.0000,66.625,-1,0,0.0000
12270,4095,4106,0.0000,0.0000,1.0000,105.062,-1,0,0.0000
12271,4095,4107,0.0000,0.0000,1.0000,105.062,-1,0,0.0000
12272,4096,4097,0.0000,1.0000,0.0000,66.625,-1,0,0.0000
12273,4096,4107,0.0000,0.0000,1.0000,105.062,-1,0,0.0000
12274,4096,4108,0.0000,0.0000,1.0000,105.062,-1,0,0.0000
12275,4097,4108,0.0000,0.0000,1.0000,105.062,-1,0,0.0000
12276,4097,4109,0.0000,0.0000,1.0000,105.062,-1,0,0.0000
12277,4098,4099,0.0000,1.0000,0.0000,66.625,-1,0,0.0000
12278,4098,4110,0.0000,0.0000,1.0000,105.062,-1,0,0.0000
12279,4098,4111,0.0000,0.0000,1.0000,105.062,-1,0,0.0000
12280,4099,4100,0.0000,1.0000,0.0000,66.625,-1,0,0.0000
12281,4099,5527,1.0000,0.0000,0.0000,66.625,-1,0,0.0000
12282,4099,5528,1.0000,0.0000,0.0000,66.625,-1,0,0.0000
12283,4099,4111,0.0000,0.0000,1.0000,105.062,-1,0,0.0000
12284,4099,4112,0.0000,0.0000,1.0000,105.062,-1,0,0.0000
12285,4100,4112,0.0000,0.0000,1.0000,105.062,-1,0,0.0000
12286,4100,4113,0.0000,0.0000,1.0000,105.062,-1,0,0.0000
12287,4101,4102,0.0000,1.0000,0.0000,66.625,-1,0,0.0000
12288,4101,4114,0.0000,0.0000,1.0000,105.062,-1,0,0.0081
12289,4102,4103,0.0000,1.0000,0.0000,66.625,-1,0,0.0000
12290,4102,4114,0.0000,0.0000,1.0000,105.062,-1,0,0.0081
12291,4102,4115,0.0000,0.0000,1.0000,105.062,-1,0,0.0071
12292,4102,5348,1.0000,0.0000,0.0000,66.625,-1,0,0.0000
12293,4103,4104,0.0000,1.0000,0.0000,66.625,-1,0,0.0000
12294,4103,4115,0.0000,0.0000,1.0000,105.062,-1,0,0.0071
12295,4103,4116,0.0000,0.0000,1.0000,105.062,-1,0,0.0048
12296,4103,5348,1.0000,0.0000,0.0000,66.625,-1,0,0.0000
12297,4104,4116,0.0000,0.0000,1.0000,105.062,-1,0,0.0048
12298,4105,4106,0.0000,1.0000,0.0000,66.625,-1,0,0.0000
12299,4105,4117,0.0000,0.0000,1.0000,105.062,-1,0,0.0000
12300,4106,4107,0.0000,1.0000,0.0000,66.625,-1,0,0.0000
12301,4106,4117,0.0000,0.0000,1.0000,105.062,-1,0,0.0000
12302,4106,4118,0.0000,0.0000,1.0000,105.062,-1,0,0.0000
12303,4107,4108,0.0000,1.0000,0.0000,66.625,-1,0,0.0000
12304,4107,4118,0.0000,0.0000,1.0000,105.062,-1,0,0.0000
12305,4107,4119,0.0000,0.0000,1.0000,105.062,-1,0,0.0000
12306,4108,4109,0.0000,1.0000,0.0000,66.625,-1,0,0.0000
12307,4108,4119,0.0000,0.0000,1.0000,105.062,-1,0,0.0000
12308,4108,4120,0.0000,0.0000,1.0000,105.062,-1,0,0.0000
12309,4109,4120,0.0000,0.0000,1.0000,105.062,-1,0,0.0000
12310,4110,4111,0.0000,1.0000,0.0000,66.625,-1,0,0.0000
12311,4110,4121,0.0000,0.0000,1.0000,105.062,-1,0,0.0000
12312,4111,4112,0.0000,1.0000,0.0000,66.625,-1,0,0.0000
12313,4111,4121,0.0000,0.0000,1.0000,105.062,-1,0,0.0000
12314,4111,4122,0.0000,0.0000,1.0000,105.062,-1,0,0.0000
12315,4111,5529,1.0000,0.0000,0.0000,66.625,-1,0,0.0000
12316,4112,4113,0.0000,1.0000,0.0000,66.625,-1,0,0.0000
12317,4112,4122,0.0000,0.0000,1.0000,105.062,-1,0,0.0000
12318,4112,4123,0.0000,0.0000,1.0000,105.062,-1,0,0.0000
12319,4112,5529,1.0000,0.0000,0.0000,66.625,-1,0,0.0000
12320,4113,4123,0.0000,0.0000,1.0000,105.062,-1,0,0.0000
12321,4114,4115,0.0000,1.0000,0.0000,66.625,-1,0,0.0000
12322,4114,4124,0.0000,0.0000,1.0000,105.062,-1,0,0.0078
12323,4114,4125,0.0000,0.0000,1.0000,105.062,-1,0,0.0080
12324,4115,4116,0.0000,1.0000,0.0000,66.625,-1,0,0.0000
12325,4115,5350,1.0000,0.0000,0.0000,66.625,-1,0,0.0000
12326,4115,5351,1.0000,0.0000,0.0000,66.625,-1,0,0.0000
12327,4115,4125,0.0000,0.0000,1.0000,105.062,-1,0,0.0080
12328,4115,4126,0.0000,0.0000,1.0000,105.062,-1,0,0.0059
12329,4116,4126,0.0000,0.0000,1.0000,105.062,-1,0,0.0059
12330,4116,4127,0.0000,0.0000,1.0000,105.062,-1,0,0.0036
12331,4117,4118,0.0000,1.0000,0.0000,66.625,-1,0,0.0000
12332,4117,4128,0.0000,0.0000,1.0000,105.062,-1,0,0.0000
12333,4117,4129,0.0000,0.0000,1.0000,105.062,-1,0,0.0000
12334,4118,4119,0.0000,1.0000,0.0000,66.625,-1,0,0.0000
12335,4118,4129,0.0000,0.0000,1.0000,105.062,-1,0,0.0000
12336,4118,4130,0.0000,0.0000,1.0000,105.062,-1,0,0.0000
12337,4119,4120,0.0000,1.0000,0.0000,66.625,-1,0,0.0000
12338,4119,4130,0.0000,0.0000,1.0000,105.062,-1,0,0.0000
12339,4119,4131,0.0000,0.0000,1.0000,105.062,-1,0,0.0000
12340,4120,4131,0.0000,0.0000,1.0000,105.062,-1,0,0.0000
12341,4120,4132,0.0000,0.0000,1.0000,105.062,-1,0,0.0000
12342,4121,4122,0.0000,1.0000,0.0000,66.625,-1,0,0.0000
12343,4121,4133,0.0000,0.0000,1.0000,105.062,-1,0,0.0000
12344,4121,4134,0.0000,0.0000,1.0000,105.062,-1,0,0.0000
12345,4122,4123,0.0000,1.0000,0.0000,66.625,-1,0,0.0000
12346,4122,5531,1.0000,0.0000,0.0000,66.625,-1,0,0.0000
12347,4122,5532,1.0000,0.0000,0.0000,66.625,-1,0,0.0000
12348,4122,4134,0.0000,0.0000,1.0000,105.062,-1,0,0.0000
12349,4122,4135,0.0000,0.0000,1.0000,105.062,-1,0,0.0000
12350,4123,4135,0.0000,0.0000,1.0000,105.062,-1,0,0.0000
12351,4123,4136,0.0000,0.0000,1.0000,105.062,-1,0,0.0000
12352,4124,4125,0.0000,1.0000,0.0000,66.625,-1,0,0.0000
12353,4124,4137,0.0000,0.0000,1.0000,105.062,-1,0,0.0077
12354,4125,4126,0.0000,1.0000,0.0000,66.625,-1,0,0.0000
12355,4125,4137,0.0000,0.0000,1.0000,105.062,-1,0,0.0077
12356,4125,4138,0.0000,0.0000,1.0000,105.062,-1,0,0.0081
12357,4125,5352,1.0000,0.0000,0.0000,66.625,-1,0,0.0000
12358,4126,4127,0.0000,1.0000,0.0000,66.625,-1,0,0.0000
12359,4126,4138,0.0000,0.0000,1.0000,105.062,-1,0,0.0081
12360,4126,4139,0.0000,0.0000,1.0000,105.062,-1,0,0.0034
12361,4126,5352,1.0000,0.0000,0.0000,66.625,-1,0,0.0000
12362,4127,4139,0.0000,0.0000,1.0000,105.062,-1,0,0.0034
12363,4128,4129,0.0000,1.0000,0.0000,66.625,-1,0,0.0000
12364,4128,4140,0.0000,0.0000,1.0000,105.062,-1,0,0.0000
12365,4129,4130,0.0000,1.0000,0.0000,66.625,-1,0,0.0000
12366,4129,4140,0.0000,0.0000,1.0000,105.062,-1,0,0.0000
12367,4129,4141,0.0000,0.0000,1.0000,105.062,-1,0,0.0000
12368,4130,4131,0.0000,1.0000,0.0000,66.625,-1,0,0.0000
12369,4130,4141,0.0000,0.0000,1.0000,105.062,-1,0,0.0000
12370,4130,4142,0.0000,0.0000,1.0000,105.062,-1,0,0.0000
12371,4131,4132,0.0000,1.0000,0.0000,66.625,-1,0,0.0000
12372,4131,4142,0.0000,0.0000,1.0000,105.062,-1,0,0.0000
12373,4131,4143,0.0000,0.0000,1.0000,105.062,-1,0,0.0000
12374,4132,4143,0.0000,0.0000,1.0000,105.062,-1,0,0.0000
12375,4133,4134,0.0000,1.0000,0.0000,66.625,-1,0,0.0000
12376,4133,4144,0.0000,0.0000,1.0000,105.062,-1,0,0.0000
12377,4134,4135,0.0000,1.0000,0.0000,66.625,-1,0,0.0000
12378,4134,4144,0.0000,0.0000,1.0000,105.062,-1,0,0.0000
12379,4134,4145,0.0000,0.0000,1.0000,105.062,-1,0,0.0000
12380,4134,5533,1.0000,0.0000,0.0000,66.625,-1,0,0.0000
12381,4135,4136,0.0000,1.0000,0.0000,66.625,-1,0,0.0000
12382,4135,4145,0.0000,0.0000,1.0000,105.062,-1,0,0.0000
12383,4135,4146,0.0000,0.0000,1.0000,105.062,-1,0,0.0000
12384,4135,5533,1.0000,0.0000,0.0000,66.625,-1,0,0.0000
12385,4136,4146,0.0000,0.0000,1.0000,105.062,-1,0,0.0000
12386,4137,4138,0.0000,1.0000,0.0000,66.625,-1,0,0.0000
12387,4137,4147,0.0000,0.0000,1.0000,105.062,-1,0,0.0058
12388,4137,4148,0.0000,0.0000,1.0000,105.062,-1,0,0.0094
12389,4138,4139,0.0000,1.0000,0.0000,66.625,-1,0,0.0000
12390,4138,5354,1.0000,0.0000,0.0000,66.625,-1,0,0.0000
12391,4138,5355,1.0000,0.0000,0.0000,66.625,-1,0,0.0000
12392,4138,4148,0.0000,0.0000,1.0000,105.062,-1,0,0.0094
12393,4138,4149,0.0000,0.0000,1.0000,105.062,-1,0,0.0065
12394,4139,4149,0.0000,0.0000,1.0000,105.062,-1,0,0.0065
12395,4139,4150,0.0000,0.0000,1.0000,105.062,-1,0,0.0001
12396,4140,4141,0.0000,1.0000,0.0000,66.625,-1,0,0.0000
12397,4140,4151,0.0000,0.0000,1.0000,105.062,-1,0,0.0000
12398,4140,4152,0.0000,0.0000,1.0000,105.062,-1,0,0.0000
12399,4141,4142,0.0000,1.0000,0.0000,66.625,-1,0,0.0000
12400,4141,4152,0.0000,0.0000,1.0000,105.062,-1,0,0.0000
12401,4141,4153,0.0000,0.0000,1.0000,105.062,-1,0,0.0000
12402,4142,4143,0.0000,1.0000,0.0000,66.625,-1,0,0.0000
12403,4142,4153,0.0000,0.0000,1.0000,105.062,-1,0,0.0000
12404,4142,4154,0.0000,0.0000,1.0000,105.062,-1,0,0.0000
12405,4143,4154,0.0000,0.0000,1.0000,105.062,-1,0,0.0000
12406,4143,4155,0.0000,0.0000,1.0000,105.062,-1,0,0.0000
12407,4144,4145,0.0000,1.0000,0.0000,66.625,-1,0,0.0000
12408,4144,4156,0.0000,0.0000,1.0000,105.062,-1,0,0.0000
12409,4144,4157,0.0000,0.0000,1.0000,105.062,-1,0,0.0000
12410,4145,4146,0.0000,1.0000,0.0000,66.625,-1,0,0.0000
12411,4145,5535,1.0000,0.0000,0.0000,66.625,-1,0,0.0000
12412,4145,5536,1.0000,0.0000,0.0000,66.625,-1,0,0.0000
12413,4145,4157,0.0000,0.0000,1.0000,105.062,-1,0,0.0000
12414,4145,4158,0.0000,0.0000,1.0000,105.062,-1,0,0.0000
12415,4146,4158,0.0000,0.0000,1.0000,105.062,-1,0,0.0000
12416,4146,4159,0.0000,0.0000,1.0000,105.062,-1,0,0.0000
12417,4147,4148,0.0000,1.0000,0.0000,66.625,-1,0,0.0000
12418,4147,4160,0.0000,0.0000,1.0000,105.062,-1,0,0.0057
12419,4148,4149,0.0000,1.0000,0.0000,66.625,-1,0,0.0000
12420,4148,4160,0.0000,0.0000,1.0000,105.062,-1,0,0.0057
12421,4148,4161,0.0000,0.0000,1.0000,105.062,-1,0,0.0128
12422,4148,5356,1.0000,0.0000,0.0000,66.625,-1,0,0.0000
12423,4149,4150,0.0000,1.0000,0.0000,66.625,-1,0,0.0000
12424,4149,4161,0.0000,0.0000,1.0000,105.062,-1,0,0.0128
12425,4149,4166,0.0000,0.0000,1.0000,105.062,-1,0,0.0000
12426,4149,5356,1.0000,0.0000,0.0000,66.625,-1,0,0.0000
12427,4150,4166,0.0000,0.0000,1.0000,105.062,-1,0,0.0000
12428,4151,4152,0.0000,1.0000,0.0000,66.625,-1,0,0.0000
12429,4151,4166,0.0000,0.0000,1.0000,105.062,-1,0,0.0000
12430,4152,4153,0.0000,1.0000,0.0000,66.625,-1,0,0.0000
12431,4152,4162,0.0000,0.0000,1.0000,105.062,-1,0,0.0000
12432,4152,4166,0.0000,0.0000,1.0000,105.062,-1,0,0.0000
12433,4153,4154,0.0000,1.0000,0.0000,66.625,-1,0,0.0000
12434,4153,4162,0.0000,0.0000,1.0000,105.062,-1,0,0.0000
12435,4153,4163,0.0000,0.0000,1.0000,105.062,-1,0,0.0000
12436,4154,4155,0.0000,1.0000,0.0000,66.625,-1,0,0.0000
12437,4154,4163,0.0000,0.0000,1.0000,105.062,-1,0,0.0000
12438,4154,4167,0.0000,0.0000,1.0000,105.062,-1,0,0.0000
12439,4155,4167,0.0000,0.0000,1.0000,105.062,-1,0,0.0000
12440,4156,4157,0.0000,1.0000,0.0000,66.625,-1,0,0.0000
12441,4156,4167,0.0000,0.0000,1.0000,105.062,-1,0,0.0000
12442,4157,4158,0.0000,1.0000,0.0000,66.625,-1,0,0.0000
12443,4157,4164,0.0000,0.0000,1.0000,105.062,-1,0,0.0000
12444,4157,4167,0.0000,0.0000,1.0000,105.062,-1,0,0.0000
12445,4157,5537,1.0000,0.0000,0.0000,66.625,-1,0,0.0000
12446,4158,4159,0.0000,1.0000,0.0000,66.625,-1,0,0.0000
12447,4158,4164,0.0000,0.0000,1.0000,105.062,-1,0,0.0000
12448,4158,4165,0.0000,0.0000,1.0000,105.062,-1,0,0.0000
12449,4158,5537,1.0000,0.0000,0.0000,66.625,-1,0,0.0000
12450,4159,4165,0.0000,0.0000,1.0000,105.062,-1,0,0.0000
12451,4160,4161,0.0000,1.0000,0.0000,66.625,-1,0,0.0000
12452,4160,4168,0.0000,0.0000,1.0000,105.062,-1,0,0.0020
12453,4160,4169,0.0000,0.0000,1.0000,105.062,-1,0,0.0091
12454,4161,4166,0.0000,1.0000,0.0000,66.625,-1,0,0.0000
12455,4161,5358,1.0000,0.0000,0.0000,66.625,-1,0,0.0000
12456,4161,5359,1.0000,0.0000,0.0000,66.625,-1,0,0.0000
12457,4161,4169,0.0000,0.0000,1.0000,105.062,-1,0,0.0091
12458,4161,4170,0.0000,0.0000,1.0000,105.062,-1,0,0.0162
12459,4162,4163,0.0000,1.0000,0.0000,66.625,-1,0,0.0000
12460,4162,4166,0.0000,-1.0000,0.0000,66.625,-1,0,0.0000
12461,4162,4171,0.0000,0.0000,1.0000,105.062,-1,0,0.0000
12462,4162,4172,0.0000,0.0000,1.0000,105.062,-1,0,0.0000
12463,4163,4167,0.0000,1.0000,0.0000,66.625,-1,0,0.0000
12464,4163,4172,0.0000,0.0000,1.0000,105.062,-1,0,0.0000
12465,4163,4173,0.0000,0.0000,1.0000,105.062,-1,0,0.0000
12466,4164,4165,0.0000,1.0000,0.0000,66.625,-1,0,0.0000
12467,4164,4167,0.0000,-1.0000,0.0000,66.625,-1,0,0.0000
12468,4164,5539,1.0000,0.0000,0.0000,66.625,-1,0,0.0000
12469,4164,5540,1.0000,0.0000,0.0000,66.625,-1,0,0.0000
12470,4164,4174,0.0000,0.0000,1.0000,105.062,-1,0,0.0000
12471,4164,4175,0.0000,0.0000,1.0000,105.062,-1,0,0.0000
12472,4165,4175,0.0000,0.0000,1.0000,105.062,-1,0,0.0000
12473,4165,4176,0.0000,0.0000,1.0000,105.062,-1,0,0.0000
12474,4166,4170,0.0000,-1.0000,0.0000,66.625,-1,0,0.0000
12475,4166,4171,0.0000,1.0000,0.0000,66.625,-1,0,0.0000
12476,4166,4179,0.0000,0.0000,1.0000,220.375,-1,0,0.0000
12477,4166,4180,0.0000,0.0000,1.0000,220.375,-1,0,0.0000
12478,4166,4181,0.0000,0.0000,1.0000,220.375,-1,0,0.0000
12479,4166,4182,0.0000,0.0000,1.0000,220.375,-1,0,0.0000
12480,4167,4173,0.0000,-1.0000,0.0000,66.625,-1,0,0.0000
12481,4167,4174,0.0000,1.0000,0.0000,66.625,-1,0,0.0000
12482,4167,4185,0.0000,0.0000,1.0000,220.375,-1,0,0.0000
12483,4167,4186,0.0000,0.0000,1.0000,220.375,-1,0,0.0000
12484,4167,4187,0.0000,0.0000,1.0000,220.375,-1,0,0.0000
12485,4167,4188,0.0000,0.0000,1.0000,220.375,-1,0,0.0000
12486,4168,4169,0.0000,1.0000,0.0000,66.625,-1,0,0.0000
12487,4168,4177,0.0000,0.0000,1.0000,105.062,-1,0,0.0019
12488,4169,4170,0.0000,1.0000,0.0000,66.625,-1,0,0.0000
12489,4169,5360,1.0000,0.0000,0.0000,66.625,-1,0,0.0000
12490,4169,4177,0.0000,0.0000,1.0000,105.062,-1,0,0.0019
12491,4169,4178,0.0000,0.0000,1.0000,105.062,-1,0,0.0161
12492,4170,5360,1.0000,0.0000,0.0000,66.625,-1,0,0.0000
12493,4170,4178,0.0000,0.0000,1.0000,105.062,-1,0,0.0161
12494,4171,4172,0.0000,1.0000,0.0000,66.625,-1,0,0.0000
12495,4171,4183,0.0000,0.0000,1.0000,105.062,-1,0,0.0000
12496,4172,4173,0.0000,1.0000,0.0000,66.625,-1,0,0.0000
12497,4172,4183,0.0000,0.0000,1.0000,105.062,-1,0,0.0000
12498,4172,4184,0.0000,0.0000,1.0000,105.062,-1,0,0.0000
12499,4173,4184,0.0000,0.0000,1.0000,105.062,-1,0,0.0000
12500,4174,4175,0.0000,1.0000,0.0000,66.625,-1,0,0.0000
12501,4174,5541,1.0000,0.0000,0.0000,66.625,-1,0,0.0000
12502,4174,4189,0.0000,0.0000,1.0000,105.062,-1,0,0.0000
12503,4175,4176,0.0000,1.0000,0.0000,66.625,-1,0,0.0000
12504,4175,5541,1.0000,0.0000,0.0000,66.625,-1,0,0.0000
12505,4175,4189,0.0000,0.0000,1.0000,105.062,-1,0,0.0000
12506,4175,4190,0.0000,0.0000,1.0000,105.062,-1,0,0.0000
12507,4176,4190,0.0000,0.0000,1.0000,105.062,-1,0,0.0000
12508,4177,4178,0.0000,1.0000,0.0000,66.625,-1,0,0.0000
12509,4177,4191,0.0000,0.0000,1.0000,105.062,-1,0,0.0017
12510,4177,4192,0.0000,0.0000,1.0000,105.062,-1,0,0.0018
12511,4178,4179,0.0000,1.0000,0.0000,66.625,-1,0,0.0000
12512,4178,4192,0.0000,0.0000,1.0000,105.062,-1,0,0.0018
12513,4178,4193,0.0000,0.0000,1.0000,105.062,-1,0,0.4545
12514,4178,5362,1.0000,0.0000,0.0000,66.625,-1,0,0.0000
12515,4178,5363,1.0000,0.0000,0.0000,66.625,-1,0,0.0000
12516,4179,4180,0.0000,1.0000,0.0000,66.625,-1,0,0.0000
12517,4179,4193,0.0000,0.0000,1.0000,105.062,-1,0,0.0000
12518,4179,4194,0.0000,0.0000,1.0000,105.062,-1,0,0.0000
12519,4180,4181,0.0000,1.0000,0.0000,66.625,-1,0,0.0000
12520,4180,4194,0.0000,0.0000,1.0000,105.062,-1,0,0.0000
12521,4180,4195,0.0000,0.0000,1.0000,105.062,-1,0,0.0000
12522,4181,4182,0.0000,1.0000,0.0000,66.625,-1,0,0.0000
12523,4181,4195,0.0000,0.0000,1.0000,105.062,-1,0,0.0000
12524,4181,4196,0.0000,0.0000,1.0000,105.062,-1,0,0.0000
12525,4182,4183,0.0000,1.0000,0.0000,66.625,-1,0,0.0000
12526,4182,4196,0.0000,0.0000,1.0000,105.062,-1,0,0.0000
12527,4182,4197,0.0000,0.0000,1.0000,105.062,-1,0,0.0000
12528,4183,4184,0.0000,1.0000,0.0000,66.625,-1,0,0.0000
12529,4183,4197,0.0000,0.0000,1.0000,105.062,-1,0,0.0000
12530,4183,4198,0.0000,0.0000,1.0000,105.062,-1,0,0.0000
12531,4184,4185,0.0000,1.0000,0.0000,66.625,-1,0,0.0000
12532,4184,4198,0.0000,0.0000,1.0000,105.062,-1,0,0.0000
12533,4184,4199,0.0000,0.0000,1.0000,105.062,-1,0,0.0000
12534,4185,4186,0.0000,1.0000,0.0000,66.625,-1,0,0.0000
12535,4185,4199,0.0000,0.0000,1.0000,105.062,-1,0,0.0000
12536,4185,4200,0.0000,0.0000,1.0000,105.062,-1,0,0.0000
12537,4186,4187,0.0000,1.0000,0.0000,66.625,-1,0,0.0000
12538,4186,4200,0.0000,0.0000,1.0000,105.062,-1,0,0.0000
12539,4186,4201,0.0000,0.0000,1.0000,105.062,-1,0,0.0000
12540,4187,4188,0.0000,1.0000,0.0000,66.625,-1,0,0.0000
12541,4187,4201,0.0000,0.0000,1.0000,105.062,-1,0,0.0000
12542,4187,4202,0.0000,0.0000,1.0000,105.062,-1,0,0.0000
12543,4188,4189,0.0000,1.0000,0.0000,66.625,-1,0,0.0000
12544,4188,4202,0.0000,0.0000,1.0000,105.062,-1,0,0.0000
12545,4188,4203,0.0000,0.0000,1.0000,105.062,-1,0,0.0000
12546,4189,4190,0.0000,1.0000,0.0000,66.625,-1,0,0.0000
12547,4189,4203,0.0000,0.0000,1.0000,105.062,-1,0,0.0000
12548,4189,4204,0.0000,0.0000,1.0000,105.062,-1,0,0.0000
12549,4189,5543,1.0000,0.0000,0.0000,66.625,-1,0,0.0000
12550,4189,5544,1.0000,0.0000,0.0000,66.625,-1,0,0.0000
12551,4190,4204,0.0000,0.0000,1.0000,105.062,-1,0,0.0000
12552,4190,4205,0.0000,0.0000,1.0000,105.062,-1,0,0.0000
12553,4191,4192,0.0000,1.0000,0.0000,66.625,-1,0,0.0000
12554,4191,4206,0.0000,0.0000,1.0000,105.062,-1,0,0.0016
12555,4192,4193,0.0000,1.0000,0.0000,66.625,-1,0,0.0000
12556,4192,5364,1.0000,0.0000,0.0000,66.625,-1,0,0.0000
12557,4192,4206,0.0000,0.0000,1.0000,105.062,-1,0,0.0016
12558,4192,4207,0.0000,0.0000,1.0000,105.062,-1,0,0.0018
12559,4193,4194,0.0000,1.0000,0.0000,66.625,-1,0,0.0000
12560,4193,5364,1.0000,0.0000,0.0000,66.625,-1,0,0.0000
12561,4193,4207,0.0000,0.0000,1.0000,105.062,-1,0,0.0018
12562,4193,4208,0.0000,0.0000,1.0000,105.062,-1,0,0.4977
12563,4194,4195,0.0000,1.0000,0.0000,66.625,-1,0,0.0000
12564,4194,4208,0.0000,0.0000,1.0000,105.062,-1,0,0.0000
12565,4194,4209,0.0000,0.0000,1.0000,105.062,-1,0,0.0000
12566,4195,4196,0.0000,1.0000,0.0000,66.625,-1,0,0.0000
12567,4195,4209,0.0000,0.0000,1.0000,105.062,-1,0,0.0000
12568,4195,4210,0.0000,0.0000,1.0000,105.062,-1,0,0.0000
12569,4196,4197,0.0000,1.0000,0.0000,66.625,-1,0,0.0000
12570,4196,4210,0.0000,0.0000,1.0000,105.062,-1,0,0.0000
12571,4196,4211,0.0000,0.0000,1.0000,105.062,-1,0,0.0000
12572,4197,4198,0.0000,1.0000,0.0000,66.625,-1,0,0.0000
12573,4197,4211,0.0000,0.0000,1.0000,105.062,-1,0,0.0000
12574,4197,4212,0.0000,0.0000,1.0000,105.062,-1,0,0.0000
12575,4198,4199,0.0000,1.0000,0.0000,66.625,-1,0,0.0000
12576,4198,4212,0.0000,0.0000,1.0000,105.062,-1,0,0.0000
12577,4198,4213,0.0000,0.0000,1.0000,105.062,-1,0,0.0000
12578,4199,4200,0.0000,1.0000,0.0000,66.625,-1,0,0.0000
12579,4199,4213,0.0000,0.0000,1.0000,105.062,-1,0,0.0000
12580,4199,4214,0.0000,0.0000,1.0000,105.062,-1,0,0.0000
12581,4200,4201,0.0000,1.0000,0.0000,66.625,-1,0,0.0000
12582,4200,4214,0.0000,0.0000,1.0000,105.062,-1,0,0.0000
12583,4200,4215,0.0000,0.0000,1.0000,105.062,-1,0,0.0000
12584,4201,4202,0.0000,1.0000,0.0000,66.625,-1,0,0.0000
12585,4201,4215,0.0000,0.0000,1.0000,105.062,-1,0,0.0000
12586,4201,4216,0.0000,0.0000,1.0000,105.062,-1,0,0.0000
12587,4202,4203,0.0000,1.0000,0.0000,66.625,-1,0,0.0000
12588,4202,4216,0.0000,0.0000,1.0000,105.062,-1,0,0.0000
12589,4202,4217,0.0000,0.0000,1.0000,105.062,-1,0,0.0000
12590,4203,4204,0.0000,1.0000,0.0000,66.625,-1,0,0.0000
12591,4203,5545,1.0000,0.0000,0.0000,66.625,-1,0,0.0000
12592,4203,4217,0.0000,0.0000,1.0000,105.062,-1,0,0.0000
12593,4203,4218,0.0000,0.0000,1.0000,105.062,-1,0,0.0000
12594,4204,4205,0.0000,1.0000,0.0000,66.625,-1,0,0.0000
12595,4204,5545,1.0000,0.0000,0.0000,66.625,-1,0,0.0000
12596,4204,4218,0.0000,0.0000,1.0000,105.062,-1,0,0.0000
12597,4204,4219,0.0000,0.0000,1.0000,105.062,-1,0,0.0000
12598,4205,4219,0.0000,0.0000,1.0000,105.062,-1,0,0.0000
12599,4206,4207,0.0000,1.0000,0.0000,66.625,-1,0,0.0000
12600,4206,4220,0.0000,0.0000,1.0000,105.062,-1,0,0.0014
12601,4206,4221,0.0000,0.0000,1.0000,105.062,-1,0,0.0015
12602,4207,4208,0.0000,1.0000,0.0000,66.625,-1,0,0.0000
12603,4207,4221,0.0000,0.0000,1.0000,105.062,-1,0,0.0015
12604,4207,4222,0.0000,0.0000,1.0000,105.062,-1,0,0.0018
12605,4207,5366,1.0000,0.0000,0.0000,66.625,-1,0,0.0000
12606,4207,5367,1.0000,0.0000,0.0000,66.625,-1,0,0.0000
12607,4208,4209,0.0000,1.0000,0.0000,66.625,-1,0,0.0000
12608,4208,4222,0.0000,0.0000,1.0000,105.062,-1,0,0.0018
12609,4208,4223,0.0000,0.0000,1.0000,105.062,-1,0,0.5563
12610,4209,4210,0.0000,1.0000,0.0000,66.625,-1,0,0.0000
12611,4209,4223,0.0000,0.0000,1.0000,105.062,-1,0,0.0000
12612,4209,4224,0.0000,0.0000,1.0000,105.062,-1,0,0.0000
12613,4210,4211,0.0000,1.0000,0.0000,66.625,-1,0,0.0000
12614,4210,4224,0.0000,0.0000,1.0000,105.062,-1,0,0.0000
12615,4210,4225,0.0000,0.0000,1.0000,105.062,-1,0,0.0000
12616,4211,4212,0.0000,1.0000,0.0000,66.625,-1,0,0.0000
12617,4211,4225,0.0000,0.0000,1.0000,105.062,-1,0,0.0000
12618,4211,4226,0.0000,0.0000,1.0000,105.062,-1,0,0.0000
12619,4212,4213,0.0000,1.0000,0.0000,66.625,-1,0,0.0000
12620,4212,4226,0.0000,0.0000,1.0000,105.062,-1,0,0.0000
12621,4212,4227,0.0000,0.0000,1.0000,105.062,-1,0,0.0000
12622,4213,4214,0.0000,1.0000,0.0000,66.625,-1,0,0.0000
12623,4213,4227,0.0000,0.0000,1.0000,105.062,-1,0,0.0000
12624,4213,4228,0.0000,0.0000,1.0000,105.062,-1,0,0.0000
12625,4214,4215,0.0000,1.0000,0.0000,66.625,-1,0,0.0000
12626,4214,4228,0.0000,0.0000,1.0000,105.062,-1,0,0.0000
12627,4214,4229,0.0000,0.0000,1.0000,105.062,-1,0,0.0000
12628,4215,4216,0.0000,1.0000,0.0000,66.625,-1,0,0.0000
12629,4215,4229,0.0000,0.0000,1.0000,105.062,-1,0,0.0000
12630,4215,4230,0.0000,0.0000,1.0000,105.062,-1,0,0.0000
12631,4216,4217,0.0000,1.0000,0.0000,66.625,-1,0,0.0000
12632,4216,4230,0.0000,0.0000,1.0000,105.062,-1,0,0.0000
12633,4216,4231,0.0000,0.0000,1.0000,105.062,-1,0,0.0000
12634,4217,4218,0.0000,1.0000,0.0000,66.625,-1,0,0.0000
12635,4217,4231,0.0000,0.0000,1.0000,105.062,-1,0,0.0000
12636,4217,4232,0.0000,0.0000,1.0000,105.062,-1,0,0.0000
12637,4218,4219,0.0000,1.0000,0.0000,66.625,-1,0,0.0000
12638,4218,4232,0.0000,0.0000,1.0000,105.062,-1,0,0.0000
12639,4218,4233,0.0000,0.0000,1.0000,105.062,-1,0,0.0000
12640,4218,5547,1.0000,0.0000,0.0000,66.625,-1,0,0.0000
12641,4218,5548,1.0000,0.0000,0.0000,66.625,-1,0,0.0000
12642,4219,4233,0.0000,0.0000,1.0000,105.062,-1,0,0.0000
12643,4219,4234,0.0000,0.0000,1.0000,105.062,-1,0,0.0000
12644,4220,4221,0.0000,1.0000,0.0000,66.625,-1,0,0.0000
12645,4220,4235,0.0000,0.0000,1.0000,105.062,-1,0,0.0013
12646,4221,4222,0.0000,1.0000,0.0000,66.625,-1,0,0.0000
12647,4221,5368,1.0000,0.0000,0.0000,66.625,-1,0,0.0000
12648,4221,4235,0.0000,0.0000,1.0000,105.062,-1,0,0.0013
12649,4221,4236,0.0000,0.0000,1.0000,105.062,-1,0,0.0015
12650,4222,4223,0.0000,1.0000,0.0000,66.625,-1,0,0.0000
12651,4222,5368,1.0000,0.0000,0.0000,66.625,-1,0,0.0000
12652,4222,4236,0.0000,0.0000,1.0000,105.062,-1,0,0.0015
12653,4222,4237,0.0000,0.0000,1.0000,105.062,-1,0,0.0018
12654,4223,4224,0.0000,1.0000,0.0000,66.625,-1,0,0.0000
12655,4223,4237,0.0000,0.0000,1.0000,105.062,-1,0,0.0018
12656,4223,4238,0.0000,0.0000,1.0000,105.062,-1,0,0.3570
12657,4224,4225,0.0000,1.0000,0.0000,66.625,-1,0,0.0000
12658,4224,4238,0.0000,0.0000,1.0000,105.062,-1,0,0.0000
12659,4224,4239,0.0000,0.0000,1.0000,105.062,-1,0,0.0000
12660,4225,4226,0.0000,1.0000,0.0000,66.625,-1,0,0.0000
12661,4225,4239,0.0000,0.0000,1.0000,105.062,-1,0,0.0000
12662,4225,4240,0.0000,0.0000,1.0000,105.062,-1,0,0.0000
12663,4226,4227,0.0000,1.0000,0.0000,66.625,-1,0,0.0000
12664,4226,4240,0.0000,0.0000,1.0000,105.062,-1,0,0.0000
12665,4226,4241,0.0000,0.0000,1.0000,105.062,-1,0,0.0000
12666,4227,4228,0.0000,1.0000,0.0000,66.625,-1,0,0.0000
12667,4227,4241,0.0000,0.0000,1.0000,105.062,-1,0,0.0000
12668,4227,4242,0.0000,0.0000,1.0000,105.062,-1,0,0.0000
12669,4228,4229,0.0000,1.0000,0.0000,66.625,-1,0,0.0000
12670,4228,4242,0.0000,0.0000,1.0000,105.062,-1,0,0.0000
12671,4228,4243,0.0000,0.0000,1.0000,105.062,-1,0,0.0000
12672,4229,4230,0.0000,1.0000,0.0000,66.625,-1,0,0.0000
12673,4229,4243,0.0000,0.0000,1.0000,105.062,-1,0,0.0000
12674,4229,4244,0.0000,0.0000,1.0000,105.062,-1,0,0.0000
12675,4230,4231,0.0000,1.0000,0.0000,66.625,-1,0,0.0000
12676,4230,4244,0.0000,0.0000,1.0000,105.062,-1,0,0.0000
12677,4230,4245,0.0000,0.0000,1.0000,105.062,-1,0,0.0000
12678,4231,4232,0.0000,1.0000,0.0000,66.625,-1,0,0.0000
12679,4231,4245,0.0000,0.0000,1.0000,105.062,-1,0,0.0000
12680,4231,4246,0.0000,0.0000,1.0000,105.062,-1,0,0.0000
12681,4232,4233,0.0000,1.0000,0.0000,66.625,-1,0,0.0000
12682,4232,5549,1.0000,0.0000,0.0000,66.625,-1,0,0.0000
12683,4232,4246,0.0000,0.0000,1.0000,105.062,-1,0,0.0000
12684,4232,4247,0.0000,0.0000,1.0000,105.062,-1,0,0.0000
12685,4233,4234,0.0000,1.0000,0.0000,66.625,-1,0,0.0000
12686,4233,5549,1.0000,0.0000,0.0000,66.625,-1,0,0.0000
12687,4233,4247,0.0000,0.0000,1.0000,105.062,-1,0,0.0000
12688,4233,4248,0.0000,0.0000,1.0000,105.062,-1,0,0.0000
12689,4234,4248,0.0000,0.0000,1.0000,105.062,-1,0,0.0000
12690,4235,4236,0.0000,1.0000,0.0000,66.625,-1,0,0.0000
12691,4235,4249,0.0000,0.0000,1.0000,105.062,-1,0,0.0012
12692,4235,4250,0.0000,0.0000,1.0000,105.062,-1,0,0.0012
12693,4236,4237,0.0000,1.0000,0.0000,66.625,-1,0,0.0000
12694,4236,4250,0.0000,0.0000,1.0000,105.062,-1,0,0.0012
12695,4236,4251,0.0000,0.0000,1.0000,105.062,-1,0,0.0015
12696,4236,5370,1.0000,0.0000,0.0000,66.625,-1,0,0.0000
12697,4236,5371,1.0000,0.0000,0.0000,66.625,-1,0,0.0000
12698,4237,4238,0.0000,1.0000,0.0000,66.625,-1,0,0.0000
12699,4237,4251,0.0000,0.0000,1.0000,105.062,-1,0,0.0015
12700,4237,4252,0.0000,0.0000,1.0000,105.062,-1,0,0.0019
12701,4238,4239,0.0000,1.0000,0.0000,66.625,-1,0,0.0000
12702,4238,4252,0.0000,0.0000,1.0000,105.062,-1,0,0.0019
12703,4238,4253,0.0000,0.0000,1.0000,105.062,-1,0,0.3876
12704,4239,4240,0.0000,1.0000,0.0000,66.625,-1,0,0.0000
12705,4239,4253,0.0000,0.0000,1.0000,105.062,-1,0,0.0000
12706,4239,4254,0.0000,0.0000,1.0000,105.062,-1,0,0.0000
12707,4240,4241,0.0000,1.0000,0.0000,66.625,-1,0,0.0000
12708,4240,4254,0.0000,0.0000,1.0000,105.062,-1,0,0.0000
12709,4240,4255,0.0000,0.0000,1.0000,105.062,-1,0,0.0000
12710,4241,4242,0.0000,1.0000,0.0000,66.625,-1,0,0.0000
12711,4241,4255,0.0000,0.0000,1.0000,105.062,-1,0,0.0000
12712,4241,4256,0.0000,0.0000,1.0000,105.062,-1,0,0.0000
12713,4242,4243,0.0000,1.0000,0.0000,66.625,-1,0,0.0000
12714,4242,4256,0.0000,0.0000,1.0000,105.062,-1,0,0.0000
12715,4242,4257,0.0000,0.0000,1.0000,105.062,-1,0,0.0000
12716,4243,4244,0.0000,1.0000,0.0000,66.625,-1,0,0.0000
12717,4243,4257,0.0000,0.0000,1.0000,105.062,-1,0,0.0000
12718,4243,4258,0.0000,0.0000,1.0000,105.062,-1,0,0.0000
12719,4244,4245,0.0000,1.0000,0.0000,66.625,-1,0,0.0000
12720,4244,4258,0.0000,0.0000,1.0000,105.062,-1,0,0.0000
12721,4244,4259,0.0000,0.0000,1.0000,105.062,-1,0,0.0000
12722,4245,4246,0.0000,1.0000,0.0000,66.625,-1,0,0.0000
12723,4245,4259,0.0000,0.0000,1.0000,105.062,-1,0,0.0000
12724,4245,4260,0.0000,0.0000,1.0000,105.062,-1,0,0.0000
12725,4246,4247,0.0000,1.0000,0.0000,66.625,-1,0,0.0000
12726,4246,4260,0.0000,0.0000,1.0000,105.062,-1,0,0.0000
12727,4246,4261,0.0000,0.0000,1.0000,105.062,-1,0,0.0000
12728,4247,4248,0.0000,1.0000,0.0000,66.625,-1,0,0.0000
12729,4247,4261,0.0000,0.0000,1.0000,105.062,-1,0,0.0000
12730,4247,4262,0.0000,0.0000,1.0000,105.062,-1,0,0.0000
12731,4247,5551,1.0000,0.0000,0.0000,66.625,-1,0,0.0000
12732,4247,5552,1.0000,0.0000,0.0000,66.625,-1,0,0.0000
12733,4248,4262,0.0000,0.0000,1.0000,105.062,-1,0,0.0000
12734,4248,4263,0.0000,0.0000,1.0000,105.062,-1,0,0.0000
12735,4249,4250,0.0000,1.0000,0.0000,66.625,-1,0,0.0000
12736,4249,4264,0.0000,0.0000,1.0000,105.062,-1,0,0.0010
12737,4250,4251,0.0000,1.0000,0.0000,66.625,-1,0,0.0000
12738,4250,5372,1.0000,0.0000,0.0000,66.625,-1,0,0.0000
12739,4250,4264,0.0000,0.0000,1.0000,220.375,-1,0,0.0010
12740,4251,4252,0.0000,1.0000,0.0000,66.625,-1,0,0.0000
12741,4251,5372,1.0000,0.0000,0.0000,66.625,-1,0,0.0000
12742,4251,4264,0.0000,0.0000,1.0000,105.062,-1,0,0.0010
12743,4251,4265,0.0000,0.0000,1.0000,105.062,-1,0,0.0017
12744,4252,4253,0.0000,1.0000,0.0000,66.625,-1,0,0.0000
12745,4252,4265,0.0000,0.0000,1.0000,220.375,-1,0,0.0017
12746,4253,4254,0.0000,1.0000,0.0000,66.625,-1,0,0.0000
12747,4253,4265,0.0000,0.0000,1.0000,105.062,-1,0,0.0017
12748,4253,4266,0.0000,0.0000,1.0000,105.062,-1,0,0.2400
12749,4254,4255,0.0000,1.0000,0.0000,66.625,-1,0,0.0000
12750,4254,4266,0.0000,0.0000,1.0000,220.375,-1,0,0.0000
12751,4255,4256,0.0000,1.0000,0.0000,66.625,-1,0,0.0000
12752,4255,4266,0.0000,0.0000,1.0000,105.062,-1,0,0.0000
12753,4255,4267,0.0000,0.0000,1.0000,105.062,-1,0,0.0000
12754,4256,4257,0.0000,1.0000,0.0000,66.625,-1,0,0.0000
12755,4256,4267,0.0000,0.0000,1.0000,220.375,-1,0,0.0000
12756,4257,4258,0.0000,1.0000,0.0000,66.625,-1,0,0.0000
12757,4257,4267,0.0000,0.0000,1.0000,105.062,-1,0,0.0000
12758,4257,4268,0.0000,0.0000,1.0000,105.062,-1,0,0.0000
12759,4258,4259,0.0000,1.0000,0.0000,66.625,-1,0,0.0000
12760,4258,4268,0.0000,0.0000,1.0000,220.375,-1,0,0.0000
12761,4259,4260,0.0000,1.0000,0.0000,66.625,-1,0,0.0000
12762,4259,4268,0.0000,0.0000,1.0000,105.062,-1,0,0.0000
12763,4259,4269,0.0000,0.0000,1.0000,105.062,-1,0,0.0000
12764,4260,4261,0.0000,1.0000,0.0000,66.625,-1,0,0.0000
12765,4260,4269,0.0000,0.0000,1.0000,220.375,-1,0,0.0000
12766,4261,4262,0.0000,1.0000,0.0000,66.625,-1,0,0.0000
12767,4261,5553,1.0000,0.0000,0.0000,66.625,-1,0,0.0000
12768,4261,4269,0.0000,0.0000,1.0000,105.062,-1,0,0.0000
12769,4261,4270,0.0000,0.0000,1.0000,105.062,-1,0,0.0000
12770,4262,4263,0.0000,1.0000,0.0000,66.625,-1,0,0.0000
12771,4262,5553,1.0000,0.0000,0.0000,66.625,-1,0,0.0000
12772,4262,4270,0.0000,0.0000,1.0000,220.375,-1,0,0.0000
12773,4263,4270,0.0000,0.0000,1.0000,105.062,-1,0,0.0000
12774,4264,4265,0.0000,1.0000,0.0000,143.500,-1,0,0.0000
12775,5374,4264,-1.0000,0.0000,0.0000,66.625,-1,0,0.0000
12776,5375,4264,-1.0000,0.0000,0.0000,66.625,-1,0,0.0000
12777,4264,5376,1.0000,0.0000,0.0000,139.750,-1,0,0.0000
12778,4264,5119,0.0000,0.0000,1.0000,105.062,-1,0,0.0008
12779,4264,5120,0.0000,0.0000,1.0000,220.375,-1,0,0.0012
12780,4264,5223,0.0000,0.0000,1.0000,105.062,-1,0,0.0000
12781,4265,4266,0.0000,1.0000,0.0000,143.500,-1,0,0.0000
12782,4265,5121,0.0000,0.0000,1.0000,220.375,-1,0,0.0014
12783,4265,5122,0.0000,0.0000,1.0000,220.375,-1,0,0.0016
12784,4266,4267,0.0000,1.0000,0.0000,143.500,-1,0,0.0000
12785,4266,5123,0.0000,0.0000,1.0000,220.375,-1,0,0.0018
12786,4266,5124,0.0000,0.0000,1.0000,220.375,-1,0,0.1426
12787,4267,4268,0.0000,1.0000,0.0000,143.500,-1,0,0.0000
12788,4267,5125,0.0000,0.0000,1.0000,220.375,-1,0,0.0000
12789,4267,5126,0.0000,0.0000,1.0000,220.375,-1,0,0.0000
12790,4268,4269,0.0000,1.0000,0.0000,143.500,-1,0,0.0000
12791,4268,5127,0.0000,0.0000,1.0000,220.375,-1,0,0.0000
12792,4268,5128,0.0000,0.0000,1.0000,220.375,-1,0,0.0000
12793,4269,4270,0.0000,1.0000,0.0000,143.500,-1,0,0.0000
12794,4269,5129,0.0000,0.0000,1.0000,220.375,-1,0,0.0000
12795,4269,5130,0.0000,0.0000,1.0000,220.375,-1,0,0.0000
12796,5555,4270,-1.0000,0.0000,0.0000,66.625,-1,0,0.0000
12797,5556,4270,-1.0000,0.0000,0.0000,66.625,-1,0,0.0000
12798,4270,5557,1.0000,0.0000,0.0000,139.750,-1,0,0.0000
12799,4270,5131,0.0000,0.0000,1.0000,220.375,-1,0,0.0000
12800,4270,5132,0.0000,0.0000,1.0000,105.062,-1,0,0.0000
12801,4270,5224,0.0000,0.0000,1.0000,105.062,2,2,-1.0000
12802,4271,4273,0.0000,0.0000,1.0000,220.375,-1,0,0.0079
12803,4272,4274,0.0000,0.0000,1.0000,220.375,-1,0,0.0044
12804,4273,4275,0.0000,0.0000,1.0000,220.375,-1,0,0.0078
12805,4274,4276,0.0000,0.0000,1.0000,220.375,-1,0,0.0042
12806,4275,4277,0.0000,0.0000,1.0000,220.375,-1,0,0.0077
12807,4276,4278,0.0000,0.0000,1.0000,220.375,-1,0,0.0041
12808,4277,4279,0.0000,0.0000,1.0000,220.375,-1,0,0.0076
12809,4278,4280,0.0000,0.0000,1.0000,220.375,-1,0,0.0040
12810,4279,4281,0.0000,0.0000,1.0000,220.375,-1,0,0.0074
12811,4280,4282,0.0000,0.0000,1.0000,220.375,-1,0,0.0039
12812,4281,4283,0.0000,0.0000,1.0000,220.375,-1,0,0.0073
12813,4282,4284,0.0000,0.0000,1.0000,220.375,-1,0,0.0038
12814,4283,4285,0.0000,0.0000,1.0000,220.375,-1,0,0.0072
12815,4284,4286,0.0000,0.0000,1.0000,220.375,-1,0,0.0036
12816,4285,4287,0.0000,0.0000,1.0000,220.375,-1,0,0.0071
12817,4286,4288,0.0000,0.0000,1.0000,220.375,-1,0,0.0035
12818,4287,4289,0.0000,0.0000,1.0000,220.375,-1,0,0.0070
12819,4288,4290,0.0000,0.0000,1.0000,220.375,-1,0,0.0034
12820,4289,4291,0.0000,0.0000,1.0000,220.375,-1,0,0.0068
12821,4290,4292,0.0000,0.0000,1.0000,220.375,-1,0,0.0033
12822,4291,4293,0.0000,0.0000,1.0000,220.375,-1,0,0.0067
12823,4292,4294,0.0000,0.0000,1.0000,220.375,-1,0,0.0031
12824,4293,4295,0.0000,0.0000,1.0000,220.375,-1,0,0.0066
12825,4294,4296,0.0000,0.0000,1.0000,220.375,-1,0,0.0030
12826,4295,4297,0.0000,0.0000,1.0000,220.375,-1,0,0.0065
12827,4296,4298,0.0000,0.0000,1.0000,220.375,-1,0,0.0029
12828,4297,4299,0.0000,0.0000,1.0000,220.375,-1,0,0.0063
12829,4298,4300,0.0000,0.0000,1.0000,220.375,-1,0,0.0028
12830,4299,4301,0.0000,0.0000,1.0000,220.375,-1,0,0.0062
12831,4300,4302,0.0000,0.0000,1.0000,220.375,-1,0,0.0027
12832,4301,4303,0.0000,0.0000,1.0000,220.375,-1,0,0.0061
12833,4302,4304,0.0000,0.0000,1.0000,220.375,-1,0,0.0025
12834,4303,4305,0.0000,0.0000,1.0000,220.375,-1,0,0.0060
12835,4304,4306,0.0000,0.0000,1.0000,220.375,-1,0,0.0024
12836,4305,4307,0.0000,0.0000,1.0000,220.375,-1,0,0.0059
12837,4306,4308,0.0000,0.0000,1.0000,220.375,-1,0,0.0023
12838,4307,4309,0.0000,0.0000,1.0000,220.375,-1,0,0.0057
12839,4308,4310,0.0000,0.0000,1.0000,220.375,-1,0,0.0022
12840,4309,4311,0.0000,0.0000,1.0000,220.375,-1,0,0.0056
12841,4310,4312,0.0000,0.0000,1.0000,220.375,-1,0,0.0021
12842,4311,4313,0.0000,0.0000,1.0000,220.375,-1,0,0.0055
12843,4312,4314,0.0000,0.0000,1.0000,220.375,-1,0,0.0019
12844,4313,4315,0.0000,0.0000,1.0000,220.375,-1,0,0.0054
12845,4314,4316,0.0000,0.0000,1.0000,220.375,-1,0,0.0018
12846,4315,4317,0.0000,0.0000,1.0000,220.375,-1,0,0.0053
12847,4316,4318,0.0000,0.0000,1.0000,220.375,-1,0,0.0017
12848,4317,4319,0.0000,0.0000,1.0000,220.375,-1,0,0.0051
12849,4318,4320,0.0000,0.0000,1.0000,220.375,-1,0,0.0016
12850,4319,4321,0.0000,0.0000,1.0000,220.375,-1,0,0.0050
12851,4320,4322,0.0000,0.0000,1.0000,220.375,-1,0,0.0015
12852,4321,4323,0.0000,0.0000,1.0000,220.375,-1,0,0.0049
12853,4322,4324,0.0000,0.0000,1.0000,220.375,-1,0,0.0013
12854,4323,4325,0.0000,0.0000,1.0000,220.375,-1,0,0.0048
12855,4324,4326,0.0000,0.0000,1.0000,220.375,-1,0,0.0012
12856,4325,4327,0.0000,0.0000,1.0000,220.375,-1,0,0.0047
12857,4326,4328,0.0000,0.0000,1.0000,220.375,-1,0,0.0011
12858,4327,4329,0.0000,0.0000,1.0000,220.375,-1,0,0.0045
12859,4328,4330,0.0000,0.0000,1.0000,220.375,-1,0,0.0010
12860,4329,4331,0.0000,0.0000,1.0000,220.375,-1,0,0.0044
12861,4330,4332,0.0000,0.0000,1.0000,220.375,-1,0,0.0008
12862,4331,4333,0.0000,0.0000,1.0000,220.375,-1,0,0.0043
12863,4332,4334,0.0000,0.0000,1.0000,220.375,-1,0,0.0007
12864,4333,4335,0.0000,0.0000,1.0000,220.375,-1,0,0.0042
12865,4334,4336,0.0000,0.0000,1.0000,220.375,-1,0,0.0006
12866,4335,4337,0.0000,0.0000,1.0000,220.375,-1,0,0.0040
12867,4336,4338,0.0000,0.0000,1.0000,220.375,-1,0,0.0005
12868,4337,4339,0.0000,0.0000,1.0000,220.375,-1,0,0.0039
12869,4338,4340,0.0000,0.0000,1.0000,220.375,-1,0,0.0004
12870,4339,4341,0.0000,0.0000,1.0000,220.375,-1,0,0.0038
12871,4340,4342,0.0000,0.0000,1.0000,220.375,-1,0,0.0002
12872,4341,4343,0.0000,0.0000,1.0000,220.375,-1,0,0.0037
12873,4342,4344,0.0000,0.0000,1.0000,220.375,-1,0,0.0001
12874,4343,4345,0.0000,0.0000,1.0000,220.375,-1,0,0.0036
12875,4344,4346,0.0000,0.0000,1.0000,220.375,-1,0,-1.0000
12876,4345,4347,0.0000,0.0000,1.0000,220.375,-1,0,0.0034
12877,4346,4348,0.0000,0.0000,1.0000,220.375,-1,0,-1.0000
12878,4347,4349,0.0000,0.0000,1.0000,220.375,-1,0,0.0033
12879,4348,4350,0.0000,0.0000,1.0000,220.375,-1,0,0.0000
12880,4349,4351,0.0000,0.0000,1.0000,220.375,-1,0,0.0032
12881,4350,4352,0.0000,0.0000,1.0000,220.375,-1,0,0.0000
12882,4351,4353,0.0000,0.0000,1.0000,220.375,-1,0,0.0031
12883,4352,4354,0.0000,0.0000,1.0000,220.375,-1,0,0.0000
12884,4353,4355,0.0000,0.0000,1.0000,220.375,-1,0,0.0030
12885,4354,4356,0.0000,0.0000,1.0000,220.375,-1,0,0.0000
12886,4355,4357,0.0000,0.0000,1.0000,220.375,-1,0,0.0028
12887,4356,4358,0.0000,0.0000,1.0000,220.375,-1,0,0.0000
12888,4357,4359,0.0000,0.0000,1.0000,220.375,-1,0,0.0027
12889,4358,4360,0.0000,0.0000,1.0000,220.375,-1,0,0.0000
12890,4359,4361,0.0000,0.0000,1.0000,220.375,-1,0,0.0026
12891,4360,4362,0.0000,0.0000,1.0000,220.375,-1,0,0.0000
12892,4361,4363,0.0000,0.0000,1.0000,220.375,-1,0,0.0025
12893,4362,4364,0.0000,0.0000,1.0000,220.375,-1,0,0.0000
12894,4363,4365,0.0000,0.0000,1.0000,220.375,-1,0,0.0024
12895,4364,4366,0.0000,0.0000,1.0000,220.375,-1,0,0.0000
12896,4365,4367,0.0000,0.0000,1.0000,220.375,-1,0,0.0022
12897,4366,4368,0.0000,0.0000,1.0000,220.375,-1,0,0.0000
12898,4367,4369,0.0000,0.0000,1.0000,220.375,-1,0,0.0021
12899,4368,4370,0.0000,0.0000,1.0000,220.375,-1,0,0.0000
12900,4369,4371,0.0000,0.0000,1.0000,220.375,-1,0,0.0020
12901,4370,4372,0.0000,0.0000,1.0000,220.375,-1,0,0.0000
12902,4371,4373,0.0000,0.0000,1.0000,220.375,-1,0,0.0019
12903,4372,4374,0.0000,0.0000,1.0000,220.375,-1,0,0.0000
12904,4373,4375,0.0000,0.0000,1.0000,220.375,-1,0,0.0017
12905,4374,4376,0.0000,0.0000,1.0000,220.375,-1,0,0.0000
12906,4375,4377,0.0000,0.0000,1.0000,220.375,-1,0,0.0016
12907,4376,4378,0.0000,0.0000,1.0000,220.375,-1,0,0.0000
12908,4377,4379,0.0000,0.0000,1.0000,220.375,-1,0,0.0015
12909,4378,4380,0.0000,0.0000,1.0000,220.375,-1,0,0.0000
12910,4379,4381,0.0000,0.0000,1.0000,220.375,-1,0,0.0014
12911,4380,4382,0.0000,0.0000,1.0000,220.375,-1,0,0.0000
12912,4381,4383,0.0000,0.0000,1.0000,220.375,-1,0,0.0013
12913,4382,4384,0.0000,0.0000,1.0000,220.375,-1,0,0.0000
12914,4383,4385,0.0000,0.0000,1.0000,220.375,-1,0,0.0011
12915,4384,4386,0.0000,0.0000,1.0000,220.375,-1,0,0.0000
12916,4385,4387,0.0000,0.0000,1.0000,220.375,-1,0,0.0010
12917,4386,4388,0.0000,0.0000,1.0000,220.375,-1,0,0.0000
12918,4387,4389,0.0000,0.0000,1.0000,220.375,-1,0,0.0009
12919,4388,4390,0.0000,0.0000,1.0000,220.375,-1,0,0.0000
12920,4389,4391,0.0000,0.0000,1.0000,220.375,-1,0,0.0008
12921,4390,4392,0.0000,0.0000,1.0000,220.375,-1,0,0.0000
12922,4391,4393,0.0000,0.0000,1.0000,220.375,-1,0,0.0007
12923,4392,4394,0.0000,0.0000,1.0000,220.375,-1,0,0.0000
12924,4395,4397,0.0000,0.0000,1.0000,220.375,-1,0,0.0079
12925,4396,4398,0.0000,0.0000,1.0000,220.375,-1,0,0.0044
12926,4397,4399,0.0000,0.0000,1.0000,220.375,-1,0,0.0078
12927,4398,4400,0.0000,0.0000,1.0000,220.375,-1,0,0.0042
12928,4399,4401,0.0000,0.0000,1.0000,220.375,-1,0,0.0077
12929,4400,4402,0.0000,0.0000,1.0000,220.375,-1,0,0.0041
12930,4401,4403,0.0000,0.0000,1.0000,220.375,-1,0,0.0075
12931,4402,4404,0.0000,0.0000,1.0000,220.375,-1,0,0.0040
12932,4403,4405,0.0000,0.0000,1.0000,220.375,-1,0,0.0074
12933,4404,4406,0.0000,0.0000,1.0000,220.375,-1,0,0.0039
12934,4405,4407,0.0000,0.0000,1.0000,220.375,-1,0,0.0073
12935,4406,4408,0.0000,0.0000,1.0000,220.375,-1,0,0.0038
12936,4407,4409,0.0000,0.0000,1.0000,220.375,-1,0,0.0072
12937,4408,4410,0.0000,0.0000,1.0000,220.375,-1,0,0.0036
12938,4409,4411,0.0000,0.0000,1.0000,220.375,-1,0,0.0070
12939,4410,4412,0.0000,0.0000,1.0000,220.375,-1,0,0.0035
12940,4411,4413,0.0000,0.0000,1.0000,220.375,-1,0,0.0069
12941,4412,4414,0.0000,0.0000,1.0000,220.375,-1,0,0.0034
12942,4413,4415,0.0000,0.0000,1.0000,220.375,-1,0,0.0068
12943,4414,4416,0.0000,0.0000,1.0000,220.375,-1,0,0.0033
12944,4415,4417,0.0000,0.0000,1.0000,220.375,-1,0,0.0067
12945,4416,4418,0.0000,0.0000,1.0000,220.375,-1,0,0.0031
12946,4417,4419,0.0000,0.0000,1.0000,220.375,-1,0,0.0066
12947,4418,4420,0.0000,0.0000,1.0000,220.375,-1,0,0.0030
12948,4419,4421,0.0000,0.0000,1.0000,220.375,-1,0,0.0064
12949,4420,4422,0.0000,0.0000,1.0000,220.375,-1,0,0.0029
12950,4421,4423,0.0000,0.0000,1.0000,220.375,-1,0,0.0063
12951,4422,4424,0.0000,0.0000,1.0000,220.375,-1,0,0.0028
12952,4423,4425,0.0000,0.0000,1.0000,220.375,-1,0,0.0062
12953,4424,4426,0.0000,0.0000,1.0000,220.375,-1,0,0.0027
12954,4425,4427,0.0000,0.0000,1.0000,220.375,-1,0,0.0061
12955,4426,4428,0.0000,0.0000,1.0000,220.375,-1,0,0.0025
12956,4427,4429,0.0000,0.0000,1.0000,220.375,-1,0,0.0060
12957,4428,4430,0.0000,0.0000,1.0000,220.375,-1,0,0.0024
12958,4429,4431,0.0000,0.0000,1.0000,220.375,-1,0,0.0058
12959,4430,4432,0.0000,0.0000,1.0000,220.375,-1,0,0.0023
12960,4431,4433,0.0000,0.0000,1.0000,220.375,-1,0,0.0057
12961,4432,4434,0.0000,0.0000,1.0000,220.375,-1,0,0.0022
12962,4433,4435,0.0000,0.0000,1.0000,220.375,-1,0,0.0056
12963,4434,4436,0.0000,0.0000,1.0000,220.375,-1,0,0.0021
12964,4435,4437,0.0000,0.0000,1.0000,220.375,-1,0,0.0055
12965,4436,4438,0.0000,0.0000,1.0000,220.375,-1,0,0.0019
12966,4437,4439,0.0000,0.0000,1.0000,220.375,-1,0,0.0054
12967,4438,4440,0.0000,0.0000,1.0000,220.375,-1,0,0.0018
12968,4439,4441,0.0000,0.0000,1.0000,220.375,-1,0,0.0052
12969,4440,4442,0.0000,0.0000,1.0000,220.375,-1,0,0.0017
12970,4441,4443,0.0000,0.0000,1.0000,220.375,-1,0,0.0051
12971,4442,4444,0.0000,0.0000,1.0000,220.375,-1,0,0.0016
12972,4443,4445,0.0000,0.0000,1.0000,220.375,-1,0,0.0050
12973,4444,4446,0.0000,0.0000,1.0000,220.375,-1,0,0.0015
12974,4445,4447,0.0000,0.0000,1.0000,220.375,-1,0,0.0049
12975,4446,4448,0.0000,0.0000,1.0000,220.375,-1,0,0.0013
12976,4447,4449,0.0000,0.0000,1.0000,220.375,-1,0,0.0047
12977,4448,4450,0.0000,0.0000,1.0000,220.375,-1,0,0.0012
12978,4449,4451,0.0000,0.0000,1.0000,220.375,-1,0,0.0046
12979,4450,4452,0.0000,0.0000,1.0000,220.375,-1,0,0.0011
12980,4451,4453,0.0000,0.0000,1.0000,220.375,-1,0,0.0045
12981,4452,4454,0.0000,0.0000,1.0000,220.375,-1,0,0.0010
12982,4453,4455,0.0000,0.0000,1.0000,220.375,-1,0,0.0044
12983,4454,4456,0.0000,0.0000,1.0000,220.375,-1,0,0.0008
12984,4455,4457,0.0000,0.0000,1.0000,220.375,-1,0,0.0043
12985,4456,4458,0.0000,0.0000,1.0000,220.375,-1,0,0.0007
12986,4457,4459,0.0000,0.0000,1.0000,220.375,-1,0,0.0041
12987,4458,4460,0.0000,0.0000,1.0000,220.375,-1,0,0.0006
12988,4459,4461,0.0000,0.0000,1.0000,220.375,-1,0,0.0040
12989,4460,4462,0.0000,0.0000,1.0000,220.375,-1,0,0.0005
12990,4461,4463,0.0000,0.0000,1.0000,220.375,-1,0,0.0039
12991,4462,4464,0.0000,0.0000,1.0000,220.375,-1,0,0.0004
12992,4463,4465,0.0000,0.0000,1.0000,220.375,-1,0,0.0038
12993,4464,4466,0.0000,0.0000,1.0000,220.375,-1,0,0.0002
12994,4465,4467,0.0000,0.0000,1.0000,220.375,-1,0,0.0037
12995,4466,4468,0.0000,0.0000,1.0000,220.375,-1,0,0.0001
12996,4467,4469,0.0000,0.0000,1.0000,220.375,-1,0,0.0035
12997,4468,4470,0.0000,0.0000,1.0000,220.375,-1,0,-1.0000
12998,4469,4471,0.0000,0.0000,1.0000,220.375,-1,0,0.0034
12999,4470,4472,0.0000,0.0000,1.0000,220.375,-1,0,-1.0000
13000,4471,4473,0.0000,0.0000,1.0000,220.375,-1,0,0.0033
13001,4472,4474,0.0000,0.0000,1.0000,220.375,-1,0,0.0000
13002,4473,4475,0.0000,0.0000,1.0000,220.375,-1,0,0.0032
13003,4474,4476,0.0000,0.0000,1.0000,220.375,-1,0,0.0000
13004,4475,4477,0.0000,0.0000,1.0000,220.375,-1,0,0.0031
13005,4476,4478,0.0000,0.0000,1.0000,220.375,-1,0,0.0000
13006,4477,4479,0.0000,0.0000,1.0000,220.375,-1,0,0.0029
13007,4478,4480,0.0000,0.0000,1.0000,220.375,-1,0,0.0000
13008,4479,4481,0.0000,0.0000,1.0000,220.375,-1,0,0.0028
13009,4480,4482,0.0000,0.0000,1.0000,220.375,-1,0,0.0000
13010,4481,4483,0.0000,0.0000,1.0000,220.375,-1,0,0.0027
13011,4482,4484,0.0000,0.0000,1.0000,220.375,-1,0,0.0000
13012,4483,4485,0.0000,0.0000,1.0000,220.375,-1,0,0.0026
13013,4484,4486,0.0000,0.0000,1.0000,220.375,-1,0,0.0000
13014,4485,4487,0.0000,0.0000,1.0000,220.375,-1,0,0.0024
13015,4486,4488,0.0000,0.0000,1.0000,220.375,-1,0,0.0000
13016,4487,4489,0.0000,0.0000,1.0000,220.375,-1,0,0.0023
13017,4488,4490,0.0000,0.0000,1.0000,220.375,-1,0,0.0000
13018,4489,4491,0.0000,0.0000,1.0000,220.375,-1,0,0.0022
13019,4490,4492,0.0000,0.0000,1.0000,220.375,-1,0,0.0000
13020,4491,4493,0.0000,0.0000,1.0000,220.375,-1,0,0.0021
13021,4492,4494,0.0000,0.0000,1.0000,220.375,-1,0,0.0000
13022,4493,4495,0.0000,0.0000,1.0000,220.375,-1,0,0.0020
13023,4494,4496,0.0000,0.0000,1.0000,220.375,-1,0,0.0000
13024,4495,4497,0.0000,0.0000,1.0000,220.375,-1,0,0.0018
13025,4496,4498,0.0000,0.0000,1.0000,220.375,-1,0,0.0000
13026,4497,4499,0.0000,0.0000,1.0000,220.375,-1,0,0.0017
13027,4498,4500,0.0000,0.0000,1.0000,220.375,-1,0,0.0000
13028,4499,4501,0.0000,0.0000,1.0000,220.375,-1,0,0.0016
13029,4500,4502,0.0000,0.0000,1.0000,220.375,-1,0,0.0000
13030,4501,4503,0.0000,0.0000,1.0000,220.375,-1,0,0.0015
13031,4502,4504,0.0000,0.0000,1.0000,220.375,-1,0,0.0000
13032,4503,4505,0.0000,0.0000,1.0000,220.375,-1,0,0.0014
13033,4504,4506,0.0000,0.0000,1.0000,220.375,-1,0,0.0000
13034,4505,4507,0.0000,0.0000,1.0000,220.375,-1,0,0.0012
13035,4506,4508,0.0000,0.0000,1.0000,220.375,-1,0,0.0000
13036,4507,4509,0.0000,0.0000,1.0000,220.375,-1,0,0.0011
13037,4508,4510,0.0000,0.0000,1.0000,220.375,-1,0,0.0000
13038,4509,4511,0.0000,0.0000,1.0000,220.375,-1,0,0.0010
13039,4510,4512,0.0000,0.0000,1.0000,220.375,-1,0,0.0000
13040,4511,4513,0.0000,0.0000,1.0000,220.375,-1,0,0.0009
13041,4512,4514,0.0000,0.0000,1.0000,220.375,-1,0,0.0000
13042,4513,4515,0.0000,0.0000,1.0000,220.375,-1,0,0.0008
13043,4514,4516,0.0000,0.0000,1.0000,220.375,-1,0,0.0000
13044,4515,4517,0.0000,0.0000,1.0000,220.375,-1,0,0.0006
13045,4516,4518,0.0000,0.0000,1.0000,220.375,-1,0,0.0000
13046,4519,4521,0.0000,0.0000,1.0000,220.375,-1,0,0.0079
13047,4520,4522,0.0000,0.0000,1.0000,220.375,-1,0,0.0044
13048,4521,4523,0.0000,0.0000,1.0000,220.375,-1,0,0.0078
13049,4522,4524,0.0000,0.0000,1.0000,220.375,-1,0,0.0042
13050,4523,4525,0.0000,0.0000,1.0000,220.375,-1,0,0.0077
13051,4524,4526,0.0000,0.0000,1.0000,220.375,-1,0,0.0041
13052,4525,4527,0.0000,0.0000,1.0000,220.375,-1,0,0.0076
13053,4526,4528,0.0000,0.0000,1.0000,220.375,-1,0,0.0040
13054,4527,4529,0.0000,0.0000,1.0000,220.375,-1,0,0.0074
13055,4528,4530,0.0000,0.0000,1.0000,220.375,-1,0,0.0039
13056,4529,4531,0.0000,0.0000,1.0000,220.375,-1,0,0.0073
13057,4530,4532,0.0000,0.0000,1.0000,220.375,-1,0,0.0038
13058,4531,4533,0.0000,0.0000,1.0000,220.375,-1,0,0.0072
13059,4532,4534,0.0000,0.0000,1.0000,220.375,-1,0,0.0036
13060,4533,4535,0.0000,0.0000,1.0000,220.375,-1,0,0.0071
13061,4534,4536,0.0000,0.0000,1.0000,220.375,-1,0,0.0035
13062,4535,4537,0.0000,0.0000,1.0000,220.375,-1,0,0.0070
13063,4536,4538,0.0000,0.0000,1.0000,220.375,-1,0,0.0034
13064,4537,4539,0.0000,0.0000,1.0000,220.375,-1,0,0.0068
13065,4538,4540,0.0000,0.0000,1.0000,220.375,-1,0,0.0033
13066,4539,4541,0.0000,0.0000,1.0000,220.375,-1,0,0.0067
13067,4540,4542,0.0000,0.0000,1.0000,220.375,-1,0,0.0031
13068,4541,4543,0.0000,0.0000,1.0000,220.375,-1,0,0.0066
13069,4542,4544,0.0000,0.0000,1.0000,220.375,-1,0,0.0030
13070,4543,4545,0.0000,0.0000,1.0000,220.375,-1,0,0.0065
13071,4544,4546,0.0000,0.0000,1.0000,220.375,-1,0,0.0029
13072,4545,4547,0.0000,0.0000,1.0000,220.375,-1,0,0.0063
13073,4546,4548,0.0000,0.0000,1.0000,220.375,-1,0,0.0028
13074,4547,4549,0.0000,0.0000,1.0000,220.375,-1,0,0.0062
13075,4548,4550,0.0000,0.0000,1.0000,220.375,-1,0,0.0027
13076,4549,4551,0.0000,0.0000,1.0000,220.375,-1,0,0.0061
13077,4550,4552,0.0000,0.0000,1.0000,220.375,-1,0,0.0025
13078,4551,4553,0.0000,0.0000,1.0000,220.375,-1,0,0.0060
13079,4552,4554,0.0000,0.0000,1.0000,220.375,-1,0,0.0024
13080,4553,4555,0.0000,0.0000,1.0000,220.375,-1,0,0.0059
13081,4554,4556,0.0000,0.0000,1.0000,220.375,-1,0,0.0023
13082,4555,4557,0.0000,0.0000,1.0000,220.375,-1,0,0.0057
13083,4556,4558,0.0000,0.0000,1.0000,220.375,-1,0,0.0022
13084,4557,4559,0.0000,0.0000,1.0000,220.375,-1,0,0.0056
13085,4558,4560,0.0000,0.0000,1.0000,220.375,-1,0,0.0021
13086,4559,4561,0.0000,0.0000,1.0000,220.375,-1,0,0.0055
13087,4560,4562,0.0000,0.0000,1.0000,220.375,-1,0,0.0019
13088,4561,4563,0.0000,0.0000,1.0000,220.375,-1,0,0.0054
13089,4562,4564,0.0000,0.0000,1.0000,220.375,-1,0,0.0018
13090,4563,4565,0.0000,0.0000,1.0000,220.375,-1,0,0.0053
13091,4564,4566,0.0000,0.0000,1.0000,220.375,-1,0,0.0017
13092,4565,4567,0.0000,0.0000,1.0000,220.375,-1,0,0.0051
13093,4566,4568,0.0000,0.0000,1.0000,220.375,-1,0,0.0016
13094,4567,4569,0.0000,0.0000,1.0000,220.375,-1,0,0.0050
13095,4568,4570,0.0000,0.0000,1.0000,220.375,-1,0,0.0015
13096,4569,4571,0.0000,0.0000,1.0000,220.375,-1,0,0.0049
13097,4570,4572,0.0000,0.0000,1.0000,220.375,-1,0,0.0013
13098,4571,4573,0.0000,0.0000,1.0000,220.375,-1,0,0.0048
13099,4572,4574,0.0000,0.0000,1.0000,220.375,-1,0,0.0012
13100,4573,4575,0.0000,0.0000,1.0000,220.375,-1,0,0.0047
13101,4574,4576,0.0000,0.0000,1.0000,220.375,-1,0,0.0011
13102,4575,4577,0.0000,0.0000,1.0000,220.375,-1,0,0.0045
13103,4576,4578,0.0000,0.0000,1.0000,220.375,-1,0,0.0010
13104,4577,4579,0.0000,0.0000,1.0000,220.375,-1,0,0.0044
13105,4578,4580,0.0000,0.0000,1.0000,220.375,-1,0,0.0008
13106,4579,4581,0.0000,0.0000,1.0000,220.375,-1,0,0.0043
13107,4580,4582,0.0000,0.0000,1.0000,220.375,-1,0,0.0007
13108,4581,4583,0.0000,0.0000,1.0000,220.375,-1,0,0.0042
13109,4582,4584,0.0000,0.0000,1.0000,220.375,-1,0,0.0006
13110,4583,4585,0.0000,0.0000,1.0000,220.375,-1,0,0.0040
13111,4584,4586,0.0000,0.0000,1.0000,220.375,-1,0,0.0005
13112,4585,4587,0.0000,0.0000,1.0000,220.375,-1,0,0.0039
13113,4586,4588,0.0000,0.0000,1.0000,220.375,-1,0,0.0004
13114,4587,4589,0.0000,0.0000,1.0000,220.375,-1,0,0.0038
13115,4588,4590,0.0000,0.0000,1.0000,220.375,-1,0,0.0002
13116,4589,4591,0.0000,0.0000,1.0000,220.375,-1,0,0.0037
13117,4590,4592,0.0000,0.0000,1.0000,220.375,-1,0,0.0001
13118,4591,4593,0.0000,0.0000,1.0000,220.375,-1,0,0.0036
13119,4592,4594,0.0000,0.0000,1.0000,220.375,-1,0,-1.0000
13120,4593,4595,0.0000,0.0000,1.0000,220.375,-1,0,0.0034
13121,4594,4596,0.0000,0.0000,1.0000,220.375,-1,0,-1.0000
13122,4595,4597,0.0000,0.0000,1.0000,220.375,-1,0,0.0033
13123,4596,4598,0.0000,0.0000,1.0000,220.375,-1,0,0.0000
13124,4597,4599,0.0000,0.0000,1.0000,220.375,-1,0,0.0032
13125,4598,4600,0.0000,0.0000,1.0000,220.375,-1,0,0.0000
13126,4599,4601,0.0000,0.0000,1.0000,220.375,-1,0,0.0031
13127,4600,4602,0.0000,0.0000,1.0000,220.375,-1,0,0.0000
13128,4601,4603,0.0000,0.0000,1.0000,220.375,-1,0,0.0030
13129,4602,4604,0.0000,0.0000,1.0000,220.375,-1,0,0.0000
13130,4603,4605,0.0000,0.0000,1.0000,220.375,-1,0,0.0028
13131,4604,4606,0.0000,0.0000,1.0000,220.375,-1,0,0.0000
13132,4605,4607,0.0000,0.0000,1.0000,220.375,-1,0,0.0027
13133,4606,4608,0.0000,0.0000,1.0000,220.375,-1,0,0.0000
13134,4607,4609,0.0000,0.0000,1.0000,220.375,-1,0,0.0026
13135,4608,4610,0.0000,0.0000,1.0000,220.375,-1,0,0.0000
13136,4609,4611,0.0000,0.0000,1.0000,220.375,-1,0,0.0025
13137,4610,4612,0.0000,0.0000,1.0000,220.375,-1,0,0.0000
13138,4611,4613,0.0000,0.0000,1.0000,220.375,-1,0,0.0024
13139,4612,4614,0.0000,0.0000,1.0000,220.375,-1,0,0.0000
13140,4613,4615,0.0000,0.0000,1.0000,220.375,-1,0,0.0022
13141,4614,4616,0.0000,0.0000,1.0000,220.375,-1,0,0.0000
13142,4615,4617,0.0000,0.0000,1.0000,220.375,-1,0,0.0021
13143,4616,4618,0.0000,0.0000,1.0000,220.375,-1,0,0.0000
13144,4617,4619,0.0000,0.0000,1.0000,220.375,-1,0,0.0020
13145,4618,4620,0.0000,0.0000,1.0000,220.375,-1,0,0.0000
13146,4619,4621,0.0000,0.0000,1.0000,220.375,-1,0,0.0019
13147,4620,4622,0.0000,0.0000,1.0000,220.375,-1,0,0.0000
13148,4621,4623,0.0000,0.0000,1.0000,220.375,-1,0,0.0017
13149,4622,4624,0.0000,0.0000,1.0000,220.375,-1,0,0.0000
13150,4623,4625,0.0000,0.0000,1.0000,220.375,-1,0,0.0016
13151,4624,4626,0.0000,0.0000,1.0000,220.375,-1,0,0.0000
13152,4625,4627,0.0000,0.0000,1.0000,220.375,-1,0,0.0015
13153,4626,4628,0.0000,0.0000,1.0000,220.375,-1,0,0.0000
13154,4627,4629,0.0000,0.0000,1.0000,220.375,-1,0,0.0014
13155,4628,4630,0.0000,0.0000,1.0000,220.375,-1,0,0.0000
13156,4629,4631,0.0000,0.0000,1.0000,220.375,-1,0,0.0013
13157,4630,4632,0.0000,0.0000,1.0000,220.375,-1,0,0.0000
13158,4631,4633,0.0000,0.0000,1.0000,220.375,-1,0,0.0011
13159,4632,4634,0.0000,0.0000,1.0000,220.375,-1,0,0.0000
13160,4633,4635,0.0000,0.0000,1.0000,220.375,-1,0,0.0010
13161,4634,4636,0.0000,0.0000,1.0000,220.375,-1,0,0.0000
13162,4635,4637,0.0000,0.0000,1.0000,220.375,-1,0,0.0009
13163,4636,4638,0.0000,0.0000,1.0000,220.375,-1,0,0.0000
13164,4637,4639,0.0000,0.0000,1.0000,220.375,-1,0,0.0008
13165,4638,4640,0.0000,0.0000,1.0000,220.375,-1,0,0.0000
13166,4639,4641,0.0000,0.0000,1.0000,220.375,-1,0,0.0007
13167,4640,4642,0.0000,0.0000,1.0000,220.375,-1,0,0.0000
13168,4643,4645,0.0000,0.0000,1.0000,220.375,-1,0,0.0079
13169,4644,4646,0.0000,0.0000,1.0000,220.375,-1,0,0.0044
13170,4645,4647,0.0000,0.0000,1.0000,220.375,-1,0,0.0078
13171,4646,4648,0.0000,0.0000,1.0000,220.375,-1,0,0.0042
13172,4647,4649,0.0000,0.0000,1.0000,220.375,-1,0,0.0077
13173,4648,4650,0.0000,0.0000,1.0000,220.375,-1,0,0.0041
13174,4649,4651,0.0000,0.0000,1.0000,220.375,-1,0,0.0075
13175,4650,4652,0.0000,0.0000,1.0000,220.375,-1,0,0.0040
13176,4651,4653,0.0000,0.0000,1.0000,220.375,-1,0,0.0074
13177,4652,4654,0.0000,0.0000,1.0000,220.375,-1,0,0.0039
13178,4653,4655,0.0000,0.0000,1.0000,220.375,-1,0,0.0073
13179,4654,4656,0.0000,0.0000,1.0000,220.375,-1,0,0.0038
13180,4655,4657,0.0000,0.0000,1.0000,220.375,-1,0,0.0072
13181,4656,4658,0.0000,0.0000,1.0000,220.375,-1,0,0.0036
13182,4657,4659,0.0000,0.0000,1.0000,220.375,-1,0,0.0070
13183,4658,4660,0.0000,0.0000,1.0000,220.375,-1,0,0.0035
13184,4659,4661,0.0000,0.0000,1.0000,220.375,-1,0,0.0069
13185,4660,4662,0.0000,0.0000,1.0000,220.375,-1,0,0.0034
13186,4661,4663,0.0000,0.0000,1.0000,220.375,-1,0,0.0068
13187,4662,4664,0.0000,0.0000,1.0000,220.375,-1,0,0.0033
13188,4663,4665,0.0000,0.0000,1.0000,220.375,-1,0,0.0067
13189,4664,4666,0.0000,0.0000,1.0000,220.375,-1,0,0.0031
13190,4665,4667,0.0000,0.0000,1.0000,220.375,-1,0,0.0066
13191,4666,4668,0.0000,0.0000,1.0000,220.375,-1,0,0.0030
13192,4667,4669,0.0000,0.0000,1.0000,220.375,-1,0,0.0064
13193,4668,4670,0.0000,0.0000,1.0000,220.375,-1,0,0.0029
13194,4669,4671,0.0000,0.0000,1.0000,220.375,-1,0,0.0063
13195,4670,4672,0.0000,0.0000,1.0000,220.375,-1,0,0.0028
13196,4671,4673,0.0000,0.0000,1.0000,220.375,-1,0,0.0062
13197,4672,4674,0.0000,0.0000,1.0000,220.375,-1,0,0.0027
13198,4673,4675,0.0000,0.0000,1.0000,220.375,-1,0,0.0061
13199,4674,4676,0.0000,0.0000,1.0000,220.375,-1,0,0.0025
13200,4675,4677,0.0000,0.0000,1.0000,220.375,-1,0,0.0060
13201,4676,4678,0.0000,0.0000,1.0000,220.375,-1,0,0.0024
13202,4677,4679,0.0000,0.0000,1.0000,220.375,-1,0,0.0058
13203,4678,4680,0.0000,0.0000,1.0000,220.375,-1,0,0.0023
13204,4679,4681,0.0000,0.0000,1.0000,220.375,-1,0,0.0057
13205,4680,4682,0.0000,0.0000,1.0000,220.375,-1,0,0.0022
13206,4681,4683,0.0000,0.0000,1.0000,220.375,-1,0,0.0056
13207,4682,4684,0.0000,0.0000,1.0000,220.375,-1,0,0.0021
13208,4683,4685,0.0000,0.0000,1.0000,220.375,-1,0,0.0055
13209,4684,4686,0.0000,0.0000,1.0000,220.375,-1,0,0.0019
13210,4685,4687,0.0000,0.0000,1.0000,220.375,-1,0,0.0054
13211,4686,4688,0.0000,0.0000,1.0000,220.375,-1,0,0.0018
13212,4687,4689,0.0000,0.0000,1.0000,220.375,-1,0,0.0052
13213,4688,4690,0.0000,0.0000,1.0000,220.375,-1,0,0.0017
13214,4689,4691,0.0000,0.0000,1.0000,220.375,-1,0,0.0051
13215,4690,4692,0.0000,0.0000,1.0000,220.375,-1,0,0.0016
13216,4691,4693,0.0000,0.0000,1.0000,220.375,-1,0,0.0050
13217,4692,4694,0.0000,0.0000,1.0000,220.375,-1,0,0.0015
13218,4693,4695,0.0000,0.0000,1.0000,220.375,-1,0,0.0049
13219,4694,4696,0.0000,0.0000,1.0000,220.375,-1,0,0.0013
13220,4695,4697,0.0000,0.0000,1.0000,220.375,-1,0,0.0047
13221,4696,4698,0.0000,0.0000,1.0000,220.375,-1,0,0.0012
13222,4697,4699,0.0000,0.0000,1.0000,220.375,-1,0,0.0046
13223,4698,4700,0.0000,0.0000,1.0000,220.375,-1,0,0.0011
13224,4699,4701,0.0000,0.0000,1.0000,220.375,-1,0,0.0045
13225,4700,4702,0.0000,0.0000,1.0000,220.375,-1,0,0.0010
13226,4701,4703,0.0000,0.0000,1.0000,220.375,-1,0,0.0044
13227,4702,4704,0.0000,0.0000,1.0000,220.375,-1,0,0.0008
13228,4703,4705,0.0000,0.0000,1.0000,220.375,-1,0,0.0043
13229,4704,4706,0.0000,0.0000,1.0000,220.375,-1,0,0.0007
13230,4705,4707,0.0000,0.0000,1.0000,220.375,-1,0,0.0041
13231,4706,4708,0.0000,0.0000,1.0000,220.375,-1,0,0.0006
13232,4707,4709,0.0000,0.0000,1.0000,220.375,-1,0,0.0040
13233,4708,4710,0.0000,0.0000,1.0000,220.375,-1,0,0.0005
13234,4709,4711,0.0000,0.0000,1.0000,220.375,-1,0,0.0039
13235,4710,4712,0.0000,0.0000,1.0000,220.375,-1,0,0.0004
13236,4711,4713,0.0000,0.0000,1.0000,220.375,-1,0,0.0038
13237,4712,4714,0.0000,0.0000,1.0000,220.375,-1,0,0.0002
13238,4713,4715,0.0000,0.0000,1.0000,220.375,-1,0,0.0037
13239,4714,4716,0.0000,0.0000,1.0000,220.375,-1,0,0.0001
13240,4715,4717,0.0000,0.0000,1.0000,220.375,-1,0,0.0035
13241,4716,4718,0.0000,0.0000,1.0000,220.375,-1,0,-1.0000
13242,4717,4719,0.0000,0.0000,1.0000,220.375,-1,0,0.0034
13243,4718,4720,0.0000,0.0000,1.0000,220.375,-1,0,-1.0000
13244,4719,4721,0.0000,0.0000,1.0000,220.375,-1,0,0.0033
13245,4720,4722,0.0000,0.0000,1.0000,220.375,-1,0,0.0000
13246,4721,4723,0.0000,0.0000,1.0000,220.375,-1,0,0.0032
13247,4722,4724,0.0000,0.0000,1.0000,220.375,-1,0,0.0000
13248,4723,4725,0.0000,0.0000,1.0000,220.375,-1,0,0.0031
13249,4724,4726,0.0000,0.0000,1.0000,220.375,-1,0,0.0000
13250,4725,4727,0.0000,0.0000,1.0000,220.375,-1,0,0.0029
13251,4726,4728,0.0000,0.0000,1.0000,220.375,-1,0,0.0000
13252,4727,4729,0.0000,0.0000,1.0000,220.375,-1,0,0.0028
13253,4728,4730,0.0000,0.0000,1.0000,220.375,-1,0,0.0000
13254,4729,4731,0.0000,0.0000,1.0000,220.375,-1,0,0.0027
13255,4730,4732,0.0000,0.0000,1.0000,220.375,-1,0,0.0000
13256,4731,4733,0.0000,0.0000,1.0000,220.375,-1,0,0.0026
13257,4732,4734,0.0000,0.0000,1.0000,220.375,-1,0,0.0000
13258,4733,4735,0.0000,0.0000,1.0000,220.375,-1,0,0.0024
13259,4734,4736,0.0000,0.0000,1.0000,220.375,-1,0,0.0000
13260,4735,4737,0.0000,0.0000,1.0000,220.375,-1,0,0.0023
13261,4736,4738,0.0000,0.0000,1.0000,220.375,-1,0,0.0000
13262,4737,4739,0.0000,0.0000,1.0000,220.375,-1,0,0.0022
13263,4738,4740,0.0000,0.0000,1.0000,220.375,-1,0,0.0000
13264,4739,4741,0.0000,0.0000,1.0000,220.375,-1,0,0.0021
13265,4740,4742,0.0000,0.0000,1.0000,220.375,-1,0,0.0000
13266,4741,4743,0.0000,0.0000,1.0000,220.375,-1,0,0.0020
13267,4742,4744,0.0000,0.0000,1.0000,220.375,-1,0,0.0000
13268,4743,4745,0.0000,0.0000,1.0000,220.375,-1,0,0.0018
13269,4744,4746,0.0000,0.0000,1.0000,220.375,-1,0,0.0000
13270,4745,4747,0.0000,0.0000,1.0000,220.375,-1,0,0.0017
13271,4746,4748,0.0000,0.0000,1.0000,220.375,-1,0,0.0000
13272,4747,4749,0.0000,0.0000,1.0000,220.375,-1,0,0.0016
13273,4748,4750,0.0000,0.0000,1.0000,220.375,-1,0,0.0000
13274,4749,4751,0.0000,0.0000,1.0000,220.375,-1,0,0.0015
13275,4750,4752,0.0000,0.0000,1.0000,220.375,-1,0,0.0000
13276,4751,4753,0.0000,0.0000,1.0000,220.375,-1,0,0.0014
13277,4752,4754,0.0000,0.0000,1.0000,220.375,-1,0,0.0000
13278,4753,4755,0.0000,0.0000,1.0000,220.375,-1,0,0.0012
13279,4754,4756,0.0000,0.0000,1.0000,220.375,-1,0,0.0000
13280,4755,4757,0.0000,0.0000,1.0000,220.375,-1,0,0.0011
13281,4756,4758,0.0000,0.0000,1.0000,220.375,-1,0,0.0000
13282,4757,4759,0.0000,0.0000,1.0000,220.375,-1,0,0.0010
13283,4758,4760,0.0000,0.0000,1.0000,220.375,-1,0,0.0000
13284,4759,4761,0.0000,0.0000,1.0000,220.375,-1,0,0.0009
13285,4760,4762,0.0000,0.0000,1.0000,220.375,-1,0,0.0000
13286,4761,4763,0.0000,0.0000,1.0000,220.375,-1,0,0.0008
13287,4762,4764,0.0000,0.0000,1.0000,220.375,-1,0,0.0000
13288,4763,4765,0.0000,0.0000,1.0000,220.375,-1,0,0.0006
13289,4764,4766,0.0000,0.0000,1.0000,220.375,-1,0,0.0000
13290,4767,4769,0.0000,0.0000,1.0000,220.375,-1,0,0.0079
13291,4768,4770,0.0000,0.0000,1.0000,220.375,-1,0,0.0044
13292,4769,4771,0.0000,0.0000,1.0000,220.375,-1,0,0.0078
13293,4770,4772,0.0000,0.0000,1.0000,220.375,-1,0,0.0042
13294,4771,4773,0.0000,0.0000,1.0000,220.375,-1,0,0.0077
13295,4772,4774,0.0000,0.0000,1.0000,220.375,-1,0,0.0041
13296,4773,4775,0.0000,0.0000,1.0000,220.375,-1,0,0.0076
13297,4774,4776,0.0000,0.0000,1.0000,220.375,-1,0,0.0040
13298,4775,4777,0.0000,0.0000,1.0000,220.375,-1,0,0.0074
13299,4776,4778,0.0000,0.0000,1.0000,220.375,-1,0,0.0039
13300,4777,4779,0.0000,0.0000,1.0000,220.375,-1,0,0.0073
13301,4778,4780,0.0000,0.0000,1.0000,220.375,-1,0,0.0038
13302,4779,4781,0.0000,0.0000,1.0000,220.375,-1,0,0.0072
13303,4780,4782,0.0000,0.0000,1.0000,220.375,-1,0,0.0036
13304,4781,4783,0.0000,0.0000,1.0000,220.375,-1,0,0.0071
13305,4782,4784,0.0000,0.0000,1.0000,220.375,-1,0,0.0035
13306,4783,4785,0.0000,0.0000,1.0000,220.375,-1,0,0.0070
13307,4784,4786,0.0000,0.0000,1.0000,220.375,-1,0,0.0034
13308,4785,4787,0.0000,0.0000,1.0000,220.375,-1,0,0.0068
13309,4786,4788,0.0000,0.0000,1.0000,220.375,-1,0,0.0033
13310,4787,4789,0.0000,0.0000,1.0000,220.375,-1,0,0.0067
13311,4788,4790,0.0000,0.0000,1.0000,220.375,-1,0,0.0031
13312,4789,4791,0.0000,0.0000,1.0000,220.375,-1,0,0.0066
13313,4790,4792,0.0000,0.0000,1.0000,220.375,-1,0,0.0030
13314,4791,4793,0.0000,0.0000,1.0000,220.375,-1,0,0.0065
13315,4792,4794,0.0000,0.0000,1.0000,220.375,-1,0,0.0029
13316,4793,4795,0.0000,0.0000,1.0000,220.375,-1,0,0.0063
13317,4794,4796,0.0000,0.0000,1.0000,220.375,-1,0,0.0028
13318,4795,4797,0.0000,0.0000,1.0000,220.375,-1,0,0.0062
13319,4796,4798,0.0000,0.0000,1.0000,220.375,-1,0,0.0027
13320,4797,4799,0.0000,0.0000,1.0000,220.375,-1,0,0.0061
13321,4798,4800,0.0000,0.0000,1.0000,220.375,-1,0,0.0025
13322,4799,4801,0.0000,0.0000,1.0000,220.375,-1,0,0.0060
13323,4800,4802,0.0000,0.0000,1.0000,220.375,-1,0,0.0024
13324,4801,4803,0.0000,0.0000,1.0000,220.375,-1,0,0.0059
13325,4802,4804,0.0000,0.0000,1.0000,220.375,-1,0,0.0023
13326,4803,4805,0.0000,0.0000,1.0000,220.375,-1,0,0.0057
13327,4804,4806,0.0000,0.0000,1.0000,220.375,-1,0,0.0022
13328,4805,4807,0.0000,0.0000,1.0000,220.375,-1,0,0.0056
13329,4806,4808,0.0000,0.0000,1.0000,220.375,-1,0,0.0021
13330,4807,4809,0.0000,0.0000,1.0000,220.375,-1,0,0.0055
13331,4808,4810,0.0000,0.0000,1.0000,220.375,-1,0,0.0019
13332,4809,4811,0.0000,0.0000,1.0000,220.375,-1,0,0.0054
13333,4810,4812,0.0000,0.0000,1.0000,220.375,-1,0,0.0018
13334,4811,4813,0.0000,0.0000,1.0000,220.375,-1,0,0.0053
13335,4812,4814,0.0000,0.0000,1.0000,220.375,-1,0,0.0017
13336,4813,4815,0.0000,0.0000,1.0000,220.375,-1,0,0.0051
13337,4814,4816,0.0000,0.0000,1.0000,220.375,-1,0,0.0016
13338,4815,4817,0.0000,0.0000,1.0000,220.375,-1,0,0.0050
13339,4816,4818,0.0000,0.0000,1.0000,220.375,-1,0,0.0015
13340,4817,4819,0.0000,0.0000,1.0000,220.375,-1,0,0.0049
13341,4818,4820,0.0000,0.0000,1.0000,220.375,-1,0,0.0013
13342,4819,4821,0.0000,0.0000,1.0000,220.375,-1,0,0.0048
13343,4820,4822,0.0000,0.0000,1.0000,220.375,-1,0,0.0012
13344,4821,4823,0.0000,0.0000,1.0000,220.375,-1,0,0.0047
13345,4822,4824,0.0000,0.0000,1.0000,220.375,-1,0,0.0011
13346,4823,4825,0.0000,0.0000,1.0000,220.375,-1,0,0.0045
13347,4824,4826,0.0000,0.0000,1.0000,220.375,-1,0,0.0010
13348,4825,4827,0.0000,0.0000,1.0000,220.375,-1,0,0.0044
13349,4826,4828,0.0000,0.0000,1.0000,220.375,-1,0,0.0008
13350,4827,4829,0.0000,0.0000,1.0000,220.375,-1,0,0.0043
13351,4828,4830,0.0000,0.0000,1.0000,220.375,-1,0,0.0007
13352,4829,4831,0.0000,0.0000,1.0000,220.375,-1,0,0.0042
13353,4830,4832,0.0000,0.0000,1.0000,220.375,-1,0,0.0006
13354,4831,4833,0.0000,0.0000,1.0000,220.375,-1,0,0.0040
13355,4832,4834,0.0000,0.0000,1.0000,220.375,-1,0,0.0005
13356,4833,4835,0.0000,0.0000,1.0000,220.375,-1,0,0.0039
13357,4834,4836,0.0000,0.0000,1.0000,220.375,-1,0,0.0004
13358,4835,4837,0.0000,0.0000,1.0000,220.375,-1,0,0.0038
13359,4836,4838,0.0000,0.0000,1.0000,220.375,-1,0,0.0002
13360,4837,4839,0.0000,0.0000,1.0000,220.375,-1,0,0.0037
13361,4838,4840,0.0000,0.0000,1.0000,220.375,-1,0,0.0001
13362,4839,4841,0.0000,0.0000,1.0000,220.375,-1,0,0.0036
13363,4840,4842,0.0000,0.0000,1.0000,220.375,-1,0,-1.0000
13364,4841,4843,0.0000,0.0000,1.0000,220.375,-1,0,0.0034
13365,4842,4844,0.0000,0.0000,1.0000,220.375,-1,0,-1.0000
13366,4843,4845,0.0000,0.0000,1.0000,220.375,-1,0,0.0033
13367,4844,4846,0.0000,0.0000,1.0000,220.375,-1,0,0.0000
13368,4845,4847,0.0000,0.0000,1.0000,220.375,-1,0,0.0032
13369,4846,4848,0.0000,0.0000,1.0000,220.375,-1,0,0.0000
13370,4847,4849,0.0000,0.0000,1.0000,220.375,-1,0,0.0031
13371,4848,4850,0.0000,0.0000,1.0000,220.375,-1,0,0.0000
13372,4849,4851,0.0000,0.0000,1.0000,220.375,-1,0,0.0030
13373,4850,4852,0.0000,0.0000,1.0000,220.375,-1,0,0.0000
13374,4851,4853,0.0000,0.0000,1.0000,220.375,-1,0,0.0028
13375,4852,4854,0.0000,0.0000,1.0000,220.375,-1,0,0.0000
13376,4853,4855,0.0000,0.0000,1.0000,220.375,-1,0,0.0027
13377,4854,4856,0.0000,0.0000,1.0000,220.375,-1,0,0.0000
13378,4855,4857,0.0000,0.0000,1.0000,220.375,-1,0,0.0026
13379,4856,4858,0.0000,0.0000,1.0000,220.375,-1,0,0.0000
13380,4857,4859,0.0000,0.0000,1.0000,220.375,-1,0,0.0025
13381,4858,4860,0.0000,0.0000,1.0000,220.375,-1,0,0.0000
13382,4859,4861,0.0000,0.0000,1.0000,220.375,-1,0,0.0024
13383,4860,4862,0.0000,0.0000,1.0000,220.375,-1,0,0.0000
13384,4861,4863,0.0000,0.0000,1.0000,220.375,-1,0,0.0022
13385,4862,4864,0.0000,0.0000,1.0000,220.375,-1,0,0.0000
13386,4863,4865,0.0000,0.0000,1.0000,220.375,-1,0,0.0021
13387,4864,4866,0.0000,0.0000,1.0000,220.375,-1,0,0.0000
13388,4865,4867,0.0000,0.0000,1.0000,220.375,-1,0,0.0020
13389,4866,4868,0.0000,0.0000,1.0000,220.375,-1,0,0.0000
13390,4867,4869,0.0000,0.0000,1.0000,220.375,-1,0,0.0019
13391,4868,4870,0.0000,0.0000,1.0000,220.375,-1,0,0.0000
13392,4869,4871,0.0000,0.0000,1.0000,220.375,-1,0,0.0017
13393,4870,4872,0.0000,0.0000,1.0000,220.375,-1,0,0.0000
13394,4871,4873,0.0000,0.0000,1.0000,220.375,-1,0,0.0016
13395,4872,4874,0.0000,0.0000,1.0000,220.375,-1,0,0.0000
13396,4873,4875,0.0000,0.0000,1.0000,220.375,-1,0,0.0015
13397,4874,4876,0.0000,0.0000,1.0000,220.375,-1,0,0.0000
13398,4875,4877,0.0000,0.0000,1.0000,220.375,-1,0,0.0014
13399,4876,4878,0.0000,0.0000,1.0000,220.375,-1,0,0.0000
13400,4877,4879,0.0000,0.0000,1.0000,220.375,-1,0,0.0013
13401,4878,4880,0.0000,0.0000,1.0000,220.375,-1,0,0.0000
13402,4879,4881,0.0000,0.0000,1.0000,220.375,-1,0,0.0011
13403,4880,4882,0.0000,0.0000,1.0000,220.375,-1,0,0.0000
13404,4881,4883,0.0000,0.0000,1.0000,220.375,-1,0,0.0010
13405,4882,4884,0.0000,0.0000,1.0000,220.375,-1,0,0.0000
13406,4883,4885,0.0000,0.0000,1.0000,220.375,-1,0,0.0009
13407,4884,4886,0.0000,0.0000,1.0000,220.375,-1,0,0.0000
13408,4885,4887,0.0000,0.0000,1.0000,220.375,-1,0,0.0008
13409,4886,4888,0.0000,0.0000,1.0000,220.375,-1,0,0.0000
13410,4887,4889,0.0000,0.0000,1.0000,220.375,-1,0,0.0007
13411,4888,4890,0.0000,0.0000,1.0000,220.375,-1,0,0.0000
13412,4891,4893,0.0000,0.0000,1.0000,220.375,-1,0,0.0079
13413,4892,4894,0.0000,0.0000,1.0000,220.375,-1,0,0.0044
13414,4893,4895,0.0000,0.0000,1.0000,220.375,-1,0,0.0078
13415,4894,4896,0.0000,0.0000,1.0000,220.375,-1,0,0.0042
13416,4895,4897,0.0000,0.0000,1.0000,220.375,-1,0,0.0077
13417,4896,4898,0.0000,0.0000,1.0000,220.375,-1,0,0.0041
13418,4897,4899,0.0000,0.0000,1.0000,220.375,-1,0,0.0075
13419,4898,4900,0.0000,0.0000,1.0000,220.375,-1,0,0.0040
13420,4899,4901,0.0000,0.0000,1.0000,220.375,-1,0,0.0074
13421,4900,4902,0.0000,0.0000,1.0000,220.375,-1,0,0.0039
13422,4901,4903,0.0000,0.0000,1.0000,220.375,-1,0,0.0073
13423,4902,4904,0.0000,0.0000,1.0000,220.375,-1,0,0.0038
13424,4903,4905,0.0000,0.0000,1.0000,220.375,-1,0,0.0072
13425,4904,4906,0.0000,0.0000,1.0000,220.375,-1,0,0.0036
13426,4905,4907,0.0000,0.0000,1.0000,220.375,-1,0,0.0070
13427,4906,4908,0.0000,0.0000,1.0000,220.375,-1,0,0.0035
13428,4907,4909,0.0000,0.0000,1.0000,220.375,-1,0,0.0069
13429,4908,4910,0.0000,0.0000,1.0000,220.375,-1,0,0.0034
13430,4909,4911,0.0000,0.0000,1.0000,220.375,-1,0,0.0068
13431,4910,4912,0.0000,0.0000,1.0000,220.375,-1,0,0.0033
13432,4911,4913,0.0000,0.0000,1.0000,220.375,-1,0,0.0067
13433,4912,4914,0.0000,0.0000,1.0000,220.375,-1,0,0.0031
13434,4913,4915,0.0000,0.0000,1.0000,220.375,-1,0,0.0066
13435,4914,4916,0.0000,0.0000,1.0000,220.375,-1,0,0.0030
13436,4915,4917,0.0000,0.0000,1.0000,220.375,-1,0,0.0064
13437,4916,4918,0.0000,0.0000,1.0000,220.375,-1,0,0.0029
13438,4917,4919,0.0000,0.0000,1.0000,220.375,-1,0,0.0063
13439,4918,4920,0.0000,0.0000,1.0000,220.375,-1,0,0.0028
13440,4919,4921,0.0000,0.0000,1.0000,220.375,-1,0,0.0062
13441,4920,4922,0.0000,0.0000,1.0000,220.375,-1,0,0.0027
13442,4921,4923,0.0000,0.0000,1.0000,220.375,-1,0,0.0061
13443,4922,4924,0.0000,0.0000,1.0000,220.375,-1,0,0.0025
13444,4923,4925,0.0000,0.0000,1.0000,220.375,-1,0,0.0060
13445,4924,4926,0.0000,0.0000,1.0000,220.375,-1,0,0.0024
13446,4925,4927,0.0000,0.0000,1.0000,220.375,-1,0,0.0058
13447,4926,4928,0.0000,0.0000,1.0000,220.375,-1,0,0.0023
13448,4927,4929,0.0000,0.0000,1.0000,220.375,-1,0,0.0057
13449,4928,4930,0.0000,0.0000,1.0000,220.375,-1,0,0.0022
13450,4929,4931,0.0000,0.0000,1.0000,220.375,-1,0,0.0056
13451,4930,4932,0.0000,0.0000,1.0000,220.375,-1,0,0.0021
13452,4931,4933,0.0000,0.0000,1.0000,220.375,-1,0,0.0055
13453,4932,4934,0.0000,0.0000,1.0000,220.375,-1,0,0.0019
13454,4933,4935,0.0000,0.0000,1.0000,220.375,-1,0,0.0054
13455,4934,4936,0.0000,0.0000,1.0000,220.375,-1,0,0.0018
13456,4935,4937,0.0000,0.0000,1.0000,220.375,-1,0,0.0052
13457,4936,4938,0.0000,0.0000,1.0000,220.375,-1,0,0.0017
13458,4937,4939,0.0000,0.0000,1.0000,220.375,-1,0,0.0051
13459,4938,4940,0.0000,0.0000,1.0000,220.375,-1,0,0.0016
13460,4939,4941,0.0000,0.0000,1.0000,220.375,-1,0,0.0050
13461,4940,4942,0.0000,0.0000,1.0000,220.375,-1,0,0.0015
13462,4941,4943,0.0000,0.0000,1.0000,220.375,-1,0,0.0049
13463,4942,4944,0.0000,0.0000,1.0000,220.375,-1,0,0.0013
13464,4943,4945,0.0000,0.0000,1.0000,220.375,-1,0,0.0047
13465,4944,4946,0.0000,0.0000,1.0000,220.375,-1,0,0.0012
13466,4945,4947,0.0000,0.0000,1.0000,220.375,-1,0,0.0046
13467,4946,4948,0.0000,0.0000,1.0000,220.375,-1,0,0.0011
13468,4947,4949,0.0000,0.0000,1.0000,220.375,-1,0,0.0045
13469,4948,4950,0.0000,0.0000,1.0000,220.375,-1,0,0.0010
13470,4949,4951,0.0000,0.0000,1.0000,220.375,-1,0,0.0044
13471,4950,4952,0.0000,0.0000,1.0000,220.375,-1,0,0.0008
13472,4951,4953,0.0000,0.0000,1.0000,220.375,-1,0,0.0043
13473,4952,4954,0.0000,0.0000,1.0000,220.375,-1,0,0.0007
13474,4953,4955,0.0000,0.0000,1.0000,220.375,-1,0,0.0041
13475,4954,4956,0.0000,0.0000,1.0000,220.375,-1,0,0.0006
13476,4955,4957,0.0000,0.0000,1.0000,220.375,-1,0,0.0040
13477,4956,4958,0.0000,0.0000,1.0000,220.375,-1,0,0.0005
13478,4957,4959,0.0000,0.0000,1.0000,220.375,-1,0,0.0039
13479,4958,4960,0.0000,0.0000,1.0000,220.375,-1,0,0.0004
13480,4959,4961,0.0000,0.0000,1.0000,220.375,-1,0,0.0038
13481,4960,4962,0.0000,0.0000,1.0000,220.375,-1,0,0.0002
13482,4961,4963,0.0000,0.0000,1.0000,220.375,-1,0,0.0037
13483,4962,4964,0.0000,0.0000,1.0000,220.375,-1,0,0.0001
13484,4963,4965,0.0000,0.0000,1.0000,220.375,-1,0,0.0035
13485,4964,4966,0.0000,0.0000,1.0000,220.375,-1,0,-1.0000
13486,4965,4967,0.0000,0.0000,1.0000,220.375,-1,0,0.0034
13487,4966,4968,0.0000,0.0000,1.0000,220.375,-1,0,-1.0000
13488,4967,4969,0.0000,0.0000,1.0000,220.375,-1,0,0.0033
13489,4968,4970,0.0000,0.0000,1.0000,220.375,-1,0,0.0000
13490,4969,4971,0.0000,0.0000,1.0000,220.375,-1,0,0.0032
13491,4970,4972,0.0000,0.0000,1.0000,220.375,-1,0,0.0000
13492,4971,4973,0.0000,0.0000,1.0000,220.375,-1,0,0.0031
13493,4972,4974,0.0000,0.0000,1.0000,220.375,-1,0,0.0000
13494,4973,4975,0.0000,0.0000,1.0000,220.375,-1,0,0.0029
13495,4974,4976,0.0000,0.0000,1.0000,220.375,-1,0,0.0000
13496,4975,4977,0.0000,0.0000,1.0000,220.375,-1,0,0.0028
13497,4976,4978,0.0000,0.0000,1.0000,220.375,-1,0,0.0000
13498,4977,4979,0.0000,0.0000,1.0000,220.375,-1,0,0.0027
13499,4978,4980,0.0000,0.0000,1.0000,220.375,-1,0,0.0000
13500,4979,4981,0.0000,0.0000,1.0000,220.375,-1,0,0.0026
13501,4980,4982,0.0000,0.0000,1.0000,220.375,-1,0,0.0000
13502,4981,4983,0.0000,0.0000,1.0000,220.375,-1,0,0.0024
13503,4982,4984,0.0000,0.0000,1.0000,220.375,-1,0,0.0000
13504,4983,4985,0.0000,0.0000,1.0000,220.375,-1,0,0.0023
13505,4984,4986,0.0000,0.0000,1.0000,220.375,-1,0,0.0000
13506,4985,4987,0.0000,0.0000,1.0000,220.375,-1,0,0.0022
13507,4986,4988,0.0000,0.0000,1.0000,220.375,-1,0,0.0000
13508,4987,4989,0.0000,0.0000,1.0000,220.375,-1,0,0.0021
13509,4988,4990,0.0000,0.0000,1.0000,220.375,-1,0,0.0000
13510,4989,4991,0.0000,0.0000,1.0000,220.375,-1,0,0.0020
13511,4990,4992,0.0000,0.0000,1.0000,220.375,-1,0,0.0000
13512,4991,4993,0.0000,0.0000,1.0000,220.375,-1,0,0.0018
13513,4992,4994,0.0000,0.0000,1.0000,220.375,-1,0,0.0000
13514,4993,4995,0.0000,0.0000,1.0000,220.375,-1,0,0.0017
13515,4994,4996,0.0000,0.0000,1.0000,220.375,-1,0,0.0000
13516,4995,4997,0.0000,0.0000,1.0000,220.375,-1,0,0.0016
13517,4996,4998,0.0000,0.0000,1.0000,220.375,-1,0,0.0000
13518,4997,4999,0.0000,0.0000,1.0000,220.375,-1,0,0.0015
13519,4998,5000,0.0000,0.0000,1.0000,220.375,-1,0,0.0000
13520,4999,5001,0.0000,0.0000,1.0000,220.375,-1,0,0.0014
13521,5000,5002,0.0000,0.0000,1.0000,220.375,-1,0,0.0000
13522,5001,5003,0.0000,0.0000,1.0000,220.375,-1,0,0.0012
13523,5002,5004,0.0000,0.0000,1.0000,220.375,-1,0,0.0000
13524,5003,5005,0.0000,0.0000,1.0000,220.375,-1,0,0.0011
13525,5004,5006,0.0000,0.0000,1.0000,220.375,-1,0,0.0000
13526,5005,5007,0.0000,0.0000,1.0000,220.375,-1,0,0.0010
13527,5006,5008,0.0000,0.0000,1.0000,220.375,-1,0,0.0000
13528,5007,5009,0.0000,0.0000,1.0000,220.375,-1,0,0.0009
13529,5008,5010,0.0000,0.0000,1.0000,220.375,-1,0,0.0000
13530,5009,5011,0.0000,0.0000,1.0000,220.375,-1,0,0.0008
13531,5010,5012,0.0000,0.0000,1.0000,220.375,-1,0,0.0000
13532,5011,5013,0.0000,0.0000,1.0000,220.375,-1,0,0.0006
13533,5012,5014,0.0000,0.0000,1.0000,220.375,-1,0,0.0000
13534,5015,5016,0.0000,1.0000,0.0000,66.625,-1,0,0.0000
13535,5223,5015,0.0000,1.0000,0.0000,51.250,-1,0,0.0000
13536,5015,5225,0.0000,0.0000,1.0000,105.062,-1,0,0.0003
13537,5016,5017,0.0000,1.0000,0.0000,66.625,-1,0,0.0000
13538,5016,5029,0.0000,0.0000,1.0000,105.062,-1,0,0.0008
13539,5016,5030,0.0000,0.0000,1.0000,105.062,-1,0,0.0010
13540,5017,5018,0.0000,1.0000,0.0000,66.625,-1,0,0.0000
13541,5017,5030,0.0000,0.0000,1.0000,105.062,-1,0,0.0010
13542,5017,5031,0.0000,0.0000,1.0000,105.062,-1,0,0.0013
13543,5018,5019,0.0000,1.0000,0.0000,66.625,-1,0,0.0000
13544,5018,5031,0.0000,0.0000,1.0000,105.062,-1,0,0.0013
13545,5018,5032,0.0000,0.0000,1.0000,105.062,-1,0,0.0015
13546,5019,5020,0.0000,1.0000,0.0000,66.625,-1,0,0.0000
13547,5019,5032,0.0000,0.0000,1.0000,105.062,-1,0,0.0015
13548,5019,5033,0.0000,0.0000,1.0000,105.062,-1,0,0.0017
13549,5020,5021,0.0000,1.0000,0.0000,66.625,-1,0,0.0000
13550,5020,5033,0.0000,0.0000,1.0000,105.062,-1,0,0.0017
13551,5020,5034,0.0000,0.0000,1.0000,105.062,-1,0,0.0019
13552,5021,5022,0.0000,1.0000,0.0000,66.625,-1,0,0.0000
13553,5021,5034,0.0000,0.0000,1.0000,105.062,-1,0,0.0019
13554,5021,5035,0.0000,0.0000,1.0000,105.062,-1,0,0.0020
13555,5022,5023,0.0000,1.0000,0.0000,66.625,-1,0,0.0000
13556,5022,5035,0.0000,0.0000,1.0000,105.062,-1,0,0.0020
13557,5022,5036,0.0000,0.0000,1.0000,105.062,-1,0,0.0018
13558,5023,5024,0.0000,1.0000,0.0000,66.625,-1,0,0.0000
13559,5023,5036,0.0000,0.0000,1.0000,105.062,-1,0,0.0018
13560,5023,5037,0.0000,0.0000,1.0000,105.062,-1,0,0.0015
13561,5024,5025,0.0000,1.0000,0.0000,66.625,-1,0,0.0000
13562,5024,5037,0.0000,0.0000,1.0000,105.062,-1,0,0.0015
13563,5024,5038,0.0000,0.0000,1.0000,105.062,-1,0,0.0011
13564,5025,5026,0.0000,1.0000,0.0000,66.625,-1,0,0.0000
13565,5025,5038,0.0000,0.0000,1.0000,105.062,-1,0,0.0011
13566,5025,5039,0.0000,0.0000,1.0000,105.062,-1,0,0.0007
13567,5026,5027,0.0000,1.0000,0.0000,66.625,-1,0,0.0000
13568,5026,5039,0.0000,0.0000,1.0000,105.062,-1,0,0.0007
13569,5026,5040,0.0000,0.0000,1.0000,105.062,-1,0,0.0004
13570,5027,5028,0.0000,1.0000,0.0000,66.625,-1,0,0.0991
13571,5027,5040,0.0000,0.0000,1.0000,105.062,-1,0,0.0004
13572,5027,5041,0.0000,0.0000,1.0000,105.062,1,2,-1.0000
13573,5224,5028,0.0000,-1.0000,0.0000,51.250,2,3,-1.0000
13574,5028,5226,0.0000,0.0000,1.0000,105.062,1,2,-1.0000
13575,5029,5030,0.0000,1.0000,0.0000,66.625,-1,0,0.0000
13576,5225,5029,0.0000,1.0000,0.0000,51.250,-1,0,0.0000
13577,5029,5227,0.0000,0.0000,1.0000,105.062,-1,0,0.0003
13578,5030,5031,0.0000,1.0000,0.0000,66.625,-1,0,0.0000
13579,5030,5042,0.0000,0.0000,1.0000,105.062,-1,0,0.0008
13580,5030,5043,0.0000,0.0000,1.0000,105.062,-1,0,0.0010
13581,5031,5032,0.0000,1.0000,0.0000,66.625,-1,0,0.0000
13582,5031,5043,0.0000,0.0000,1.0000,105.062,-1,0,0.0010
13583,5031,5044,0.0000,0.0000,1.0000,105.062,-1,0,0.0013
13584,5032,5033,0.0000,1.0000,0.0000,66.625,-1,0,0.0000
13585,5032,5044,0.0000,0.0000,1.0000,105.062,-1,0,0.0013
13586,5032,5045,0.0000,0.0000,1.0000,105.062,-1,0,0.0015
13587,5033,5034,0.0000,1.0000,0.0000,66.625,-1,0,0.0000
13588,5033,5045,0.0000,0.0000,1.0000,105.062,-1,0,0.0015
13589,5033,5046,0.0000,0.0000,1.0000,105.062,-1,0,0.0017
13590,5034,5035,0.0000,1.0000,0.0000,66.625,-1,0,0.0000
13591,5034,5046,0.0000,0.0000,1.0000,105.062,-1,0,0.0017
13592,5034,5047,0.0000,0.0000,1.0000,105.062,-1,0,0.0018
13593,5035,5036,0.0000,1.0000,0.0000,66.625,-1,0,0.0000
13594,5035,5047,0.0000,0.0000,1.0000,105.062,-1,0,0.0018
13595,5035,5048,0.0000,0.0000,1.0000,105.062,-1,0,0.0018
13596,5036,5037,0.0000,1.0000,0.0000,66.625,-1,0,0.0000
13597,5036,5048,0.0000,0.0000,1.0000,105.062,-1,0,0.0018
13598,5036,5049,0.0000,0.0000,1.0000,105.062,-1,0,0.0016
13599,5037,5038,0.0000,1.0000,0.0000,66.625,-1,0,0.0000
13600,5037,5049,0.0000,0.0000,1.0000,105.062,-1,0,0.0016
13601,5037,5050,0.0000,0.0000,1.0000,105.062,-1,0,0.0012
13602,5038,5039,0.0000,1.0000,0.0000,66.625,-1,0,0.0000
13603,5038,5050,0.0000,0.0000,1.0000,105.062,-1,0,0.0012
13604,5038,5051,0.0000,0.0000,1.0000,105.062,-1,0,0.0008
13605,5039,5040,0.0000,1.0000,0.0000,66.625,-1,0,0.0000
13606,5039,5051,0.0000,0.0000,1.0000,105.062,-1,0,0.0008
13607,5039,5052,0.0000,0.0000,1.0000,105.062,-1,0,0.0004
13608,5040,5041,0.0000,1.0000,0.0000,66.625,-1,0,0.0991
13609,5040,5052,0.0000,0.0000,1.0000,105.062,-1,0,0.0004
13610,5040,5053,0.0000,0.0000,1.0000,105.062,1,2,-1.0000
13611,5226,5041,0.0000,-1.0000,0.0000,51.250,2,3,-1.0000
13612,5041,5228,0.0000,0.0000,1.0000,105.062,1,2,-1.0000
13613,5042,5043,0.0000,1.0000,0.0000,66.625,-1,0,0.0000
13614,5227,5042,0.0000,1.0000,0.0000,51.250,-1,0,0.0000
13615,5042,5229,0.0000,0.0000,1.0000,105.062,-1,0,0.0003
13616,5043,5044,0.0000,1.0000,0.0000,66.625,-1,0,0.0000
13617,5043,5054,0.0000,0.0000,1.0000,105.062,-1,0,0.0008
13618,5043,5055,0.0000,0.0000,1.0000,105.062,-1,0,0.0010
13619,5044,5045,0.0000,1.0000,0.0000,66.625,-1,0,0.0000
13620,5044,5055,0.0000,0.0000,1.0000,105.062,-1,0,0.0010
13621,5044,5056,0.0000,0.0000,1.0000,105.062,-1,0,0.0013
13622,5045,5046,0.0000,1.0000,0.0000,66.625,-1,0,0.0000
13623,5045,5056,0.0000,0.0000,1.0000,105.062,-1,0,0.0013
13624,5045,5057,0.0000,0.0000,1.0000,105.062,-1,0,0.0015
13625,5046,5047,0.0000,1.0000,0.0000,66.625,-1,0,0.0000
13626,5046,5057,0.0000,0.0000,1.0000,105.062,-1,0,0.0015
13627,5046,5058,0.0000,0.0000,1.0000,105.062,-1,0,0.0017
13628,5047,5048,0.0000,1.0000,0.0000,66.625,-1,0,0.0000
13629,5047,5058,0.0000,0.0000,1.0000,105.062,-1,0,0.0017
13630,5047,5059,0.0000,0.0000,1.0000,105.062,-1,0,0.0017
13631,5048,5049,0.0000,1.0000,0.0000,66.625,-1,0,0.0000
13632,5048,5059,0.0000,0.0000,1.0000,105.062,-1,0,0.0017
13633,5048,5060,0.0000,0.0000,1.0000,105.062,-1,0,0.0017
13634,5049,5050,0.0000,1.0000,0.0000,66.625,-1,0,0.0000
13635,5049,5060,0.0000,0.0000,1.0000,105.062,-1,0,0.0017
13636,5049,5061,0.0000,0.0000,1.0000,105.062,-1,0,0.0013
13637,5050,5051,0.0000,1.0000,0.0000,66.625,-1,0,0.0000
13638,5050,5061,0.0000,0.0000,1.0000,105.062,-1,0,0.0013
13639,5050,5062,0.0000,0.0000,1.0000,105.062,-1,0,0.0008
13640,5051,5052,0.0000,1.0000,0.0000,66.625,-1,0,0.0000
13641,5051,5062,0.0000,0.0000,1.0000,105.062,-1,0,0.0008
13642,5051,5063,0.0000,0.0000,1.0000,105.062,-1,0,0.0004
13643,5052,5053,0.0000,1.0000,0.0000,66.625,-1,0,0.0991
13644,5052,5063,0.0000,0.0000,1.0000,105.062,-1,0,0.0004
13645,5052,5064,0.0000,0.0000,1.0000,105.062,1,2,-1.0000
13646,5228,5053,0.0000,-1.0000,0.0000,51.250,2,3,-1.0000
13647,5053,5230,0.0000,0.0000,1.0000,105.062,1,2,-1.0000
13648,5054,5055,0.0000,1.0000,0.0000,66.625,-1,0,0.0000
13649,5229,5054,0.0000,1.0000,0.0000,51.250,-1,0,0.0000
13650,5054,5231,0.0000,0.0000,1.0000,105.062,-1,0,0.0003
13651,5055,5056,0.0000,1.0000,0.0000,66.625,-1,0,0.0000
13652,5055,5065,0.0000,0.0000,1.0000,105.062,-1,0,0.0008
13653,5055,5066,0.0000,0.0000,1.0000,105.062,-1,0,0.0010
13654,5056,5057,0.0000,1.0000,0.0000,66.625,-1,0,0.0000
13655,5056,5066,0.0000,0.0000,1.0000,105.062,-1,0,0.0010
13656,5056,5067,0.0000,0.0000,1.0000,105.062,-1,0,0.0013
13657,5057,5058,0.0000,1.0000,0.0000,66.625,-1,0,0.0000
13658,5057,5067,0.0000,0.0000,1.0000,105.062,-1,0,0.0013
13659,5057,5068,0.0000,0.0000,1.0000,105.062,-1,0,0.0015
13660,5058,5059,0.0000,1.0000,0.0000,66.625,-1,0,0.0000
13661,5058,5068,0.0000,0.0000,1.0000,105.062,-1,0,0.0015
13662,5058,5069,0.0000,0.0000,1.0000,105.062,-1,0,0.0016
13663,5059,5060,0.0000,1.0000,0.0000,66.625,-1,0,0.0000
13664,5059,5069,0.0000,0.0000,1.0000,105.062,-1,0,0.0016
13665,5059,5070,0.0000,0.0000,1.0000,105.062,-1,0,0.0016
13666,5060,5061,0.0000,1.0000,0.0000,66.625,-1,0,0.0000
13667,5060,5070,0.0000,0.0000,1.0000,105.062,-1,0,0.0016
13668,5060,5071,0.0000,0.0000,1.0000,105.062,-1,0,0.0014
13669,5061,5062,0.0000,1.0000,0.0000,66.625,-1,0,0.0000
13670,5061,5071,0.0000,0.0000,1.0000,105.062,-1,0,0.0014
13671,5061,5072,0.0000,0.0000,1.0000,105.062,-1,0,0.0010
13672,5062,5063,0.0000,1.0000,0.0000,66.625,-1,0,0.0000
13673,5062,5072,0.0000,0.0000,1.0000,105.062,-1,0,0.0010
13674,5062,5073,0.0000,0.0000,1.0000,105.062,-1,0,0.1645
13675,5063,5064,0.0000,1.0000,0.0000,66.625,-1,0,0.0991
13676,5063,5073,0.0000,0.0000,1.0000,105.062,-1,0,0.1645
13677,5063,5074,0.0000,0.0000,1.0000,105.062,1,2,-1.0000
13678,5230,5064,0.0000,-1.0000,0.0000,51.250,2,3,-1.0000
13679,5064,5232,0.0000,0.0000,1.0000,105.062,1,2,-1.0000
13680,5065,5066,0.0000,1.0000,0.0000,66.625,-1,0,0.0000
13681,5231,5065,0.0000,1.0000,0.0000,51.250,-1,0,0.0000
13682,5065,5233,0.0000,0.0000,1.0000,105.062,-1,0,0.0003
13683,5066,5067,0.0000,1.0000,0.0000,66.625,-1,0,0.0000
13684,5066,5075,0.0000,0.0000,1.0000,105.062,-1,0,0.0008
13685,5066,5076,0.0000,0.0000,1.0000,105.062,-1,0,0.0010
13686,5067,5068,0.0000,1.0000,0.0000,66.625,-1,0,0.0000
13687,5067,5076,0.0000,0.0000,1.0000,105.062,-1,0,0.0010
13688,5067,5077,0.0000,0.0000,1.0000,105.062,-1,0,0.0013
13689,5068,5069,0.0000,1.0000,0.0000,66.625,-1,0,0.0000
13690,5068,5077,0.0000,0.0000,1.0000,105.062,-1,0,0.0013
13691,5068,5078,0.0000,0.0000,1.0000,105.062,-1,0,0.0015
13692,5069,5070,0.0000,1.0000,0.0000,66.625,-1,0,0.0000
13693,5069,5078,0.0000,0.0000,1.0000,105.062,-1,0,0.0015
13694,5069,5079,0.0000,0.0000,1.0000,105.062,-1,0,0.0015
13695,5070,5071,0.0000,1.0000,0.0000,66.625,-1,0,0.0000
13696,5070,5079,0.0000,0.0000,1.0000,105.062,-1,0,0.0015
13697,5070,5080,0.0000,0.0000,1.0000,105.062,-1,0,0.0015
13698,5071,5072,0.0000,1.0000,0.0000,66.625,-1,0,0.0000
13699,5071,5080,0.0000,0.0000,1.0000,105.062,-1,0,0.0015
13700,5071,5081,0.0000,0.0000,1.0000,105.062,-1,0,0.0011
13701,5072,5073,0.0000,1.0000,0.0000,66.625,-1,0,0.0000
13702,5072,5081,0.0000,0.0000,1.0000,105.062,-1,0,0.0011
13703,5072,5082,0.0000,0.0000,1.0000,105.062,-1,0,0.1958
13704,5073,5074,0.0000,1.0000,0.0000,66.625,-1,0,0.0095
13705,5073,5082,0.0000,0.0000,1.0000,105.062,-1,0,0.1958
13706,5073,5083,0.0000,0.0000,1.0000,105.062,1,2,-1.0000
13707,5232,5074,0.0000,-1.0000,0.0000,51.250,-1,0,0.0000
13708,5074,5234,0.0000,0.0000,1.0000,105.062,1,2,-1.0000
13709,5075,5076,0.0000,1.0000,0.0000,66.625,-1,0,0.0000
13710,5233,5075,0.0000,1.0000,0.0000,51.250,-1,0,0.0000
13711,5075,5235,0.0000,0.0000,1.0000,105.062,-1,0,0.0003
13712,5076,5077,0.0000,1.0000,0.0000,66.625,-1,0,0.0000
13713,5076,5084,0.0000,0.0000,1.0000,105.062,-1,0,0.0008
13714,5076,5085,0.0000,0.0000,1.0000,105.062,-1,0,0.0010
13715,5077,5078,0.0000,1.0000,0.0000,66.625,-1,0,0.0000
13716,5077,5085,0.0000,0.0000,1.0000,105.062,-1,0,0.0010
13717,5077,5086,0.0000,0.0000,1.0000,105.062,-1,0,0.0013
13718,5078,5079,0.0000,1.0000,0.0000,66.625,-1,0,0.0000
13719,5078,5086,0.0000,0.0000,1.0000,105.062,-1,0,0.0013
13720,5078,5087,0.0000,0.0000,1.0000,105.062,-1,0,0.0014
13721,5079,5080,0.0000,1.0000,0.0000,66.625,-1,0,0.0000
13722,5079,5087,0.0000,0.0000,1.0000,105.062,-1,0,0.0014
13723,5079,5088,0.0000,0.0000,1.0000,105.062,-1,0,0.0014
13724,5080,5081,0.0000,1.0000,0.0000,66.625,-1,0,0.0000
13725,5080,5088,0.0000,0.0000,1.0000,105.062,-1,0,0.0014
13726,5080,5089,0.0000,0.0000,1.0000,105.062,-1,0,0.0013
13727,5081,5082,0.0000,1.0000,0.0000,66.625,-1,0,0.0000
13728,5081,5089,0.0000,0.0000,1.0000,105.062,-1,0,0.0013
13729,5081,5090,0.0000,0.0000,1.0000,105.062,-1,0,0.2583
13730,5082,5083,0.0000,1.0000,0.0000,66.625,-1,0,0.0095
13731,5082,5090,0.0000,0.0000,1.0000,105.062,-1,0,0.2583
13732,5082,5091,0.0000,0.0000,1.0000,105.062,1,2,-1.0000
13733,5234,5083,0.0000,-1.0000,0.0000,51.250,-1,0,0.0000
13734,5083,5236,0.0000,0.0000,1.0000,105.062,1,2,-1.0000
13735,5084,5085,0.0000,1.0000,0.0000,66.625,-1,0,0.0000
13736,5235,5084,0.0000,1.0000,0.0000,51.250,-1,0,0.0000
13737,5084,5237,0.0000,0.0000,1.0000,105.062,-1,0,0.0003
13738,5085,5086,0.0000,1.0000,0.0000,66.625,-1,0,0.0000
13739,5085,5092,0.0000,0.0000,1.0000,105.062,-1,0,0.0008
13740,5085,5093,0.0000,0.0000,1.0000,105.062,-1,0,0.0010
13741,5086,5087,0.0000,1.0000,0.0000,66.625,-1,0,0.0000
13742,5086,5093,0.0000,0.0000,1.0000,105.062,-1,0,0.0010
13743,5086,5094,0.0000,0.0000,1.0000,105.062,-1,0,0.0012
13744,5087,5088,0.0000,1.0000,0.0000,66.625,-1,0,0.0000
13745,5087,5094,0.0000,0.0000,1.0000,105.062,-1,0,0.0012
13746,5087,5095,0.0000,0.0000,1.0000,105.062,-1,0,0.0013
13747,5088,5089,0.0000,1.0000,0.0000,66.625,-1,0,0.0000
13748,5088,5095,0.0000,0.0000,1.0000,105.062,-1,0,0.0013
13749,5088,5096,0.0000,0.0000,1.0000,105.062,-1,0,0.0012
13750,5089,5090,0.0000,1.0000,0.0000,66.625,-1,0,0.0000
13751,5089,5096,0.0000,0.0000,1.0000,105.062,-1,0,0.0012
13752,5089,5097,0.0000,0.0000,1.0000,105.062,-1,0,0.2014
13753,5090,5091,0.0000,1.0000,0.0000,66.625,-1,0,0.0095
13754,5090,5097,0.0000,0.0000,1.0000,105.062,-1,0,0.2014
13755,5090,5098,0.0000,0.0000,1.0000,105.062,1,2,-1.0000
13756,5236,5091,0.0000,-1.0000,0.0000,51.250,-1,0,0.0000
13757,5091,5238,0.0000,0.0000,1.0000,105.062,1,2,-1.0000
13758,5092,5093,0.0000,1.0000,0.0000,66.625,-1,0,0.0000
13759,5237,5092,0.0000,1.0000,0.0000,51.250,-1,0,0.0000
13760,5092,5239,0.0000,0.0000,1.0000,105.062,-1,0,0.0003
13761,5093,5094,0.0000,1.0000,0.0000,66.625,-1,0,0.0000
13762,5093,5099,0.0000,0.0000,1.0000,105.062,-1,0,0.0008
13763,5093,5100,0.0000,0.0000,1.0000,105.062,-1,0,0.0010
13764,5094,5095,0.0000,1.0000,0.0000,66.625,-1,0,0.0000
13765,5094,5100,0.0000,0.0000,1.0000,105.062,-1,0,0.0010
13766,5094,5101,0.0000,0.0000,1.0000,105.062,-1,0,0.0012
13767,5095,5096,0.0000,1.0000,0.0000,66.625,-1,0,0.0000
13768,5095,5101,0.0000,0.0000,1.0000,105.062,-1,0,0.0012
13769,5095,5102,0.0000,0.0000,1.0000,105.062,-1,0,0.0012
13770,5096,5097,0.0000,1.0000,0.0000,66.625,-1,0,0.0000
13771,5096,5102,0.0000,0.0000,1.0000,105.062,-1,0,0.0012
13772,5096,5103,0.0000,0.0000,1.0000,105.062,-1,0,0.0010
13773,5097,5098,0.0000,1.0000,0.0000,66.625,-1,0,0.0095
13774,5097,5103,0.0000,0.0000,1.0000,105.062,-1,0,0.0010
13775,5097,5104,0.0000,0.0000,1.0000,105.062,-1,0,0.0008
13776,5238,5098,0.0000,-1.0000,0.0000,51.250,-1,0,0.0000
13777,5098,5240,0.0000,0.0000,1.0000,105.062,1,2,-1.0000
13778,5099,5100,0.0000,1.0000,0.0000,66.625,-1,0,0.0000
13779,5239,5099,0.0000,1.0000,0.0000,51.250,-1,0,0.0000
13780,5099,5241,0.0000,0.0000,1.0000,105.062,-1,0,0.0003
13781,5100,5101,0.0000,1.0000,0.0000,66.625,-1,0,0.0000
13782,5100,5105,0.0000,0.0000,1.0000,105.062,-1,0,0.0008
13783,5100,5106,0.0000,0.0000,1.0000,105.062,-1,0,0.0010
13784,5101,5102,0.0000,1.0000,0.0000,66.625,-1,0,0.0000
13785,5101,5106,0.0000,0.0000,1.0000,105.062,-1,0,0.0010
13786,5101,5107,0.0000,0.0000,1.0000,105.062,-1,0,0.0011
13787,5102,5103,0.0000,1.0000,0.0000,66.625,-1,0,0.0000
13788,5102,5107,0.0000,0.0000,1.0000,105.062,-1,0,0.0011
13789,5102,5108,0.0000,0.0000,1.0000,105.062,-1,0,0.0010
13790,5103,5104,0.0000,1.0000,0.0000,66.625,-1,0,0.0000
13791,5103,5108,0.0000,0.0000,1.0000,105.062,-1,0,0.0010
13792,5103,5109,0.0000,0.0000,1.0000,105.062,-1,0,0.0008
13793,5240,5104,0.0000,-1.0000,0.0000,51.250,-1,0,0.0000
13794,5104,5242,0.0000,0.0000,1.0000,105.062,-1,0,0.0003
13795,5105,5106,0.0000,1.0000,0.0000,66.625,-1,0,0.0000
13796,5241,5105,0.0000,1.0000,0.0000,51.250,-1,0,0.0000
13797,5105,5243,0.0000,0.0000,1.0000,105.062,-1,0,0.0003
13798,5106,5107,0.0000,1.0000,0.0000,66.625,-1,0,0.0000
13799,5106,5110,0.0000,0.0000,1.0000,105.062,-1,0,0.0008
13800,5106,5111,0.0000,0.0000,1.0000,105.062,-1,0,0.0010
13801,5107,5108,0.0000,1.0000,0.0000,66.625,-1,0,0.0000
13802,5107,5111,0.0000,0.0000,1.0000,105.062,-1,0,0.0010
13803,5107,5112,0.0000,0.0000,1.0000,105.062,-1,0,0.0010
13804,5108,5109,0.0000,1.0000,0.0000,66.625,-1,0,0.0000
13805,5108,5112,0.0000,0.0000,1.0000,105.062,-1,0,0.0010
13806,5108,5113,0.0000,0.0000,1.0000,105.062,-1,0,0.0008
13807,5242,5109,0.0000,-1.0000,0.0000,51.250,-1,0,0.0000
13808,5109,5244,0.0000,0.0000,1.0000,105.062,-1,0,0.0003
13809,5110,5111,0.0000,1.0000,0.0000,66.625,-1,0,0.0000
13810,5243,5110,0.0000,1.0000,0.0000,51.250,-1,0,0.0000
13811,5110,5245,0.0000,0.0000,1.0000,105.062,-1,0,0.0003
13812,5111,5112,0.0000,1.0000,0.0000,66.625,-1,0,0.0000
13813,5111,5114,0.0000,0.0000,1.0000,105.062,-1,0,0.0008
13814,5111,5115,0.0000,0.0000,1.0000,105.062,-1,0,0.0009
13815,5112,5113,0.0000,1.0000,0.0000,66.625,-1,0,0.0000
13816,5112,5115,0.0000,0.0000,1.0000,105.062,-1,0,0.0009
13817,5112,5116,0.0000,0.0000,1.0000,105.062,-1,0,0.0008
13818,5244,5113,0.0000,-1.0000,0.0000,51.250,-1,0,0.0000
13819,5113,5246,0.0000,0.0000,1.0000,105.062,-1,0,0.0003
13820,5114,5115,0.0000,1.0000,0.0000,66.625,-1,0,0.0000
13821,5245,5114,0.0000,1.0000,0.0000,51.250,-1,0,0.0000
13822,5114,5247,0.0000,0.0000,1.0000,105.062,-1,0,0.0003
13823,5115,5116,0.0000,1.0000,0.0000,66.625,-1,0,0.0000
13824,5115,5117,0.0000,0.0000,1.0000,105.062,-1,0,0.0008
13825,5115,5118,0.0000,0.0000,1.0000,105.062,-1,0,0.0008
13826,5246,5116,0.0000,-1.0000,0.0000,51.250,-1,0,0.0000
13827,5116,5248,0.0000,0.0000,1.0000,105.062,-1,0,0.0003
13828,5117,5118,0.0000,1.0000,0.0000,66.625,-1,0,0.0000
13829,5247,5117,0.0000,1.0000,0.0000,51.250,-1,0,0.0000
13830,5117,5249,0.0000,0.0000,1.0000,105.062,-1,0,0.0003
13831,5248,5118,0.0000,-1.0000,0.0000,51.250,-1,0,0.0000
13832,5118,5249,0.0000,0.0000,1.0000,105.062,-1,0,0.0003
13833,5119,5120,0.0000,1.0000,0.0000,66.625,-1,0,0.0000
13834,5223,5119,0.0000,1.0000,0.0000,51.250,-1,0,0.0000
13835,5119,5225,0.0000,0.0000,1.0000,105.062,-1,0,0.0003
13836,5120,5121,0.0000,1.0000,0.0000,66.625,-1,0,0.0000
13837,5120,5133,0.0000,0.0000,1.0000,105.062,-1,0,0.0008
13838,5120,5134,0.0000,0.0000,1.0000,105.062,-1,0,0.0010
13839,5120,5378,1.0000,0.0000,0.0000,66.625,-1,0,0.0000
13840,5120,5379,1.0000,0.0000,0.0000,66.625,-1,0,0.0000
13841,5121,5122,0.0000,1.0000,0.0000,66.625,-1,0,0.0000
13842,5121,5134,0.0000,0.0000,1.0000,105.062,-1,0,0.0010
13843,5121,5135,0.0000,0.0000,1.0000,105.062,-1,0,0.0013
13844,5122,5123,0.0000,1.0000,0.0000,66.625,-1,0,0.0000
13845,5122,5135,0.0000,0.0000,1.0000,105.062,-1,0,0.0013
13846,5122,5136,0.0000,0.0000,1.0000,105.062,-1,0,0.0015
13847,5123,5124,0.0000,1.0000,0.0000,66.625,-1,0,0.0000
13848,5123,5136,0.0000,0.0000,1.0000,105.062,-1,0,0.0015
13849,5123,5137,0.0000,0.0000,1.0000,105.062,-1,0,0.0017
13850,5124,5125,0.0000,1.0000,0.0000,66.625,-1,0,0.0000
13851,5124,5137,0.0000,0.0000,1.0000,105.062,-1,0,0.0017
13852,5124,5138,0.0000,0.0000,1.0000,105.062,-1,0,0.1437
13853,5125,5126,0.0000,1.0000,0.0000,66.625,-1,0,0.0000
13854,5125,5138,0.0000,0.0000,1.0000,105.062,-1,0,0.0000
13855,5125,5139,0.0000,0.0000,1.0000,105.062,-1,0,0.0000
13856,5126,5127,0.0000,1.0000,0.0000,66.625,-1,0,0.0000
13857,5126,5139,0.0000,0.0000,1.0000,105.062,-1,0,0.0000
13858,5126,5140,0.0000,0.0000,1.0000,105.062,-1,0,0.0000
13859,5127,5128,0.0000,1.0000,0.0000,66.625,-1,0,0.0000
13860,5127,5140,0.0000,0.0000,1.0000,105.062,-1,0,0.0000
13861,5127,5141,0.0000,0.0000,1.0000,105.062,-1,0,0.0000
13862,5128,5129,0.0000,1.0000,0.0000,66.625,-1,0,0.0000
13863,5128,5141,0.0000,0.0000,1.0000,105.062,-1,0,0.0000
13864,5128,5142,0.0000,0.0000,1.0000,105.062,-1,0,0.0000
13865,5129,5130,0.0000,1.0000,0.0000,66.625,-1,0,0.0000
13866,5129,5142,0.0000,0.0000,1.0000,105.062,-1,0,0.0000
13867,5129,5143,0.0000,0.0000,1.0000,105.062,-1,0,0.0000
13868,5130,5131,0.0000,1.0000,0.0000,66.625,-1,0,0.0000
13869,5130,5143,0.0000,0.0000,1.0000,105.062,-1,0,0.0000
13870,5130,5144,0.0000,0.0000,1.0000,105.062,-1,0,0.0000
13871,5131,5132,0.0000,1.0000,0.0000,66.625,-1,0,0.0000
13872,5131,5144,0.0000,0.0000,1.0000,105.062,-1,0,0.0000
13873,5131,5145,0.0000,0.0000,1.0000,105.062,-1,0,0.0000
13874,5131,5559,1.0000,0.0000,0.0000,66.625,-1,0,0.0000
13875,5131,5560,1.0000,0.0000,0.0000,66.625,-1,0,0.0000
13876,5224,5132,0.0000,-1.0000,0.0000,51.250,2,3,-1.0000
13877,5132,5226,0.0000,0.0000,1.0000,105.062,2,2,-1.0000
13878,5133,5134,0.0000,1.0000,0.0000,66.625,-1,0,0.0000
13879,5225,5133,0.0000,1.0000,0.0000,51.250,-1,0,0.0000
13880,5133,5380,1.0000,0.0000,0.0000,66.625,-1,0,0.0000
13881,5133,5227,0.0000,0.0000,1.0000,105.062,-1,0,0.0003
13882,5134,5135,0.0000,1.0000,0.0000,66.625,-1,0,0.0000
13883,5134,5380,1.0000,0.0000,0.0000,66.625,-1,0,0.0000
13884,5134,5146,0.0000,0.0000,1.0000,105.062,-1,0,0.0008
13885,5134,5147,0.0000,0.0000,1.0000,105.062,-1,0,0.0010
13886,5135,5136,0.0000,1.0000,0.0000,66.625,-1,0,0.0000
13887,5135,5147,0.0000,0.0000,1.0000,105.062,-1,0,0.0010
13888,5135,5148,0.0000,0.0000,1.0000,105.062,-1,0,0.0013
13889,5136,5137,0.0000,1.0000,0.0000,66.625,-1,0,0.0000
13890,5136,5148,0.0000,0.0000,1.0000,105.062,-1,0,0.0013
13891,5136,5149,0.0000,0.0000,1.0000,105.062,-1,0,0.0015
13892,5137,5138,0.0000,1.0000,0.0000,66.625,-1,0,0.0000
13893,5137,5149,0.0000,0.0000,1.0000,105.062,-1,0,0.0015
13894,5137,5150,0.0000,0.0000,1.0000,105.062,-1,0,0.0017
13895,5138,5139,0.0000,1.0000,0.0000,66.625,-1,0,0.0000
13896,5138,5150,0.0000,0.0000,1.0000,105.062,-1,0,0.0017
13897,5138,5151,0.0000,0.0000,1.0000,105.062,-1,0,0.1036
13898,5139,5140,0.0000,1.0000,0.0000,66.625,-1,0,0.0000
13899,5139,5151,0.0000,0.0000,1.0000,105.062,-1,0,0.0000
13900,5139,5152,0.0000,0.0000,1.0000,105.062,-1,0,0.0000
13901,5140,5141,0.0000,1.0000,0.0000,66.625,-1,0,0.0000
13902,5140,5152,0.0000,0.0000,1.0000,105.062,-1,0,0.0000
13903,5140,5153,0.0000,0.0000,1.0000,105.062,-1,0,0.0000
13904,5141,5142,0.0000,1.0000,0.0000,66.625,-1,0,0.0000
13905,5141,5153,0.0000,0.0000,1.0000,105.062,-1,0,0.0000
13906,5141,5154,0.0000,0.0000,1.0000,105.062,-1,0,0.0000
13907,5142,5143,0.0000,1.0000,0.0000,66.625,-1,0,0.0000
13908,5142,5154,0.0000,0.0000,1.0000,105.062,-1,0,0.0000
13909,5142,5155,0.0000,0.0000,1.0000,105.062,-1,0,0.0000
13910,5143,5144,0.0000,1.0000,0.0000,66.625,-1,0,0.0000
13911,5143,5155,0.0000,0.0000,1.0000,105.062,-1,0,0.0000
13912,5143,5156,0.0000,0.0000,1.0000,105.062,-1,0,0.0000
13913,5144,5145,0.0000,1.0000,0.0000,66.625,-1,0,0.0000
13914,5144,5561,1.0000,0.0000,0.0000,66.625,-1,0,0.0000
13915,5144,5156,0.0000,0.0000,1.0000,105.062,-1,0,0.0000
13916,5144,5157,0.0000,0.0000,1.0000,105.062,-1,0,0.0000
13917,5226,5145,0.0000,-1.0000,0.0000,51.250,2,3,-1.0000
13918,5145,5561,1.0000,0.0000,0.0000,66.625,-1,0,0.0000
13919,5145,5228,0.0000,0.0000,1.0000,105.062,2,2,-1.0000
13920,5146,5147,0.0000,1.0000,0.0000,66.625,-1,0,0.0000
13921,5227,5146,0.0000,1.0000,0.0000,51.250,-1,0,0.0000
13922,5146,5229,0.0000,0.0000,1.0000,105.062,-1,0,0.0003
13923,5146,5383,1.0000,0.0000,0.0000,66.625,-1,0,0.0000
13924,5147,5148,0.0000,1.0000,0.0000,66.625,-1,0,0.0000
13925,5147,5158,0.0000,0.0000,1.0000,105.062,-1,0,0.0008
13926,5147,5159,0.0000,0.0000,1.0000,105.062,-1,0,0.0010
13927,5148,5149,0.0000,1.0000,0.0000,66.625,-1,0,0.0000
13928,5148,5159,0.0000,0.0000,1.0000,105.062,-1,0,0.0010
13929,5148,5160,0.0000,0.0000,1.0000,105.062,-1,0,0.0013
13930,5149,5150,0.0000,1.0000,0.0000,66.625,-1,0,0.0000
13931,5149,5160,0.0000,0.0000,1.0000,105.062,-1,0,0.0013
13932,5149,5161,0.0000,0.0000,1.0000,105.062,-1,0,0.0015
13933,5150,5151,0.0000,1.0000,0.0000,66.625,-1,0,0.0000
13934,5150,5161,0.0000,0.0000,1.0000,105.062,-1,0,0.0015
13935,5150,5162,0.0000,0.0000,1.0000,105.062,-1,0,0.0017
13936,5151,5152,0.0000,1.0000,0.0000,66.625,-1,0,0.0000
13937,5151,5162,0.0000,0.0000,1.0000,105.062,-1,0,0.0017
13938,5151,5163,0.0000,0.0000,1.0000,105.062,-1,0,0.0705
13939,5152,5153,0.0000,1.0000,0.0000,66.625,-1,0,0.0000
13940,5152,5163,0.0000,0.0000,1.0000,105.062,-1,0,0.0000
13941,5152,5164,0.0000,0.0000,1.0000,105.062,-1,0,0.0000
13942,5153,5154,0.0000,1.0000,0.0000,66.625,-1,0,0.0000
13943,5153,5164,0.0000,0.0000,1.0000,105.062,-1,0,0.0000
13944,5153,5165,0.0000,0.0000,1.0000,105.062,-1,0,0.0000
13945,5154,5155,0.0000,1.0000,0.0000,66.625,-1,0,0.0000
13946,5154,5165,0.0000,0.0000,1.0000,105.062,-1,0,0.0000
13947,5154,5166,0.0000,0.0000,1.0000,105.062,-1,0,0.0000
13948,5155,5156,0.0000,1.0000,0.0000,66.625,-1,0,0.0000
13949,5155,5166,0.0000,0.0000,1.0000,105.062,-1,0,0.0000
13950,5155,5167,0.0000,0.0000,1.0000,105.062,-1,0,0.0000
13951,5156,5157,0.0000,1.0000,0.0000,66.625,-1,0,0.0000
13952,5156,5167,0.0000,0.0000,1.0000,105.062,-1,0,0.0000
13953,5156,5168,0.0000,0.0000,1.0000,105.062,-1,0,0.0000
13954,5228,5157,0.0000,-1.0000,0.0000,51.250,2,3,-1.0000
13955,5157,5230,0.0000,0.0000,1.0000,105.062,2,2,-1.0000
13956,5157,5563,1.0000,0.0000,0.0000,66.625,-1,0,0.0000
13957,5158,5159,0.0000,1.0000,0.0000,66.625,-1,0,0.0000
13958,5229,5158,0.0000,1.0000,0.0000,51.250,-1,0,0.0000
13959,5158,5231,0.0000,0.0000,1.0000,105.062,-1,0,0.0003
13960,5159,5160,0.0000,1.0000,0.0000,66.625,-1,0,0.0000
13961,5159,5169,0.0000,0.0000,1.0000,105.062,-1,0,0.0008
13962,5159,5170,0.0000,0.0000,1.0000,105.062,-1,0,0.0010
13963,5160,5161,0.0000,1.0000,0.0000,66.625,-1,0,0.0000
13964,5160,5170,0.0000,0.0000,1.0000,105.062,-1,0,0.0010
13965,5160,5171,0.0000,0.0000,1.0000,105.062,-1,0,0.0013
13966,5161,5162,0.0000,1.0000,0.0000,66.625,-1,0,0.0000
13967,5161,5171,0.0000,0.0000,1.0000,105.062,-1,0,0.0013
13968,5161,5172,0.0000,0.0000,1.0000,105.062,-1,0,0.0015
13969,5162,5163,0.0000,1.0000,0.0000,66.625,-1,0,0.0000
13970,5162,5172,0.0000,0.0000,1.0000,105.062,-1,0,0.0015
13971,5162,5173,0.0000,0.0000,1.0000,105.062,-1,0,0.0016
13972,5163,5164,0.0000,1.0000,0.0000,66.625,-1,0,0.0000
13973,5163,5173,0.0000,0.0000,1.0000,105.062,-1,0,0.0016
13974,5163,5174,0.0000,0.0000,1.0000,105.062,-1,0,0.0444
13975,5164,5165,0.0000,1.0000,0.0000,66.625,-1,0,0.0000
13976,5164,5174,0.0000,0.0000,1.0000,105.062,-1,0,0.0000
13977,5164,5175,0.0000,0.0000,1.0000,105.062,-1,0,0.0000
13978,5165,5166,0.0000,1.0000,0.0000,66.625,-1,0,0.0000
13979,5165,5175,0.0000,0.0000,1.0000,105.062,-1,0,0.0000
13980,5165,5176,0.0000,0.0000,1.0000,105.062,-1,0,0.0000
13981,5166,5167,0.0000,1.0000,0.0000,66.625,-1,0,0.0000
13982,5166,5176,0.0000,0.0000,1.0000,105.062,-1,0,0.0000
13983,5166,5177,0.0000,0.0000,1.0000,105.062,-1,0,0.0000
13984,5167,5168,0.0000,1.0000,0.0000,66.625,-1,0,0.0000
13985,5167,5177,0.0000,0.0000,1.0000,105.062,-1,0,0.0000
13986,5167,5178,0.0000,0.0000,1.0000,105.062,-1,0,0.3303
13987,5230,5168,0.0000,-1.0000,0.0000,51.250,2,3,-1.0000
13988,5168,5232,0.0000,0.0000,1.0000,105.062,2,2,-1.0000
13989,5169,5170,0.0000,1.0000,0.0000,66.625,-1,0,0.0000
13990,5231,5169,0.0000,1.0000,0.0000,51.250,-1,0,0.0000
13991,5169,5233,0.0000,0.0000,1.0000,105.062,-1,0,0.0003
13992,5170,5171,0.0000,1.0000,0.0000,66.625,-1,0,0.0000
13993,5170,5179,0.0000,0.0000,1.0000,105.062,-1,0,0.0008
13994,5170,5180,0.0000,0.0000,1.0000,105.062,-1,0,0.0010
13995,5171,5172,0.0000,1.0000,0.0000,66.625,-1,0,0.0000
13996,5171,5180,0.0000,0.0000,1.0000,105.062,-1,0,0.0010
13997,5171,5181,0.0000,0.0000,1.0000,105.062,-1,0,0.0013
13998,5172,5173,0.0000,1.0000,0.0000,66.625,-1,0,0.0000
13999,5172,5181,0.0000,0.0000,1.0000,105.062,-1,0,0.0013
14000,5172,5182,0.0000,0.0000,1.0000,105.062,-1,0,0.0015
14001,5173,5174,0.0000,1.0000,0.0000,66.625,-1,0,0.0000
14002,5173,5182,0.0000,0.0000,1.0000,105.062,-1,0,0.0015
14003,5173,5183,0.0000,0.0000,1.0000,105.062,-1,0,0.0015
14004,5174,5175,0.0000,1.0000,0.0000,66.625,-1,0,0.0000
14005,5174,5183,0.0000,0.0000,1.0000,105.062,-1,0,0.0015
14006,5174,5184,0.0000,0.0000,1.0000,105.062,-1,0,0.0259
14007,5175,5176,0.0000,1.0000,0.0000,66.625,-1,0,0.0000
14008,5175,5184,0.0000,0.0000,1.0000,105.062,-1,0,0.0000
14009,5175,5185,0.0000,0.0000,1.0000,105.062,-1,0,0.0000
14010,5176,5177,0.0000,1.0000,0.0000,66.625,-1,0,0.0000
14011,5176,5185,0.0000,0.0000,1.0000,105.062,-1,0,0.0000
14012,5176,5186,0.0000,0.0000,1.0000,105.062,-1,0,0.0000
14013,5177,5178,0.0000,1.0000,0.0000,66.625,-1,0,0.0000
14014,5177,5186,0.0000,0.0000,1.0000,105.062,-1,0,0.0000
14015,5177,5187,0.0000,0.0000,1.0000,105.062,-1,0,0.3935
14016,5232,5178,0.0000,-1.0000,0.0000,51.250,-1,0,0.0000
14017,5178,5234,0.0000,0.0000,1.0000,105.062,2,2,-1.0000
14018,5179,5180,0.0000,1.0000,0.0000,66.625,-1,0,0.0000
14019,5233,5179,0.0000,1.0000,0.0000,51.250,-1,0,0.0000
14020,5179,5235,0.0000,0.0000,1.0000,105.062,-1,0,0.0003
14021,5180,5181,0.0000,1.0000,0.0000,66.625,-1,0,0.0000
14022,5180,5188,0.0000,0.0000,1.0000,105.062,-1,0,0.0008
14023,5180,5189,0.0000,0.0000,1.0000,105.062,-1,0,0.0010
14024,5181,5182,0.0000,1.0000,0.0000,66.625,-1,0,0.0000
14025,5181,5189,0.0000,0.0000,1.0000,105.062,-1,0,0.0010
14026,5181,5190,0.0000,0.0000,1.0000,105.062,-1,0,0.0013
14027,5182,5183,0.0000,1.0000,0.0000,66.625,-1,0,0.0000
14028,5182,5190,0.0000,0.0000,1.0000,105.062,-1,0,0.0013
14029,5182,5191,0.0000,0.0000,1.0000,105.062,-1,0,0.0014
14030,5183,5184,0.0000,1.0000,0.0000,66.625,-1,0,0.0000
14031,5183,5191,0.0000,0.0000,1.0000,105.062,-1,0,0.0014
14032,5183,5192,0.0000,0.0000,1.0000,105.062,-1,0,0.0014
14033,5184,5185,0.0000,1.0000,0.0000,66.625,-1,0,0.0000
14034,5184,5192,0.0000,0.0000,1.0000,105.062,-1,0,0.0014
14035,5184,5193,0.0000,0.0000,1.0000,105.062,-1,0,0.0263
14036,5185,5186,0.0000,1.0000,0.0000,66.625,-1,0,0.0000
14037,5185,5193,0.0000,0.0000,1.0000,105.062,-1,0,0.0000
14038,5185,5194,0.0000,0.0000,1.0000,105.062,-1,0,0.0000
14039,5186,5187,0.0000,1.0000,0.0000,66.625,-1,0,0.0000
14040,5186,5194,0.0000,0.0000,1.0000,105.062,-1,0,0.0000
14041,5186,5195,0.0000,0.0000,1.0000,105.062,-1,0,0.5197
14042,5234,5187,0.0000,-1.0000,0.0000,51.250,-1,0,0.0000
14043,5187,5236,0.0000,0.0000,1.0000,105.062,2,2,-1.0000
14044,5188,5189,0.0000,1.0000,0.0000,66.625,-1,0,0.0000
14045,5235,5188,0.0000,1.0000,0.0000,51.250,-1,0,0.0000
14046,5188,5237,0.0000,0.0000,1.0000,105.062,-1,0,0.0003
14047,5189,5190,0.0000,1.0000,0.0000,66.625,-1,0,0.0000
14048,5189,5196,0.0000,0.0000,1.0000,105.062,-1,0,0.0008
14049,5189,5197,0.0000,0.0000,1.0000,105.062,-1,0,0.0010
14050,5190,5191,0.0000,1.0000,0.0000,66.625,-1,0,0.0000
14051,5190,5197,0.0000,0.0000,1.0000,105.062,-1,0,0.0010
14052,5190,5198,0.0000,0.0000,1.0000,105.062,-1,0,0.0012
14053,5191,5192,0.0000,1.0000,0.0000,66.625,-1,0,0.0000
14054,5191,5198,0.0000,0.0000,1.0000,105.062,-1,0,0.0012
14055,5191,5199,0.0000,0.0000,1.0000,105.062,-1,0,0.0013
14056,5192,5193,0.0000,1.0000,0.0000,66.625,-1,0,0.0000
14057,5192,5199,0.0000,0.0000,1.0000,105.062,-1,0,0.0013
14058,5192,5200,0.0000,0.0000,1.0000,105.062,-1,0,0.0012
14059,5193,5194,0.0000,1.0000,0.0000,66.625,-1,0,0.0000
14060,5193,5200,0.0000,0.0000,1.0000,105.062,-1,0,0.0012
14061,5193,5201,0.0000,0.0000,1.0000,105.062,-1,0,0.0302
14062,5194,5195,0.0000,1.0000,0.0000,66.625,-1,0,0.0000
14063,5194,5201,0.0000,0.0000,1.0000,105.062,-1,0,0.0000
14064,5194,5202,0.0000,0.0000,1.0000,105.062,-1,0,0.4065
14065,5236,5195,0.0000,-1.0000,0.0000,51.250,-1,0,0.0000
14066,5195,5238,0.0000,0.0000,1.0000,105.062,2,2,-1.0000
14067,5196,5197,0.0000,1.0000,0.0000,66.625,-1,0,0.0000
14068,5237,5196,0.0000,1.0000,0.0000,51.250,-1,0,0.0000
14069,5196,5239,0.0000,0.0000,1.0000,105.062,-1,0,0.0003
14070,5197,5198,0.0000,1.0000,0.0000,66.625,-1,0,0.0000
14071,5197,5203,0.0000,0.0000,1.0000,105.062,-1,0,0.0008
14072,5197,5204,0.0000,0.0000,1.0000,105.062,-1,0,0.0010
14073,5198,5199,0.0000,1.0000,0.0000,66.625,-1,0,0.0000
14074,5198,5204,0.0000,0.0000,1.0000,105.062,-1,0,0.0010
14075,5198,5205,0.0000,0.0000,1.0000,105.062,-1,0,0.0012
14076,5199,5200,0.0000,1.0000,0.0000,66.625,-1,0,0.0000
14077,5199,5205,0.0000,0.0000,1.0000,105.062,-1,0,0.0012
14078,5199,5206,0.0000,0.0000,1.0000,105.062,-1,0,0.0012
14079,5200,5201,0.0000,1.0000,0.0000,66.625,-1,0,0.0000
14080,5200,5206,0.0000,0.0000,1.0000,105.062,-1,0,0.0012
14081,5200,5207,0.0000,0.0000,1.0000,105.062,-1,0,0.0010
14082,5201,5202,0.0000,1.0000,0.0000,66.625,-1,0,0.0000
14083,5201,5207,0.0000,0.0000,1.0000,105.062,-1,0,0.0010
14084,5201,5208,0.0000,0.0000,1.0000,105.062,-1,0,0.0008
14085,5238,5202,0.0000,-1.0000,0.0000,51.250,-1,0,0.0000
14086,5202,5240,0.0000,0.0000,1.0000,105.062,-1,0,0.0000
14087,5203,5204,0.0000,1.0000,0.0000,66.625,-1,0,0.0000
14088,5239,5203,0.0000,1.0000,0.0000,51.250,-1,0,0.0000
14089,5203,5241,0.0000,0.0000,1.0000,105.062,-1,0,0.0003
14090,5204,5205,0.0000,1.0000,0.0000,66.625,-1,0,0.0000
14091,5204,5209,0.0000,0.0000,1.0000,105.062,-1,0,0.0008
14092,5204,5210,0.0000,0.0000,1.0000,105.062,-1,0,0.0010
14093,5205,5206,0.0000,1.0000,0.0000,66.625,-1,0,0.0000
14094,5205,5210,0.0000,0.0000,1.0000,105.062,-1,0,0.0010
14095,5205,5211,0.0000,0.0000,1.0000,105.062,-1,0,0.0011
14096,5206,5207,0.0000,1.0000,0.0000,66.625,-1,0,0.0000
14097,5206,5211,0.0000,0.0000,1.0000,105.062,-1,0,0.0011
14098,5206,5212,0.0000,0.0000,1.0000,105.062,-1,0,0.0010
14099,5207,5208,0.0000,1.0000,0.0000,66.625,-1,0,0.0000
14100,5207,5212,0.0000,0.0000,1.0000,105.062,-1,0,0.0010
14101,5207,5213,0.0000,0.0000,1.0000,105.062,-1,0,0.0008
14102,5240,5208,0.0000,-1.0000,0.0000,51.250,-1,0,0.0000
14103,5208,5242,0.0000,0.0000,1.0000,105.062,-1,0,0.0003
14104,5209,5210,0.0000,1.0000,0.0000,66.625,-1,0,0.0000
14105,5241,5209,0.0000,1.0000,0.0000,51.250,-1,0,0.0000
14106,5209,5243,0.0000,0.0000,1.0000,105.062,-1,0,0.0003
14107,5210,5211,0.0000,1.0000,0.0000,66.625,-1,0,0.0000
14108,5210,5214,0.0000,0.0000,1.0000,105.062,-1,0,0.0008
14109,5210,5215,0.0000,0.0000,1.0000,105.062,-1,0,0.0010
14110,5211,5212,0.0000,1.0000,0.0000,66.625,-1,0,0.0000
14111,5211,5215,0.0000,0.0000,1.0000,105.062,-1,0,0.0010
14112,5211,5216,0.0000,0.0000,1.0000,105.062,-1,0,0.0010
14113,5212,5213,0.0000,1.0000,0.0000,66.625,-1,0,0.0000
14114,5212,5216,0.0000,0.0000,1.0000,105.062,-1,0,0.0010
14115,5212,5217,0.0000,0.0000,1.0000,105.062,-1,0,0.0008
14116,5242,5213,0.0000,-1.0000,0.0000,51.250,-1,0,0.0000
14117,5213,5244,0.0000,0.0000,1.0000,105.062,-1,0,0.0003
14118,5214,5215,0.0000,1.0000,0.0000,66.625,-1,0,0.0000
14119,5243,5214,0.0000,1.0000,0.0000,51.250,-1,0,0.0000
14120,5214,5245,0.0000,0.0000,1.0000,105.062,-1,0,0.0003
14121,5215,5216,0.0000,1.0000,0.0000,66.625,-1,0,0.0000
14122,5215,5218,0.0000,0.0000,1.0000,105.062,-1,0,0.0008
14123,5215,5219,0.0000,0.0000,1.0000,105.062,-1,0,0.0009
14124,5216,5217,0.0000,1.0000,0.0000,66.625,-1,0,0.0000
14125,5216,5219,0.0000,0.0000,1.0000,105.062,-1,0,0.0009
14126,5216,5220,0.0000,0.0000,1.0000,105.062,-1,0,0.0008
14127,5244,5217,0.0000,-1.0000,0.0000,51.250,-1,0,0.0000
14128,5217,5246,0.0000,0.0000,1.0000,105.062,-1,0,0.0003
14129,5218,5219,0.0000,1.0000,0.0000,66.625,-1,0,0.0000
14130,5245,5218,0.0000,1.0000,0.0000,51.250,-1,0,0.0000
14131,5218,5247,0.0000,0.0000,1.0000,105.062,-1,0,0.0003
14132,5219,5220,0.0000,1.0000,0.0000,66.625,-1,0,0.0000
14133,5219,5221,0.0000,0.0000,1.0000,105.062,-1,0,0.0008
14134,5219,5222,0.0000,0.0000,1.0000,105.062,-1,0,0.0008
14135,5246,5220,0.0000,-1.0000,0.0000,51.250,-1,0,0.0000
14136,5220,5248,0.0000,0.0000,1.0000,105.062,-1,0,0.0003
14137,5221,5222,0.0000,1.0000,0.0000,66.625,-1,0,0.0000
14138,5247,5221,0.0000,1.0000,0.0000,51.250,-1,0,0.0000
14139,5221,5249,0.0000,0.0000,1.0000,105.062,-1,0,0.0003
14140,5248,5222,0.0000,-1.0000,0.0000,51.250,-1,0,0.0000
14141,5222,5249,0.0000,0.0000,1.0000,105.062,-1,0,0.0003
14142,5227,5382,1.0000,0.0000,0.0000,51.250,-1,0,0.0000
14143,5228,5564,1.0000,0.0000,0.0000,51.250,2,3,-1.0000
14144,5229,5384,1.0000,0.0000,0.0000,51.250,-1,0,0.0000
14145,5230,5565,1.0000,0.0000,0.0000,51.250,2,3,-1.0000
14146,5250,5251,0.0000,1.0000,0.0000,139.750,-1,0,0.0000
14147,5250,5252,0.0000,0.0000,1.0000,105.062,-1,0,0.0196
14148,5250,5253,0.0000,0.0000,1.0000,105.062,-1,0,0.0196
14149,5251,5252,0.0000,0.0000,1.0000,105.062,-1,0,0.0196
14150,5251,5253,0.0000,0.0000,1.0000,105.062,-1,0,0.0196
14151,5252,5253,1.0000,0.0000,0.0000,139.750,-1,0,0.0000
14152,5252,5254,0.0000,0.0000,1.0000,105.062,-1,0,0.0195
14153,5252,5255,0.0000,0.0000,1.0000,105.062,-1,0,0.0195
14154,5253,5254,0.0000,0.0000,1.0000,105.062,-1,0,0.0195
14155,5253,5255,0.0000,0.0000,1.0000,105.062,-1,0,0.0195
14156,5254,5255,0.0000,1.0000,0.0000,139.750,-1,0,0.0000
14157,5254,5256,0.0000,0.0000,1.0000,105.062,-1,0,0.0194
14158,5254,5257,0.0000,0.0000,1.0000,105.062,-1,0,0.0194
14159,5255,5256,0.0000,0.0000,1.0000,105.062,-1,0,0.0194
14160,5255,5257,0.0000,0.0000,1.0000,105.062,-1,0,0.0194
14161,5256,5257,1.0000,0.0000,0.0000,139.750,-1,0,0.0000
14162,5256,5258,0.0000,0.0000,1.0000,105.062,-1,0,0.0192
14163,5256,5259,0.0000,0.0000,1.0000,105.062,-1,0,0.0192
14164,5257,5258,0.0000,0.0000,1.0000,105.062,-1,0,0.0192
14165,5257,5259,0.0000,0.0000,1.0000,105.062,-1,0,0.0192
14166,5258,5259,0.0000,1.0000,0.0000,139.750,-1,0,0.0000
14167,5258,5260,0.0000,0.0000,1.0000,105.062,-1,0,0.0191
14168,5258,5261,0.0000,0.0000,1.0000,105.062,-1,0,0.0191
14169,5259,5260,0.0000,0.0000,1.0000,105.062,-1,0,0.0191
14170,5259,5261,0.0000,0.0000,1.0000,105.062,-1,0,0.0191
14171,5260,5261,1.0000,0.0000,0.0000,139.750,-1,0,0.0000
14172,5260,5262,0.0000,0.0000,1.0000,105.062,-1,0,0.0190
14173,5260,5263,0.0000,0.0000,1.0000,105.062,-1,0,0.0190
14174,5261,5262,0.0000,0.0000,1.0000,105.062,-1,0,0.0190
14175,5261,5263,0.0000,0.0000,1.0000,105.062,-1,0,0.0190
14176,5262,5263,0.0000,1.0000,0.0000,139.750,-1,0,0.0000
14177,5262,5264,0.0000,0.0000,1.0000,105.062,-1,0,0.0189
14178,5262,5265,0.0000,0.0000,1.0000,105.062,-1,0,0.0189
14179,5263,5264,0.0000,0.0000,1.0000,105.062,-1,0,0.0189
14180,5263,5265,0.0000,0.0000,1.0000,105.062,-1,0,0.0189
14181,5264,5265,1.0000,0.0000,0.0000,139.750,-1,0,0.0000
14182,5264,5266,0.0000,0.0000,1.0000,105.062,-1,0,0.0187
14183,5264,5267,0.0000,0.0000,1.0000,105.062,-1,0,0.0187
14184,5265,5266,0.0000,0.0000,1.0000,105.062,-1,0,0.0187
14185,5265,5267,0.0000,0.0000,1.0000,105.062,-1,0,0.0187
14186,5266,5267,0.0000,1.0000,0.0000,139.750,-1,0,0.0000
14187,5266,5268,0.0000,0.0000,1.0000,105.062,-1,0,0.0186
14188,5266,5269,0.0000,0.0000,1.0000,105.062,-1,0,0.0186
14189,5267,5268,0.0000,0.0000,1.0000,105.062,-1,0,0.0186
14190,5267,5269,0.0000,0.0000,1.0000,105.062,-1,0,0.0186
14191,5268,5269,1.0000,0.0000,0.0000,139.750,-1,0,0.0000
14192,5268,5270,0.0000,0.0000,1.0000,105.062,-1,0,0.0185
14193,5268,5271,0.0000,0.0000,1.0000,105.062,-1,0,0.0185
14194,5269,5270,0.0000,0.0000,1.0000,105.062,-1,0,0.0185
14195,5269,5271,0.0000,0.0000,1.0000,105.062,-1,0,0.0185
14196,5270,5271,0.0000,1.0000,0.0000,139.750,-1,0,0.0000
14197,5270,5272,0.0000,0.0000,1.0000,105.062,-1,0,0.0184
14198,5270,5273,0.0000,0.0000,1.0000,105.062,-1,0,0.0184
14199,5271,5272,0.0000,0.0000,1.0000,105.062,-1,0,0.0184
14200,5271,5273,0.0000,0.0000,1.0000,105.062,-1,0,0.0184
14201,5272,5273,1.0000,0.0000,0.0000,139.750,-1,0,0.0000
14202,5272,5274,0.0000,0.0000,1.0000,105.062,-1,0,0.0182
14203,5272,5275,0.0000,0.0000,1.0000,105.062,-1,0,0.0182
14204,5273,5274,0.0000,0.0000,1.0000,105.062,-1,0,0.0182
14205,5273,5275,0.0000,0.0000,1.0000,105.062,-1,0,0.0182
14206,5274,5275,0.0000,1.0000,0.0000,139.750,-1,0,0.0000
14207,5274,5276,0.0000,0.0000,1.0000,105.062,-1,0,0.0181
14208,5274,5277,0.0000,0.0000,1.0000,105.062,-1,0,0.0181
14209,5275,5276,0.0000,0.0000,1.0000,105.062,-1,0,0.0181
14210,5275,5277,0.0000,0.0000,1.0000,105.062,-1,0,0.0181
14211,5276,5277,1.0000,0.0000,0.0000,139.750,-1,0,0.0000
14212,5276,5278,0.0000,0.0000,1.0000,105.062,-1,0,0.0180
14213,5276,5279,0.0000,0.0000,1.0000,105.062,-1,0,0.0180
14214,5277,5278,0.0000,0.0000,1.0000,105.062,-1,0,0.0180
14215,5277,5279,0.0000,0.0000,1.0000,105.062,-1,0,0.0180
14216,5278,5279,0.0000,1.0000,0.0000,139.750,-1,0,0.0000
14217,5278,5280,0.0000,0.0000,1.0000,105.062,-1,0,0.0178
14218,5278,5281,0.0000,0.0000,1.0000,105.062,-1,0,0.0178
14219,5279,5280,0.0000,0.0000,1.0000,105.062,-1,0,0.0178
14220,5279,5281,0.0000,0.0000,1.0000,105.062,-1,0,0.0178
14221,5280,5281,1.0000,0.0000,0.0000,139.750,-1,0,0.0000
14222,5280,5282,0.0000,0.0000,1.0000,105.062,-1,0,0.0177
14223,5280,5283,0.0000,0.0000,1.0000,105.062,-1,0,0.0177
14224,5281,5282,0.0000,0.0000,1.0000,105.062,-1,0,0.0177
14225,5281,5283,0.0000,0.0000,1.0000,105.062,-1,0,0.0177
14226,5282,5283,0.0000,1.0000,0.0000,139.750,-1,0,0.0000
14227,5282,5284,0.0000,0.0000,1.0000,105.062,-1,0,0.0176
14228,5282,5285,0.0000,0.0000,1.0000,105.062,-1,0,0.0176
14229,5283,5284,0.0000,0.0000,1.0000,105.062,-1,0,0.0176
14230,5283,5285,0.0000,0.0000,1.0000,105.062,-1,0,0.0176
14231,5284,5285,1.0000,0.0000,0.0000,139.750,-1,0,0.0000
14232,5284,5286,0.0000,0.0000,1.0000,105.062,-1,0,0.0175
14233,5284,5287,0.0000,0.0000,1.0000,105.062,-1,0,0.0175
14234,5285,5286,0.0000,0.0000,1.0000,105.062,-1,0,0.0175
14235,5285,5287,0.0000,0.0000,1.0000,105.062,-1,0,0.0175
14236,5286,5287,0.0000,1.0000,0.0000,139.750,-1,0,0.0000
14237,5286,5288,0.0000,0.0000,1.0000,105.062,-1,0,0.0173
14238,5286,5289,0.0000,0.0000,1.0000,105.062,-1,0,0.0173
14239,5287,5288,0.0000,0.0000,1.0000,105.062,-1,0,0.0173
14240,5287,5289,0.0000,0.0000,1.0000,105.062,-1,0,0.0173
14241,5288,5289,1.0000,0.0000,0.0000,139.750,-1,0,0.0000
14242,5288,5290,0.0000,0.0000,1.0000,105.062,-1,0,0.0172
14243,5288,5291,0.0000,0.0000,1.0000,105.062,-1,0,0.0172
14244,5289,5290,0.0000,0.0000,1.0000,105.062,-1,0,0.0172
14245,5289,5291,0.0000,0.0000,1.0000,105.062,-1,0,0.0172
14246,5290,5291,0.0000,1.0000,0.0000,139.750,-1,0,0.0000
14247,5290,5292,0.0000,0.0000,1.0000,105.062,-1,0,0.0171
14248,5290,5293,0.0000,0.0000,1.0000,105.062,-1,0,0.0171
14249,5291,5292,0.0000,0.0000,1.0000,105.062,-1,0,0.0171
14250,5291,5293,0.0000,0.0000,1.0000,105.062,-1,0,0.0171
14251,5292,5293,1.0000,0.0000,0.0000,139.750,-1,0,0.0000
14252,5292,5294,0.0000,0.0000,1.0000,105.062,-1,0,0.0170
14253,5292,5295,0.0000,0.0000,1.0000,105.062,-1,0,0.0170
14254,5293,5294,0.0000,0.0000,1.0000,105.062,-1,0,0.0170
14255,5293,5295,0.0000,0.0000,1.0000,105.062,-1,0,0.0170
14256,5294,5295,0.0000,1.0000,0.0000,139.750,-1,0,0.0000
14257,5294,5296,0.0000,0.0000,1.0000,105.062,-1,0,0.0168
14258,5294,5297,0.0000,0.0000,1.0000,105.062,-1,0,0.0168
14259,5295,5296,0.0000,0.0000,1.0000,105.062,-1,0,0.0168
14260,5295,5297,0.0000,0.0000,1.0000,105.062,-1,0,0.0168
14261,5296,5297,1.0000,0.0000,0.0000,139.750,-1,0,0.0000
14262,5296,5298,0.0000,0.0000,1.0000,105.062,-1,0,0.0167
14263,5296,5299,0.0000,0.0000,1.0000,105.062,-1,0,0.0167
14264,5297,5298,0.0000,0.0000,1.0000,105.062,-1,0,0.0167
14265,5297,5299,0.0000,0.0000,1.0000,105.062,-1,0,0.0167
14266,5298,5299,0.0000,1.0000,0.0000,139.750,-1,0,0.0000
14267,5298,5300,0.0000,0.0000,1.0000,105.062,-1,0,0.0166
14268,5298,5301,0.0000,0.0000,1.0000,105.062,-1,0,0.0166
14269,5299,5300,0.0000,0.0000,1.0000,105.062,-1,0,0.0166
14270,5299,5301,0.0000,0.0000,1.0000,105.062,-1,0,0.0166
14271,5300,5301,1.0000,0.0000,0.0000,139.750,-1,0,0.0000
14272,5300,5302,0.0000,0.0000,1.0000,105.062,-1,0,0.0164
14273,5300,5303,0.0000,0.0000,1.0000,105.062,-1,0,0.0164
14274,5301,5302,0.0000,0.0000,1.0000,105.062,-1,0,0.0164
14275,5301,5303,0.0000,0.0000,1.0000,105.062,-1,0,0.0164
14276,5302,5303,0.0000,1.0000,0.0000,139.750,-1,0,0.0000
14277,5302,5304,0.0000,0.0000,1.0000,105.062,-1,0,0.0163
14278,5302,5305,0.0000,0.0000,1.0000,105.062,-1,0,0.0163
14279,5303,5304,0.0000,0.0000,1.0000,105.062,-1,0,0.0163
14280,5303,5305,0.0000,0.0000,1.0000,105.062,-1,0,0.0163
14281,5304,5305,1.0000,0.0000,0.0000,139.750,-1,0,0.0000
14282,5304,5306,0.0000,0.0000,1.0000,105.062,-1,0,0.0162
14283,5304,5307,0.0000,0.0000,1.0000,105.062,-1,0,0.0162
14284,5305,5306,0.0000,0.0000,1.0000,105.062,-1,0,0.0162
14285,5305,5307,0.0000,0.0000,1.0000,105.062,-1,0,0.0162
14286,5306,5307,0.0000,1.0000,0.0000,139.750,-1,0,0.0000
14287,5306,5308,0.0000,0.0000,1.0000,105.062,-1,0,0.0161
14288,5306,5309,0.0000,0.0000,1.0000,105.062,-1,0,0.0161
14289,5307,5308,0.0000,0.0000,1.0000,105.062,-1,0,0.0161
14290,5307,5309,0.0000,0.0000,1.0000,105.062,-1,0,0.0161
14291,5308,5309,1.0000,0.0000,0.0000,139.750,-1,0,0.0000
14292,5308,5310,0.0000,0.0000,1.0000,105.062,-1,0,0.0159
14293,5308,5311,0.0000,0.0000,1.0000,105.062,-1,0,0.0159
14294,5309,5310,0.0000,0.0000,1.0000,105.062,-1,0,0.0159
14295,5309,5311,0.0000,0.0000,1.0000,105.062,-1,0,0.0159
14296,5310,5311,0.0000,1.0000,0.0000,139.750,-1,0,0.0000
14297,5310,5312,0.0000,0.0000,1.0000,105.062,-1,0,0.0158
14298,5310,5313,0.0000,0.0000,1.0000,105.062,-1,0,0.0158
14299,5311,5312,0.0000,0.0000,1.0000,105.062,-1,0,0.0158
14300,5311,5313,0.0000,0.0000,1.0000,105.062,-1,0,0.0158
14301,5312,5313,1.0000,0.0000,0.0000,139.750,-1,0,0.0000
14302,5312,5314,0.0000,0.0000,1.0000,105.062,-1,0,0.0157
14303,5312,5315,0.0000,0.0000,1.0000,105.062,-1,0,0.0157
14304,5313,5314,0.0000,0.0000,1.0000,105.062,-1,0,0.0157
14305,5313,5315,0.0000,0.0000,1.0000,105.062,-1,0,0.0157
14306,5314,5315,0.0000,1.0000,0.0000,139.750,-1,0,0.0000
14307,5314,5316,0.0000,0.0000,1.0000,105.062,-1,0,0.0156
14308,5314,5317,0.0000,0.0000,1.0000,105.062,-1,0,0.0156
14309,5315,5316,0.0000,0.0000,1.0000,105.062,-1,0,0.0156
14310,5315,5317,0.0000,0.0000,1.0000,105.062,-1,0,0.0156
14311,5316,5317,1.0000,0.0000,0.0000,139.750,-1,0,0.0000
14312,5316,5318,0.0000,0.0000,1.0000,105.062,-1,0,0.0154
14313,5316,5319,0.0000,0.0000,1.0000,105.062,-1,0,0.0154
14314,5317,5318,0.0000,0.0000,1.0000,105.062,-1,0,0.0154
14315,5317,5319,0.0000,0.0000,1.0000,105.062,-1,0,0.0154
14316,5318,5319,0.0000,1.0000,0.0000,139.750,-1,0,0.0000
14317,5318,5320,0.0000,0.0000,1.0000,105.062,-1,0,0.0153
14318,5318,5321,0.0000,0.0000,1.0000,105.062,-1,0,0.0153
14319,5319,5320,0.0000,0.0000,1.0000,105.062,-1,0,0.0153
14320,5319,5321,0.0000,0.0000,1.0000,105.062,-1,0,0.0153
14321,5320,5321,1.0000,0.0000,0.0000,139.750,-1,0,0.0000
14322,5320,5322,0.0000,0.0000,1.0000,105.062,-1,0,0.0152
14323,5320,5323,0.0000,0.0000,1.0000,105.062,-1,0,0.0152
14324,5321,5322,0.0000,0.0000,1.0000,105.062,-1,0,0.0152
14325,5321,5323,0.0000,0.0000,1.0000,105.062,-1,0,0.0152
14326,5322,5323,0.0000,1.0000,0.0000,139.750,-1,0,0.0000
14327,5322,5324,0.0000,0.0000,1.0000,105.062,-1,0,0.0151
14328,5322,5325,0.0000,0.0000,1.0000,105.062,-1,0,0.0151
14329,5323,5324,0.0000,0.0000,1.0000,105.062,-1,0,0.0151
14330,5323,5325,0.0000,0.0000,1.0000,105.062,-1,0,0.0151
14331,5324,5325,1.0000,0.0000,0.0000,139.750,-1,0,0.0000
14332,5324,5326,0.0000,0.0000,1.0000,105.062,-1,0,0.0900
14333,5324,5327,0.0000,0.0000,1.0000,105.062,-1,0,0.0900
14334,5325,5326,0.0000,0.0000,1.0000,105.062,-1,0,0.0900
14335,5325,5327,0.0000,0.0000,1.0000,105.062,-1,0,0.0900
14336,5326,5327,0.0000,1.0000,0.0000,139.750,-1,0,0.0000
14337,5326,5328,0.0000,0.0000,1.0000,105.062,-1,0,0.0069
14338,5326,5329,0.0000,0.0000,1.0000,105.062,-1,0,0.0069
14339,5327,5328,0.0000,0.0000,1.0000,105.062,-1,0,0.0069
14340,5327,5329,0.0000,0.0000,1.0000,105.062,-1,0,0.0069
14341,5328,5329,1.0000,0.0000,0.0000,139.750,-1,0,0.0000
14342,5328,5330,0.0000,0.0000,1.0000,105.062,-1,0,0.0067
14343,5328,5331,0.0000,0.0000,1.0000,105.062,-1,0,0.0067
14344,5329,5330,0.0000,0.0000,1.0000,105.062,-1,0,0.0067
14345,5329,5331,0.0000,0.0000,1.0000,105.062,-1,0,0.0067
14346,5330,5331,0.0000,1.0000,0.0000,139.750,-1,0,0.0000
14347,5330,5332,0.0000,0.0000,1.0000,105.062,-1,0,0.0066
14348,5330,5333,0.0000,0.0000,1.0000,105.062,-1,0,0.0066
14349,5331,5332,0.0000,0.0000,1.0000,105.062,-1,0,0.0066
14350,5331,5333,0.0000,0.0000,1.0000,105.062,-1,0,0.0066
14351,5332,5333,1.0000,0.0000,0.0000,139.750,-1,0,0.0000
14352,5332,5334,0.0000,0.0000,1.0000,105.062,-1,0,0.0065
14353,5332,5335,0.0000,0.0000,1.0000,105.062,-1,0,0.0065
14354,5333,5334,0.0000,0.0000,1.0000,105.062,-1,0,0.0065
14355,5333,5335,0.0000,0.0000,1.0000,105.062,-1,0,0.0065
14356,5334,5335,0.0000,1.0000,0.0000,139.750,-1,0,0.0000
14357,5334,5336,0.0000,0.0000,1.0000,105.062,-1,0,0.0064
14358,5334,5337,0.0000,0.0000,1.0000,105.062,-1,0,0.0064
14359,5335,5336,0.0000,0.0000,1.0000,105.062,-1,0,0.0064
14360,5335,5337,0.0000,0.0000,1.0000,105.062,-1,0,0.0064
14361,5336,5337,1.0000,0.0000,0.0000,139.750,-1,0,0.0000
14362,5336,5338,0.0000,0.0000,1.0000,105.062,-1,0,0.0062
14363,5336,5339,0.0000,0.0000,1.0000,105.062,-1,0,0.0062
14364,5337,5338,0.0000,0.0000,1.0000,105.062,-1,0,0.0062
14365,5337,5339,0.0000,0.0000,1.0000,105.062,-1,0,0.0062
14366,5338,5339,0.0000,1.0000,0.0000,139.750,-1,0,0.0000
14367,5338,5340,0.0000,0.0000,1.0000,105.062,-1,0,0.0061
14368,5338,5341,0.0000,0.0000,1.0000,105.062,-1,0,0.0061
14369,5339,5340,0.0000,0.0000,1.0000,105.062,-1,0,0.0061
14370,5339,5341,0.0000,0.0000,1.0000,105.062,-1,0,0.0061
14371,5340,5341,1.0000,0.0000,0.0000,139.750,-1,0,0.0000
14372,5340,5342,0.0000,0.0000,1.0000,105.062,-1,0,0.0060
14373,5340,5343,0.0000,0.0000,1.0000,105.062,-1,0,0.0060
14374,5341,5342,0.0000,0.0000,1.0000,105.062,-1,0,0.0060
14375,5341,5343,0.0000,0.0000,1.0000,105.062,-1,0,0.0060
14376,5342,5343,0.0000,1.0000,0.0000,139.750,-1,0,0.0000
14377,5342,5344,0.0000,0.0000,1.0000,105.062,-1,0,0.0058
14378,5342,5345,0.0000,0.0000,1.0000,105.062,-1,0,0.0058
14379,5343,5344,0.0000,0.0000,1.0000,105.062,-1,0,0.0058
14380,5343,5345,0.0000,0.0000,1.0000,105.062,-1,0,0.0058
14381,5344,5345,1.0000,0.0000,0.0000,139.750,-1,0,0.0000
14382,5344,5346,0.0000,0.0000,1.0000,105.062,-1,0,0.0057
14383,5344,5347,0.0000,0.0000,1.0000,105.062,-1,0,0.0057
14384,5345,5346,0.0000,0.0000,1.0000,105.062,-1,0,0.0057
14385,5345,5347,0.0000,0.0000,1.0000,105.062,-1,0,0.0057
14386,5346,5347,0.0000,1.0000,0.0000,139.750,-1,0,0.0000
14387,5346,5348,0.0000,0.0000,1.0000,105.062,-1,0,0.0056
14388,5346,5349,0.0000,0.0000,1.0000,105.062,-1,0,0.0056
14389,5347,5348,0.0000,0.0000,1.0000,105.062,-1,0,0.0056
14390,5347,5349,0.0000,0.0000,1.0000,105.062,-1,0,0.0056
14391,5348,5349,1.0000,0.0000,0.0000,139.750,-1,0,0.0000
14392,5348,5350,0.0000,0.0000,1.0000,105.062,-1,0,0.0055
14393,5348,5351,0.0000,0.0000,1.0000,105.062,-1,0,0.0055
14394,5349,5350,0.0000,0.0000,1.0000,105.062,-1,0,0.0055
14395,5349,5351,0.0000,0.0000,1.0000,105.062,-1,0,0.0055
14396,5350,5351,0.0000,1.0000,0.0000,139.750,-1,0,0.0000
14397,5350,5352,0.0000,0.0000,1.0000,105.062,-1,0,0.0053
14398,5350,5353,0.0000,0.0000,1.0000,105.062,-1,0,0.0053
14399,5351,5352,0.0000,0.0000,1.0000,105.062,-1,0,0.0053
14400,5351,5353,0.0000,0.0000,1.0000,105.062,-1,0,0.0053
14401,5352,5353,1.0000,0.0000,0.0000,139.750,-1,0,0.0000
14402,5352,5354,0.0000,0.0000,1.0000,105.062,-1,0,0.0052
14403,5352,5355,0.0000,0.0000,1.0000,105.062,-1,0,0.0052
14404,5353,5354,0.0000,0.0000,1.0000,105.062,-1,0,0.0052
14405,5353,5355,0.0000,0.0000,1.0000,105.062,-1,0,0.0052
14406,5354,5355,0.0000,1.0000,0.0000,139.750,-1,0,0.0000
14407,5354,5356,0.0000,0.0000,1.0000,105.062,-1,0,0.0051
14408,5354,5357,0.0000,0.0000,1.0000,105.062,-1,0,0.0051
14409,5355,5356,0.0000,0.0000,1.0000,105.062,-1,0,0.0051
14410,5355,5357,0.0000,0.0000,1.0000,105.062,-1,0,0.0051
14411,5356,5357,1.0000,0.0000,0.0000,139.750,-1,0,0.0000
14412,5356,5358,0.0000,0.0000,1.0000,105.062,-1,0,0.0050
14413,5356,5359,0.0000,0.0000,1.0000,105.062,-1,0,0.0050
14414,5357,5358,0.0000,0.0000,1.0000,105.062,-1,0,0.0050
14415,5357,5359,0.0000,0.0000,1.0000,105.062,-1,0,0.0050
14416,5358,5359,0.0000,1.0000,0.0000,139.750,-1,0,0.0000
14417,5358,5360,0.0000,0.0000,1.0000,105.062,-1,0,0.0048
14418,5358,5361,0.0000,0.0000,1.0000,105.062,-1,0,0.0048
14419,5359,5360,0.0000,0.0000,1.0000,105.062,-1,0,0.0048
14420,5359,5361,0.0000,0.0000,1.0000,105.062,-1,0,0.0048
14421,5360,5361,1.0000,0.0000,0.0000,139.750,-1,0,0.0000
14422,5360,5362,0.0000,0.0000,1.0000,105.062,-1,0,0.0047
14423,5360,5363,0.0000,0.0000,1.0000,105.062,-1,0,0.0047
14424,5361,5362,0.0000,0.0000,1.0000,105.062,-1,0,0.0047
14425,5361,5363,0.0000,0.0000,1.0000,105.062,-1,0,0.0047
14426,5362,5363,0.0000,1.0000,0.0000,139.750,-1,0,0.0000
14427,5362,5364,0.0000,0.0000,1.0000,105.062,-1,0,0.0046
14428,5362,5365,0.0000,0.0000,1.0000,105.062,-1,0,0.0046
14429,5363,5364,0.0000,0.0000,1.0000,105.062,-1,0,0.0046
14430,5363,5365,0.0000,0.0000,1.0000,105.062,-1,0,0.0046
14431,5364,5365,1.0000,0.0000,0.0000,139.750,-1,0,0.0000
14432,5364,5366,0.0000,0.0000,1.0000,105.062,-1,0,0.0045
14433,5364,5367,0.0000,0.0000,1.0000,105.062,-1,0,0.0045
14434,5365,5366,0.0000,0.0000,1.0000,105.062,-1,0,0.0045
14435,5365,5367,0.0000,0.0000,1.0000,105.062,-1,0,0.0045
14436,5366,5367,0.0000,1.0000,0.0000,139.750,-1,0,0.0000
14437,5366,5368,0.0000,0.0000,1.0000,105.062,-1,0,0.0043
14438,5366,5369,0.0000,0.0000,1.0000,105.062,-1,0,0.0043
14439,5367,5368,0.0000,0.0000,1.0000,105.062,-1,0,0.0043
14440,5367,5369,0.0000,0.0000,1.0000,105.062,-1,0,0.0043
14441,5368,5369,1.0000,0.0000,0.0000,139.750,-1,0,0.0000
14442,5368,5370,0.0000,0.0000,1.0000,105.062,-1,0,0.0042
14443,5368,5371,0.0000,0.0000,1.0000,105.062,-1,0,0.0042
14444,5369,5370,0.0000,0.0000,1.0000,105.062,-1,0,0.0042
14445,5369,5371,0.0000,0.0000,1.0000,105.062,-1,0,0.0042
14446,5370,5371,0.0000,1.0000,0.0000,139.750,-1,0,0.0000
14447,5370,5372,0.0000,0.0000,1.0000,105.062,-1,0,0.0041
14448,5370,5373,0.0000,0.0000,1.0000,105.062,-1,0,0.0041
14449,5371,5372,0.0000,0.0000,1.0000,105.062,-1,0,0.0041
14450,5371,5373,0.0000,0.0000,1.0000,105.062,-1,0,0.0041
14451,5372,5373,1.0000,0.0000,0.0000,139.750,-1,0,0.0000
14452,5372,5374,0.0000,0.0000,1.0000,105.062,-1,0,0.0039
14453,5372,5375,0.0000,0.0000,1.0000,105.062,-1,0,0.0039
14454,5373,5374,0.0000,0.0000,1.0000,105.062,-1,0,0.0039
14455,5373,5375,0.0000,0.0000,1.0000,105.062,-1,0,0.0039
14456,5374,5375,0.0000,1.0000,0.0000,139.750,-1,0,0.0000
14457,5374,5376,0.0000,0.0000,1.0000,105.062,-1,0,0.0038
14458,5374,5377,0.0000,0.0000,1.0000,105.062,-1,0,0.0038
14459,5375,5376,0.0000,0.0000,1.0000,105.062,-1,0,0.0038
14460,5375,5377,0.0000,0.0000,1.0000,105.062,-1,0,0.0038
14461,5376,5377,1.0000,0.0000,0.0000,139.750,-1,0,0.0000
14462,5376,5378,0.0000,0.0000,1.0000,105.062,-1,0,0.0037
14463,5376,5379,0.0000,0.0000,1.0000,105.062,-1,0,0.0037
14464,5377,5378,0.0000,0.0000,1.0000,105.062,-1,0,0.0037
14465,5377,5379,0.0000,0.0000,1.0000,105.062,-1,0,0.0037
14466,5378,5379,0.0000,1.0000,0.0000,139.750,-1,0,0.0000
14467,5378,5380,0.0000,0.0000,1.0000,105.062,-1,0,0.0036
14468,5378,5381,0.0000,0.0000,1.0000,105.062,-1,0,0.0036
14469,5379,5380,0.0000,0.0000,1.0000,105.062,-1,0,0.0036
14470,5379,5381,0.0000,0.0000,1.0000,105.062,-1,0,0.0036
14471,5380,5381,1.0000,0.0000,0.0000,139.750,-1,0,0.0000
14472,5380,5382,0.0000,0.0000,1.0000,105.062,-1,0,0.0034
14473,5380,5383,0.0000,0.0000,1.0000,105.062,-1,0,0.0034
14474,5381,5382,0.0000,0.0000,1.0000,105.062,-1,0,0.0034
14475,5381,5383,0.0000,0.0000,1.0000,105.062,-1,0,0.0034
14476,5382,5383,0.0000,1.0000,0.0000,139.750,-1,0,0.0000
14477,5382,5384,0.0000,0.0000,1.0000,105.062,-1,0,0.0033
14478,5382,5385,0.0000,0.0000,1.0000,105.062,-1,0,0.0033
14479,5383,5384,0.0000,0.0000,1.0000,105.062,-1,0,0.0033
14480,5383,5385,0.0000,0.0000,1.0000,105.062,-1,0,0.0033
14481,5384,5385,1.0000,0.0000,0.0000,139.750,-1,0,0.0000
14482,5384,5386,0.0000,0.0000,1.0000,105.062,-1,0,0.0032
14483,5384,5387,0.0000,0.0000,1.0000,105.062,-1,0,0.0032
14484,5385,5386,0.0000,0.0000,1.0000,105.062,-1,0,0.0032
14485,5385,5387,0.0000,0.0000,1.0000,105.062,-1,0,0.0032
14486,5386,5387,0.0000,1.0000,0.0000,139.750,-1,0,0.0000
14487,5386,5388,0.0000,0.0000,1.0000,105.062,-1,0,0.0031
14488,5386,5389,0.0000,0.0000,1.0000,105.062,-1,0,0.0031
14489,5387,5388,0.0000,0.0000,1.0000,105.062,-1,0,0.0031
14490,5387,5389,0.0000,0.0000,1.0000,105.062,-1,0,0.0031
14491,5388,5389,1.0000,0.0000,0.0000,139.750,-1,0,0.0000
14492,5388,5390,0.0000,0.0000,1.0000,105.062,-1,0,0.0029
14493,5388,5391,0.0000,0.0000,1.0000,105.062,-1,0,0.0029
14494,5389,5390,0.0000,0.0000,1.0000,105.062,-1,0,0.0029
14495,5389,5391,0.0000,0.0000,1.0000,105.062,-1,0,0.0029
14496,5390,5391,0.0000,1.0000,0.0000,139.750,-1,0,0.0000
14497,5390,5392,0.0000,0.0000,1.0000,105.062,-1,0,0.0028
14498,5390,5393,0.0000,0.0000,1.0000,105.062,-1,0,0.0028
14499,5391,5392,0.0000,0.0000,1.0000,105.062,-1,0,0.0028
14500,5391,5393,0.0000,0.0000,1.0000,105.062,-1,0,0.0028
14501,5392,5393,1.0000,0.0000,0.0000,139.750,-1,0,0.0000
14502,5392,5394,0.0000,0.0000,1.0000,105.062,-1,0,0.0027
14503,5392,5395,0.0000,0.0000,1.0000,105.062,-1,0,0.0027
14504,5393,5394,0.0000,0.0000,1.0000,105.062,-1,0,0.0027
14505,5393,5395,0.0000,0.0000,1.0000,105.062,-1,0,0.0027
14506,5394,5395,0.0000,1.0000,0.0000,139.750,-1,0,0.0000
14507,5394,5396,0.0000,0.0000,1.0000,105.062,-1,0,0.0025
14508,5394,5397,0.0000,0.0000,1.0000,105.062,-1,0,0.0025
14509,5395,5396,0.0000,0.0000,1.0000,105.062,-1,0,0.0025
14510,5395,5397,0.0000,0.0000,1.0000,105.062,-1,0,0.0025
14511,5396,5397,1.0000,0.0000,0.0000,139.750,-1,0,0.0000
14512,5396,5398,0.0000,0.0000,1.0000,105.062,-1,0,0.0024
14513,5396,5399,0.0000,0.0000,1.0000,105.062,-1,0,0.0024
14514,5397,5398,0.0000,0.0000,1.0000,105.062,-1,0,0.0024
14515,5397,5399,0.0000,0.0000,1.0000,105.062,-1,0,0.0024
14516,5398,5399,0.0000,1.0000,0.0000,139.750,-1,0,0.0000
14517,5398,5400,0.0000,0.0000,1.0000,105.062,-1,0,0.0023
14518,5398,5401,0.0000,0.0000,1.0000,105.062,-1,0,0.0023
14519,5399,5400,0.0000,0.0000,1.0000,105.062,-1,0,0.0023
14520,5399,5401,0.0000,0.0000,1.0000,105.062,-1,0,0.0023
14521,5400,5401,1.0000,0.0000,0.0000,139.750,-1,0,0.0000
14522,5400,5402,0.0000,0.0000,1.0000,105.062,-1,0,0.0022
14523,5400,5403,0.0000,0.0000,1.0000,105.062,-1,0,0.0022
14524,5401,5402,0.0000,0.0000,1.0000,105.062,-1,0,0.0022
14525,5401,5403,0.0000,0.0000,1.0000,105.062,-1,0,0.0022
14526,5402,5403,0.0000,1.0000,0.0000,139.750,-1,0,0.0000
14527,5402,5404,0.0000,0.0000,1.0000,105.062,-1,0,0.0020
14528,5402,5405,0.0000,0.0000,1.0000,105.062,-1,0,0.0020
14529,5403,5404,0.0000,0.0000,1.0000,105.062,-1,0,0.0020
14530,5403,5405,0.0000,0.0000,1.0000,105.062,-1,0,0.0020
14531,5404,5405,1.0000,0.0000,0.0000,139.750,-1,0,0.0000
14532,5404,5406,0.0000,0.0000,1.0000,105.062,-1,0,0.0019
14533,5404,5407,0.0000,0.0000,1.0000,105.062,-1,0,0.0019
14534,5405,5406,0.0000,0.0000,1.0000,105.062,-1,0,0.0019
14535,5405,5407,0.0000,0.0000,1.0000,105.062,-1,0,0.0019
14536,5406,5407,0.0000,1.0000,0.0000,139.750,-1,0,0.0000
14537,5406,5408,0.0000,0.0000,1.0000,105.062,-1,0,0.0018
14538,5406,5409,0.0000,0.0000,1.0000,105.062,-1,0,0.0018
14539,5407,5408,0.0000,0.0000,1.0000,105.062,-1,0,0.0018
14540,5407,5409,0.0000,0.0000,1.0000,105.062,-1,0,0.0018
14541,5408,5409,1.0000,0.0000,0.0000,139.750,-1,0,0.0000
14542,5408,5410,0.0000,0.0000,1.0000,105.062,-1,0,0.0017
14543,5408,5411,0.0000,0.0000,1.0000,105.062,-1,0,0.0017
14544,5409,5410,0.0000,0.0000,1.0000,105.062,-1,0,0.0017
14545,5409,5411,0.0000,0.0000,1.0000,105.062,-1,0,0.0017
14546,5410,5411,0.0000,1.0000,0.0000,139.750,-1,0,0.0000
14547,5410,5412,0.0000,0.0000,1.0000,105.062,-1,0,0.0015
14548,5410,5413,0.0000,0.0000,1.0000,105.062,-1,0,0.0015
14549,5411,5412,0.0000,0.0000,1.0000,105.062,-1,0,0.0015
14550,5411,5413,0.0000,0.0000,1.0000,105.062,-1,0,0.0015
14551,5412,5413,1.0000,0.0000,0.0000,139.750,-1,0,0.0000
14552,5412,5414,0.0000,0.0000,1.0000,105.062,-1,0,0.0014
14553,5412,5415,0.0000,0.0000,1.0000,105.062,-1,0,0.0014
14554,5413,5414,0.0000,0.0000,1.0000,105.062,-1,0,0.0014
14555,5413,5415,0.0000,0.0000,1.0000,105.062,-1,0,0.0014
14556,5414,5415,0.0000,1.0000,0.0000,139.750,-1,0,0.0000
14557,5414,5416,0.0000,0.0000,1.0000,105.062,-1,0,0.0013
14558,5414,5417,0.0000,0.0000,1.0000,105.062,-1,0,0.0013
14559,5415,5416,0.0000,0.0000,1.0000,105.062,-1,0,0.0013
14560,5415,5417,0.0000,0.0000,1.0000,105.062,-1,0,0.0013
14561,5416,5417,1.0000,0.0000,0.0000,139.750,-1,0,0.0000
14562,5416,5418,0.0000,0.0000,1.0000,105.062,-1,0,0.0012
14563,5416,5419,0.0000,0.0000,1.0000,105.062,-1,0,0.0012
14564,5417,5418,0.0000,0.0000,1.0000,105.062,-1,0,0.0012
14565,5417,5419,0.0000,0.0000,1.0000,105.062,-1,0,0.0012
14566,5418,5419,0.0000,1.0000,0.0000,139.750,-1,0,0.0000
14567,5418,5420,0.0000,0.0000,1.0000,105.062,-1,0,0.0010
14568,5418,5421,0.0000,0.0000,1.0000,105.062,-1,0,0.0010
14569,5419,5420,0.0000,0.0000,1.0000,105.062,-1,0,0.0010
14570,5419,5421,0.0000,0.0000,1.0000,105.062,-1,0,0.0010
14571,5420,5421,1.0000,0.0000,0.0000,139.750,-1,0,0.0000
14572,5420,5422,0.0000,0.0000,1.0000,105.062,-1,0,0.0009
14573,5420,5423,0.0000,0.0000,1.0000,105.062,-1,0,0.0009
14574,5421,5422,0.0000,0.0000,1.0000,105.062,-1,0,0.0009
14575,5421,5423,0.0000,0.0000,1.0000,105.062,-1,0,0.0009
14576,5422,5423,0.0000,1.0000,0.0000,139.750,-1,0,0.0000
14577,5422,5424,0.0000,0.0000,1.0000,105.062,-1,0,0.0008
14578,5422,5425,0.0000,0.0000,1.0000,105.062,-1,0,0.0008
14579,5423,5424,0.0000,0.0000,1.0000,105.062,-1,0,0.0008
14580,5423,5425,0.0000,0.0000,1.0000,105.062,-1,0,0.0008
14581,5424,5425,1.0000,0.0000,0.0000,139.750,-1,0,0.0000
14582,5424,5426,0.0000,0.0000,1.0000,105.062,-1,0,0.0006
14583,5424,5427,0.0000,0.0000,1.0000,105.062,-1,0,0.0006
14584,5425,5426,0.0000,0.0000,1.0000,105.062,-1,0,0.0006
14585,5425,5427,0.0000,0.0000,1.0000,105.062,-1,0,0.0006
14586,5426,5427,0.0000,1.0000,0.0000,139.750,-1,0,0.0000
14587,5426,5428,0.0000,0.0000,1.0000,105.062,-1,0,0.0005
14588,5426,5429,0.0000,0.0000,1.0000,105.062,-1,0,0.0005
14589,5427,5428,0.0000,0.0000,1.0000,105.062,-1,0,0.0005
14590,5427,5429,0.0000,0.0000,1.0000,105.062,-1,0,0.0005
14591,5428,5429,1.0000,0.0000,0.0000,139.750,-1,0,0.0000
14592,5428,5430,0.0000,0.0000,1.0000,220.375,-1,0,0.0004
14593,5429,5430,0.0000,0.0000,1.0000,220.375,-1,0,0.0004
14594,5431,5432,0.0000,1.0000,0.0000,139.750,-1,0,0.0000
14595,5431,5433,0.0000,0.0000,1.0000,105.062,-1,0,0.0117
14596,5431,5434,0.0000,0.0000,1.0000,105.062,-1,0,0.0117
14597,5432,5433,0.0000,0.0000,1.0000,105.062,-1,0,0.0117
14598,5432,5434,0.0000,0.0000,1.0000,105.062,-1,0,0.0117
14599,5433,5434,1.0000,0.0000,0.0000,139.750,-1,0,0.0000
14600,5433,5435,0.0000,0.0000,1.0000,105.062,-1,0,0.0116
14601,5433,5436,0.0000,0.0000,1.0000,105.062,-1,0,0.0116
14602,5434,5435,0.0000,0.0000,1.0000,105.062,-1,0,0.0116
14603,5434,5436,0.0000,0.0000,1.0000,105.062,-1,0,0.0116
14604,5435,5436,0.0000,1.0000,0.0000,139.750,-1,0,0.0000
14605,5435,5437,0.0000,0.0000,1.0000,105.062,-1,0,0.0114
14606,5435,5438,0.0000,0.0000,1.0000,105.062,-1,0,0.0114
14607,5436,5437,0.0000,0.0000,1.0000,105.062,-1,0,0.0114
14608,5436,5438,0.0000,0.0000,1.0000,105.062,-1,0,0.0114
14609,5437,5438,1.0000,0.0000,0.0000,139.750,-1,0,0.0000
14610,5437,5439,0.0000,0.0000,1.0000,105.062,-1,0,0.0113
14611,5437,5440,0.0000,0.0000,1.0000,105.062,-1,0,0.0113
14612,5438,5439,0.0000,0.0000,1.0000,105.062,-1,0,0.0113
14613,5438,5440,0.0000,0.0000,1.0000,105.062,-1,0,0.0113
14614,5439,5440,0.0000,1.0000,0.0000,139.750,-1,0,0.0000
14615,5439,5441,0.0000,0.0000,1.0000,105.062,-1,0,0.0112
14616,5439,5442,0.0000,0.0000,1.0000,105.062,-1,0,0.0112
14617,5440,5441,0.0000,0.0000,1.0000,105.062,-1,0,0.0112
14618,5440,5442,0.0000,0.0000,1.0000,105.062,-1,0,0.0112
14619,5441,5442,1.0000,0.0000,0.0000,139.750,-1,0,0.0000
14620,5441,5443,0.0000,0.0000,1.0000,105.062,-1,0,0.0111
14621,5441,5444,0.0000,0.0000,1.0000,105.062,-1,0,0.0111
14622,5442,5443,0.0000,0.0000,1.0000,105.062,-1,0,0.0111
14623,5442,5444,0.0000,0.0000,1.0000,105.062,-1,0,0.0111
14624,5443,5444,0.0000,1.0000,0.0000,139.750,-1,0,0.0000
14625,5443,5445,0.0000,0.0000,1.0000,105.062,-1,0,0.0109
14626,5443,5446,0.0000,0.0000,1.0000,105.062,-1,0,0.0109
14627,5444,5445,0.0000,0.0000,1.0000,105.062,-1,0,0.0109
14628,5444,5446,0.0000,0.0000,1.0000,105.062,-1,0,0.0109
14629,5445,5446,1.0000,0.0000,0.0000,139.750,-1,0,0.0000
14630,5445,5447,0.0000,0.0000,1.0000,105.062,-1,0,0.0108
14631,5445,5448,0.0000,0.0000,1.0000,105.062,-1,0,0.0108
14632,5446,5447,0.0000,0.0000,1.0000,105.062,-1,0,0.0108
14633,5446,5448,0.0000,0.0000,1.0000,105.062,-1,0,0.0108
14634,5447,5448,0.0000,1.0000,0.0000,139.750,-1,0,0.0000
14635,5447,5449,0.0000,0.0000,1.0000,105.062,-1,0,0.0107
14636,5447,5450,0.0000,0.0000,1.0000,105.062,-1,0,0.0107
14637,5448,5449,0.0000,0.0000,1.0000,105.062,-1,0,0.0107
14638,5448,5450,0.0000,0.0000,1.0000,105.062,-1,0,0.0107
14639,5449,5450,1.0000,0.0000,0.0000,139.750,-1,0,0.0000
14640,5449,5451,0.0000,0.0000,1.0000,105.062,-1,0,0.0105
14641,5449,5452,0.0000,0.0000,1.0000,105.062,-1,0,0.0105
14642,5450,5451,0.0000,0.0000,1.0000,105.062,-1,0,0.0105
14643,5450,5452,0.0000,0.0000,1.0000,105.062,-1,0,0.0105
14644,5451,5452,0.0000,1.0000,0.0000,139.750,-1,0,0.0000
14645,5451,5453,0.0000,0.0000,1.0000,105.062,-1,0,0.0104
14646,5451,5454,0.0000,0.0000,1.0000,105.062,-1,0,0.0104
14647,5452,5453,0.0000,0.0000,1.0000,105.062,-1,0,0.0104
14648,5452,5454,0.0000,0.0000,1.0000,105.062,-1,0,0.0104
14649,5453,5454,1.0000,0.0000,0.0000,139.750,-1,0,0.0000
14650,5453,5455,0.0000,0.0000,1.0000,105.062,-1,0,0.0103
14651,5453,5456,0.0000,0.0000,1.0000,105.062,-1,0,0.0103
14652,5454,5455,0.0000,0.0000,1.0000,105.062,-1,0,0.0103
14653,5454,5456,0.0000,0.0000,1.0000,105.062,-1,0,0.0103
14654,5455,5456,0.0000,1.0000,0.0000,139.750,-1,0,0.0000
14655,5455,5457,0.0000,0.0000,1.0000,105.062,-1,0,0.0102
14656,5455,5458,0.0000,0.0000,1.0000,105.062,-1,0,0.0102
14657,5456,5457,0.0000,0.0000,1.0000,105.062,-1,0,0.0102
14658,5456,5458,0.0000,0.0000,1.0000,105.062,-1,0,0.0102
14659,5457,5458,1.0000,0.0000,0.0000,139.750,-1,0,0.0000
14660,5457,5459,0.0000,0.0000,1.0000,105.062,-1,0,0.0100
14661,5457,5460,0.0000,0.0000,1.0000,105.062,-1,0,0.0100
14662,5458,5459,0.0000,0.0000,1.0000,105.062,-1,0,0.0100
14663,5458,5460,0.0000,0.0000,1.0000,105.062,-1,0,0.0100
14664,5459,5460,0.0000,1.0000,0.0000,139.750,-1,0,0.0000
14665,5459,5461,0.0000,0.0000,1.0000,105.062,-1,0,0.0099
14666,5459,5462,0.0000,0.0000,1.0000,105.062,-1,0,0.0099
14667,5460,5461,0.0000,0.0000,1.0000,105.062,-1,0,0.0099
14668,5460,5462,0.0000,0.0000,1.0000,105.062,-1,0,0.0099
14669,5461,5462,1.0000,0.0000,0.0000,139.750,-1,0,0.0000
14670,5461,5463,0.0000,0.0000,1.0000,105.062,-1,0,0.0098
14671,5461,5464,0.0000,0.0000,1.0000,105.062,-1,0,0.0098
14672,5462,5463,0.0000,0.0000,1.0000,105.062,-1,0,0.0098
14673,5462,5464,0.0000,0.0000,1.0000,105.062,-1,0,0.0098
14674,5463,5464,0.0000,1.0000,0.0000,139.750,-1,0,0.0000
14675,5463,5465,0.0000,0.0000,1.0000,105.062,-1,0,0.0097
14676,5463,5466,0.0000,0.0000,1.0000,105.062,-1,0,0.0097
14677,5464,5465,0.0000,0.0000,1.0000,105.062,-1,0,0.0097
14678,5464,5466,0.0000,0.0000,1.0000,105.062,-1,0,0.0097
14679,5465,5466,1.0000,0.0000,0.0000,139.750,-1,0,0.0000
14680,5465,5467,0.0000,0.0000,1.0000,105.062,-1,0,0.0095
14681,5465,5468,0.0000,0.0000,1.0000,105.062,-1,0,0.0095
14682,5466,5467,0.0000,0.0000,1.0000,105.062,-1,0,0.0095
14683,5466,5468,0.0000,0.0000,1.0000,105.062,-1,0,0.0095
14684,5467,5468,0.0000,1.0000,0.0000,139.750,-1,0,0.0000
14685,5467,5469,0.0000,0.0000,1.0000,105.062,-1,0,0.0094
14686,5467,5470,0.0000,0.0000,1.0000,105.062,-1,0,0.0094
14687,5468,5469,0.0000,0.0000,1.0000,105.062,-1,0,0.0094
14688,5468,5470,0.0000,0.0000,1.0000,105.062,-1,0,0.0094
14689,5469,5470,1.0000,0.0000,0.0000,139.750,-1,0,0.0000
14690,5469,5471,0.0000,0.0000,1.0000,105.062,-1,0,0.0093
14691,5469,5472,0.0000,0.0000,1.0000,105.062,-1,0,0.0093
14692,5470,5471,0.0000,0.0000,1.0000,105.062,-1,0,0.0093
14693,5470,5472,0.0000,0.0000,1.0000,105.062,-1,0,0.0093
14694,5471,5472,0.0000,1.0000,0.0000,139.750,-1,0,0.0000
14695,5471,5473,0.0000,0.0000,1.0000,105.062,-1,0,0.0091
14696,5471,5474,0.0000,0.0000,1.0000,105.062,-1,0,0.0091
14697,5472,5473,0.0000,0.0000,1.0000,105.062,-1,0,0.0091
14698,5472,5474,0.0000,0.0000,1.0000,105.062,-1,0,0.0091
14699,5473,5474,1.0000,0.0000,0.0000,139.750,-1,0,0.0000
14700,5473,5475,0.0000,0.0000,1.0000,105.062,-1,0,0.0090
14701,5473,5476,0.0000,0.0000,1.0000,105.062,-1,0,0.0090
14702,5474,5475,0.0000,0.0000,1.0000,105.062,-1,0,0.0090
14703,5474,5476,0.0000,0.0000,1.0000,105.062,-1,0,0.0090
14704,5475,5476,0.0000,1.0000,0.0000,139.750,-1,0,0.0000
14705,5475,5477,0.0000,0.0000,1.0000,105.062,-1,0,0.0089
14706,5475,5478,0.0000,0.0000,1.0000,105.062,-1,0,0.0089
14707,5476,5477,0.0000,0.0000,1.0000,105.062,-1,0,0.0089
14708,5476,5478,0.0000,0.0000,1.0000,105.062,-1,0,0.0089
14709,5477,5478,1.0000,0.0000,0.0000,139.750,-1,0,0.0000
14710,5477,5479,0.0000,0.0000,1.0000,105.062,-1,0,0.0088
14711,5477,5480,0.0000,0.0000,1.0000,105.062,-1,0,0.0088
14712,5478,5479,0.0000,0.0000,1.0000,105.062,-1,0,0.0088
14713,5478,5480,0.0000,0.0000,1.0000,105.062,-1,0,0.0088
14714,5479,5480,0.0000,1.0000,0.0000,139.750,-1,0,0.0000
14715,5479,5481,0.0000,0.0000,1.0000,105.062,-1,0,0.0086
14716,5479,5482,0.0000,0.0000,1.0000,105.062,-1,0,0.0086
14717,5480,5481,0.0000,0.0000,1.0000,105.062,-1,0,0.0086
14718,5480,5482,0.0000,0.0000,1.0000,105.062,-1,0,0.0086
14719,5481,5482,1.0000,0.0000,0.0000,139.750,-1,0,0.0000
14720,5481,5483,0.0000,0.0000,1.0000,105.062,-1,0,0.0085
14721,5481,5484,0.0000,0.0000,1.0000,105.062,-1,0,0.0085
14722,5482,5483,0.0000,0.0000,1.0000,105.062,-1,0,0.0085
14723,5482,5484,0.0000,0.0000,1.0000,105.062,-1,0,0.0085
14724,5483,5484,0.0000,1.0000,0.0000,139.750,-1,0,0.0000
14725,5483,5485,0.0000,0.0000,1.0000,105.062,-1,0,0.0084
14726,5483,5486,0.0000,0.0000,1.0000,105.062,-1,0,0.0084
14727,5484,5485,0.0000,0.0000,1.0000,105.062,-1,0,0.0084
14728,5484,5486,0.0000,0.0000,1.0000,105.062,-1,0,0.0084
14729,5485,5486,1.0000,0.0000,0.0000,139.750,-1,0,0.0000
14730,5485,5487,0.0000,0.0000,1.0000,105.062,-1,0,0.0083
14731,5485,5488,0.0000,0.0000,1.0000,105.062,-1,0,0.0083
14732,5486,5487,0.0000,0.0000,1.0000,105.062,-1,0,0.0083
14733,5486,5488,0.0000,0.0000,1.0000,105.062,-1,0,0.0083
14734,5487,5488,0.0000,1.0000,0.0000,139.750,-1,0,0.0000
14735,5487,5489,0.0000,0.0000,1.0000,105.062,-1,0,0.0081
14736,5487,5490,0.0000,0.0000,1.0000,105.062,-1,0,0.0081
14737,5488,5489,0.0000,0.0000,1.0000,105.062,-1,0,0.0081
14738,5488,5490,0.0000,0.0000,1.0000,105.062,-1,0,0.0081
14739,5489,5490,1.0000,0.0000,0.0000,139.750,-1,0,0.0000
14740,5489,5491,0.0000,0.0000,1.0000,105.062,-1,0,0.0080
14741,5489,5492,0.0000,0.0000,1.0000,105.062,-1,0,0.0080
14742,5490,5491,0.0000,0.0000,1.0000,105.062,-1,0,0.0080
14743,5490,5492,0.0000,0.0000,1.0000,105.062,-1,0,0.0080
14744,5491,5492,0.0000,1.0000,0.0000,139.750,-1,0,0.0000
14745,5491,5493,0.0000,0.0000,1.0000,105.062,-1,0,0.0079
14746,5491,5494,0.0000,0.0000,1.0000,105.062,-1,0,0.0079
14747,5492,5493,0.0000,0.0000,1.0000,105.062,-1,0,0.0079
14748,5492,5494,0.0000,0.0000,1.0000,105.062,-1,0,0.0079
14749,5493,5494,1.0000,0.0000,0.0000,139.750,-1,0,0.0000
14750,5493,5495,0.0000,0.0000,1.0000,105.062,-1,0,0.0078
14751,5493,5496,0.0000,0.0000,1.0000,105.062,-1,0,0.0078
14752,5494,5495,0.0000,0.0000,1.0000,105.062,-1,0,0.0078
14753,5494,5496,0.0000,0.0000,1.0000,105.062,-1,0,0.0078
14754,5495,5496,0.0000,1.0000,0.0000,139.750,-1,0,0.0000
14755,5495,5497,0.0000,0.0000,1.0000,105.062,-1,0,0.0076
14756,5495,5498,0.0000,0.0000,1.0000,105.062,-1,0,0.0076
14757,5496,5497,0.0000,0.0000,1.0000,105.062,-1,0,0.0076
14758,5496,5498,0.0000,0.0000,1.0000,105.062,-1,0,0.0076
14759,5497,5498,1.0000,0.0000,0.0000,139.750,-1,0,0.0000
14760,5497,5499,0.0000,0.0000,1.0000,105.062,-1,0,0.0075
14761,5497,5500,0.0000,0.0000,1.0000,105.062,-1,0,0.0075
14762,5498,5499,0.0000,0.0000,1.0000,105.062,-1,0,0.0075
14763,5498,5500,0.0000,0.0000,1.0000,105.062,-1,0,0.0075
14764,5499,5500,0.0000,1.0000,0.0000,139.750,-1,0,0.0000
14765,5499,5501,0.0000,0.0000,1.0000,105.062,-1,0,0.0074
14766,5499,5502,0.0000,0.0000,1.0000,105.062,-1,0,0.0074
14767,5500,5501,0.0000,0.0000,1.0000,105.062,-1,0,0.0074
14768,5500,5502,0.0000,0.0000,1.0000,105.062,-1,0,0.0074
14769,5501,5502,1.0000,0.0000,0.0000,139.750,-1,0,0.0000
14770,5501,5503,0.0000,0.0000,1.0000,105.062,-1,0,0.0072
14771,5501,5504,0.0000,0.0000,1.0000,105.062,-1,0,0.0072
14772,5502,5503,0.0000,0.0000,1.0000,105.062,-1,0,0.0072
14773,5502,5504,0.0000,0.0000,1.0000,105.062,-1,0,0.0072
14774,5503,5504,0.0000,1.0000,0.0000,139.750,-1,0,0.0000
14775,5503,5505,0.0000,0.0000,1.0000,105.062,-1,0,0.0071
14776,5503,5506,0.0000,0.0000,1.0000,105.062,-1,0,0.0071
14777,5504,5505,0.0000,0.0000,1.0000,105.062,-1,0,0.0071
14778,5504,5506,0.0000,0.0000,1.0000,105.062,-1,0,0.0071
14779,5505,5506,1.0000,0.0000,0.0000,139.750,-1,0,0.0000
14780,5505,5507,0.0000,0.0000,1.0000,105.062,-1,0,0.0070
14781,5505,5508,0.0000,0.0000,1.0000,105.062,-1,0,0.0070
14782,5506,5507,0.0000,0.0000,1.0000,105.062,-1,0,0.0070
14783,5506,5508,0.0000,0.0000,1.0000,105.062,-1,0,0.0070
14784,5507,5508,0.0000,1.0000,0.0000,139.750,-1,0,0.0000
14785,5507,5509,0.0000,0.0000,1.0000,105.062,-1,0,0.0069
14786,5507,5510,0.0000,0.0000,1.0000,105.062,-1,0,0.0069
14787,5508,5509,0.0000,0.0000,1.0000,105.062,-1,0,0.0069
14788,5508,5510,0.0000,0.0000,1.0000,105.062,-1,0,0.0069
14789,5509,5510,1.0000,0.0000,0.0000,139.750,-1,0,0.0000
14790,5509,5511,0.0000,0.0000,1.0000,105.062,-1,0,0.0067
14791,5509,5512,0.0000,0.0000,1.0000,105.062,-1,0,0.0067
14792,5510,5511,0.0000,0.0000,1.0000,105.062,-1,0,0.0067
14793,5510,5512,0.0000,0.0000,1.0000,105.062,-1,0,0.0067
14794,5511,5512,0.0000,1.0000,0.0000,139.750,-1,0,0.0000
14795,5511,5513,0.0000,0.0000,1.0000,105.062,-1,0,0.0066
14796,5511,5514,0.0000,0.0000,1.0000,105.062,-1,0,0.0066
14797,5512,5513,0.0000,0.0000,1.0000,105.062,-1,0,0.0066
14798,5512,5514,0.0000,0.0000,1.0000,105.062,-1,0,0.0066
14799,5513,5514,1.0000,0.0000,0.0000,139.750,-1,0,0.0000
14800,5513,5515,0.0000,0.0000,1.0000,105.062,-1,0,0.0065
14801,5513,5516,0.0000,0.0000,1.0000,105.062,-1,0,0.0065
14802,5514,5515,0.0000,0.0000,1.0000,105.062,-1,0,0.0065
14803,5514,5516,0.0000,0.0000,1.0000,105.062,-1,0,0.0065
14804,5515,5516,0.0000,1.0000,0.0000,139.750,-1,0,0.0000
14805,5515,5517,0.0000,0.0000,1.0000,105.062,-1,0,0.0064
14806,5515,5518,0.0000,0.0000,1.0000,105.062,-1,0,0.0064
14807,5516,5517,0.0000,0.0000,1.0000,105.062,-1,0,0.0064
14808,5516,5518,0.0000,0.0000,1.0000,105.062,-1,0,0.0064
14809,5517,5518,1.0000,0.0000,0.0000,139.750,-1,0,0.0000
14810,5517,5519,0.0000,0.0000,1.0000,105.062,-1,0,0.0062
14811,5517,5520,0.0000,0.0000,1.0000,105.062,-1,0,0.0062
14812,5518,5519,0.0000,0.0000,1.0000,105.062,-1,0,0.0062
14813,5518,5520,0.0000,0.0000,1.0000,105.062,-1,0,0.0062
14814,5519,5520,0.0000,1.0000,0.0000,139.750,-1,0,0.0000
14815,5519,5521,0.0000,0.0000,1.0000,105.062,-1,0,0.0061
14816,5519,5522,0.0000,0.0000,1.0000,105.062,-1,0,0.0061
14817,5520,5521,0.0000,0.0000,1.0000,105.062,-1,0,0.0061
14818,5520,5522,0.0000,0.0000,1.0000,105.062,-1,0,0.0061
14819,5521,5522,1.0000,0.0000,0.0000,139.750,-1,0,0.0000
14820,5521,5523,0.0000,0.0000,1.0000,105.062,-1,0,0.0060
14821,5521,5524,0.0000,0.0000,1.0000,105.062,-1,0,0.0060
14822,5522,5523,0.0000,0.0000,1.0000,105.062,-1,0,0.0060
14823,5522,5524,0.0000,0.0000,1.0000,105.062,-1,0,0.0060
14824,5523,5524,0.0000,1.0000,0.0000,139.750,-1,0,0.0000
14825,5523,5525,0.0000,0.0000,1.0000,105.062,-1,0,0.0058
14826,5523,5526,0.0000,0.0000,1.0000,105.062,-1,0,0.0058
14827,5524,5525,0.0000,0.0000,1.0000,105.062,-1,0,0.0058
14828,5524,5526,0.0000,0.0000,1.0000,105.062,-1,0,0.0058
14829,5525,5526,1.0000,0.0000,0.0000,139.750,-1,0,0.0000
14830,5525,5527,0.0000,0.0000,1.0000,105.062,-1,0,0.0057
14831,5525,5528,0.0000,0.0000,1.0000,105.062,-1,0,0.0057
14832,5526,5527,0.0000,0.0000,1.0000,105.062,-1,0,0.0057
14833,5526,5528,0.0000,0.0000,1.0000,105.062,-1,0,0.0057
14834,5527,5528,0.0000,1.0000,0.0000,139.750,-1,0,0.0000
14835,5527,5529,0.0000,0.0000,1.0000,105.062,-1,0,0.0056
14836,5527,5530,0.0000,0.0000,1.0000,105.062,-1,0,0.0056
14837,5528,5529,0.0000,0.0000,1.0000,105.062,-1,0,0.0056
14838,5528,5530,0.0000,0.0000,1.0000,105.062,-1,0,0.0056
14839,5529,5530,1.0000,0.0000,0.0000,139.750,-1,0,0.0000
14840,5529,5531,0.0000,0.0000,1.0000,105.062,-1,0,0.0055
14841,5529,5532,0.0000,0.0000,1.0000,105.062,-1,0,0.0055
14842,5530,5531,0.0000,0.0000,1.0000,105.062,-1,0,0.0055
14843,5530,5532,0.0000,0.0000,1.0000,105.062,-1,0,0.0055
14844,5531,5532,0.0000,1.0000,0.0000,139.750,-1,0,0.0000
14845,5531,5533,0.0000,0.0000,1.0000,105.062,-1,0,0.0053
14846,5531,5534,0.0000,0.0000,1.0000,105.062,-1,0,0.0053
14847,5532,5533,0.0000,0.0000,1.0000,105.062,-1,0,0.0053
14848,5532,5534,0.0000,0.0000,1.0000,105.062,-1,0,0.0053
14849,5533,5534,1.0000,0.0000,0.0000,139.750,-1,0,0.0000
14850,5533,5535,0.0000,0.0000,1.0000,105.062,-1,0,0.0052
14851,5533,5536,0.0000,0.0000,1.0000,105.062,-1,0,0.0052
14852,5534,5535,0.0000,0.0000,1.0000,105.062,-1,0,0.0052
14853,5534,5536,0.0000,0.0000,1.0000,105.062,-1,0,0.0052
14854,5535,5536,0.0000,1.0000,0.0000,139.750,-1,0,0.0000
14855,5535,5537,0.0000,0.0000,1.0000,105.062,-1,0,0.0051
14856,5535,5538,0.0000,0.0000,1.0000,105.062,-1,0,0.0051
14857,5536,5537,0.0000,0.0000,1.0000,105.062,-1,0,0.0051
14858,5536,5538,0.0000,0.0000,1.0000,105.062,-1,0,0.0051
14859,5537,5538,1.0000,0.0000,0.0000,139.750,-1,0,0.0000
14860,5537,5539,0.0000,0.0000,1.0000,105.062,-1,0,0.0050
14861,5537,5540,0.0000,0.0000,1.0000,105.062,-1,0,0.0050
14862,5538,5539,0.0000,0.0000,1.0000,105.062,-1,0,0.0050
14863,5538,5540,0.0000,0.0000,1.0000,105.062,-1,0,0.0050
14864,5539,5540,0.0000,1.0000,0.0000,139.750,-1,0,0.0000
14865,5539,5541,0.0000,0.0000,1.0000,105.062,-1,0,0.0048
14866,5539,5542,0.0000,0.0000,1.0000,105.062,-1,0,0.0048
14867,5540,5541,0.0000,0.0000,1.0000,105.062,-1,0,0.0048
14868,5540,5542,0.0000,0.0000,1.0000,105.062,-1,0,0.0048
14869,5541,5542,1.0000,0.0000,0.0000,139.750,-1,0,0.0000
14870,5541,5543,0.0000,0.0000,1.0000,105.062,-1,0,0.0047
14871,5541,5544,0.0000,0.0000,1.0000,105.062,-1,0,0.0047
14872,5542,5543,0.0000,0.0000,1.0000,105.062,-1,0,0.0047
14873,5542,5544,0.0000,0.0000,1.0000,105.062,-1,0,0.0047
14874,5543,5544,0.0000,1.0000,0.0000,139.750,-1,0,0.0000
14875,5543,5545,0.0000,0.0000,1.0000,105.062,-1,0,0.0046
14876,5543,5546,0.0000,0.0000,1.0000,105.062,-1,0,0.0046
14877,5544,5545,0.0000,0.0000,1.0000,105.062,-1,0,0.0046
14878,5544,5546,0.0000,0.0000,1.0000,105.062,-1,0,0.0046
14879,5545,5546,1.0000,0.0000,0.0000,139.750,-1,0,0.0000
14880,5545,5547,0.0000,0.0000,1.0000,105.062,-1,0,0.0045
14881,5545,5548,0.0000,0.0000,1.0000,105.062,-1,0,0.0045
14882,5546,5547,0.0000,0.0000,1.0000,105.062,-1,0,0.0045
14883,5546,5548,0.0000,0.0000,1.0000,105.062,-1,0,0.0045
14884,5547,5548,0.0000,1.0000,0.0000,139.750,-1,0,0.0000
14885,5547,5549,0.0000,0.0000,1.0000,105.062,-1,0,0.0043
14886,5547,5550,0.0000,0.0000,1.0000,105.062,-1,0,0.0043
14887,5548,5549,0.0000,0.0000,1.0000,105.062,-1,0,0.0043
14888,5548,5550,0.0000,0.0000,1.0000,105.062,-1,0,0.0043
14889,5549,5550,1.0000,0.0000,0.0000,139.750,-1,0,0.0000
14890,5549,5551,0.0000,0.0000,1.0000,105.062,-1,0,0.0042
14891,5549,5552,0.0000,0.0000,1.0000,105.062,-1,0,0.0042
14892,5550,5551,0.0000,0.0000,1.0000,105.062,-1,0,0.0042
14893,5550,5552,0.0000,0.0000,1.0000,105.062,-1,0,0.0042
14894,5551,5552,0.0000,1.0000,0.0000,139.750,-1,0,0.0000
14895,5551,5553,0.0000,0.0000,1.0000,105.062,-1,0,0.0041
14896,5551,5554,0.0000,0.0000,1.0000,105.062,-1,0,0.0041
14897,5552,5553,0.0000,0.0000,1.0000,105.062,-1,0,0.0041
14898,5552,5554,0.0000,0.0000,1.0000,105.062,-1,0,0.0041
14899,5553,5554,1.0000,0.0000,0.0000,139.750,-1,0,0.0000
14900,5553,5555,0.0000,0.0000,1.0000,105.062,-1,0,0.0039
14901,5553,5556,0.0000,0.0000,1.0000,105.062,-1,0,0.0039
14902,5554,5555,0.0000,0.0000,1.0000,105.062,-1,0,0.0039
14903,5554,5556,0.0000,0.0000,1.0000,105.062,-1,0,0.0039
14904,5555,5556,0.0000,1.0000,0.0000,139.750,-1,0,0.0000
14905,5555,5557,0.0000,0.0000,1.0000,105.062,-1,0,0.0038
14906,5555,5558,0.0000,0.0000,1.0000,105.062,-1,0,0.0038
14907,5556,5557,0.0000,0.0000,1.0000,105.062,-1,0,0.0038
14908,5556,5558,0.0000,0.0000,1.0000,105.062,-1,0,0.0038
14909,5557,5558,1.0000,0.0000,0.0000,139.750,-1,0,0.0000
14910,5557,5559,0.0000,0.0000,1.0000,105.062,-1,0,0.0037
14911,5557,5560,0.0000,0.0000,1.0000,105.062,-1,0,0.0037
14912,5558,5559,0.0000,0.0000,1.0000,105.062,-1,0,0.0037
14913,5558,5560,0.0000,0.0000,1.0000,105.062,-1,0,0.0037
14914,5559,5560,0.0000,1.0000,0.0000,139.750,-1,0,0.0000
14915,5559,5561,0.0000,0.0000,1.0000,105.062,-1,0,0.0036
14916,5559,5562,0.0000,0.0000,1.0000,105.062,-1,0,0.0036
14917,5560,5561,0.0000,0.0000,1.0000,105.062,-1,0,0.0036
14918,5560,5562,0.0000,0.0000,1.0000,105.062,-1,0,0.0036
14919,5561,5562,1.0000,0.0000,0.0000,139.750,-1,0,0.0000
14920,5561,5563,0.0000,0.0000,1.0000,105.062,-1,0,0.0034
14921,5561,5564,0.0000,0.0000,1.0000,105.062,-1,0,0.0034
14922,5562,5563,0.0000,0.0000,1.0000,105.062,-1,0,0.0034
14923,5562,5564,0.0000,0.0000,1.0000,105.062,-1,0,0.0034
14924,5563,5564,0.0000,1.0000,0.0000,139.750,-1,0,0.0000
14925,5563,5565,0.0000,0.0000,1.0000,105.062,-1,0,0.0033
14926,5563,5566,0.0000,0.0000,1.0000,105.062,-1,0,0.0033
14927,5564,5565,0.0000,0.0000,1.0000,105.062,-1,0,0.0033
14928,5564,5566,0.0000,0.0000,1.0000,105.062,-1,0,0.0033
14929,5565,5566,1.0000,0.0000,0.0000,139.750,-1,0,0.0000
14930,5565,5567,0.0000,0.0000,1.0000,105.062,-1,0,0.0032
14931,5565,5568,0.0000,0.0000,1.0000,105.062,-1,0,0.0032
14932,5566,5567,0.0000,0.0000,1.0000,105.062,-1,0,0.0032
14933,5566,5568,0.0000,0.0000,1.0000,105.062,-1,0,0.0032
14934,5567,5568,0.0000,1.0000,0.0000,139.750,-1,0,0.0000
14935,5567,5569,0.0000,0.0000,1.0000,105.062,-1,0,0.0031
14936,5567,5570,0.0000,0.0000,1.0000,105.062,-1,0,0.0031
14937,5568,5569,0.0000,0.0000,1.0000,105.062,-1,0,0.0031
14938,5568,5570,0.0000,0.0000,1.0000,105.062,-1,0,0.0031
14939,5569,5570,1.0000,0.0000,0.0000,139.750,-1,0,0.0000
14940,5569,5571,0.0000,0.0000,1.0000,105.062,-1,0,0.0029
14941,5569,5572,0.0000,0.0000,1.0000,105.062,-1,0,0.0029
14942,5570,5571,0.0000,0.0000,1.0000,105.062,-1,0,0.0029
14943,5570,5572,0.0000,0.0000,1.0000,105.062,-1,0,0.0029
14944,5571,5572,0.0000,1.0000,0.0000,139.750,-1,0,0.0000
14945,5571,5573,0.0000,0.0000,1.0000,105.062,-1,0,0.0028
14946,5571,5574,0.0000,0.0000,1.0000,105.062,-1,0,0.0028
14947,5572,5573,0.0000,0.0000,1.0000,105.062,-1,0,0.0028
14948,5572,5574,0.0000,0.0000,1.0000,105.062,-1,0,0.0028
14949,5573,5574,1.0000,0.0000,0.0000,139.750,-1,0,0.0000
14950,5573,5575,0.0000,0.0000,1.0000,105.062,-1,0,0.0027
14951,5573,5576,0.0000,0.0000,1.0000,105.062,-1,0,0.0027
14952,5574,5575,0.0000,0.0000,1.0000,105.062,-1,0,0.0027
14953,5574,5576,0.0000,0.0000,1.0000,105.062,-1,0,0.0027
14954,5575,5576,0.0000,1.0000,0.0000,139.750,-1,0,0.0000
14955,5575,5577,0.0000,0.0000,1.0000,105.062,-1,0,0.0025
14956,5575,5578,0.0000,0.0000,1.0000,105.062,-1,0,0.0025
14957,5576,5577,0.0000,0.0000,1.0000,105.062,-1,0,0.0025
14958,5576,5578,0.0000,0.0000,1.0000,105.062,-1,0,0.0025
14959,5577,5578,1.0000,0.0000,0.0000,139.750,-1,0,0.0000
14960,5577,5579,0.0000,0.0000,1.0000,105.062,-1,0,0.0024
14961,5577,5580,0.0000,0.0000,1.0000,105.062,-1,0,0.0024
14962,5578,5579,0.0000,0.0000,1.0000,105.062,-1,0,0.0024
14963,5578,5580,0.0000,0.0000,1.0000,105.062,-1,0,0.0024
14964,5579,5580,0.0000,1.0000,0.0000,139.750,-1,0,0.0000
14965,5579,5581,0.0000,0.0000,1.0000,105.062,-1,0,0.0023
14966,5579,5582,0.0000,0.0000,1.0000,105.062,-1,0,0.0023
14967,5580,5581,0.0000,0.0000,1.0000,105.062,-1,0,0.0023
14968,5580,5582,0.0000,0.0000,1.0000,105.062,-1,0,0.0023
14969,5581,5582,1.0000,0.0000,0.0000,139.750,-1,0,0.0000
14970,5581,5583,0.0000,0.0000,1.0000,105.062,-1,0,0.0022
14971,5581,5584,0.0000,0.0000,1.0000,105.062,-1,0,0.0022
14972,5582,5583,0.0000,0.0000,1.0000,105.062,-1,0,0.0022
14973,5582,5584,0.0000,0.0000,1.0000,105.062,-1,0,0.0022
14974,5583,5584,0.0000,1.0000,0.0000,139.750,-1,0,0.0000
14975,5583,5585,0.0000,0.0000,1.0000,105.062,-1,0,0.0020
14976,5583,5586,0.0000,0.0000,1.0000,105.062,-1,0,0.0020
14977,5584,5585,0.0000,0.0000,1.0000,105.062,-1,0,0.0020
14978,5584,5586,0.0000,0.0000,1.0000,105.062,-1,0,0.0020
14979,5585,5586,1.0000,0.0000,0.0000,139.750,-1,0,0.0000
14980,5585,5587,0.0000,0.0000,1.0000,105.062,-1,0,0.0019
14981,5585,5588,0.0000,0.0000,1.0000,105.062,-1,0,0.0019
14982,5586,5587,0.0000,0.0000,1.0000,105.062,-1,0,0.0019
14983,5586,5588,0.0000,0.0000,1.0000,105.062,-1,0,0.0019
14984,5587,5588,0.0000,1.0000,0.0000,139.750,-1,0,0.0000
14985,5587,5589,0.0000,0.0000,1.0000,105.062,-1,0,0.0018
14986,5587,5590,0.0000,0.0000,1.0000,105.062,-1,0,0.0018
14987,5588,5589,0.0000,0.0000,1.0000,105.062,-1,0,0.0018
14988,5588,5590,0.0000,0.0000,1.0000,105.062,-1,0,0.0018
14989,5589,5590,1.0000,0.0000,0.0000,139.750,-1,0,0.0000
14990,5589,5591,0.0000,0.0000,1.0000,105.062,-1,0,0.0017
14991,5589,5592,0.0000,0.0000,1.0000,105.062,-1,0,0.0017
14992,5590,5591,0.0000,0.0000,1.0000,105.062,-1,0,0.0017
14993,5590,5592,0.0000,0.0000,1.0000,105.062,-1,0,0.0017
14994,5591,5592,0.0000,1.0000,0.0000,139.750,-1,0,0.0000
14995,5591,5593,0.0000,0.0000,1.0000,105.062,-1,0,0.0015
14996,5591,5594,0.0000,0.0000,1.0000,105.062,-1,0,0.0015
14997,5592,5593,0.0000,0.0000,1.0000,105.062,-1,0,0.0015
14998,5592,5594,0.0000,0.0000,1.0000,105.062,-1,0,0.0015
14999,5593,5594,1.0000,0.0000,0.0000,139.750,-1,0,0.0000
15000,5593,5595,0.0000,0.0000,1.0000,105.062,-1,0,0.0014
15001,5593,5596,0.0000,0.0000,1.0000,105.062,-1,0,0.0014
15002,5594,5595,0.0000,0.0000,1.0000,105.062,-1,0,0.0014
15003,5594,5596,0.0000,0.0000,1.0000,105.062,-1,0,0.0014
15004,5595,5596,0.0000,1.0000,0.0000,139.750,-1,0,0.0000
15005,5595,5597,0.0000,0.0000,1.0000,105.062,-1,0,0.0013
15006,5595,5598,0.0000,0.0000,1.0000,105.062,-1,0,0.0013
15007,5596,5597,0.0000,0.0000,1.0000,105.062,-1,0,0.0013
15008,5596,5598,0.0000,0.0000,1.0000,105.062,-1,0,0.0013
15009,5597,5598,1.0000,0.0000,0.0000,139.750,-1,0,0.0000
15010,5597,5599,0.0000,0.0000,1.0000,105.062,-1,0,0.0012
15011,5597,5600,0.0000,0.0000,1.0000,105.062,-1,0,0.0012
15012,5598,5599,0.0000,0.0000,1.0000,105.062,-1,0,0.0012
15013,5598,5600,0.0000,0.0000,1.0000,105.062,-1,0,0.0012
15014,5599,5600,0.0000,1.0000,0.0000,139.750,-1,0,0.0000
15015,5599,5601,0.0000,0.0000,1.0000,105.062,-1,0,0.0010
15016,5599,5602,0.0000,0.0000,1.0000,105.062,-1,0,0.0010
15017,5600,5601,0.0000,0.0000,1.0000,105.062,-1,0,0.0010
15018,5600,5602,0.0000,0.0000,1.0000,105.062,-1,0,0.0010
15019,5601,5602,1.0000,0.0000,0.0000,139.750,-1,0,0.0000
15020,5601,5603,0.0000,0.0000,1.0000,105.062,-1,0,0.0009
15021,5601,5604,0.0000,0.0000,1.0000,105.062,-1,0,0.0009
15022,5602,5603,0.0000,0.0000,1.0000,105.062,-1,0,0.0009
15023,5602,5604,0.0000,0.0000,1.0000,105.062,-1,0,0.0009
15024,5603,5604,0.0000,1.0000,0.0000,139.750,-1,0,0.0000
15025,5603,5605,0.0000,0.0000,1.0000,105.062,-1,0,0.0008
15026,5603,5606,0.0000,0.0000,1.0000,105.062,-1,0,0.0008
15027,5604,5605,0.0000,0.0000,1.0000,105.062,-1,0,0.0008
15028,5604,5606,0.0000,0.0000,1.0000,105.062,-1,0,0.0008
15029,5605,5606,1.0000,0.0000,0.0000,139.750,-1,0,0.0000
15030,5605,5607,0.0000,0.0000,1.0000,105.062,-1,0,0.0006
15031,5605,5608,0.0000,0.0000,1.0000,105.062,-1,0,0.0006
15032,5606,5607,0.0000,0.0000,1.0000,105.062,-1,0,0.0006
15033,5606,5608,0.0000,0.0000,1.0000,105.062,-1,0,0.0006
15034,5607,5608,0.0000,1.0000,0.0000,139.750,-1,0,0.0000
15035,5607,5609,0.0000,0.0000,1.0000,105.062,-1,0,0.0005
15036,5607,5610,0.0000,0.0000,1.0000,105.062,-1,0,0.0005
15037,5608,5609,0.0000,0.0000,1.0000,105.062,-1,0,0.0005
15038,5608,5610,0.0000,0.0000,1.0000,105.062,-1,0,0.0005
15039,5609,5610,1.0000,0.0000,0.0000,139.750,-1,0,0.0000
15040,5609,5611,0.0000,0.0000,1.0000,220.375,-1,0,0.0004
15041,5610,5611,0.0000,0.0000,1.0000,220.375,-1,0,0.0004
