piece,released,removed,laidZ,finalZ,displacementCm,dropCm
0,0,0,0.000,0.000,0.000,0.000
1,0,0,-0.000,-0.000,0.000,0.000
2,0,0,-0.000,-0.000,0.000,0.000
3,0,0,-0.000,-0.000,0.000,0.000
4,0,0,-0.000,-0.000,0.000,0.000
5,0,0,-0.000,-0.000,0.000,0.000
6,0,0,-0.000,-0.000,0.000,0.000
7,0,0,-0.000,-0.000,0.000,0.000
8,0,0,-0.000,-0.000,0.000,0.000
9,0,0,-0.000,-0.000,0.000,0.000
10,0,0,-0.000,-0.000,0.000,0.000
11,0,0,-0.000,-0.000,0.000,0.000
12,0,0,-0.000,-0.000,0.000,0.000
13,0,0,-0.000,-0.000,0.000,0.000
14,0,0,-0.000,-0.000,0.000,0.000
15,0,0,15.000,15.000,0.000,0.000
16,0,0,15.000,15.000,0.000,0.000
17,0,0,15.000,15.000,0.000,0.000
18,0,0,15.000,15.000,0.000,0.000
19,0,0,15.000,15.000,0.000,0.000
20,0,0,15.000,15.000,0.000,0.000
21,0,0,15.000,15.000,0.000,0.000
22,0,0,15.000,15.000,0.000,0.000
23,0,0,15.000,15.000,0.000,0.000
24,0,0,15.000,15.000,0.000,0.000
25,0,0,15.000,15.000,0.000,0.000
26,0,0,15.000,15.000,0.000,0.000
27,0,0,15.000,15.000,0.000,0.000
28,0,0,15.000,15.000,0.000,0.000
29,0,0,15.000,15.000,0.000,0.000
30,0,0,15.000,15.000,0.000,0.000
31,0,0,15.000,15.000,0.000,0.000
32,0,0,15.000,15.000,0.000,0.000
33,0,0,15.000,15.000,0.000,0.000
34,0,0,15.000,15.000,0.000,0.000
35,0,0,15.000,15.000,0.000,0.000
36,0,0,15.000,15.000,0.000,0.000
37,0,0,15.000,15.000,0.000,0.000
38,0,0,15.000,15.000,0.000,0.000
39,0,0,15.000,15.000,0.000,0.000
40,0,0,15.000,15.000,0.000,0.000
41,0,0,15.000,15.000,0.000,0.000
42,0,0,15.000,15.000,0.000,0.000
43,0,0,15.000,15.000,0.000,0.000
44,0,0,22.500,22.500,0.000,0.000
45,0,0,22.500,22.500,0.000,0.000
46,0,0,22.500,22.500,0.000,0.000
47,0,0,22.500,22.500,0.000,0.000
48,0,0,22.500,22.500,0.000,0.000
49,0,0,22.500,22.500,0.000,0.000
50,0,0,22.500,22.500,0.000,0.000
51,0,0,22.500,22.500,0.000,0.000
52,0,0,22.500,22.500,0.000,0.000
53,0,0,22.500,22.500,0.000,0.000
54,0,0,22.500,22.500,0.000,0.000
55,0,0,22.500,22.500,0.000,0.000
56,0,0,22.500,22.500,0.000,0.000
57,0,0,22.500,22.500,0.000,0.000
58,0,0,22.500,22.500,0.000,0.000
59,0,0,22.500,22.500,0.000,0.000
60,0,0,22.500,22.500,0.000,0.000
61,0,0,22.500,22.500,0.000,0.000
62,0,0,22.500,22.500,0.000,0.000
63,0,0,22.500,22.500,0.000,0.000
64,0,0,22.500,22.500,0.000,0.000
65,0,0,22.500,22.500,0.000,0.000
66,0,0,22.500,22.500,0.000,0.000
67,0,0,22.500,22.500,0.000,0.000
68,0,0,22.500,22.500,0.000,0.000
69,0,0,22.500,22.500,0.000,0.000
70,0,0,22.500,22.500,0.000,0.000
71,0,0,22.500,22.500,0.000,0.000
72,0,0,22.500,22.500,0.000,0.000
73,0,0,22.500,22.500,0.000,0.000
74,0,0,30.000,30.000,0.000,0.000
75,0,0,30.000,30.000,0.000,0.000
76,0,0,30.000,30.000,0.000,0.000
77,0,0,30.000,30.000,0.000,0.000
78,0,0,30.000,30.000,0.000,0.000
79,0,0,30.000,30.000,0.000,0.000
80,0,0,30.000,30.000,0.000,0.000
81,0,0,30.000,30.000,0.000,0.000
82,0,0,30.000,30.000,0.000,0.000
83,0,0,30.000,30.000,0.000,0.000
84,0,0,30.000,30.000,0.000,0.000
85,0,0,30.000,30.000,0.000,0.000
86,0,0,30.000,30.000,0.000,0.000
87,0,0,30.000,30.000,0.000,0.000
88,0,0,30.000,30.000,0.000,0.000
89,0,0,30.000,30.000,0.000,0.000
90,0,0,30.000,30.000,0.000,0.000
91,0,0,30.000,30.000,0.000,0.000
92,0,0,30.000,30.000,0.000,0.000
93,0,0,30.000,30.000,0.000,0.000
94,0,0,30.000,30.000,0.000,0.000
95,0,0,30.000,30.000,0.000,0.000
96,0,0,30.000,30.000,0.000,0.000
97,0,0,30.000,30.000,0.000,0.000
98,0,0,30.000,30.000,0.000,0.000
99,0,0,30.000,30.000,0.000,0.000
100,0,0,30.000,30.000,0.000,0.000
101,0,0,30.000,30.000,0.000,0.000
102,0,0,30.000,30.000,0.000,0.000
103,0,0,37.500,37.500,0.000,0.000
104,0,0,37.500,37.500,0.000,0.000
105,0,0,37.500,37.500,0.000,0.000
106,0,0,37.500,37.500,0.000,0.000
107,0,0,37.500,37.500,0.000,0.000
108,0,0,37.500,37.500,0.000,0.000
109,0,0,37.500,37.500,0.000,0.000
110,0,0,37.500,37.500,0.000,0.000
111,0,0,37.500,37.500,0.000,0.000
112,0,0,37.500,37.500,0.000,0.000
113,0,0,37.500,37.500,0.000,0.000
114,0,0,37.500,37.500,0.000,0.000
115,0,0,37.500,37.500,0.000,0.000
116,0,0,37.500,37.500,0.000,0.000
117,0,0,37.500,37.500,0.000,0.000
118,0,0,37.500,37.500,0.000,0.000
119,0,0,37.500,37.500,0.000,0.000
120,0,0,37.500,37.500,0.000,0.000
121,0,0,37.500,37.500,0.000,0.000
122,0,0,37.500,37.500,0.000,0.000
123,0,0,37.500,37.500,0.000,0.000
124,0,0,37.500,37.500,0.000,0.000
125,0,0,37.500,37.500,0.000,0.000
126,0,0,37.500,37.500,0.000,0.000
127,0,0,37.500,37.500,0.000,0.000
128,0,0,37.500,37.500,0.000,0.000
129,0,0,37.500,37.500,0.000,0.000
130,0,0,37.500,37.500,0.000,0.000
131,0,0,37.500,37.500,0.000,0.000
132,0,0,37.500,37.500,0.000,0.000
133,0,0,45.000,45.000,0.000,0.000
134,0,0,45.000,45.000,0.000,0.000
135,0,0,45.000,45.000,0.000,0.000
136,0,0,45.000,45.000,0.000,0.000
137,0,0,45.000,45.000,0.000,0.000
138,0,0,45.000,45.000,0.000,0.000
139,0,0,45.000,45.000,0.000,0.000
140,0,0,45.000,45.000,0.000,0.000
141,0,0,45.000,45.000,0.000,0.000
142,0,0,45.000,45.000,0.000,0.000
143,0,0,45.000,45.000,0.000,0.000
144,0,0,45.000,45.000,0.000,0.000
145,0,0,45.000,45.000,0.000,0.000
146,0,0,45.000,45.000,0.000,0.000
147,0,0,45.000,45.000,0.000,0.000
148,0,0,45.000,45.000,0.000,0.000
149,0,0,45.000,45.000,0.000,0.000
150,0,0,45.000,45.000,0.000,0.000
151,0,0,45.000,45.000,0.000,0.000
152,0,0,45.000,45.000,0.000,0.000
153,0,0,45.000,45.000,0.000,0.000
154,0,0,45.000,45.000,0.000,0.000
155,0,0,45.000,45.000,0.000,0.000
156,0,0,45.000,45.000,0.000,0.000
157,0,0,45.000,45.000,0.000,0.000
158,0,0,45.000,45.000,0.000,0.000
159,0,0,45.000,45.000,0.000,0.000
160,0,0,45.000,45.000,0.000,0.000
161,0,0,45.000,45.000,0.000,0.000
162,0,0,52.500,52.500,0.000,0.000
163,0,0,52.500,52.500,0.000,0.000
164,0,0,52.500,52.500,0.000,0.000
165,0,0,52.500,52.500,0.000,0.000
166,0,0,52.500,52.500,0.000,0.000
167,0,0,52.500,52.500,0.000,0.000
168,0,0,52.500,52.500,0.000,0.000
169,0,0,52.500,52.500,0.000,0.000
170,0,0,52.500,52.500,0.000,0.000
171,0,0,52.500,52.500,0.000,0.000
172,0,0,52.500,52.500,0.000,0.000
173,0,0,52.500,52.500,0.000,0.000
174,0,0,52.500,52.500,0.000,0.000
175,0,0,52.500,52.500,0.000,0.000
176,0,0,52.500,52.500,0.000,0.000
177,0,0,52.500,52.500,0.000,0.000
178,0,0,52.500,52.500,0.000,0.000
179,0,0,52.500,52.500,0.000,0.000
180,0,0,52.500,52.500,0.000,0.000
181,0,0,52.500,52.500,0.000,0.000
182,0,0,52.500,52.500,0.000,0.000
183,0,0,52.500,52.500,0.000,0.000
184,0,0,52.500,52.500,0.000,0.000
185,0,0,52.500,52.500,0.000,0.000
186,0,0,52.500,52.500,0.000,0.000
187,0,0,60.000,60.000,0.000,0.000
188,0,0,60.000,60.000,0.000,0.000
189,0,0,60.000,60.000,0.000,0.000
190,0,0,60.000,60.000,0.000,0.000
191,0,0,60.000,60.000,0.000,0.000
192,0,0,60.000,60.000,0.000,0.000
193,0,0,60.000,60.000,0.000,0.000
194,0,0,60.000,60.000,0.000,0.000
195,0,0,60.000,60.000,0.000,0.000
196,0,0,60.000,60.000,0.000,0.000
197,0,0,60.000,60.000,0.000,0.000
198,0,0,60.000,60.000,0.000,0.000
199,0,0,60.000,60.000,0.000,0.000
200,0,0,60.000,60.000,0.000,0.000
201,0,0,60.000,60.000,0.000,0.000
202,0,0,60.000,60.000,0.000,0.000
203,0,0,60.000,60.000,0.000,0.000
204,0,0,60.000,60.000,0.000,0.000
205,0,0,60.000,60.000,0.000,0.000
206,0,0,60.000,60.000,0.000,0.000
207,0,0,60.000,60.000,0.000,0.000
208,0,0,60.000,60.000,0.000,0.000
209,0,0,60.000,60.000,0.000,0.000
210,0,0,60.000,60.000,0.000,0.000
211,0,0,67.500,67.500,0.000,0.000
212,0,0,67.500,67.500,0.000,0.000
213,0,0,67.500,67.500,0.000,0.000
214,0,0,67.500,67.500,0.000,0.000
215,0,0,67.500,67.500,0.000,0.000
216,0,0,67.500,67.500,0.000,0.000
217,0,0,67.500,67.500,0.000,0.000
218,0,0,67.500,67.500,0.000,0.000
219,0,0,67.500,67.500,0.000,0.000
220,0,0,67.500,67.500,0.000,0.000
221,0,0,67.500,67.500,0.000,0.000
222,0,0,67.500,67.500,0.000,0.000
223,0,0,67.500,67.500,0.000,0.000
224,0,0,67.500,67.500,0.000,0.000
225,0,0,67.500,67.500,0.000,0.000
226,0,0,67.500,67.500,0.000,0.000
227,0,0,67.500,67.500,0.000,0.000
228,0,0,67.500,67.500,0.000,0.000
229,0,0,67.500,67.500,0.000,0.000
230,0,0,67.500,67.500,0.000,0.000
231,0,0,75.000,75.000,0.000,0.000
232,0,0,75.000,75.000,0.000,0.000
233,0,0,75.000,75.000,0.000,0.000
234,0,0,75.000,75.000,0.000,0.000
235,0,0,75.000,75.000,0.000,0.000
236,0,0,75.000,75.000,0.000,0.000
237,0,0,75.000,75.000,0.000,0.000
238,0,0,75.000,75.000,0.000,0.000
239,0,0,75.000,75.000,0.000,0.000
240,0,0,75.000,75.000,0.000,0.000
241,0,0,75.000,75.000,0.000,0.000
242,0,0,75.000,75.000,0.000,0.000
243,0,0,75.000,75.000,0.000,0.000
244,0,0,75.000,75.000,0.000,0.000
245,0,0,75.000,75.000,0.000,0.000
246,0,0,75.000,75.000,0.000,0.000
247,0,0,75.000,75.000,0.000,0.000
248,0,0,75.000,75.000,0.000,0.000
249,0,0,75.000,75.000,0.000,0.000
250,0,0,75.000,75.000,0.000,0.000
251,0,0,75.000,75.000,0.000,0.000
252,0,0,75.000,75.000,0.000,0.000
253,0,0,75.000,75.000,0.000,0.000
254,0,0,75.000,75.000,0.000,0.000
255,0,0,82.500,82.500,0.000,0.000
256,0,0,82.500,82.500,0.000,0.000
257,0,0,82.500,82.500,0.000,0.000
258,0,0,82.500,82.500,0.000,0.000
259,0,0,82.500,82.500,0.000,0.000
260,0,0,82.500,82.500,0.000,0.000
261,0,0,82.500,82.500,0.000,0.000
262,0,0,82.500,82.500,0.000,0.000
263,0,0,82.500,82.500,0.000,0.000
264,0,0,82.500,82.500,0.000,0.000
265,0,0,82.500,82.500,0.000,0.000
266,0,0,82.500,82.500,0.000,0.000
267,0,0,82.500,82.500,0.000,0.000
268,0,0,82.500,82.500,0.000,0.000
269,0,0,82.500,82.500,0.000,0.000
270,0,0,82.500,82.500,0.000,0.000
271,0,0,82.500,82.500,0.000,0.000
272,0,0,82.500,82.500,0.000,0.000
273,0,0,82.500,82.500,0.000,0.000
274,0,0,82.500,82.500,0.000,0.000
275,0,0,90.000,90.000,0.000,0.000
276,0,0,90.000,90.000,0.000,0.000
277,0,0,90.000,90.000,0.000,0.000
278,0,0,90.000,90.000,0.000,0.000
279,0,0,90.000,90.000,0.000,0.000
280,0,0,90.000,90.000,0.000,0.000
281,0,0,90.000,90.000,0.000,0.000
282,0,0,90.000,90.000,0.000,0.000
283,0,0,90.000,90.000,0.000,0.000
284,0,0,90.000,90.000,0.000,0.000
285,0,0,90.000,90.000,0.000,0.000
286,0,0,90.000,90.000,0.000,0.000
287,0,0,90.000,90.000,0.000,0.000
288,0,0,90.000,90.000,0.000,0.000
289,0,0,90.000,90.000,0.000,0.000
290,0,0,90.000,90.000,0.000,0.000
291,0,0,90.000,90.000,0.000,0.000
292,0,0,90.000,90.000,0.000,0.000
293,0,0,90.000,90.000,0.000,0.000
294,0,0,90.000,90.000,0.000,0.000
295,0,0,90.000,90.000,0.000,0.000
296,0,0,90.000,90.000,0.000,0.000
297,0,0,90.000,90.000,0.000,0.000
298,0,0,90.000,90.000,0.000,0.000
299,0,0,97.500,97.500,0.000,0.000
300,0,0,97.500,97.500,0.000,0.000
301,0,0,97.500,97.500,0.000,0.000
302,0,0,97.500,97.500,0.000,0.000
303,0,0,97.500,97.500,0.000,0.000
304,0,0,97.500,97.500,0.000,0.000
305,0,0,97.500,97.500,0.000,0.000
306,0,0,97.500,97.500,0.000,0.000
307,0,0,97.500,97.500,0.000,0.000
308,0,0,97.500,97.500,0.000,0.000
309,0,0,97.500,97.500,0.000,0.000
310,0,0,97.500,97.500,0.000,0.000
311,0,0,97.500,97.500,0.000,0.000
312,0,0,97.500,97.500,0.000,0.000
313,0,0,97.500,97.500,0.000,0.000
314,0,0,97.500,97.500,0.000,0.000
315,0,0,97.500,97.500,0.000,0.000
316,0,0,97.500,97.500,0.000,0.000
317,0,0,97.500,97.500,0.000,0.000
318,0,0,97.500,97.500,0.000,0.000
319,0,0,105.000,105.000,0.000,0.000
320,0,0,105.000,105.000,0.000,0.000
321,0,0,105.000,105.000,0.000,0.000
322,0,0,105.000,105.000,0.000,0.000
323,0,0,105.000,105.000,0.000,0.000
324,0,0,105.000,105.000,0.000,0.000
325,0,0,105.000,105.000,0.000,0.000
326,0,0,105.000,105.000,0.000,0.000
327,0,0,105.000,105.000,0.000,0.000
328,0,0,105.000,105.000,0.000,0.000
329,0,0,105.000,105.000,0.000,0.000
330,0,0,105.000,105.000,0.000,0.000
331,0,0,105.000,105.000,0.000,0.000
332,0,0,105.000,105.000,0.000,0.000
333,0,0,105.000,105.000,0.000,0.000
334,0,0,105.000,105.000,0.000,0.000
335,0,0,105.000,105.000,0.000,0.000
336,0,0,105.000,105.000,0.000,0.000
337,0,0,105.000,105.000,0.000,0.000
338,0,0,105.000,105.000,0.000,0.000
339,0,0,105.000,105.000,0.000,0.000
340,0,0,105.000,105.000,0.000,0.000
341,0,0,105.000,105.000,0.000,0.000
342,0,0,105.000,105.000,0.000,0.000
343,0,0,112.500,112.500,0.000,0.000
344,0,0,112.500,112.500,0.000,0.000
345,0,0,112.500,112.500,0.000,0.000
346,0,0,112.500,112.500,0.000,0.000
347,0,0,112.500,112.500,0.000,0.000
348,0,0,112.500,112.500,0.000,0.000
349,0,0,112.500,112.500,0.000,0.000
350,0,0,112.500,112.500,0.000,0.000
351,0,0,112.500,112.500,0.000,0.000
352,0,0,112.500,112.500,0.000,0.000
353,0,0,112.500,112.500,0.000,0.000
354,0,0,112.500,112.500,0.000,0.000
355,0,0,112.500,112.500,0.000,0.000
356,0,0,112.500,112.500,0.000,0.000
357,0,0,112.500,112.500,0.000,0.000
358,0,0,112.500,112.500,0.000,0.000
359,0,0,112.500,112.500,0.000,0.000
360,0,0,112.500,112.500,0.000,0.000
361,0,0,112.500,112.500,0.000,0.000
362,0,0,112.500,112.500,0.000,0.000
363,0,0,120.000,120.000,0.000,0.000
364,0,0,120.000,120.000,0.000,0.000
365,0,0,120.000,120.000,0.000,0.000
366,0,0,120.000,120.000,0.000,0.000
367,0,0,120.000,120.000,0.000,0.000
368,0,0,120.000,120.000,0.000,0.000
369,0,0,120.000,120.000,0.000,0.000
370,0,0,120.000,120.000,0.000,0.000
371,0,0,120.000,120.000,0.000,0.000
372,0,0,120.000,120.000,0.000,0.000
373,0,0,120.000,120.000,0.000,0.000
374,0,0,120.000,120.000,0.000,0.000
375,0,0,120.000,120.000,0.000,0.000
376,0,0,120.000,120.000,0.000,0.000
377,0,0,120.000,120.000,0.000,0.000
378,0,0,120.000,120.000,0.000,0.000
379,0,0,120.000,120.000,0.000,0.000
380,0,0,120.000,120.000,0.000,0.000
381,0,0,120.000,120.000,0.000,0.000
382,0,0,120.000,120.000,0.000,0.000
383,0,0,120.000,120.000,0.000,0.000
384,0,0,120.000,120.000,0.000,0.000
385,0,0,120.000,120.000,0.000,0.000
386,0,0,120.000,120.000,0.000,0.000
387,0,0,127.500,127.500,0.000,0.000
388,0,0,127.500,127.500,0.000,0.000
389,0,0,127.500,127.500,0.000,0.000
390,0,0,127.500,127.500,0.000,0.000
391,0,0,127.500,127.500,0.000,0.000
392,0,0,127.500,127.500,0.000,0.000
393,0,0,127.500,127.500,0.000,0.000
394,0,0,127.500,127.500,0.000,0.000
395,0,0,127.500,127.500,0.000,0.000
396,0,0,127.500,127.500,0.000,0.000
397,0,0,127.500,127.500,0.000,0.000
398,0,0,127.500,127.500,0.000,0.000
399,0,0,127.500,127.500,0.000,0.000
400,0,0,127.500,127.500,0.000,0.000
401,0,0,127.500,127.500,0.000,0.000
402,0,0,127.500,127.500,0.000,0.000
403,0,0,127.500,127.500,0.000,0.000
404,0,0,127.500,127.500,0.000,0.000
405,0,0,127.500,127.500,0.000,0.000
406,0,0,127.500,127.500,0.000,0.000
407,0,0,135.000,135.000,0.000,0.000
408,0,0,135.000,135.000,0.000,0.000
409,0,0,135.000,135.000,0.000,0.000
410,0,0,135.000,135.000,0.000,0.000
411,0,0,135.000,135.000,0.000,0.000
412,0,0,135.000,135.000,0.000,0.000
413,0,0,135.000,135.000,0.000,0.000
414,0,0,135.000,135.000,0.000,0.000
415,0,0,135.000,135.000,0.000,0.000
416,0,0,135.000,135.000,0.000,0.000
417,0,0,135.000,135.000,0.000,0.000
418,0,0,135.000,135.000,0.000,0.000
419,0,0,135.000,135.000,0.000,0.000
420,0,0,135.000,135.000,0.000,0.000
421,0,0,135.000,135.000,0.000,0.000
422,0,0,135.000,135.000,0.000,0.000
423,0,0,135.000,135.000,0.000,0.000
424,0,0,135.000,135.000,0.000,0.000
425,0,0,135.000,135.000,0.000,0.000
426,0,0,135.000,135.000,0.000,0.000
427,0,0,135.000,135.000,0.000,0.000
428,0,0,135.000,135.000,0.000,0.000
429,0,0,135.000,135.000,0.000,0.000
430,0,0,135.000,135.000,0.000,0.000
431,0,0,142.500,142.500,0.000,0.000
432,0,0,142.500,142.500,0.000,0.000
433,0,0,142.500,142.500,0.000,0.000
434,0,0,142.500,142.500,0.000,0.000
435,0,0,142.500,142.500,0.000,0.000
436,0,0,142.500,142.500,0.000,0.000
437,0,0,142.500,142.500,0.000,0.000
438,0,0,142.500,142.500,0.000,0.000
439,0,0,142.500,142.500,0.000,0.000
440,0,0,142.500,142.500,0.000,0.000
441,0,0,142.500,142.500,0.000,0.000
442,0,0,142.500,142.500,0.000,0.000
443,0,0,142.500,142.500,0.000,0.000
444,0,0,142.500,142.500,0.000,0.000
445,0,0,142.500,142.500,0.000,0.000
446,0,0,142.500,142.500,0.000,0.000
447,0,0,142.500,142.500,0.000,0.000
448,0,0,142.500,142.500,0.000,0.000
449,0,0,142.500,142.500,0.000,0.000
450,0,0,142.500,142.500,0.000,0.000
451,0,0,150.000,150.000,0.000,0.000
452,0,0,150.000,150.000,0.000,0.000
453,0,0,150.000,150.000,0.000,0.000
454,0,0,150.000,150.000,0.000,0.000
455,0,0,150.000,150.000,0.000,0.000
456,0,0,150.000,150.000,0.000,0.000
457,0,0,150.000,150.000,0.000,0.000
458,0,0,150.000,150.000,0.000,0.000
459,0,0,150.000,150.000,0.000,0.000
460,0,0,150.000,150.000,0.000,0.000
461,0,0,150.000,150.000,0.000,0.000
462,0,0,150.000,150.000,0.000,0.000
463,0,0,150.000,150.000,0.000,0.000
464,0,0,150.000,150.000,0.000,0.000
465,0,0,150.000,150.000,0.000,0.000
466,0,0,150.000,150.000,0.000,0.000
467,0,0,150.000,150.000,0.000,0.000
468,0,0,150.000,150.000,0.000,0.000
469,0,0,150.000,150.000,0.000,0.000
470,0,0,150.000,150.000,0.000,0.000
471,0,0,150.000,150.000,0.000,0.000
472,0,0,150.000,150.000,0.000,0.000
473,0,0,150.000,150.000,0.000,0.000
474,0,0,150.000,150.000,0.000,0.000
475,0,0,157.500,157.500,0.000,0.000
476,0,0,157.500,157.500,0.000,0.000
477,0,0,157.500,157.500,0.000,0.000
478,0,0,157.500,157.500,0.000,0.000
479,0,0,157.500,157.500,0.000,0.000
480,0,0,157.500,157.500,0.000,0.000
481,0,0,157.500,157.500,0.000,0.000
482,0,0,157.500,157.500,0.000,0.000
483,0,0,157.500,157.500,0.000,0.000
484,0,0,157.500,157.500,0.000,0.000
485,0,0,157.500,157.500,0.000,0.000
486,0,0,157.500,157.500,0.000,0.000
487,0,0,157.500,157.500,0.000,0.000
488,0,0,157.500,157.500,0.000,0.000
489,0,0,157.500,157.500,0.000,0.000
490,0,0,157.500,157.500,0.000,0.000
491,0,0,157.500,157.500,0.000,0.000
492,0,0,157.500,157.500,0.000,0.000
493,0,0,157.500,157.500,0.000,0.000
494,0,0,157.500,157.500,0.000,0.000
495,0,0,165.000,165.000,0.000,0.000
496,0,0,165.000,165.000,0.000,0.000
497,0,0,165.000,165.000,0.000,0.000
498,0,0,165.000,165.000,0.000,0.000
499,0,0,165.000,165.000,0.000,0.000
500,0,0,165.000,165.000,0.000,0.000
501,0,0,165.000,165.000,0.000,0.000
502,0,0,165.000,165.000,0.000,0.000
503,0,0,165.000,165.000,0.000,0.000
504,0,0,165.000,165.000,0.000,0.000
505,0,0,165.000,165.000,0.000,0.000
506,0,0,165.000,165.000,0.000,0.000
507,0,0,165.000,165.000,0.000,0.000
508,0,0,165.000,165.000,0.000,0.000
509,0,0,165.000,165.000,0.000,0.000
510,0,0,165.000,165.000,0.000,0.000
511,0,0,165.000,165.000,0.000,0.000
512,0,0,165.000,165.000,0.000,0.000
513,0,0,165.000,165.000,0.000,0.000
514,0,0,165.000,165.000,0.000,0.000
515,0,0,165.000,165.000,0.000,0.000
516,0,0,165.000,165.000,0.000,0.000
517,0,0,165.000,165.000,0.000,0.000
518,0,0,165.000,165.000,0.000,0.000
519,0,0,172.500,172.500,0.000,0.000
520,0,0,172.500,172.500,0.000,0.000
521,0,0,172.500,172.500,0.000,0.000
522,0,0,172.500,172.500,0.000,0.000
523,0,0,172.500,172.500,0.000,0.000
524,0,0,172.500,172.500,0.000,0.000
525,0,0,172.500,172.500,0.000,0.000
526,0,0,172.500,172.500,0.000,0.000
527,0,0,172.500,172.500,0.000,0.000
528,0,0,172.500,172.500,0.000,0.000
529,0,0,172.500,172.500,0.000,0.000
530,0,0,172.500,172.500,0.000,0.000
531,0,0,172.500,172.500,0.000,0.000
532,0,0,172.500,172.500,0.000,0.000
533,0,0,172.500,172.500,0.000,0.000
534,0,0,172.500,172.500,0.000,0.000
535,0,0,172.500,172.500,0.000,0.000
536,0,0,172.500,172.500,0.000,0.000
537,0,0,172.500,172.500,0.000,0.000
538,0,0,172.500,172.500,0.000,0.000
539,0,0,180.000,180.000,0.000,0.000
540,0,0,180.000,180.000,0.000,0.000
541,0,0,180.000,180.000,0.000,0.000
542,0,0,180.000,180.000,0.000,0.000
543,0,0,180.000,180.000,0.000,0.000
544,0,0,180.000,180.000,0.000,0.000
545,0,0,180.000,180.000,0.000,0.000
546,0,0,180.000,180.000,0.000,0.000
547,0,0,180.000,180.000,0.000,0.000
548,0,0,180.000,180.000,0.000,0.000
549,0,0,180.000,180.000,0.000,0.000
550,0,0,180.000,180.000,0.000,0.000
551,0,0,180.000,180.000,0.000,0.000
552,0,0,180.000,180.000,0.000,0.000
553,0,0,180.000,180.000,0.000,0.000
554,0,0,180.000,180.000,0.000,0.000
555,0,0,180.000,180.000,0.000,0.000
556,0,0,180.000,180.000,0.000,0.000
557,0,0,180.000,180.000,0.000,0.000
558,0,0,180.000,180.000,0.000,0.000
559,0,0,180.000,180.000,0.000,0.000
560,0,0,180.000,180.000,0.000,0.000
561,0,0,180.000,180.000,0.000,0.000
562,0,0,180.000,180.000,0.000,0.000
563,0,0,187.500,187.500,0.000,0.000
564,0,0,187.500,187.500,0.000,0.000
565,0,0,187.500,187.500,0.000,0.000
566,0,0,187.500,187.500,0.000,0.000
567,0,0,187.500,187.500,0.000,0.000
568,0,0,187.500,187.500,0.000,0.000
569,0,0,187.500,187.500,0.000,0.000
570,0,0,187.500,187.500,0.000,0.000
571,0,0,187.500,187.500,0.000,0.000
572,0,0,187.500,187.500,0.000,0.000
573,0,0,187.500,187.500,0.000,0.000
574,0,0,187.500,187.500,0.000,0.000
575,0,0,187.500,187.500,0.000,0.000
576,0,0,187.500,187.500,0.000,0.000
577,0,0,187.500,187.500,0.000,0.000
578,0,0,187.500,187.500,0.000,0.000
579,0,0,187.500,187.500,0.000,0.000
580,0,0,187.500,187.500,0.000,0.000
581,0,0,187.500,187.500,0.000,0.000
582,0,0,187.500,187.500,0.000,0.000
583,0,0,195.000,195.000,0.000,0.000
584,0,0,195.000,195.000,0.000,0.000
585,0,0,195.000,195.000,0.000,0.000
586,0,0,195.000,195.000,0.000,0.000
587,0,0,195.000,195.000,0.000,0.000
588,0,0,195.000,195.000,0.000,0.000
589,0,0,195.000,195.000,0.000,0.000
590,0,0,195.000,195.000,0.000,0.000
591,0,0,195.000,195.000,0.000,0.000
592,0,0,195.000,195.000,0.000,0.000
593,0,0,195.000,195.000,0.000,0.000
594,0,0,195.000,195.000,0.000,0.000
595,0,0,195.000,195.000,0.000,0.000
596,0,0,195.000,195.000,0.000,0.000
597,0,0,195.000,195.000,0.000,0.000
598,0,0,195.000,195.000,0.000,0.000
599,0,0,195.000,195.000,0.000,0.000
600,0,0,195.000,195.000,0.000,0.000
601,0,0,195.000,195.000,0.000,0.000
602,0,0,195.000,195.000,0.000,0.000
603,0,0,195.000,195.000,0.000,0.000
604,0,0,195.000,195.000,0.000,0.000
605,0,0,195.000,195.000,0.000,0.000
606,0,0,195.000,195.000,0.000,0.000
607,0,0,202.500,202.500,0.000,0.000
608,0,0,202.500,202.500,0.000,0.000
609,0,0,202.500,202.500,0.000,0.000
610,0,0,202.500,202.500,0.000,0.000
611,0,0,202.500,202.500,0.000,0.000
612,0,0,202.500,202.500,0.000,0.000
613,0,0,202.500,202.500,0.000,0.000
614,0,0,202.500,202.500,0.000,0.000
615,0,0,202.500,202.500,0.000,0.000
616,0,0,202.500,202.500,0.000,0.000
617,0,0,202.500,202.500,0.000,0.000
618,0,0,202.500,202.500,0.000,0.000
619,0,0,202.500,202.500,0.000,0.000
620,0,0,202.500,202.500,0.000,0.000
621,0,0,202.500,202.500,0.000,0.000
622,0,0,202.500,202.500,0.000,0.000
623,0,0,202.500,202.500,0.000,0.000
624,0,0,202.500,202.500,0.000,0.000
625,0,0,202.500,202.500,0.000,0.000
626,0,0,202.500,202.500,0.000,0.000
627,0,0,210.000,210.000,0.000,0.000
628,0,0,210.000,210.000,0.000,0.000
629,0,0,210.000,210.000,0.000,0.000
630,0,0,210.000,210.000,0.000,0.000
631,0,0,210.000,210.000,0.000,0.000
632,0,0,210.000,210.000,0.000,0.000
633,0,0,210.000,210.000,0.000,0.000
634,0,0,210.000,210.000,0.000,0.000
635,0,0,210.000,210.000,0.000,0.000
636,0,0,210.000,210.000,0.000,0.000
637,0,0,210.000,210.000,0.000,0.000
638,0,0,210.000,210.000,0.000,0.000
639,0,0,210.000,210.000,0.000,0.000
640,0,0,210.000,210.000,0.000,0.000
641,0,0,210.000,210.000,0.000,0.000
642,0,0,210.000,210.000,0.000,0.000
643,0,0,210.000,210.000,0.000,0.000
644,0,0,210.000,210.000,0.000,0.000
645,0,0,210.000,210.000,0.000,0.000
646,0,0,217.500,217.500,0.000,0.000
647,0,0,217.500,217.500,0.000,0.000
648,0,0,217.500,217.500,0.000,0.000
649,0,0,217.500,217.500,0.000,0.000
650,0,0,217.500,217.500,0.000,0.000
651,0,0,217.500,217.500,0.000,0.000
652,0,0,217.500,217.500,0.000,0.000
653,0,0,217.500,217.500,0.000,0.000
654,0,0,217.500,217.500,0.000,0.000
655,0,0,217.500,217.500,0.000,0.000
656,0,0,225.000,225.000,0.000,0.000
657,0,0,225.000,225.000,0.000,0.000
658,0,0,225.000,225.000,0.000,0.000
659,0,0,225.000,225.000,0.000,0.000
660,0,0,225.000,225.000,0.000,0.000
661,0,0,225.000,225.000,0.000,0.000
662,0,0,225.000,225.000,0.000,0.000
663,0,0,225.000,225.000,0.000,0.000
664,0,0,225.000,225.000,0.000,0.000
665,0,0,225.000,225.000,0.000,0.000
666,0,0,225.000,225.000,0.000,0.000
667,0,0,225.000,225.000,0.000,0.000
668,0,0,225.000,225.000,0.000,0.000
669,0,0,225.000,225.000,0.000,0.000
670,0,0,225.000,225.000,0.000,0.000
671,0,0,225.000,225.000,0.000,0.000
672,0,0,225.000,225.000,0.000,0.000
673,0,0,225.000,225.000,0.000,0.000
674,0,0,225.000,225.000,0.000,0.000
675,0,0,225.000,225.000,0.000,0.000
676,0,0,225.000,225.000,0.000,0.000
677,0,0,225.000,225.000,0.000,0.000
678,0,0,225.000,225.000,0.000,0.000
679,0,0,225.000,225.000,0.000,0.000
680,0,0,225.000,225.000,0.000,0.000
681,0,0,225.000,225.000,0.000,0.000
682,0,0,225.000,225.000,0.000,0.000
683,0,0,225.000,225.000,0.000,0.000
684,0,0,225.000,225.000,0.000,0.000
685,0,0,232.500,232.500,0.000,0.000
686,0,0,232.500,232.500,0.000,0.000
687,0,0,232.500,232.500,0.000,0.000
688,0,0,232.500,232.500,0.000,0.000
689,0,0,232.500,232.500,0.000,0.000
690,0,0,232.500,232.500,0.000,0.000
691,0,0,232.500,232.500,0.000,0.000
692,0,0,232.500,232.500,0.000,0.000
693,0,0,232.500,232.500,0.000,0.000
694,0,0,232.500,232.500,0.000,0.000
695,0,0,232.500,232.500,0.000,0.000
696,0,0,232.500,232.500,0.000,0.000
697,0,0,232.500,232.500,0.000,0.000
698,0,0,232.500,232.500,0.000,0.000
699,0,0,232.500,232.500,0.000,0.000
700,0,0,232.500,232.500,0.000,0.000
701,0,0,232.500,232.500,0.000,0.000
702,0,0,232.500,232.500,0.000,0.000
703,0,0,232.500,232.500,0.000,0.000
704,0,0,232.500,232.500,0.000,0.000
705,0,0,232.500,232.500,0.000,0.000
706,0,0,232.500,232.500,0.000,0.000
707,0,0,232.500,232.500,0.000,0.000
708,0,0,232.500,232.500,0.000,0.000
709,0,0,232.500,232.500,0.000,0.000
710,0,0,232.500,232.500,0.000,0.000
711,0,0,232.500,232.500,0.000,0.000
712,0,0,232.500,232.500,0.000,0.000
713,0,0,232.500,232.500,0.000,0.000
714,0,0,232.500,232.500,0.000,0.000
715,0,0,240.000,240.000,0.000,0.000
716,0,0,240.000,240.000,0.000,0.000
717,0,0,240.000,240.000,0.000,0.000
718,0,0,240.000,240.000,0.000,0.000
719,0,0,240.000,240.000,0.000,0.000
720,0,0,240.000,240.000,0.000,0.000
721,0,0,240.000,240.000,0.000,0.000
722,0,0,240.000,240.000,0.000,0.000
723,0,0,240.000,240.000,0.000,0.000
724,0,0,240.000,240.000,0.000,0.000
725,0,0,240.000,240.000,0.000,0.000
726,0,0,240.000,240.000,0.000,0.000
727,0,0,240.000,240.000,0.000,0.000
728,0,0,240.000,240.000,0.000,0.000
729,0,0,240.000,240.000,0.000,0.000
730,0,0,240.000,240.000,0.000,0.000
731,0,0,240.000,240.000,0.000,0.000
732,0,0,240.000,240.000,0.000,0.000
733,0,0,240.000,240.000,0.000,0.000
734,0,0,240.000,240.000,0.000,0.000
735,0,0,240.000,240.000,0.000,0.000
736,0,0,240.000,240.000,0.000,0.000
737,0,0,240.000,240.000,0.000,0.000
738,0,0,240.000,240.000,0.000,0.000
739,0,0,240.000,240.000,0.000,0.000
740,0,0,240.000,240.000,0.000,0.000
741,0,0,240.000,240.000,0.000,0.000
742,0,0,240.000,240.000,0.000,0.000
743,0,0,240.000,240.000,0.000,0.000
744,0,0,247.500,247.500,0.000,0.000
745,0,0,247.500,247.500,0.000,0.000
746,0,0,247.500,247.500,0.000,0.000
747,0,0,247.500,247.500,0.000,0.000
748,0,0,247.500,247.500,0.000,0.000
749,0,0,247.500,247.500,0.000,0.000
750,0,0,247.500,247.500,0.000,0.000
751,0,0,247.500,247.500,0.000,0.000
752,0,0,247.500,247.500,0.000,0.000
753,0,0,247.500,247.500,0.000,0.000
754,0,0,247.500,247.500,0.000,0.000
755,0,0,247.500,247.500,0.000,0.000
756,0,0,247.500,247.500,0.000,0.000
757,0,0,247.500,247.500,0.000,0.000
758,0,0,247.500,247.500,0.000,0.000
759,0,0,247.500,247.500,0.000,0.000
760,0,0,255.000,255.000,0.000,0.000
761,0,0,255.000,255.000,0.000,0.000
762,0,0,255.000,255.000,0.000,0.000
763,0,0,255.000,255.000,0.000,0.000
764,0,0,255.000,255.000,0.000,0.000
765,0,0,255.000,255.000,0.000,0.000
766,0,0,255.000,255.000,0.000,0.000
767,0,0,255.000,255.000,0.000,0.000
768,0,0,255.000,255.000,0.000,0.000
769,0,0,255.000,255.000,0.000,0.000
770,0,0,255.000,255.000,0.000,0.000
771,0,0,255.000,255.000,0.000,0.000
772,0,0,255.000,255.000,0.000,0.000
773,0,0,255.000,255.000,0.000,0.000
774,0,0,255.000,255.000,0.000,0.000
775,0,0,255.000,255.000,0.000,0.000
776,0,0,255.000,255.000,0.000,0.000
777,0,0,255.000,255.000,0.000,0.000
778,0,0,255.000,255.000,0.000,0.000
779,0,0,255.000,255.000,0.000,0.000
780,0,0,255.000,255.000,0.000,0.000
781,0,0,255.000,255.000,0.000,0.000
782,0,0,255.000,255.000,0.000,0.000
783,0,0,255.000,255.000,0.000,0.000
784,0,0,255.000,255.000,0.000,0.000
785,0,0,255.000,255.000,0.000,0.000
786,0,0,255.000,255.000,0.000,0.000
787,0,0,255.000,255.000,0.000,0.000
788,0,0,255.000,255.000,0.000,0.000
789,0,0,262.500,262.500,0.000,0.000
790,0,0,262.500,262.500,0.000,0.000
791,0,0,262.500,262.500,0.000,0.000
792,0,0,262.500,262.500,0.000,0.000
793,0,0,262.500,262.500,0.000,0.000
794,0,0,262.500,262.500,0.000,0.000
795,0,0,262.500,262.500,0.000,0.000
796,0,0,262.500,262.500,0.000,0.000
797,0,0,262.500,262.500,0.000,0.000
798,0,0,262.500,262.500,0.000,0.000
799,0,0,262.500,262.500,0.000,0.000
800,0,0,262.500,262.500,0.000,0.000
801,0,0,262.500,262.500,0.000,0.000
802,0,0,262.500,262.500,0.000,0.000
803,0,0,262.500,262.500,0.000,0.000
804,0,0,262.500,262.500,0.000,0.000
805,0,0,262.500,262.500,0.000,0.000
806,0,0,262.500,262.500,0.000,0.000
807,0,0,262.500,262.500,0.000,0.000
808,0,0,262.500,262.500,0.000,0.000
809,0,0,262.500,262.500,0.000,0.000
810,0,0,262.500,262.500,0.000,0.000
811,0,0,262.500,262.500,0.000,0.000
812,0,0,262.500,262.500,0.000,0.000
813,0,0,262.500,262.500,0.000,0.000
814,0,0,262.500,262.500,0.000,0.000
815,0,0,262.500,262.500,0.000,0.000
816,0,0,262.500,262.500,0.000,0.000
817,0,0,262.500,262.500,0.000,0.000
818,0,0,262.500,262.500,0.000,0.000
819,0,0,270.000,270.000,0.000,0.000
820,0,0,270.000,270.000,0.000,0.000
821,0,0,270.000,270.000,0.000,0.000
822,0,0,270.000,270.000,0.000,0.000
823,0,0,270.000,270.000,0.000,0.000
824,0,0,270.000,270.000,0.000,0.000
825,0,0,270.000,270.000,0.000,0.000
826,0,0,270.000,270.000,0.000,0.000
827,0,0,270.000,270.000,0.000,0.000
828,0,0,270.000,270.000,0.000,0.000
829,0,0,270.000,270.000,0.000,0.000
830,0,0,270.000,270.000,0.000,0.000
831,0,0,270.000,270.000,0.000,0.000
832,0,0,270.000,270.000,0.000,0.000
833,0,0,270.000,270.000,0.000,0.000
834,0,0,270.000,270.000,0.000,0.000
835,0,0,270.000,270.000,0.000,0.000
836,0,0,270.000,270.000,0.000,0.000
837,0,0,270.000,270.000,0.000,0.000
838,0,0,270.000,270.000,0.000,0.000
839,0,0,270.000,270.000,0.000,0.000
840,0,0,270.000,270.000,0.000,0.000
841,0,0,270.000,270.000,0.000,0.000
842,0,0,270.000,270.000,0.000,0.000
843,0,0,270.000,270.000,0.000,0.000
844,0,0,270.000,270.000,0.000,0.000
845,0,0,270.000,270.000,0.000,0.000
846,0,0,270.000,270.000,0.000,0.000
847,0,0,270.000,270.000,0.000,0.000
848,0,0,277.500,277.500,0.000,0.000
849,0,0,277.500,277.500,0.000,0.000
850,0,0,277.500,277.500,0.000,0.000
851,0,0,277.500,277.500,0.000,0.000
852,0,0,277.500,277.500,0.000,0.000
853,0,0,277.500,277.500,0.000,0.000
854,0,0,277.500,277.500,0.000,0.000
855,0,0,277.500,277.500,0.000,0.000
856,0,0,277.500,277.500,0.000,0.000
857,0,0,277.500,277.500,0.000,0.000
858,0,0,277.500,277.500,0.000,0.000
859,0,0,277.500,277.500,0.000,0.000
860,0,0,277.500,277.500,0.000,0.000
861,0,0,277.500,277.500,0.000,0.000
862,0,0,277.500,277.500,0.000,0.000
863,0,0,277.500,277.500,0.000,0.000
864,0,0,277.500,277.500,0.000,0.000
865,0,0,277.500,277.500,0.000,0.000
866,0,0,277.500,277.500,0.000,0.000
867,0,0,277.500,277.500,0.000,0.000
868,0,0,277.500,277.500,0.000,0.000
869,0,0,277.500,277.500,0.000,0.000
870,0,0,277.500,277.500,0.000,0.000
871,0,0,277.500,277.500,0.000,0.000
872,0,0,277.500,277.500,0.000,0.000
873,0,0,285.000,285.000,0.000,0.000
874,0,0,285.000,285.000,0.000,0.000
875,0,0,285.000,285.000,0.000,0.000
876,0,0,285.000,285.000,0.000,0.000
877,0,0,285.000,285.000,0.000,0.000
878,0,0,285.000,285.000,0.000,0.000
879,0,0,285.000,285.000,0.000,0.000
880,0,0,285.000,285.000,0.000,0.000
881,0,0,285.000,285.000,0.000,0.000
882,0,0,285.000,285.000,0.000,0.000
883,0,0,285.000,285.000,0.000,0.000
884,0,0,285.000,285.000,0.000,0.000
885,0,0,285.000,285.000,0.000,0.000
886,0,0,285.000,285.000,0.000,0.000
887,0,0,285.000,285.000,0.000,0.000
888,0,0,285.000,285.000,0.000,0.000
889,0,0,285.000,285.000,0.000,0.000
890,0,0,285.000,285.000,0.000,0.000
891,0,0,285.000,285.000,0.000,0.000
892,0,0,285.000,285.000,0.000,0.000
893,0,0,285.000,285.000,0.000,0.000
894,0,0,285.000,285.000,0.000,0.000
895,0,0,285.000,285.000,0.000,0.000
896,0,0,285.000,285.000,0.000,0.000
897,0,0,292.500,292.500,0.000,0.000
898,0,0,292.500,292.500,0.000,0.000
899,0,0,292.500,292.500,0.000,0.000
900,0,0,292.500,292.500,0.000,0.000
901,0,0,292.500,292.500,0.000,0.000
902,0,0,292.500,292.500,0.000,0.000
903,0,0,292.500,292.500,0.000,0.000
904,0,0,292.500,292.500,0.000,0.000
905,0,0,292.500,292.500,0.000,0.000
906,0,0,292.500,292.500,0.000,0.000
907,0,0,292.500,292.500,0.000,0.000
908,0,0,292.500,292.500,0.000,0.000
909,0,0,292.500,292.500,0.000,0.000
910,0,0,292.500,292.500,0.000,0.000
911,0,0,292.500,292.500,0.000,0.000
912,0,0,292.500,292.500,0.000,0.000
913,0,0,292.500,292.500,0.000,0.000
914,0,0,292.500,292.500,0.000,0.000
915,0,0,292.500,292.500,0.000,0.000
916,0,0,292.500,292.500,0.000,0.000
917,0,0,300.000,300.000,0.000,0.000
918,0,0,300.000,300.000,0.000,0.000
919,0,0,300.000,300.000,0.000,0.000
920,0,0,300.000,300.000,0.000,0.000
921,0,0,300.000,300.000,0.000,0.000
922,0,0,300.000,300.000,0.000,0.000
923,0,0,300.000,300.000,0.000,0.000
924,0,0,300.000,300.000,0.000,0.000
925,0,0,300.000,300.000,0.000,0.000
926,0,0,300.000,300.000,0.000,0.000
927,0,0,300.000,300.000,0.000,0.000
928,0,0,300.000,300.000,0.000,0.000
929,0,0,300.000,300.000,0.000,0.000
930,0,0,300.000,300.000,0.000,0.000
931,0,0,300.000,300.000,0.000,0.000
932,0,0,300.000,300.000,0.000,0.000
933,0,0,300.000,300.000,0.000,0.000
934,0,0,300.000,300.000,0.000,0.000
935,0,0,300.000,300.000,0.000,0.000
936,0,0,300.000,300.000,0.000,0.000
937,0,0,300.000,300.000,0.000,0.000
938,0,0,300.000,300.000,0.000,0.000
939,0,0,300.000,300.000,0.000,0.000
940,0,0,300.000,300.000,0.000,0.000
941,0,0,307.500,307.500,0.000,0.000
942,0,0,307.500,307.500,0.000,0.000
943,0,0,307.500,307.500,0.000,0.000
944,0,0,307.500,307.500,0.000,0.000
945,0,0,307.500,307.500,0.000,0.000
946,0,0,307.500,307.500,0.000,0.000
947,0,0,307.500,307.500,0.000,0.000
948,0,0,307.500,307.500,0.000,0.000
949,0,0,307.500,307.500,0.000,0.000
950,0,0,307.500,307.500,0.000,0.000
951,0,0,307.500,307.500,0.000,0.000
952,0,0,307.500,307.500,0.000,0.000
953,0,0,307.500,307.500,0.000,0.000
954,0,0,307.500,307.500,0.000,0.000
955,0,0,307.500,307.500,0.000,0.000
956,0,0,307.500,307.500,0.000,0.000
957,0,0,307.500,307.500,0.000,0.000
958,0,0,307.500,307.500,0.000,0.000
959,0,0,307.500,307.500,0.000,0.000
960,0,0,307.500,307.500,0.000,0.000
961,0,0,315.000,315.000,0.000,0.000
962,0,0,315.000,315.000,0.000,0.000
963,0,0,315.000,315.000,0.000,0.000
964,0,0,315.000,315.000,0.000,0.000
965,0,0,315.000,315.000,0.000,0.000
966,0,0,315.000,315.000,0.000,0.000
967,0,0,315.000,315.000,0.000,0.000
968,0,0,315.000,315.000,0.000,0.000
969,0,0,315.000,315.000,0.000,0.000
970,0,0,315.000,315.000,0.000,0.000
971,0,0,315.000,315.000,0.000,0.000
972,0,0,315.000,315.000,0.000,0.000
973,0,0,315.000,315.000,0.000,0.000
974,0,0,315.000,315.000,0.000,0.000
975,0,0,315.000,315.000,0.000,0.000
976,0,0,315.000,315.000,0.000,0.000
977,0,0,315.000,315.000,0.000,0.000
978,0,0,315.000,315.000,0.000,0.000
979,0,0,315.000,315.000,0.000,0.000
980,0,0,315.000,315.000,0.000,0.000
981,0,0,315.000,315.000,0.000,0.000
982,0,0,315.000,315.000,0.000,0.000
983,0,0,315.000,315.000,0.000,0.000
984,0,0,315.000,315.000,0.000,0.000
985,0,0,322.500,322.500,0.000,0.000
986,0,0,322.500,322.500,0.000,0.000
987,0,0,322.500,322.500,0.000,0.000
988,0,0,322.500,322.500,0.000,0.000
989,0,0,322.500,322.500,0.000,0.000
990,0,0,322.500,322.500,0.000,0.000
991,0,0,322.500,322.500,0.000,0.000
992,0,0,322.500,322.500,0.000,0.000
993,0,0,322.500,322.500,0.000,0.000
994,0,0,322.500,322.500,0.000,0.000
995,0,0,322.500,322.500,0.000,0.000
996,0,0,322.500,322.500,0.000,0.000
997,0,0,322.500,322.500,0.000,0.000
998,0,0,322.500,322.500,0.000,0.000
999,0,0,322.500,322.500,0.000,0.000
1000,0,0,322.500,322.500,0.000,0.000
1001,0,0,322.500,322.500,0.000,0.000
1002,0,0,322.500,322.500,0.000,0.000
1003,0,0,322.500,322.500,0.000,0.000
1004,0,0,322.500,322.500,0.000,0.000
1005,0,0,330.000,330.000,0.000,0.000
1006,0,0,330.000,330.000,0.000,0.000
1007,0,0,330.000,330.000,0.000,0.000
1008,0,0,330.000,330.000,0.000,0.000
1009,0,0,330.000,330.000,0.000,0.000
1010,0,0,330.000,330.000,0.000,0.000
1011,0,0,330.000,330.000,0.000,0.000
1012,0,0,330.000,330.000,0.000,0.000
1013,0,0,330.000,330.000,0.000,0.000
1014,0,0,330.000,330.000,0.000,0.000
1015,0,0,330.000,330.000,0.000,0.000
1016,0,0,330.000,330.000,0.000,0.000
1017,0,0,330.000,330.000,0.000,0.000
1018,0,0,330.000,330.000,0.000,0.000
1019,0,0,330.000,330.000,0.000,0.000
1020,0,0,330.000,330.000,0.000,0.000
1021,0,0,330.000,330.000,0.000,0.000
1022,0,0,330.000,330.000,0.000,0.000
1023,0,0,330.000,330.000,0.000,0.000
1024,0,0,330.000,330.000,0.000,0.000
1025,0,0,330.000,330.000,0.000,0.000
1026,0,0,330.000,330.000,0.000,0.000
1027,0,0,330.000,330.000,0.000,0.000
1028,0,0,330.000,330.000,0.000,0.000
1029,0,0,337.500,337.500,0.000,0.000
1030,0,0,337.500,337.500,0.000,0.000
1031,0,0,337.500,337.500,0.000,0.000
1032,0,0,337.500,337.500,0.000,0.000
1033,0,0,337.500,337.500,0.000,0.000
1034,0,0,337.500,337.500,0.000,0.000
1035,0,0,337.500,337.500,0.000,0.000
1036,0,0,337.500,337.500,0.000,0.000
1037,0,0,337.500,337.500,0.000,0.000
1038,0,0,337.500,337.500,0.000,0.000
1039,0,0,337.500,337.500,0.000,0.000
1040,0,0,337.500,337.500,0.000,0.000
1041,0,0,337.500,337.500,0.000,0.000
1042,0,0,337.500,337.500,0.000,0.000
1043,0,0,337.500,337.500,0.000,0.000
1044,0,0,337.500,337.500,0.000,0.000
1045,0,0,337.500,337.500,0.000,0.000
1046,0,0,337.500,337.500,0.000,0.000
1047,0,0,337.500,337.500,0.000,0.000
1048,0,0,337.500,337.500,0.000,0.000
1049,0,0,345.000,345.000,0.000,0.000
1050,0,0,345.000,345.000,0.000,0.000
1051,0,0,345.000,345.000,0.000,0.000
1052,0,0,345.000,345.000,0.000,0.000
1053,0,0,345.000,345.000,0.000,0.000
1054,0,0,345.000,345.000,0.000,0.000
1055,0,0,345.000,345.000,0.000,0.000
1056,0,0,345.000,345.000,0.000,0.000
1057,0,0,345.000,345.000,0.000,0.000
1058,0,0,345.000,345.000,0.000,0.000
1059,0,0,345.000,345.000,0.000,0.000
1060,0,0,345.000,345.000,0.000,0.000
1061,0,0,345.000,345.000,0.000,0.000
1062,0,0,345.000,345.000,0.000,0.000
1063,0,0,345.000,345.000,0.000,0.000
1064,0,0,345.000,345.000,0.000,0.000
1065,0,0,345.000,345.000,0.000,0.000
1066,0,0,345.000,345.000,0.000,0.000
1067,0,0,345.000,345.000,0.000,0.000
1068,0,0,345.000,345.000,0.000,0.000
1069,0,0,345.000,345.000,0.000,0.000
1070,0,0,345.000,345.000,0.000,0.000
1071,0,0,345.000,345.000,0.000,0.000
1072,0,0,345.000,345.000,0.000,0.000
1073,0,0,352.500,352.500,0.000,0.000
1074,0,0,352.500,352.500,0.000,0.000
1075,0,0,352.500,352.500,0.000,0.000
1076,0,0,352.500,352.500,0.000,0.000
1077,0,0,352.500,352.500,0.000,0.000
1078,0,0,352.500,352.500,0.000,0.000
1079,0,0,352.500,352.500,0.000,0.000
1080,0,0,352.500,352.500,0.000,0.000
1081,0,0,352.500,352.500,0.000,0.000
1082,0,0,352.500,352.500,0.000,0.000
1083,0,0,352.500,352.500,0.000,0.000
1084,0,0,352.500,352.500,0.000,0.000
1085,0,0,352.500,352.500,0.000,0.000
1086,0,0,352.500,352.500,0.000,0.000
1087,0,0,352.500,352.500,0.000,0.000
1088,0,0,352.500,352.500,0.000,0.000
1089,0,0,352.500,352.500,0.000,0.000
1090,0,0,352.500,352.500,0.000,0.000
1091,0,0,352.500,352.500,0.000,0.000
1092,0,0,352.500,352.500,0.000,0.000
1093,0,0,360.000,360.000,0.000,0.000
1094,0,0,360.000,360.000,0.000,0.000
1095,0,0,360.000,360.000,0.000,0.000
1096,0,0,360.000,360.000,0.000,0.000
1097,0,0,360.000,360.000,0.000,0.000
1098,0,0,360.000,360.000,0.000,0.000
1099,0,0,360.000,360.000,0.000,0.000
1100,0,0,360.000,360.000,0.000,0.000
1101,0,0,360.000,360.000,0.000,0.000
1102,0,0,360.000,360.000,0.000,0.000
1103,0,0,360.000,360.000,0.000,0.000
1104,0,0,360.000,360.000,0.000,0.000
1105,0,0,360.000,360.000,0.000,0.000
1106,0,0,360.000,360.000,0.000,0.000
1107,0,0,360.000,360.000,0.000,0.000
1108,0,0,360.000,360.000,0.000,0.000
1109,0,0,360.000,360.000,0.000,0.000
1110,0,0,360.000,360.000,0.000,0.000
1111,0,0,360.000,360.000,0.000,0.000
1112,0,0,360.000,360.000,0.000,0.000
1113,0,0,360.000,360.000,0.000,0.000
1114,0,0,360.000,360.000,0.000,0.000
1115,0,0,360.000,360.000,0.000,0.000
1116,0,0,360.000,360.000,0.000,0.000
1117,0,0,367.500,367.500,0.000,0.000
1118,0,0,367.500,367.500,0.000,0.000
1119,0,0,367.500,367.500,0.000,0.000
1120,0,0,367.500,367.500,0.000,0.000
1121,0,0,367.500,367.500,0.000,0.000
1122,0,0,367.500,367.500,0.000,0.000
1123,0,0,367.500,367.500,0.000,0.000
1124,0,0,367.500,367.500,0.000,0.000
1125,0,0,367.500,367.500,0.000,0.000
1126,0,0,367.500,367.500,0.000,0.000
1127,0,0,367.500,367.500,0.000,0.000
1128,0,0,367.500,367.500,0.000,0.000
1129,0,0,367.500,367.500,0.000,0.000
1130,0,0,367.500,367.500,0.000,0.000
1131,0,0,367.500,367.500,0.000,0.000
1132,0,0,367.500,367.500,0.000,0.000
1133,0,0,367.500,367.500,0.000,0.000
1134,0,0,367.500,367.500,0.000,0.000
1135,0,0,367.500,367.500,0.000,0.000
1136,0,0,367.500,367.500,0.000,0.000
1137,0,0,375.000,375.000,0.000,0.000
1138,0,0,375.000,375.000,0.000,0.000
1139,0,0,375.000,375.000,0.000,0.000
1140,0,0,375.000,375.000,0.000,0.000
1141,0,0,375.000,375.000,0.000,0.000
1142,0,0,375.000,375.000,0.000,0.000
1143,0,0,375.000,375.000,0.000,0.000
1144,0,0,375.000,375.000,0.000,0.000
1145,0,0,375.000,375.000,0.000,0.000
1146,0,0,375.000,375.000,0.000,0.000
1147,0,0,375.000,375.000,0.000,0.000
1148,0,0,375.000,375.000,0.000,0.000
1149,0,0,375.000,375.000,0.000,0.000
1150,0,0,375.000,375.000,0.000,0.000
1151,0,0,375.000,375.000,0.000,0.000
1152,0,0,375.000,375.000,0.000,0.000
1153,0,0,375.000,375.000,0.000,0.000
1154,0,0,375.000,375.000,0.000,0.000
1155,0,0,375.000,375.000,0.000,0.000
1156,0,0,375.000,375.000,0.000,0.000
1157,0,0,375.000,375.000,0.000,0.000
1158,0,0,375.000,375.000,0.000,0.000
1159,0,0,375.000,375.000,0.000,0.000
1160,0,0,375.000,375.000,0.000,0.000
1161,0,0,382.500,382.500,0.000,0.000
1162,0,0,382.500,382.500,0.000,0.000
1163,0,0,382.500,382.500,0.000,0.000
1164,0,0,382.500,382.500,0.000,0.000
1165,0,0,382.500,382.500,0.000,0.000
1166,0,0,382.500,382.500,0.000,0.000
1167,0,0,382.500,382.500,0.000,0.000
1168,0,0,382.500,382.500,0.000,0.000
1169,0,0,382.500,382.500,0.000,0.000
1170,0,0,382.500,382.500,0.000,0.000
1171,0,0,382.500,382.500,0.000,0.000
1172,0,0,382.500,382.500,0.000,0.000
1173,0,0,382.500,382.500,0.000,0.000
1174,0,0,382.500,382.500,0.000,0.000
1175,0,0,382.500,382.500,0.000,0.000
1176,0,0,382.500,382.500,0.000,0.000
1177,0,0,382.500,382.500,0.000,0.000
1178,0,0,382.500,382.500,0.000,0.000
1179,0,0,382.500,382.500,0.000,0.000
1180,0,0,382.500,382.500,0.000,0.000
1181,0,0,390.000,390.000,0.000,0.000
1182,0,0,390.000,390.000,0.000,0.000
1183,0,0,390.000,390.000,0.000,0.000
1184,0,0,390.000,390.000,0.000,0.000
1185,0,0,390.000,390.000,0.000,0.000
1186,0,0,390.000,390.000,0.000,0.000
1187,0,0,390.000,390.000,0.000,0.000
1188,0,0,390.000,390.000,0.000,0.000
1189,0,0,390.000,390.000,0.000,0.000
1190,0,0,390.000,390.000,0.000,0.000
1191,0,0,390.000,390.000,0.000,0.000
1192,0,0,390.000,390.000,0.000,0.000
1193,0,0,390.000,390.000,0.000,0.000
1194,0,0,390.000,390.000,0.000,0.000
1195,0,0,390.000,390.000,0.000,0.000
1196,0,0,390.000,390.000,0.000,0.000
1197,0,0,390.000,390.000,0.000,0.000
1198,0,0,390.000,390.000,0.000,0.000
1199,0,0,390.000,390.000,0.000,0.000
1200,0,0,390.000,390.000,0.000,0.000
1201,0,0,390.000,390.000,0.000,0.000
1202,0,0,390.000,390.000,0.000,0.000
1203,0,0,390.000,390.000,0.000,0.000
1204,0,0,390.000,390.000,0.000,0.000
1205,0,0,397.500,397.500,0.000,0.000
1206,0,0,397.500,397.500,0.000,0.000
1207,0,0,397.500,397.500,0.000,0.000
1208,0,0,397.500,397.500,0.000,0.000
1209,0,0,397.500,397.500,0.000,0.000
1210,0,0,397.500,397.500,0.000,0.000
1211,0,0,397.500,397.500,0.000,0.000
1212,0,0,397.500,397.500,0.000,0.000
1213,0,0,397.500,397.500,0.000,0.000
1214,0,0,397.500,397.500,0.000,0.000
1215,0,0,397.500,397.500,0.000,0.000
1216,0,0,397.500,397.500,0.000,0.000
1217,0,0,397.500,397.500,0.000,0.000
1218,0,0,397.500,397.500,0.000,0.000
1219,0,0,397.500,397.500,0.000,0.000
1220,0,0,397.500,397.500,0.000,0.000
1221,0,0,397.500,397.500,0.000,0.000
1222,0,0,397.500,397.500,0.000,0.000
1223,0,0,397.500,397.500,0.000,0.000
1224,0,0,397.500,397.500,0.000,0.000
1225,0,0,405.000,405.000,0.000,0.000
1226,0,0,405.000,405.000,0.000,0.000
1227,0,0,405.000,405.000,0.000,0.000
1228,0,0,405.000,405.000,0.000,0.000
1229,0,0,405.000,405.000,0.000,0.000
1230,0,0,405.000,405.000,0.000,0.000
1231,0,0,405.000,405.000,0.000,0.000
1232,0,0,405.000,405.000,0.000,0.000
1233,0,0,405.000,405.000,0.000,0.000
1234,0,0,405.000,405.000,0.000,0.000
1235,0,0,405.000,405.000,0.000,0.000
1236,0,0,405.000,405.000,0.000,0.000
1237,0,0,405.000,405.000,0.000,0.000
1238,0,0,405.000,405.000,0.000,0.000
1239,0,0,405.000,405.000,0.000,0.000
1240,0,0,405.000,405.000,0.000,0.000
1241,0,0,405.000,405.000,0.000,0.000
1242,0,0,405.000,405.000,0.000,0.000
1243,0,0,405.000,405.000,0.000,0.000
1244,0,0,412.500,412.500,0.000,0.000
1245,0,0,412.500,412.500,0.000,0.000
1246,0,0,412.500,412.500,0.000,0.000
1247,0,0,412.500,412.500,0.000,0.000
1248,0,0,412.500,412.500,0.000,0.000
1249,0,0,412.500,412.500,0.000,0.000
1250,0,0,412.500,412.500,0.000,0.000
1251,0,0,412.500,412.500,0.000,0.000
1252,0,0,412.500,412.500,0.000,0.000
1253,0,0,412.500,412.500,0.000,0.000
1254,0,0,420.000,420.000,0.000,0.000
1255,0,0,420.000,420.000,0.000,0.000
1256,0,0,420.000,420.000,0.000,0.000
1257,0,0,420.000,420.000,0.000,0.000
1258,0,0,420.000,420.000,0.000,0.000
1259,0,0,420.000,420.000,0.000,0.000
1260,0,0,420.000,420.000,0.000,0.000
1261,0,0,420.000,420.000,0.000,0.000
1262,0,0,420.000,420.000,0.000,0.000
1263,0,0,420.000,420.000,0.000,0.000
1264,0,0,420.000,420.000,0.000,0.000
1265,0,0,420.000,420.000,0.000,0.000
1266,0,0,420.000,420.000,0.000,0.000
1267,0,0,420.000,420.000,0.000,0.000
1268,0,0,420.000,420.000,0.000,0.000
1269,0,0,420.000,420.000,0.000,0.000
1270,0,0,420.000,420.000,0.000,0.000
1271,0,0,420.000,420.000,0.000,0.000
1272,0,0,420.000,420.000,0.000,0.000
1273,0,0,420.000,420.000,0.000,0.000
1274,0,0,420.000,420.000,0.000,0.000
1275,0,0,420.000,420.000,0.000,0.000
1276,0,0,420.000,420.000,0.000,0.000
1277,0,0,420.000,420.000,0.000,0.000
1278,0,0,420.000,420.000,0.000,0.000
1279,0,0,420.000,420.000,0.000,0.000
1280,0,0,420.000,420.000,0.000,0.000
1281,0,0,420.000,420.000,0.000,0.000
1282,0,0,420.000,420.000,0.000,0.000
1283,0,0,427.500,427.500,0.000,0.000
1284,0,0,427.500,427.500,0.000,0.000
1285,0,0,427.500,427.500,0.000,0.000
1286,0,0,427.500,427.500,0.000,0.000
1287,0,0,427.500,427.500,0.000,0.000
1288,0,0,427.500,427.500,0.000,0.000
1289,0,0,427.500,427.500,0.000,0.000
1290,0,0,427.500,427.500,0.000,0.000
1291,0,0,427.500,427.500,0.000,0.000
1292,0,0,427.500,427.500,0.000,0.000
1293,0,0,427.500,427.500,0.000,0.000
1294,0,0,427.500,427.500,0.000,0.000
1295,0,0,427.500,427.500,0.000,0.000
1296,0,0,427.500,427.500,0.000,0.000
1297,0,0,427.500,427.500,0.000,0.000
1298,0,0,427.500,427.500,0.000,0.000
1299,0,0,427.500,427.500,0.000,0.000
1300,0,0,427.500,427.500,0.000,0.000
1301,0,0,427.500,427.500,0.000,0.000
1302,0,0,427.500,427.500,0.000,0.000
1303,0,0,427.500,427.500,0.000,0.000
1304,0,0,427.500,427.500,0.000,0.000
1305,0,0,427.500,427.500,0.000,0.000
1306,0,0,427.500,427.500,0.000,0.000
1307,0,0,427.500,427.500,0.000,0.000
1308,0,0,427.500,427.500,0.000,0.000
1309,0,0,427.500,427.500,0.000,0.000
1310,0,0,427.500,427.500,0.000,0.000
1311,0,0,427.500,427.500,0.000,0.000
1312,0,0,427.500,427.500,0.000,0.000
1313,0,0,435.000,435.000,0.000,0.000
1314,0,0,435.000,435.000,0.000,0.000
1315,0,0,435.000,435.000,0.000,0.000
1316,0,0,435.000,435.000,0.000,0.000
1317,0,0,435.000,435.000,0.000,0.000
1318,0,0,435.000,435.000,0.000,0.000
1319,0,0,435.000,435.000,0.000,0.000
1320,0,0,435.000,435.000,0.000,0.000
1321,0,0,435.000,435.000,0.000,0.000
1322,0,0,435.000,435.000,0.000,0.000
1323,0,0,435.000,435.000,0.000,0.000
1324,0,0,435.000,435.000,0.000,0.000
1325,0,0,435.000,435.000,0.000,0.000
1326,0,0,435.000,435.000,0.000,0.000
1327,0,0,435.000,435.000,0.000,0.000
1328,0,0,435.000,435.000,0.000,0.000
1329,0,0,435.000,435.000,0.000,0.000
1330,0,0,435.000,435.000,0.000,0.000
1331,0,0,435.000,435.000,0.000,0.000
1332,0,0,435.000,435.000,0.000,0.000
1333,0,0,435.000,435.000,0.000,0.000
1334,0,0,435.000,435.000,0.000,0.000
1335,0,0,435.000,435.000,0.000,0.000
1336,0,0,435.000,435.000,0.000,0.000
1337,0,0,435.000,435.000,0.000,0.000
1338,0,0,435.000,435.000,0.000,0.000
1339,0,0,435.000,435.000,0.000,0.000
1340,0,0,435.000,435.000,0.000,0.000
1341,0,0,435.000,435.000,0.000,0.000
1342,0,0,442.500,442.500,0.000,0.000
1343,0,0,442.500,442.500,0.000,0.000
1344,0,0,442.500,442.500,0.000,0.000
1345,0,0,442.500,442.500,0.000,0.000
1346,0,0,442.500,442.500,0.000,0.000
1347,0,0,442.500,442.500,0.000,0.000
1348,0,0,442.500,442.500,0.000,0.000
1349,0,0,442.500,442.500,0.000,0.000
1350,0,0,442.500,442.500,0.000,0.000
1351,0,0,442.500,442.500,0.000,0.000
1352,0,0,442.500,442.500,0.000,0.000
1353,0,0,442.500,442.500,0.000,0.000
1354,0,0,442.500,442.500,0.000,0.000
1355,0,0,442.500,442.500,0.000,0.000
1356,0,0,442.500,442.500,0.000,0.000
1357,0,0,442.500,442.500,0.000,0.000
1358,0,0,442.500,442.500,0.000,0.000
1359,0,0,442.500,442.500,0.000,0.000
1360,0,0,442.500,442.500,0.000,0.000
1361,0,0,442.500,442.500,0.000,0.000
1362,0,0,442.500,442.500,0.000,0.000
1363,0,0,442.500,442.500,0.000,0.000
1364,0,0,442.500,442.500,0.000,0.000
1365,0,0,442.500,442.500,0.000,0.000
1366,0,0,442.500,442.500,0.000,0.000
1367,0,0,442.500,442.500,0.000,0.000
1368,0,0,442.500,442.500,0.000,0.000
1369,0,0,442.500,442.500,0.000,0.000
1370,0,0,442.500,442.500,0.000,0.000
1371,0,0,442.500,442.500,0.000,0.000
1372,0,0,450.000,450.000,0.000,0.000
1373,0,0,450.000,450.000,0.000,0.000
1374,0,0,450.000,450.000,0.000,0.000
1375,0,0,450.000,450.000,0.000,0.000
1376,0,0,450.000,450.000,0.000,0.000
1377,0,0,450.000,450.000,0.000,0.000
1378,0,0,450.000,450.000,0.000,0.000
1379,0,0,450.000,450.000,0.000,0.000
1380,0,0,450.000,450.000,0.000,0.000
1381,0,0,450.000,450.000,0.000,0.000
1382,0,0,450.000,450.000,0.000,0.000
1383,0,0,450.000,450.000,0.000,0.000
1384,0,0,450.000,450.000,0.000,0.000
1385,0,0,450.000,450.000,0.000,0.000
1386,0,0,450.000,450.000,0.000,0.000
1387,0,0,450.000,450.000,0.000,0.000
1388,0,0,450.000,450.000,0.000,0.000
1389,0,0,450.000,450.000,0.000,0.000
1390,0,0,450.000,450.000,0.000,0.000
1391,0,0,450.000,450.000,0.000,0.000
1392,0,0,450.000,450.000,0.000,0.000
1393,0,0,450.000,450.000,0.000,0.000
1394,0,0,450.000,450.000,0.000,0.000
1395,0,0,450.000,450.000,0.000,0.000
1396,0,0,450.000,450.000,0.000,0.000
1397,0,0,450.000,450.000,0.000,0.000
1398,0,0,450.000,450.000,0.000,0.000
1399,0,0,450.000,450.000,0.000,0.000
1400,0,0,450.000,450.000,0.000,0.000
1401,0,0,457.500,457.500,0.000,0.000
1402,0,0,457.500,457.500,0.000,0.000
1403,0,0,457.500,457.500,0.000,0.000
1404,0,0,457.500,457.500,0.000,0.000
1405,0,0,457.500,457.500,0.000,0.000
1406,0,0,457.500,457.500,0.000,0.000
1407,0,0,457.500,457.500,0.000,0.000
1408,0,0,457.500,457.500,0.000,0.000
1409,0,0,457.500,457.500,0.000,0.000
1410,0,0,457.500,457.500,0.000,0.000
1411,0,0,457.500,457.500,0.000,0.000
1412,0,0,457.500,457.500,0.000,0.000
1413,0,0,457.500,457.500,0.000,0.000
1414,0,0,457.500,457.500,0.000,0.000
1415,0,0,457.500,457.500,0.000,0.000
1416,0,0,457.500,457.500,0.000,0.000
1417,0,0,457.500,457.500,0.000,0.000
1418,0,0,457.500,457.500,0.000,0.000
1419,0,0,457.500,457.500,0.000,0.000
1420,0,0,457.500,457.500,0.000,0.000
1421,0,0,457.500,457.500,0.000,0.000
1422,0,0,457.500,457.500,0.000,0.000
1423,0,0,457.500,457.500,0.000,0.000
1424,0,0,457.500,457.500,0.000,0.000
1425,0,0,457.500,457.500,0.000,0.000
1426,0,0,457.500,457.500,0.000,0.000
1427,0,0,457.500,457.500,0.000,0.000
1428,0,0,457.500,457.500,0.000,0.000
1429,0,0,457.500,457.500,0.000,0.000
1430,0,0,457.500,457.500,0.000,0.000
1431,0,0,465.000,465.000,0.000,0.000
1432,0,0,465.000,465.000,0.000,0.000
1433,0,0,465.000,465.000,0.000,0.000
1434,0,0,465.000,465.000,0.000,0.000
1435,0,0,465.000,465.000,0.000,0.000
1436,0,0,465.000,465.000,0.000,0.000
1437,0,0,465.000,465.000,0.000,0.000
1438,0,0,465.000,465.000,0.000,0.000
1439,0,0,465.000,465.000,0.000,0.000
1440,0,0,465.000,465.000,0.000,0.000
1441,0,0,465.000,465.000,0.000,0.000
1442,0,0,465.000,465.000,0.000,0.000
1443,0,0,465.000,465.000,0.000,0.000
1444,0,0,465.000,465.000,0.000,0.000
1445,0,0,465.000,465.000,0.000,0.000
1446,0,0,-0.000,-0.000,0.000,0.000
1447,0,0,-0.000,-0.000,0.000,0.000
1448,0,0,-0.000,-0.000,0.000,0.000
1449,0,0,-0.000,-0.000,0.000,0.000
1450,0,0,-0.000,-0.000,0.000,0.000
1451,0,0,-0.000,-0.000,0.000,0.000
1452,0,0,-0.000,-0.000,0.000,0.000
1453,0,0,-0.000,-0.000,0.000,0.000
1454,0,0,-0.000,-0.000,0.000,0.000
1455,0,0,-0.000,-0.000,0.000,0.000
1456,0,0,-0.000,-0.000,0.000,0.000
1457,0,0,-0.000,-0.000,0.000,0.000
1458,0,0,-0.000,-0.000,0.000,0.000
1459,0,0,-0.000,-0.000,0.000,0.000
1460,0,0,-0.000,-0.000,0.000,0.000
1461,0,0,15.000,15.000,0.000,0.000
1462,0,0,15.000,15.000,0.000,0.000
1463,0,0,15.000,15.000,0.000,0.000
1464,0,0,15.000,15.000,0.000,0.000
1465,0,0,15.000,15.000,0.000,0.000
1466,0,0,15.000,15.000,0.000,0.000
1467,0,0,15.000,15.000,0.000,0.000
1468,0,0,15.000,15.000,0.000,0.000
1469,0,0,15.000,15.000,0.000,0.000
1470,0,0,15.000,15.000,0.000,0.000
1471,0,0,15.000,15.000,0.000,0.000
1472,0,0,15.000,15.000,0.000,0.000
1473,0,0,15.000,15.000,0.000,0.000
1474,0,0,15.000,15.000,0.000,0.000
1475,0,0,15.000,15.000,0.000,0.000
1476,0,0,15.000,15.000,0.000,0.000
1477,0,0,15.000,15.000,0.000,0.000
1478,0,0,15.000,15.000,0.000,0.000
1479,0,0,15.000,15.000,0.000,0.000
1480,0,0,15.000,15.000,0.000,0.000
1481,0,0,15.000,15.000,0.000,0.000
1482,0,0,15.000,15.000,0.000,0.000
1483,0,0,15.000,15.000,0.000,0.000
1484,0,0,15.000,15.000,0.000,0.000
1485,0,0,15.000,15.000,0.000,0.000
1486,0,0,15.000,15.000,0.000,0.000
1487,0,0,15.000,15.000,0.000,0.000
1488,0,0,15.000,15.000,0.000,0.000
1489,0,0,15.000,15.000,0.000,0.000
1490,0,0,22.500,22.500,0.000,0.000
1491,0,0,22.500,22.500,0.000,0.000
1492,0,0,22.500,22.500,0.000,0.000
1493,0,0,22.500,22.500,0.000,0.000
1494,0,0,22.500,22.500,0.000,0.000
1495,0,0,22.500,22.500,0.000,0.000
1496,0,0,22.500,22.500,0.000,0.000
1497,0,0,22.500,22.500,0.000,0.000
1498,0,0,22.500,22.500,0.000,0.000
1499,0,0,22.500,22.500,0.000,0.000
1500,0,0,22.500,22.500,0.000,0.000
1501,0,0,22.500,22.500,0.000,0.000
1502,0,0,22.500,22.500,0.000,0.000
1503,0,0,22.500,22.500,0.000,0.000
1504,0,0,22.500,22.500,0.000,0.000
1505,0,0,22.500,22.500,0.000,0.000
1506,0,0,22.500,22.500,0.000,0.000
1507,0,0,22.500,22.500,0.000,0.000
1508,0,0,22.500,22.500,0.000,0.000
1509,0,0,22.500,22.500,0.000,0.000
1510,0,0,22.500,22.500,0.000,0.000
1511,0,0,22.500,22.500,0.000,0.000
1512,0,0,22.500,22.500,0.000,0.000
1513,0,0,22.500,22.500,0.000,0.000
1514,0,0,22.500,22.500,0.000,0.000
1515,0,0,22.500,22.500,0.000,0.000
1516,0,0,22.500,22.500,0.000,0.000
1517,0,0,22.500,22.500,0.000,0.000
1518,0,0,22.500,22.500,0.000,0.000
1519,0,0,22.500,22.500,0.000,0.000
1520,0,0,30.000,30.000,0.000,0.000
1521,0,0,30.000,30.000,0.000,0.000
1522,0,0,30.000,30.000,0.000,0.000
1523,0,0,30.000,30.000,0.000,0.000
1524,0,0,30.000,30.000,0.000,0.000
1525,0,0,30.000,30.000,0.000,0.000
1526,0,0,30.000,30.000,0.000,0.000
1527,0,0,30.000,30.000,0.000,0.000
1528,0,0,30.000,30.000,0.000,0.000
1529,0,0,30.000,30.000,0.000,0.000
1530,0,0,30.000,30.000,0.000,0.000
1531,0,0,30.000,30.000,0.000,0.000
1532,0,0,30.000,30.000,0.000,0.000
1533,0,0,30.000,30.000,0.000,0.000
1534,0,0,30.000,30.000,0.000,0.000
1535,0,0,30.000,30.000,0.000,0.000
1536,0,0,30.000,30.000,0.000,0.000
1537,0,0,30.000,30.000,0.000,0.000
1538,0,0,30.000,30.000,0.000,0.000
1539,0,0,30.000,30.000,0.000,0.000
1540,0,0,30.000,30.000,0.000,0.000
1541,0,0,30.000,30.000,0.000,0.000
1542,0,0,30.000,30.000,0.000,0.000
1543,0,0,30.000,30.000,0.000,0.000
1544,0,0,30.000,30.000,0.000,0.000
1545,0,0,30.000,30.000,0.000,0.000
1546,0,0,30.000,30.000,0.000,0.000
1547,0,0,30.000,30.000,0.000,0.000
1548,0,0,30.000,30.000,0.000,0.000
1549,0,0,37.500,37.500,0.000,0.000
1550,0,0,37.500,37.500,0.000,0.000
1551,0,0,37.500,37.500,0.000,0.000
1552,0,0,37.500,37.500,0.000,0.000
1553,0,0,37.500,37.500,0.000,0.000
1554,0,0,37.500,37.500,0.000,0.000
1555,0,0,37.500,37.500,0.000,0.000
1556,0,0,37.500,37.500,0.000,0.000
1557,0,0,37.500,37.500,0.000,0.000
1558,0,0,37.500,37.500,0.000,0.000
1559,0,0,37.500,37.500,0.000,0.000
1560,0,0,37.500,37.500,0.000,0.000
1561,0,0,37.500,37.500,0.000,0.000
1562,0,0,37.500,37.500,0.000,0.000
1563,0,0,37.500,37.500,0.000,0.000
1564,0,0,37.500,37.500,0.000,0.000
1565,0,0,37.500,37.500,0.000,0.000
1566,0,0,37.500,37.500,0.000,0.000
1567,0,0,37.500,37.500,0.000,0.000
1568,0,0,37.500,37.500,0.000,0.000
1569,0,0,37.500,37.500,0.000,0.000
1570,0,0,37.500,37.500,0.000,0.000
1571,0,0,37.500,37.500,0.000,0.000
1572,0,0,37.500,37.500,0.000,0.000
1573,0,0,37.500,37.500,0.000,0.000
1574,0,0,37.500,37.500,0.000,0.000
1575,0,0,37.500,37.500,0.000,0.000
1576,0,0,37.500,37.500,0.000,0.000
1577,0,0,37.500,37.500,0.000,0.000
1578,0,0,37.500,37.500,0.000,0.000
1579,0,0,45.000,45.000,0.000,0.000
1580,0,0,45.000,45.000,0.000,0.000
1581,0,0,45.000,45.000,0.000,0.000
1582,0,0,45.000,45.000,0.000,0.000
1583,0,0,45.000,45.000,0.000,0.000
1584,0,0,45.000,45.000,0.000,0.000
1585,0,0,45.000,45.000,0.000,0.000
1586,0,0,45.000,45.000,0.000,0.000
1587,0,0,45.000,45.000,0.000,0.000
1588,0,0,45.000,45.000,0.000,0.000
1589,0,0,45.000,45.000,0.000,0.000
1590,0,0,45.000,45.000,0.000,0.000
1591,0,0,45.000,45.000,0.000,0.000
1592,0,0,45.000,45.000,0.000,0.000
1593,0,0,45.000,45.000,0.000,0.000
1594,0,0,45.000,45.000,0.000,0.000
1595,0,0,45.000,45.000,0.000,0.000
1596,0,0,45.000,45.000,0.000,0.000
1597,0,0,45.000,45.000,0.000,0.000
1598,0,0,45.000,45.000,0.000,0.000
1599,0,0,45.000,45.000,0.000,0.000
1600,0,0,45.000,45.000,0.000,0.000
1601,0,0,45.000,45.000,0.000,0.000
1602,0,0,45.000,45.000,0.000,0.000
1603,0,0,45.000,45.000,0.000,0.000
1604,0,0,45.000,45.000,0.000,0.000
1605,0,0,45.000,45.000,0.000,0.000
1606,0,0,45.000,45.000,0.000,0.000
1607,0,0,45.000,45.000,0.000,0.000
1608,0,0,52.500,52.500,0.000,0.000
1609,0,0,52.500,52.500,0.000,0.000
1610,0,0,52.500,52.500,0.000,0.000
1611,0,0,52.500,52.500,0.000,0.000
1612,0,0,52.500,52.500,0.000,0.000
1613,0,0,52.500,52.500,0.000,0.000
1614,0,0,52.500,52.500,0.000,0.000
1615,0,0,52.500,52.500,0.000,0.000
1616,0,0,52.500,52.500,0.000,0.000
1617,0,0,52.500,52.500,0.000,0.000
1618,0,0,52.500,52.500,0.000,0.000
1619,0,0,52.500,52.500,0.000,0.000
1620,0,0,52.500,52.500,0.000,0.000
1621,0,0,52.500,52.500,0.000,0.000
1622,0,0,52.500,52.500,0.000,0.000
1623,0,0,52.500,52.500,0.000,0.000
1624,0,0,52.500,52.500,0.000,0.000
1625,0,0,52.500,52.500,0.000,0.000
1626,0,0,52.500,52.500,0.000,0.000
1627,0,0,52.500,52.500,0.000,0.000
1628,0,0,52.500,52.500,0.000,0.000
1629,0,0,52.500,52.500,0.000,0.000
1630,0,0,52.500,52.500,0.000,0.000
1631,0,0,52.500,52.500,0.000,0.000
1632,0,0,52.500,52.500,0.000,0.000
1633,0,0,60.000,60.000,0.000,0.000
1634,0,0,60.000,60.000,0.000,0.000
1635,0,0,60.000,60.000,0.000,0.000
1636,0,0,60.000,60.000,0.000,0.000
1637,0,0,60.000,60.000,0.000,0.000
1638,0,0,60.000,60.000,0.000,0.000
1639,0,0,60.000,60.000,0.000,0.000
1640,0,0,60.000,60.000,0.000,0.000
1641,0,0,60.000,60.000,0.000,0.000
1642,0,0,60.000,60.000,0.000,0.000
1643,0,0,60.000,60.000,0.000,0.000
1644,0,0,60.000,60.000,0.000,0.000
1645,0,0,60.000,60.000,0.000,0.000
1646,0,0,60.000,60.000,0.000,0.000
1647,0,0,60.000,60.000,0.000,0.000
1648,0,0,60.000,60.000,0.000,0.000
1649,0,0,60.000,60.000,0.000,0.000
1650,0,0,60.000,60.000,0.000,0.000
1651,0,0,60.000,60.000,0.000,0.000
1652,0,0,60.000,60.000,0.000,0.000
1653,0,0,60.000,60.000,0.000,0.000
1654,0,0,60.000,60.000,0.000,0.000
1655,0,0,60.000,60.000,0.000,0.000
1656,0,0,60.000,60.000,0.000,0.000
1657,0,0,67.500,67.500,0.000,0.000
1658,0,0,67.500,67.500,0.000,0.000
1659,0,0,67.500,67.500,0.000,0.000
1660,0,0,67.500,67.500,0.000,0.000
1661,0,0,67.500,67.500,0.000,0.000
1662,0,0,67.500,67.500,0.000,0.000
1663,0,0,67.500,67.500,0.000,0.000
1664,0,0,67.500,67.500,0.000,0.000
1665,0,0,67.500,67.500,0.000,0.000
1666,0,0,67.500,67.500,0.000,0.000
1667,0,0,67.500,67.500,0.000,0.000
1668,0,0,67.500,67.500,0.000,0.000
1669,0,0,67.500,67.500,0.000,0.000
1670,0,0,67.500,67.500,0.000,0.000
1671,0,0,67.500,67.500,0.000,0.000
1672,0,0,67.500,67.500,0.000,0.000
1673,0,0,67.500,67.500,0.000,0.000
1674,0,0,67.500,67.500,0.000,0.000
1675,0,0,67.500,67.500,0.000,0.000
1676,0,0,67.500,67.500,0.000,0.000
1677,0,0,75.000,75.000,0.000,0.000
1678,0,0,75.000,75.000,0.000,0.000
1679,0,0,75.000,75.000,0.000,0.000
1680,0,0,75.000,75.000,0.000,0.000
1681,0,0,75.000,75.000,0.000,0.000
1682,0,0,75.000,75.000,0.000,0.000
1683,0,0,75.000,75.000,0.000,0.000
1684,0,0,75.000,75.000,0.000,0.000
1685,0,0,75.000,75.000,0.000,0.000
1686,0,0,75.000,75.000,0.000,0.000
1687,0,0,75.000,75.000,0.000,0.000
1688,0,0,75.000,75.000,0.000,0.000
1689,0,0,75.000,75.000,0.000,0.000
1690,0,0,75.000,75.000,0.000,0.000
1691,0,0,75.000,75.000,0.000,0.000
1692,0,0,75.000,75.000,0.000,0.000
1693,0,0,75.000,75.000,0.000,0.000
1694,0,0,75.000,75.000,0.000,0.000
1695,0,0,75.000,75.000,0.000,0.000
1696,0,0,75.000,75.000,0.000,0.000
1697,0,0,75.000,75.000,0.000,0.000
1698,0,0,75.000,75.000,0.000,0.000
1699,0,0,75.000,75.000,0.000,0.000
1700,0,0,75.000,75.000,0.000,0.000
1701,0,0,82.500,82.500,0.000,0.000
1702,0,0,82.500,82.500,0.000,0.000
1703,0,0,82.500,82.500,0.000,0.000
1704,0,0,82.500,82.500,0.000,0.000
1705,0,0,82.500,82.500,0.000,0.000
1706,0,0,82.500,82.500,0.000,0.000
1707,0,0,82.500,82.500,0.000,0.000
1708,0,0,82.500,82.500,0.000,0.000
1709,0,0,82.500,82.500,0.000,0.000
1710,0,0,82.500,82.500,0.000,0.000
1711,0,0,82.500,82.500,0.000,0.000
1712,0,0,82.500,82.500,0.000,0.000
1713,0,0,82.500,82.500,0.000,0.000
1714,0,0,82.500,82.500,0.000,0.000
1715,0,0,82.500,82.500,0.000,0.000
1716,0,0,82.500,82.500,0.000,0.000
1717,0,0,82.500,82.500,0.000,0.000
1718,0,0,82.500,82.500,0.000,0.000
1719,0,0,82.500,82.500,0.000,0.000
1720,0,0,82.500,82.500,0.000,0.000
1721,0,0,90.000,90.000,0.000,0.000
1722,0,0,90.000,90.000,0.000,0.000
1723,0,0,90.000,90.000,0.000,0.000
1724,0,0,90.000,90.000,0.000,0.000
1725,0,0,90.000,90.000,0.000,0.000
1726,0,0,90.000,90.000,0.000,0.000
1727,0,0,90.000,90.000,0.000,0.000
1728,0,0,90.000,90.000,0.000,0.000
1729,0,0,90.000,90.000,0.000,0.000
1730,0,0,90.000,90.000,0.000,0.000
1731,0,0,90.000,90.000,0.000,0.000
1732,0,0,90.000,90.000,0.000,0.000
1733,0,0,90.000,90.000,0.000,0.000
1734,0,0,90.000,90.000,0.000,0.000
1735,0,0,90.000,90.000,0.000,0.000
1736,0,0,90.000,90.000,0.000,0.000
1737,0,0,90.000,90.000,0.000,0.000
1738,0,0,90.000,90.000,0.000,0.000
1739,0,0,90.000,90.000,0.000,0.000
1740,0,0,90.000,90.000,0.000,0.000
1741,0,0,90.000,90.000,0.000,0.000
1742,0,0,90.000,90.000,0.000,0.000
1743,0,0,90.000,90.000,0.000,0.000
1744,0,0,90.000,90.000,0.000,0.000
1745,0,0,97.500,97.500,0.000,0.000
1746,0,0,97.500,97.500,0.000,0.000
1747,0,0,97.500,97.500,0.000,0.000
1748,0,0,97.500,97.500,0.000,0.000
1749,0,0,97.500,97.500,0.000,0.000
1750,0,0,97.500,97.500,0.000,0.000
1751,0,0,97.500,97.500,0.000,0.000
1752,0,0,97.500,97.500,0.000,0.000
1753,0,0,97.500,97.500,0.000,0.000
1754,0,0,97.500,97.500,0.000,0.000
1755,0,0,97.500,97.500,0.000,0.000
1756,0,0,97.500,97.500,0.000,0.000
1757,0,0,97.500,97.500,0.000,0.000
1758,0,0,97.500,97.500,0.000,0.000
1759,0,0,97.500,97.500,0.000,0.000
1760,0,0,97.500,97.500,0.000,0.000
1761,0,0,97.500,97.500,0.000,0.000
1762,0,0,97.500,97.500,0.000,0.000
1763,0,0,97.500,97.500,0.000,0.000
1764,0,0,97.500,97.500,0.000,0.000
1765,0,0,105.000,105.000,0.000,0.000
1766,0,0,105.000,105.000,0.000,0.000
1767,0,0,105.000,105.000,0.000,0.000
1768,0,0,105.000,105.000,0.000,0.000
1769,0,0,105.000,105.000,0.000,0.000
1770,0,0,105.000,105.000,0.000,0.000
1771,0,0,105.000,105.000,0.000,0.000
1772,0,0,105.000,105.000,0.000,0.000
1773,0,0,105.000,105.000,0.000,0.000
1774,0,0,105.000,105.000,0.000,0.000
1775,0,0,105.000,105.000,0.000,0.000
1776,0,0,105.000,105.000,0.000,0.000
1777,0,0,105.000,105.000,0.000,0.000
1778,0,0,105.000,105.000,0.000,0.000
1779,0,0,105.000,105.000,0.000,0.000
1780,0,0,105.000,105.000,0.000,0.000
1781,0,0,105.000,105.000,0.000,0.000
1782,0,0,105.000,105.000,0.000,0.000
1783,0,0,105.000,105.000,0.000,0.000
1784,0,0,105.000,105.000,0.000,0.000
1785,0,0,105.000,105.000,0.000,0.000
1786,0,0,105.000,105.000,0.000,0.000
1787,0,0,105.000,105.000,0.000,0.000
1788,0,0,105.000,105.000,0.000,0.000
1789,0,0,112.500,112.500,0.000,0.000
1790,0,0,112.500,112.500,0.000,0.000
1791,0,0,112.500,112.500,0.000,0.000
1792,0,0,112.500,112.500,0.000,0.000
1793,0,0,112.500,112.500,0.000,0.000
1794,0,0,112.500,112.500,0.000,0.000
1795,0,0,112.500,112.500,0.000,0.000
1796,0,0,112.500,112.500,0.000,0.000
1797,0,0,112.500,112.500,0.000,0.000
1798,0,0,112.500,112.500,0.000,0.000
1799,0,0,112.500,112.500,0.000,0.000
1800,0,0,112.500,112.500,0.000,0.000
1801,0,0,112.500,112.500,0.000,0.000
1802,0,0,112.500,112.500,0.000,0.000
1803,0,0,112.500,112.500,0.000,0.000
1804,0,0,112.500,112.500,0.000,0.000
1805,0,0,112.500,112.500,0.000,0.000
1806,0,0,112.500,112.500,0.000,0.000
1807,0,0,112.500,112.500,0.000,0.000
1808,0,0,112.500,112.500,0.000,0.000
1809,0,0,120.000,120.000,0.000,0.000
1810,0,0,120.000,120.000,0.000,0.000
1811,0,0,120.000,120.000,0.000,0.000
1812,0,0,120.000,120.000,0.000,0.000
1813,0,0,120.000,120.000,0.000,0.000
1814,0,0,120.000,120.000,0.000,0.000
1815,0,0,120.000,120.000,0.000,0.000
1816,0,0,120.000,120.000,0.000,0.000
1817,0,0,120.000,120.000,0.000,0.000
1818,0,0,120.000,120.000,0.000,0.000
1819,0,0,120.000,120.000,0.000,0.000
1820,0,0,120.000,120.000,0.000,0.000
1821,0,0,120.000,120.000,0.000,0.000
1822,0,0,120.000,120.000,0.000,0.000
1823,0,0,120.000,120.000,0.000,0.000
1824,0,0,120.000,120.000,0.000,0.000
1825,0,0,120.000,120.000,0.000,0.000
1826,0,0,120.000,120.000,0.000,0.000
1827,0,0,120.000,120.000,0.000,0.000
1828,0,0,120.000,120.000,0.000,0.000
1829,0,0,120.000,120.000,0.000,0.000
1830,0,0,120.000,120.000,0.000,0.000
1831,0,0,120.000,120.000,0.000,0.000
1832,0,0,120.000,120.000,0.000,0.000
1833,0,0,127.500,127.500,0.000,0.000
1834,0,0,127.500,127.500,0.000,0.000
1835,0,0,127.500,127.500,0.000,0.000
1836,0,0,127.500,127.500,0.000,0.000
1837,0,0,127.500,127.500,0.000,0.000
1838,0,0,127.500,127.500,0.000,0.000
1839,0,0,127.500,127.500,0.000,0.000
1840,0,0,127.500,127.500,0.000,0.000
1841,0,0,127.500,127.500,0.000,0.000
1842,0,0,127.500,127.500,0.000,0.000
1843,0,0,127.500,127.500,0.000,0.000
1844,0,0,127.500,127.500,0.000,0.000
1845,0,0,127.500,127.500,0.000,0.000
1846,0,0,127.500,127.500,0.000,0.000
1847,0,0,127.500,127.500,0.000,0.000
1848,0,0,127.500,127.500,0.000,0.000
1849,0,0,127.500,127.500,0.000,0.000
1850,0,0,127.500,127.500,0.000,0.000
1851,0,0,127.500,127.500,0.000,0.000
1852,0,0,127.500,127.500,0.000,0.000
1853,0,0,135.000,135.000,0.000,0.000
1854,0,0,135.000,135.000,0.000,0.000
1855,0,0,135.000,135.000,0.000,0.000
1856,0,0,135.000,135.000,0.000,0.000
1857,0,0,135.000,135.000,0.000,0.000
1858,0,0,135.000,135.000,0.000,0.000
1859,0,0,135.000,135.000,0.000,0.000
1860,0,0,135.000,135.000,0.000,0.000
1861,0,0,135.000,135.000,0.000,0.000
1862,0,0,135.000,135.000,0.000,0.000
1863,0,0,135.000,135.000,0.000,0.000
1864,0,0,135.000,135.000,0.000,0.000
1865,0,0,135.000,135.000,0.000,0.000
1866,0,0,135.000,135.000,0.000,0.000
1867,0,0,135.000,135.000,0.000,0.000
1868,0,0,135.000,135.000,0.000,0.000
1869,0,0,135.000,135.000,0.000,0.000
1870,0,0,135.000,135.000,0.000,0.000
1871,0,0,135.000,135.000,0.000,0.000
1872,0,0,135.000,135.000,0.000,0.000
1873,0,0,135.000,135.000,0.000,0.000
1874,0,0,135.000,135.000,0.000,0.000
1875,0,0,135.000,135.000,0.000,0.000
1876,0,0,135.000,135.000,0.000,0.000
1877,0,0,142.500,142.500,0.000,0.000
1878,0,0,142.500,142.500,0.000,0.000
1879,0,0,142.500,142.500,0.000,0.000
1880,0,0,142.500,142.500,0.000,0.000
1881,0,0,142.500,142.500,0.000,0.000
1882,0,0,142.500,142.500,0.000,0.000
1883,0,0,142.500,142.500,0.000,0.000
1884,0,0,142.500,142.500,0.000,0.000
1885,0,0,142.500,142.500,0.000,0.000
1886,0,0,142.500,142.500,0.000,0.000
1887,0,0,142.500,142.500,0.000,0.000
1888,0,0,142.500,142.500,0.000,0.000
1889,0,0,142.500,142.500,0.000,0.000
1890,0,0,142.500,142.500,0.000,0.000
1891,0,0,142.500,142.500,0.000,0.000
1892,0,0,142.500,142.500,0.000,0.000
1893,0,0,142.500,142.500,0.000,0.000
1894,0,0,142.500,142.500,0.000,0.000
1895,0,0,142.500,142.500,0.000,0.000
1896,0,0,142.500,142.500,0.000,0.000
1897,0,0,150.000,150.000,0.000,0.000
1898,0,0,150.000,150.000,0.000,0.000
1899,0,0,150.000,150.000,0.000,0.000
1900,0,0,150.000,150.000,0.000,0.000
1901,0,0,150.000,150.000,0.000,0.000
1902,0,0,150.000,150.000,0.000,0.000
1903,0,0,150.000,150.000,0.000,0.000
1904,0,0,150.000,150.000,0.000,0.000
1905,0,0,150.000,150.000,0.000,0.000
1906,0,0,150.000,150.000,0.000,0.000
1907,0,0,150.000,150.000,0.000,0.000
1908,0,0,150.000,150.000,0.000,0.000
1909,0,0,150.000,150.000,0.000,0.000
1910,0,0,150.000,150.000,0.000,0.000
1911,0,0,150.000,150.000,0.000,0.000
1912,0,0,150.000,150.000,0.000,0.000
1913,0,0,150.000,150.000,0.000,0.000
1914,0,0,150.000,150.000,0.000,0.000
1915,0,0,150.000,150.000,0.000,0.000
1916,0,0,150.000,150.000,0.000,0.000
1917,0,0,150.000,150.000,0.000,0.000
1918,0,0,150.000,150.000,0.000,0.000
1919,0,0,150.000,150.000,0.000,0.000
1920,0,0,150.000,150.000,0.000,0.000
1921,0,0,157.500,157.500,0.000,0.000
1922,0,0,157.500,157.500,0.000,0.000
1923,0,0,157.500,157.500,0.000,0.000
1924,0,0,157.500,157.500,0.000,0.000
1925,0,0,157.500,157.500,0.000,0.000
1926,0,0,157.500,157.500,0.000,0.000
1927,0,0,157.500,157.500,0.000,0.000
1928,0,0,157.500,157.500,0.000,0.000
1929,0,0,157.500,157.500,0.000,0.000
1930,0,0,157.500,157.500,0.000,0.000
1931,0,0,157.500,157.500,0.000,0.000
1932,0,0,157.500,157.500,0.000,0.000
1933,0,0,157.500,157.500,0.000,0.000
1934,0,0,157.500,157.500,0.000,0.000
1935,0,0,157.500,157.500,0.000,0.000
1936,0,0,157.500,157.500,0.000,0.000
1937,0,0,157.500,157.500,0.000,0.000
1938,0,0,157.500,157.500,0.000,0.000
1939,0,0,157.500,157.500,0.000,0.000
1940,0,0,157.500,157.500,0.000,0.000
1941,0,0,165.000,165.000,0.000,0.000
1942,0,0,165.000,165.000,0.000,0.000
1943,0,0,165.000,165.000,0.000,0.000
1944,0,0,165.000,165.000,0.000,0.000
1945,0,0,165.000,165.000,0.000,0.000
1946,0,0,165.000,165.000,0.000,0.000
1947,0,0,165.000,165.000,0.000,0.000
1948,0,0,165.000,165.000,0.000,0.000
1949,0,0,165.000,165.000,0.000,0.000
1950,0,0,165.000,165.000,0.000,0.000
1951,0,0,165.000,165.000,0.000,0.000
1952,0,0,165.000,165.000,0.000,0.000
1953,0,0,165.000,165.000,0.000,0.000
1954,0,0,165.000,165.000,0.000,0.000
1955,0,0,165.000,165.000,0.000,0.000
1956,0,0,165.000,165.000,0.000,0.000
1957,0,0,165.000,165.000,0.000,0.000
1958,0,0,165.000,165.000,0.000,0.000
1959,0,0,165.000,165.000,0.000,0.000
1960,0,0,165.000,165.000,0.000,0.000
1961,0,0,165.000,165.000,0.000,0.000
1962,0,0,165.000,165.000,0.000,0.000
1963,0,0,165.000,165.000,0.000,0.000
1964,0,0,165.000,165.000,0.000,0.000
1965,0,0,172.500,172.500,0.000,0.000
1966,0,0,172.500,172.500,0.000,0.000
1967,0,0,172.500,172.500,0.000,0.000
1968,0,0,172.500,172.500,0.000,0.000
1969,0,0,172.500,172.500,0.000,0.000
1970,0,0,172.500,172.500,0.000,0.000
1971,0,0,172.500,172.500,0.000,0.000
1972,0,0,172.500,172.500,0.000,0.000
1973,0,0,172.500,172.500,0.000,0.000
1974,0,0,172.500,172.500,0.000,0.000
1975,0,0,172.500,172.500,0.000,0.000
1976,0,0,172.500,172.500,0.000,0.000
1977,0,0,172.500,172.500,0.000,0.000
1978,0,0,172.500,172.500,0.000,0.000
1979,0,0,172.500,172.500,0.000,0.000
1980,0,0,172.500,172.500,0.000,0.000
1981,0,0,172.500,172.500,0.000,0.000
1982,0,0,172.500,172.500,0.000,0.000
1983,0,0,172.500,172.500,0.000,0.000
1984,0,0,172.500,172.500,0.000,0.000
1985,0,0,180.000,180.000,0.000,0.000
1986,0,0,180.000,180.000,0.000,0.000
1987,0,0,180.000,180.000,0.000,0.000
1988,0,0,180.000,180.000,0.000,0.000
1989,0,0,180.000,180.000,0.000,0.000
1990,0,0,180.000,180.000,0.000,0.000
1991,0,0,180.000,180.000,0.000,0.000
1992,0,0,180.000,180.000,0.000,0.000
1993,0,0,180.000,180.000,0.000,0.000
1994,0,0,180.000,180.000,0.000,0.000
1995,0,0,180.000,180.000,0.000,0.000
1996,0,0,180.000,180.000,0.000,0.000
1997,0,0,180.000,180.000,0.000,0.000
1998,0,0,180.000,180.000,0.000,0.000
1999,0,0,180.000,180.000,0.000,0.000
2000,0,0,180.000,180.000,0.000,0.000
2001,0,0,180.000,180.000,0.000,0.000
2002,0,0,180.000,180.000,0.000,0.000
2003,0,0,180.000,180.000,0.000,0.000
2004,0,0,180.000,180.000,0.000,0.000
2005,0,0,180.000,180.000,0.000,0.000
2006,0,0,180.000,180.000,0.000,0.000
2007,0,0,180.000,180.000,0.000,0.000
2008,0,0,180.000,180.000,0.000,0.000
2009,0,0,187.500,187.500,0.000,0.000
2010,0,0,187.500,187.500,0.000,0.000
2011,0,0,187.500,187.500,0.000,0.000
2012,0,0,187.500,187.500,0.000,0.000
2013,0,0,187.500,187.500,0.000,0.000
2014,0,0,187.500,187.500,0.000,0.000
2015,0,0,187.500,187.500,0.000,0.000
2016,0,0,187.500,187.500,0.000,0.000
2017,0,0,187.500,187.500,0.000,0.000
2018,0,0,187.500,187.500,0.000,0.000
2019,0,0,187.500,187.500,0.000,0.000
2020,0,0,187.500,187.500,0.000,0.000
2021,0,0,187.500,187.500,0.000,0.000
2022,0,0,187.500,187.500,0.000,0.000
2023,0,0,187.500,187.500,0.000,0.000
2024,0,0,187.500,187.500,0.000,0.000
2025,0,0,187.500,187.500,0.000,0.000
2026,0,0,187.500,187.500,0.000,0.000
2027,0,0,187.500,187.500,0.000,0.000
2028,0,0,187.500,187.500,0.000,0.000
2029,0,0,195.000,195.000,0.000,0.000
2030,0,0,195.000,195.000,0.000,0.000
2031,0,0,195.000,195.000,0.000,0.000
2032,0,0,195.000,195.000,0.000,0.000
2033,0,0,195.000,195.000,0.000,0.000
2034,0,0,195.000,195.000,0.000,0.000
2035,0,0,195.000,195.000,0.000,0.000
2036,0,0,195.000,195.000,0.000,0.000
2037,0,0,195.000,195.000,0.000,0.000
2038,0,0,195.000,195.000,0.000,0.000
2039,0,0,195.000,195.000,0.000,0.000
2040,0,0,195.000,195.000,0.000,0.000
2041,0,0,195.000,195.000,0.000,0.000
2042,0,0,195.000,195.000,0.000,0.000
2043,0,0,195.000,195.000,0.000,0.000
2044,0,0,195.000,195.000,0.000,0.000
2045,0,0,195.000,195.000,0.000,0.000
2046,0,0,195.000,195.000,0.000,0.000
2047,0,0,195.000,195.000,0.000,0.000
2048,0,0,195.000,195.000,0.000,0.000
2049,0,0,195.000,195.000,0.000,0.000
2050,0,0,195.000,195.000,0.000,0.000
2051,0,0,195.000,195.000,0.000,0.000
2052,0,0,195.000,195.000,0.000,0.000
2053,0,0,202.500,202.500,0.000,0.000
2054,0,0,202.500,202.500,0.000,0.000
2055,0,0,202.500,202.500,0.000,0.000
2056,0,0,202.500,202.500,0.000,0.000
2057,0,0,202.500,202.500,0.000,0.000
2058,0,0,202.500,202.500,0.000,0.000
2059,0,0,202.500,202.500,0.000,0.000
2060,0,0,202.500,202.500,0.000,0.000
2061,0,0,202.500,202.500,0.000,0.000
2062,0,0,202.500,202.500,0.000,0.000
2063,0,0,202.500,202.500,0.000,0.000
2064,0,0,202.500,202.500,0.000,0.000
2065,0,0,202.500,202.500,0.000,0.000
2066,0,0,202.500,202.500,0.000,0.000
2067,0,0,202.500,202.500,0.000,0.000
2068,0,0,202.500,202.500,0.000,0.000
2069,0,0,202.500,202.500,0.000,0.000
2070,0,0,202.500,202.500,0.000,0.000
2071,0,0,202.500,202.500,0.000,0.000
2072,0,0,202.500,202.500,0.000,0.000
2073,0,0,210.000,210.000,0.000,0.000
2074,0,0,210.000,210.000,0.000,0.000
2075,0,0,210.000,210.000,0.000,0.000
2076,0,0,210.000,210.000,0.000,0.000
2077,0,0,210.000,210.000,0.000,0.000
2078,0,0,210.000,210.000,0.000,0.000
2079,0,0,210.000,210.000,0.000,0.000
2080,0,0,210.000,210.000,0.000,0.000
2081,0,0,210.000,210.000,0.000,0.000
2082,0,0,210.000,210.000,0.000,0.000
2083,0,0,210.000,210.000,0.000,0.000
2084,0,0,210.000,210.000,0.000,0.000
2085,0,0,210.000,210.000,0.000,0.000
2086,0,0,210.000,210.000,0.000,0.000
2087,0,0,210.000,210.000,0.000,0.000
2088,0,0,210.000,210.000,0.000,0.000
2089,0,0,210.000,210.000,0.000,0.000
2090,0,0,210.000,210.000,0.000,0.000
2091,0,0,210.000,210.000,0.000,0.000
2092,0,0,217.500,217.500,0.000,0.000
2093,0,0,217.500,217.500,0.000,0.000
2094,0,0,217.500,217.500,0.000,0.000
2095,0,0,217.500,217.500,0.000,0.000
2096,0,0,217.500,217.500,0.000,0.000
2097,0,0,217.500,217.500,0.000,0.000
2098,0,0,217.500,217.500,0.000,0.000
2099,0,0,217.500,217.500,0.000,0.000
2100,0,0,217.500,217.500,0.000,0.000
2101,0,0,217.500,217.500,0.000,0.000
2102,0,0,225.000,225.000,0.000,0.000
2103,0,0,225.000,225.000,0.000,0.000
2104,0,0,225.000,225.000,0.000,0.000
2105,0,0,225.000,225.000,0.000,0.000
2106,0,0,225.000,225.000,0.000,0.000
2107,0,0,225.000,225.000,0.000,0.000
2108,0,0,225.000,225.000,0.000,0.000
2109,0,0,225.000,225.000,0.000,0.000
2110,0,0,225.000,225.000,0.000,0.000
2111,0,0,225.000,225.000,0.000,0.000
2112,0,0,225.000,225.000,0.000,0.000
2113,0,0,225.000,225.000,0.000,0.000
2114,0,0,225.000,225.000,0.000,0.000
2115,0,0,225.000,225.000,0.000,0.000
2116,0,0,225.000,225.000,0.000,0.000
2117,0,0,225.000,225.000,0.000,0.000
2118,0,0,225.000,225.000,0.000,0.000
2119,0,0,225.000,225.000,0.000,0.000
2120,0,0,225.000,225.000,0.000,0.000
2121,0,0,225.000,225.000,0.000,0.000
2122,0,0,225.000,225.000,0.000,0.000
2123,0,0,225.000,225.000,0.000,0.000
2124,0,0,225.000,225.000,0.000,0.000
2125,0,0,225.000,225.000,0.000,0.000
2126,0,0,225.000,225.000,0.000,0.000
2127,0,0,225.000,225.000,0.000,0.000
2128,0,0,225.000,225.000,0.000,0.000
2129,0,0,225.000,225.000,0.000,0.000
2130,0,0,225.000,225.000,0.000,0.000
2131,0,0,232.500,232.500,0.000,0.000
2132,0,0,232.500,232.500,0.000,0.000
2133,0,0,232.500,232.500,0.000,0.000
2134,0,0,232.500,232.500,0.000,0.000
2135,0,0,232.500,232.500,0.000,0.000
2136,0,0,232.500,232.500,0.000,0.000
2137,0,0,232.500,232.500,0.000,0.000
2138,0,0,232.500,232.500,0.000,0.000
2139,0,0,232.500,232.500,0.000,0.000
2140,0,0,232.500,232.500,0.000,0.000
2141,0,0,232.500,232.500,0.000,0.000
2142,0,0,232.500,232.500,0.000,0.000
2143,0,0,232.500,232.500,0.000,0.000
2144,0,0,232.500,232.500,0.000,0.000
2145,0,0,232.500,232.500,0.000,0.000
2146,0,0,232.500,232.500,0.000,0.000
2147,0,0,232.500,232.500,0.000,0.000
2148,0,0,232.500,232.500,0.000,0.000
2149,0,0,232.500,232.500,0.000,0.000
2150,0,0,232.500,232.500,0.000,0.000
2151,0,0,232.500,232.500,0.000,0.000
2152,0,0,232.500,232.500,0.000,0.000
2153,0,0,232.500,232.500,0.000,0.000
2154,0,0,232.500,232.500,0.000,0.000
2155,0,0,232.500,232.500,0.000,0.000
2156,0,0,232.500,232.500,0.000,0.000
2157,0,0,232.500,232.500,0.000,0.000
2158,0,0,232.500,232.500,0.000,0.000
2159,0,0,232.500,232.500,0.000,0.000
2160,0,0,232.500,232.500,0.000,0.000
2161,0,0,240.000,240.000,0.000,0.000
2162,0,0,240.000,240.000,0.000,0.000
2163,0,0,240.000,240.000,0.000,0.000
2164,0,0,240.000,240.000,0.000,0.000
2165,0,0,240.000,240.000,0.000,0.000
2166,0,0,240.000,240.000,0.000,0.000
2167,0,0,240.000,240.000,0.000,0.000
2168,0,0,240.000,240.000,0.000,0.000
2169,0,0,240.000,240.000,0.000,0.000
2170,0,0,240.000,240.000,0.000,0.000
2171,0,0,240.000,240.000,0.000,0.000
2172,0,0,240.000,240.000,0.000,0.000
2173,0,0,240.000,240.000,0.000,0.000
2174,0,0,240.000,240.000,0.000,0.000
2175,0,0,240.000,240.000,0.000,0.000
2176,0,0,240.000,240.000,0.000,0.000
2177,0,0,240.000,240.000,0.000,0.000
2178,0,0,240.000,240.000,0.000,0.000
2179,0,0,240.000,240.000,0.000,0.000
2180,0,0,240.000,240.000,0.000,0.000
2181,0,0,240.000,240.000,0.000,0.000
2182,0,0,240.000,240.000,0.000,0.000
2183,0,0,240.000,240.000,0.000,0.000
2184,0,0,240.000,240.000,0.000,0.000
2185,0,0,240.000,240.000,0.000,0.000
2186,0,0,240.000,240.000,0.000,0.000
2187,0,0,240.000,240.000,0.000,0.000
2188,0,0,240.000,240.000,0.000,0.000
2189,0,0,240.000,240.000,0.000,0.000
2190,0,0,247.500,247.500,0.000,0.000
2191,0,0,247.500,247.500,0.000,0.000
2192,0,0,247.500,247.500,0.000,0.000
2193,0,0,247.500,247.500,0.000,0.000
2194,0,0,247.500,247.500,0.000,0.000
2195,0,0,247.500,247.500,0.000,0.000
2196,0,0,247.500,247.500,0.000,0.000
2197,0,0,247.500,247.500,0.000,0.000
2198,0,0,247.500,247.500,0.000,0.000
2199,0,0,247.500,247.500,0.000,0.000
2200,0,0,247.500,247.500,0.000,0.000
2201,0,0,247.500,247.500,0.000,0.000
2202,0,0,247.500,247.500,0.000,0.000
2203,0,0,247.500,247.500,0.000,0.000
2204,0,0,247.500,247.500,0.000,0.000
2205,0,0,247.500,247.500,0.000,0.000
2206,0,0,255.000,255.000,0.000,0.000
2207,0,0,255.000,255.000,0.000,0.000
2208,0,0,255.000,255.000,0.000,0.000
2209,0,0,255.000,255.000,0.000,0.000
2210,0,0,255.000,255.000,0.000,0.000
2211,0,0,255.000,255.000,0.000,0.000
2212,0,0,255.000,255.000,0.000,0.000
2213,0,0,255.000,255.000,0.000,0.000
2214,0,0,255.000,255.000,0.000,0.000
2215,0,0,255.000,255.000,0.000,0.000
2216,0,0,255.000,255.000,0.000,0.000
2217,0,0,255.000,255.000,0.000,0.000
2218,0,0,255.000,255.000,0.000,0.000
2219,0,0,255.000,255.000,0.000,0.000
2220,0,0,255.000,255.000,0.000,0.000
2221,0,0,255.000,255.000,0.000,0.000
2222,0,0,255.000,255.000,0.000,0.000
2223,0,0,255.000,255.000,0.000,0.000
2224,0,0,255.000,255.000,0.000,0.000
2225,0,0,255.000,255.000,0.000,0.000
2226,0,0,255.000,255.000,0.000,0.000
2227,0,0,255.000,255.000,0.000,0.000
2228,0,0,255.000,255.000,0.000,0.000
2229,0,0,255.000,255.000,0.000,0.000
2230,0,0,255.000,255.000,0.000,0.000
2231,0,0,255.000,255.000,0.000,0.000
2232,0,0,255.000,255.000,0.000,0.000
2233,0,0,255.000,255.000,0.000,0.000
2234,0,0,255.000,255.000,0.000,0.000
2235,0,0,262.500,262.500,0.000,0.000
2236,0,0,262.500,262.500,0.000,0.000
2237,0,0,262.500,262.500,0.000,0.000
2238,0,0,262.500,262.500,0.000,0.000
2239,0,0,262.500,262.500,0.000,0.000
2240,0,0,262.500,262.500,0.000,0.000
2241,0,0,262.500,262.500,0.000,0.000
2242,0,0,262.500,262.500,0.000,0.000
2243,0,0,262.500,262.500,0.000,0.000
2244,0,0,262.500,262.500,0.000,0.000
2245,0,0,262.500,262.500,0.000,0.000
2246,0,0,262.500,262.500,0.000,0.000
2247,0,0,262.500,262.500,0.000,0.000
2248,0,0,262.500,262.500,0.000,0.000
2249,0,0,262.500,262.500,0.000,0.000
2250,0,0,262.500,262.500,0.000,0.000
2251,0,0,262.500,262.500,0.000,0.000
2252,0,0,262.500,262.500,0.000,0.000
2253,0,0,262.500,262.500,0.000,0.000
2254,0,0,262.500,262.500,0.000,0.000
2255,0,0,262.500,262.500,0.000,0.000
2256,0,0,262.500,262.500,0.000,0.000
2257,0,0,262.500,262.500,0.000,0.000
2258,0,0,262.500,262.500,0.000,0.000
2259,0,0,262.500,262.500,0.000,0.000
2260,0,0,262.500,262.500,0.000,0.000
2261,0,0,262.500,262.500,0.000,0.000
2262,0,0,262.500,262.500,0.000,0.000
2263,0,0,262.500,262.500,0.000,0.000
2264,0,0,262.500,262.500,0.000,0.000
2265,0,0,270.000,270.000,0.000,0.000
2266,0,0,270.000,270.000,0.000,0.000
2267,0,0,270.000,270.000,0.000,0.000
2268,0,0,270.000,270.000,0.000,0.000
2269,0,0,270.000,270.000,0.000,0.000
2270,0,0,270.000,270.000,0.000,0.000
2271,0,0,270.000,270.000,0.000,0.000
2272,0,0,270.000,270.000,0.000,0.000
2273,0,0,270.000,270.000,0.000,0.000
2274,0,0,270.000,270.000,0.000,0.000
2275,0,0,270.000,270.000,0.000,0.000
2276,0,0,270.000,270.000,0.000,0.000
2277,0,0,270.000,270.000,0.000,0.000
2278,0,0,270.000,270.000,0.000,0.000
2279,0,0,270.000,270.000,0.000,0.000
2280,0,0,270.000,270.000,0.000,0.000
2281,0,0,270.000,270.000,0.000,0.000
2282,0,0,270.000,270.000,0.000,0.000
2283,0,0,270.000,270.000,0.000,0.000
2284,0,0,270.000,270.000,0.000,0.000
2285,0,0,270.000,270.000,0.000,0.000
2286,0,0,270.000,270.000,0.000,0.000
2287,0,0,270.000,270.000,0.000,0.000
2288,0,0,270.000,270.000,0.000,0.000
2289,0,0,270.000,270.000,0.000,0.000
2290,0,0,270.000,270.000,0.000,0.000
2291,0,0,270.000,270.000,0.000,0.000
2292,0,0,270.000,270.000,0.000,0.000
2293,0,0,270.000,270.000,0.000,0.000
2294,0,1,,,,
2295,0,1,,,,
2296,0,1,,,,
2297,0,1,,,,
2298,0,1,,,,
2299,0,1,,,,
2300,0,1,,,,
2301,0,1,,,,
2302,0,1,,,,
2303,0,1,,,,
2304,0,1,,,,
2305,0,1,,,,
2306,0,1,,,,
2307,0,1,,,,
2308,0,1,,,,
2309,0,1,,,,
2310,0,1,,,,
2311,0,1,,,,
2312,0,1,,,,
2313,0,1,,,,
2314,0,1,,,,
2315,0,1,,,,
2316,0,1,,,,
2317,0,1,,,,
2318,0,1,,,,
2319,1,0,285.000,-0.493,327.271,285.493
2320,1,0,285.000,275.423,9.848,9.577
2321,1,0,285.000,276.516,8.537,8.484
2322,1,0,285.000,276.515,8.685,8.485
2323,1,0,285.000,-0.488,318.106,285.488
2324,1,0,285.000,276.511,8.778,8.489
2325,1,0,285.000,276.528,8.697,8.472
2326,1,0,285.000,276.516,8.930,8.484
2327,1,0,285.000,276.518,9.081,8.482
2328,1,0,285.000,12.550,275.037,272.450
2329,1,0,285.000,276.515,8.623,8.485
2330,1,0,285.000,276.516,8.488,8.484
2331,1,0,285.000,9.763,280.269,275.237
2332,1,0,285.000,276.516,8.555,8.484
2333,1,0,285.000,276.515,8.549,8.485
2334,1,0,285.000,9.755,300.117,275.245
2335,1,0,285.000,9.760,277.586,275.240
2336,1,0,285.000,-0.488,302.586,285.488
2337,1,0,285.000,25.359,264.166,259.641
2338,1,0,285.000,4.256,283.889,280.744
2339,1,0,285.000,276.494,9.581,8.506
2340,1,0,285.000,276.521,8.513,8.479
2341,1,0,285.000,2.008,290.169,282.992
2342,1,0,285.000,6.978,297.828,278.022
2343,1,0,292.500,276.516,16.083,15.984
2344,1,0,292.500,6.005,287.583,286.495
2345,1,0,292.500,13.151,282.438,279.349
2346,1,0,292.500,21.022,274.086,271.478
2347,1,0,292.500,276.514,19.014,15.986
2348,1,0,292.500,5.982,289.682,286.518
2349,1,0,292.500,9.763,297.045,282.737
2350,1,0,292.500,9.896,287.792,282.604
2351,1,0,292.500,-0.504,294.590,293.004
2352,1,0,292.500,8.305,286.290,284.195
2353,1,0,292.500,9.763,283.818,282.737
2354,1,0,292.500,283.032,10.112,9.468
2355,1,0,292.500,-0.488,301.743,292.988
2356,1,0,292.500,5.748,291.131,286.752
2357,1,0,292.500,6.045,290.536,286.455
2358,1,0,292.500,-0.487,295.559,292.987
2359,1,0,292.500,277.554,21.334,14.946
2360,1,0,292.500,-0.456,302.025,292.956
2361,1,0,292.500,-0.420,306.204,292.920
2362,1,0,292.500,-0.494,385.502,292.994
2363,1,0,300.000,288.849,16.378,11.151
2364,1,0,300.000,11.283,292.374,288.717
2365,1,0,300.000,-0.493,319.680,300.493
2366,1,0,300.000,9.754,299.260,290.246
2367,1,0,300.000,-0.507,312.660,300.507
2368,1,0,300.000,20.983,300.809,279.017
2369,1,0,300.000,-0.519,329.355,300.519
2370,1,0,300.000,10.158,297.580,289.842
2371,1,0,300.000,6.008,317.049,293.992
2372,1,0,300.000,9.761,290.777,290.239
2373,1,0,300.000,-0.525,326.315,300.525
2374,1,0,300.000,6.008,299.061,293.992
2375,1,0,300.000,-0.490,320.499,300.490
2376,1,0,300.000,-0.478,302.874,300.478
2377,1,0,300.000,8.005,294.189,291.995
2378,1,0,300.000,6.008,299.746,293.992
2379,1,0,300.000,-0.441,312.432,300.441
2380,1,0,300.000,9.763,303.736,290.237
2381,1,0,300.000,6.810,303.185,293.190
2382,1,0,300.000,-0.516,300.630,300.516
2383,1,0,300.000,-0.465,307.696,300.465
2384,1,0,300.000,10.620,291.501,289.380
2385,1,0,300.000,9.748,291.221,290.252
2386,1,0,300.000,-0.494,338.847,300.494
2387,1,0,307.500,-0.489,310.228,307.989
2388,1,0,307.500,-0.539,312.878,308.039
2389,1,0,307.500,6.008,355.126,301.492
2390,1,0,307.500,0.051,326.696,307.449
2391,1,0,307.500,19.698,328.349,287.802
2392,1,0,307.500,9.402,335.365,298.098
2393,1,0,307.500,5.998,330.804,301.502
2394,1,0,307.500,-0.478,308.760,307.978
2395,1,0,307.500,6.013,347.388,301.487
2396,1,0,307.500,13.645,320.211,293.855
2397,1,0,307.500,-0.467,321.012,307.967
2398,1,0,307.500,15.638,309.083,291.862
2399,1,0,307.500,14.647,306.329,292.853
2400,1,0,307.500,-0.492,315.392,307.992
2401,1,0,307.500,6.022,304.868,301.478
2402,1,0,307.500,-0.568,310.197,308.068
2403,1,0,307.500,-0.498,318.587,307.998
2404,1,0,307.500,6.006,315.494,301.494
2405,1,0,307.500,8.094,310.504,299.406
2406,1,0,307.500,-0.505,322.524,308.005
2407,1,0,315.000,284.420,39.091,30.580
2408,1,0,315.000,4.956,328.662,310.044
2409,1,0,315.000,-0.494,400.026,315.494
2410,1,0,315.000,-0.481,354.715,315.481
2411,1,0,315.000,9.723,347.549,305.277
2412,1,0,315.000,-0.515,364.202,315.515
2413,1,0,315.000,9.763,379.092,305.237
2414,1,0,315.000,10.912,351.873,304.088
2415,1,0,315.000,6.008,372.688,308.992
2416,1,0,315.000,12.568,345.184,302.432
2417,1,0,315.000,9.763,361.553,305.237
2418,1,0,315.000,6.009,368.585,308.991
2419,1,0,315.000,-0.490,377.266,315.490
2420,1,0,315.000,-0.471,327.294,315.471
2421,1,0,315.000,6.013,322.349,308.987
2422,1,0,315.000,11.518,319.063,303.482
2423,1,0,315.000,9.760,374.002,305.240
2424,1,0,315.000,1.645,344.196,313.355
2425,1,0,315.000,6.009,407.413,308.991
2426,1,0,315.000,-0.466,346.962,315.466
2427,1,0,315.000,9.763,363.059,305.237
2428,1,0,315.000,-0.493,432.007,315.493
2429,1,0,315.000,3.217,337.345,311.783
2430,1,0,315.000,5.176,314.233,309.824
2431,1,0,322.500,289.941,38.991,32.559
2432,1,0,322.500,287.629,36.323,34.871
2433,1,0,322.500,6.008,345.310,316.492
2434,1,0,322.500,6.008,406.513,316.492
2435,1,0,322.500,-0.493,415.741,322.993
2436,1,0,322.500,-0.493,430.401,322.993
2437,1,0,322.500,9.763,398.450,312.737
2438,1,0,322.500,6.008,376.422,316.492
2439,1,0,322.500,9.763,435.068,312.737
2440,1,0,322.500,-0.493,410.902,322.993
2441,1,0,322.500,5.993,318.891,316.507
2442,1,0,322.500,-0.511,344.694,323.011
2443,1,0,322.500,-0.451,334.778,322.951
2444,1,0,322.500,8.599,392.547,313.901
2445,1,0,322.500,9.884,413.908,312.616
2446,1,0,322.500,-0.494,428.830,322.994
2447,1,0,322.500,-0.488,433.321,322.988
2448,1,0,322.500,5.981,364.316,316.519
2449,1,0,322.500,-0.492,346.041,322.992
2450,1,0,322.500,-0.496,335.045,322.996
2451,1,0,330.000,292.052,39.927,37.948
2452,1,0,330.000,4.553,327.473,325.447
2453,1,0,330.000,6.008,430.327,323.992
2454,1,0,330.000,6.008,442.507,323.992
2455,1,0,330.000,-0.494,426.510,330.494
2456,1,0,330.000,-0.492,453.482,330.492
2457,1,0,330.000,6.008,438.589,323.992
2458,1,0,330.000,-0.494,404.322,330.494
2459,1,0,330.000,-0.486,373.422,330.486
2460,1,0,330.000,6.009,416.389,323.991
2461,1,0,330.000,9.761,439.548,320.239
2462,1,0,330.000,6.008,409.913,323.992
2463,1,0,330.000,-0.481,343.740,330.481
2464,1,0,330.000,-0.494,363.913,330.494
2465,1,0,330.000,5.998,355.892,324.002
2466,1,0,330.000,-0.464,343.252,330.464
2467,1,0,330.000,-0.488,442.736,330.488
2468,1,0,330.000,6.008,446.160,323.992
2469,1,0,330.000,12.303,428.750,317.697
2470,1,0,330.000,9.763,432.221,320.237
2471,1,0,330.000,9.760,417.653,320.240
2472,1,0,330.000,-0.488,453.745,330.488
2473,1,0,330.000,-0.374,345.708,330.374
2474,1,0,330.000,5.986,327.217,324.014
2475,1,0,337.500,-0.490,351.814,337.990
2476,1,0,337.500,301.222,36.438,36.278
2477,1,0,337.500,9.763,362.164,327.737
2478,1,0,337.500,-0.488,410.045,337.988
2479,1,0,337.500,-0.494,427.728,337.994
2480,1,0,337.500,7.517,459.026,329.983
2481,1,0,337.500,9.763,413.653,327.737
2482,1,0,337.500,-0.492,443.886,337.992
2483,1,0,337.500,9.720,429.258,327.780
2484,1,0,337.500,-0.494,450.665,337.994
2485,1,0,337.500,6.008,441.864,331.492
2486,1,0,337.500,-0.493,407.749,337.993
2487,1,0,337.500,6.008,376.641,331.492
2488,1,0,337.500,9.763,482.977,327.737
2489,1,0,337.500,6.008,432.559,331.492
2490,1,0,337.500,9.763,449.824,327.737
2491,1,0,337.500,-0.494,374.955,337.994
2492,1,0,337.500,-0.255,372.688,337.755
2493,1,0,337.500,-0.488,354.406,337.988
2494,1,0,337.500,-0.493,455.805,337.993
2495,1,0,345.000,-0.496,356.666,345.496
2496,1,0,345.000,6.008,372.586,338.992
2497,1,0,345.000,-0.501,370.722,345.501
2498,1,0,345.000,9.041,363.060,335.959
2499,1,0,345.000,6.009,406.589,338.991
2500,1,0,345.000,6.008,410.342,338.992
2501,1,0,345.000,-0.488,414.248,345.488
2502,1,0,345.000,6.008,378.192,338.992
2503,1,0,345.000,-0.494,415.337,345.494
2504,1,0,345.000,-0.494,436.095,345.494
2505,1,0,345.000,6.008,383.581,338.992
2506,1,0,345.000,6.008,366.046,338.992
2507,1,0,345.000,6.008,386.737,338.992
2508,1,0,345.000,21.023,433.718,323.977
2509,1,0,345.000,6.008,405.601,338.992
2510,1,0,345.000,9.760,421.336,335.240
2511,1,0,345.000,-0.493,394.726,345.493
2512,1,0,345.000,6.185,429.040,338.815
2513,1,0,345.000,21.021,415.129,323.979
2514,1,0,345.000,-0.495,437.640,345.495
2515,1,0,345.000,-0.488,415.593,345.488
2516,1,0,345.000,-0.459,364.658,345.459
2517,1,0,345.000,-0.501,355.895,345.501
2518,1,0,345.000,-0.501,363.658,345.501
2519,1,0,352.500,6.008,370.808,346.492
2520,1,0,352.500,9.763,345.079,342.737
2521,1,0,352.500,-0.476,363.132,352.976
2522,1,0,352.500,-0.539,358.844,353.039
2523,1,0,352.500,-0.567,382.173,353.067
2524,1,0,352.500,9.737,401.901,342.763
2525,1,0,352.500,6.012,352.991,346.488
2526,1,0,352.500,12.536,368.646,339.964
2527,1,0,352.500,-0.454,361.948,352.954
2528,1,0,352.500,-0.472,353.888,352.972
2529,1,0,352.500,6.019,354.519,346.481
2530,1,0,352.500,-0.493,455.121,352.993
2531,1,0,352.500,-0.501,401.958,353.001
2532,1,0,352.500,6.025,404.948,346.475
2533,1,0,352.500,-0.491,387.718,352.991
2534,1,0,352.500,-0.497,386.645,352.997
2535,1,0,352.500,5.967,352.311,346.533
2536,1,0,352.500,19.804,333.933,332.696
2537,1,0,352.500,-0.493,385.957,352.993
2538,1,0,352.500,-0.490,496.387,352.990
2539,1,0,360.000,9.763,405.692,350.237
2540,1,0,360.000,-0.494,364.505,360.494
2541,1,0,360.000,-0.488,371.747,360.488
2542,1,0,360.000,-0.494,361.538,360.494
2543,1,0,360.000,-0.490,362.317,360.490
2544,1,0,360.000,14.110,361.207,345.890
2545,1,0,360.000,-0.477,364.431,360.477
2546,1,0,360.000,6.015,367.717,353.985
2547,1,0,360.000,6.009,360.611,353.991
2548,1,0,360.000,-0.494,361.622,360.494
2549,1,0,360.000,5.996,360.442,354.004
2550,1,0,360.000,-0.532,371.154,360.532
2551,1,0,360.000,-0.494,445.195,360.494
2552,1,0,360.000,9.784,391.685,350.216
2553,1,0,360.000,6.008,467.410,353.992
2554,1,0,360.000,-0.488,449.972,360.488
2555,1,0,360.000,-0.490,361.402,360.490
2556,1,0,360.000,-0.575,365.786,360.575
2557,1,0,360.000,1.502,359.319,358.498
2558,1,0,360.000,6.008,367.602,353.992
2559,1,0,360.000,9.202,354.586,350.798
2560,1,0,360.000,16.462,345.715,343.538
2561,1,0,360.000,6.014,360.143,353.986
2562,1,0,360.000,1.343,399.446,358.657
2563,1,0,367.500,6.008,399.107,361.492
2564,1,0,367.500,-0.488,393.512,367.988
2565,1,0,367.500,-0.494,395.583,367.994
2566,1,0,367.500,9.764,360.120,357.736
2567,1,0,367.500,-0.525,388.355,368.025
2568,1,0,367.500,15.570,388.453,351.930
2569,1,0,367.500,-0.493,428.763,367.993
2570,1,0,367.500,6.008,375.128,361.492
2571,1,0,367.500,6.008,407.348,361.492
2572,1,0,367.500,9.763,374.691,357.737
2573,1,0,367.500,6.024,405.394,361.476
2574,1,0,367.500,6.008,458.224,361.492
2575,1,0,367.500,6.029,378.838,361.471
2576,1,0,367.500,6.015,377.136,361.485
2577,1,0,367.500,11.161,359.249,356.339
2578,1,0,367.500,-0.474,397.184,367.974
2579,1,0,367.500,9.778,359.153,357.722
2580,1,0,367.500,-0.509,392.013,368.009
2581,1,0,367.500,5.445,447.783,362.055
2582,1,0,367.500,6.008,707.503,361.492
2583,1,0,375.000,9.763,490.049,365.237
2584,1,0,375.000,6.008,447.021,368.992
2585,1,0,375.000,-0.488,419.033,375.488
2586,1,0,375.000,9.675,417.742,365.325
2587,1,0,375.000,-0.493,460.111,375.493
2588,1,0,375.000,-0.493,379.746,375.493
2589,1,0,375.000,12.108,398.878,362.892
2590,1,0,375.000,-0.519,426.907,375.519
2591,1,0,375.000,-0.493,488.517,375.493
2592,1,0,375.000,-0.491,428.824,375.491
2593,1,0,375.000,-0.494,486.726,375.494
2594,1,0,375.000,6.008,445.309,368.992
2595,1,0,375.000,-0.490,386.432,375.490
2596,1,0,375.000,-0.494,380.058,375.494
2597,1,0,375.000,4.622,408.491,370.378
2598,1,0,375.000,14.757,388.394,360.243
2599,1,0,375.000,9.763,400.725,365.237
2600,1,0,375.000,4.697,397.745,370.303
2601,1,0,375.000,-0.494,445.210,375.494
2602,1,0,375.000,-0.489,384.753,375.489
2603,1,0,375.000,12.526,392.998,362.474
2604,1,0,375.000,9.725,399.423,365.275
2605,1,0,375.000,-0.494,437.398,375.494
2606,1,0,375.000,6.009,625.951,368.991
2607,1,0,382.500,-0.493,443.142,382.993
2608,1,0,382.500,-0.493,469.674,382.993
2609,1,0,382.500,6.008,414.274,376.492
2610,1,0,382.500,5.652,438.484,376.848
2611,1,0,382.500,6.008,399.643,376.492
2612,1,0,382.500,6.008,450.981,376.492
2613,1,0,382.500,9.468,401.660,373.032
2614,1,0,382.500,14.608,410.238,367.892
2615,1,0,382.500,9.813,415.318,372.687
2616,1,0,382.500,-0.492,406.201,382.992
2617,1,0,382.500,3.566,385.078,378.934
2618,1,0,382.500,6.008,379.280,376.492
2619,1,0,382.500,6.008,396.423,376.492
2620,1,0,382.500,21.022,426.469,361.478
2621,1,0,382.500,-0.488,420.644,382.988
2622,1,0,382.500,6.008,415.612,376.492
2623,1,0,382.500,6.008,420.740,376.492
2624,1,0,382.500,-0.475,434.012,382.975
2625,1,0,382.500,5.985,457.699,376.515
2626,1,0,382.500,9.763,473.391,372.737
2627,1,0,390.000,-0.488,429.312,390.488
2628,1,0,390.000,-0.488,424.208,390.488
2629,1,0,390.000,20.576,386.050,369.424
2630,1,0,390.000,11.344,408.608,378.656
2631,1,0,390.000,6.008,458.640,383.992
2632,1,0,390.000,-0.378,395.583,390.378
2633,1,0,390.000,-0.482,428.277,390.482
2634,1,0,390.000,6.008,387.318,383.992
2635,1,0,390.000,6.008,392.638,383.992
2636,1,0,390.000,-0.493,396.804,390.493
2637,1,0,390.000,-0.493,406.698,390.493
2638,1,0,390.000,8.964,387.399,381.036
2639,1,0,390.000,6.002,393.682,383.998
2640,1,0,390.000,-0.489,423.090,390.489
2641,1,0,390.000,9.714,413.710,380.286
2642,1,0,390.000,6.008,426.247,383.992
2643,1,0,390.000,-0.490,417.757,390.490
2644,1,0,390.000,-0.388,426.590,390.388
2645,1,0,390.000,-0.470,451.325,390.470
2646,1,0,390.000,-0.493,398.235,390.493
2647,1,0,390.000,-0.483,420.679,390.483
2648,1,0,390.000,5.945,409.444,384.055
2649,1,0,390.000,4.147,420.333,385.853
2650,1,0,390.000,21.022,415.962,368.978
2651,1,0,397.500,-0.493,421.567,397.993
2652,1,0,397.500,-0.488,415.239,397.988
2653,1,0,397.500,6.008,402.289,391.492
2654,1,0,397.500,-0.481,411.751,397.981
2655,1,0,397.500,8.452,392.595,389.048
2656,1,0,397.500,20.304,401.898,377.196
2657,1,0,397.500,-0.478,411.745,397.978
2658,1,0,397.500,6.008,395.799,391.492
2659,1,0,397.500,6.012,396.914,391.488
2660,1,0,397.500,6.008,435.341,391.492
2661,1,0,397.500,6.034,408.033,391.466
2662,1,0,397.500,9.763,422.441,387.737
2663,1,0,397.500,-0.493,470.202,397.993
2664,1,0,397.500,-0.488,427.989,397.988
2665,1,0,397.500,-0.488,421.295,397.988
2666,1,0,397.500,6.034,401.457,391.466
2667,1,0,397.500,-0.444,420.639,397.944
2668,1,0,397.500,9.761,401.948,387.739
2669,1,0,397.500,-0.494,428.991,397.994
2670,1,0,397.500,-0.526,427.515,398.026
2671,1,0,405.000,14.562,396.919,390.438
2672,1,0,405.000,9.801,401.644,395.199
2673,1,0,405.000,-0.490,411.723,405.490
2674,1,0,405.000,-0.484,419.588,405.484
2675,1,0,405.000,9.760,406.206,395.240
2676,1,0,405.000,9.763,395.934,395.237
2677,1,0,405.000,9.743,397.603,395.257
2678,1,0,405.000,-0.493,441.221,405.493
2679,1,0,405.000,-0.490,474.052,405.490
2680,1,0,405.000,1.772,404.893,403.228
2681,1,0,405.000,6.005,402.748,398.995
2682,1,0,405.000,5.811,408.675,399.189
2683,1,0,405.000,12.023,404.917,392.977
2684,1,0,405.000,5.983,420.375,399.017
2685,1,0,405.000,13.099,416.625,391.901
2686,1,0,405.000,-0.466,420.798,405.466
2687,1,0,405.000,12.499,401.259,392.501
2688,1,0,405.000,9.612,397.055,395.388
2689,1,0,405.000,19.222,401.553,385.778
2690,1,0,412.500,6.008,424.700,406.492
2691,1,0,412.500,-0.493,423.895,412.993
2692,1,0,412.500,6.016,407.749,406.484
2693,1,0,412.500,-0.510,422.799,413.010
2694,1,0,412.500,6.008,452.988,406.492
2695,1,0,412.500,-0.514,431.473,413.014
2696,1,0,412.500,7.112,418.169,405.388
2697,1,0,412.500,0.075,432.418,412.425
2698,1,0,412.500,16.278,411.810,396.222
2699,1,0,412.500,9.763,425.751,402.737
2700,1,0,420.000,-0.494,456.189,420.494
2701,1,0,420.000,21.022,401.475,398.978
2702,1,0,420.000,6.196,418.715,413.804
2703,1,0,420.000,5.996,415.746,414.004
2704,1,0,420.000,6.004,415.139,413.996
2705,1,0,420.000,-0.389,429.988,420.389
2706,1,0,420.000,9.765,429.375,410.235
2707,1,0,420.000,6.002,422.572,413.998
2708,1,0,420.000,7.313,416.764,412.687
2709,1,0,420.000,6.025,416.132,413.975
2710,1,0,420.000,-0.498,449.750,420.498
2711,1,0,420.000,-0.474,454.403,420.474
2712,1,0,420.000,-0.493,464.330,420.493
2713,1,0,420.000,19.428,402.794,400.572
2714,1,0,420.000,9.763,410.745,410.237
2715,1,0,420.000,9.763,424.925,410.237
2716,1,0,420.000,12.151,421.844,407.849
2717,1,0,420.000,-0.357,433.451,420.357
2718,1,0,420.000,6.401,426.935,413.599
2719,1,0,420.000,6.912,421.112,413.088
2720,1,0,420.000,7.409,433.433,412.591
2721,1,0,420.000,9.824,423.165,410.176
2722,1,0,420.000,10.483,419.160,409.517
2723,1,0,420.000,-0.455,422.249,420.455
2724,1,0,420.000,9.703,412.502,410.297
2725,1,0,420.000,10.831,410.471,409.169
2726,1,0,420.000,-0.503,425.462,420.503
2727,1,0,420.000,2.387,434.597,417.613
2728,1,0,420.000,1.558,422.698,418.442
2729,1,0,427.500,-0.493,432.506,427.993
2730,1,0,427.500,14.237,416.593,413.263
2731,1,0,427.500,-0.488,444.732,427.988
2732,1,0,427.500,5.328,433.135,422.172
2733,1,0,427.500,9.763,428.680,417.737
2734,1,0,427.500,5.955,425.785,421.545
2735,1,0,427.500,6.021,431.410,421.479
2736,1,0,427.500,6.034,466.916,421.466
2737,1,0,427.500,6.010,435.453,421.490
2738,1,0,427.500,9.743,420.228,417.757
2739,1,0,427.500,6.028,435.797,421.472
2740,1,0,427.500,5.949,425.700,421.551
2741,1,0,427.500,6.008,435.160,421.492
2742,1,0,427.500,10.736,428.503,416.764
2743,1,0,427.500,-0.493,457.275,427.993
2744,1,0,427.500,5.965,432.444,421.535
2745,1,0,427.500,5.139,507.445,422.361
2746,1,0,427.500,-0.480,448.789,427.980
2747,1,0,427.500,15.347,429.874,412.153
2748,1,0,427.500,11.304,420.817,416.196
2749,1,0,427.500,-0.509,431.219,428.009
2750,1,0,427.500,-0.496,435.300,427.996
2751,1,0,427.500,-0.640,439.589,428.140
2752,1,0,427.500,9.757,425.027,417.743
2753,1,0,427.500,9.261,432.813,418.239
2754,1,0,427.500,5.982,423.318,421.518
2755,1,0,427.500,24.887,404.767,402.613
2756,1,0,427.500,283.049,144.662,144.451
2757,1,0,427.500,8.060,422.280,419.440
2758,1,0,427.500,6.010,422.777,421.490
2759,1,0,435.000,-0.494,446.614,435.494
2760,1,0,435.000,-0.498,440.822,435.498
2761,1,0,435.000,14.630,438.162,420.370
2762,1,0,435.000,15.643,437.716,419.357
2763,1,0,435.000,0.092,449.875,434.908
2764,1,0,435.000,16.091,432.495,418.909
2765,1,0,435.000,6.008,477.621,428.992
2766,1,0,435.000,9.797,449.966,425.203
2767,1,0,435.000,9.767,445.578,425.233
2768,1,0,435.000,-0.479,447.369,435.479
2769,1,0,435.000,9.120,431.408,425.880
2770,1,0,435.000,5.846,434.183,429.154
2771,1,0,435.000,19.544,416.788,415.456
2772,1,0,435.000,6.420,430.175,428.580
2773,1,0,435.000,14.281,433.823,420.719
2774,1,0,435.000,-0.487,445.625,435.487
2775,1,0,435.000,9.827,451.474,425.173
2776,1,0,435.000,-0.498,456.492,435.498
2777,1,0,435.000,-0.458,444.813,435.458
2778,1,0,435.000,-0.489,439.857,435.489
2779,1,0,435.000,-0.535,436.315,435.535
2780,1,0,435.000,6.017,430.012,428.983
2781,1,0,435.000,7.187,430.891,427.813
2782,1,0,435.000,-0.465,437.672,435.465
2783,1,0,435.000,16.335,422.242,418.665
2784,1,0,435.000,9.705,440.778,425.295
2785,1,0,435.000,12.342,427.951,422.658
2786,1,0,435.000,8.658,428.094,426.342
2787,1,0,435.000,-0.488,445.617,435.488
2788,1,0,442.500,6.008,449.663,436.492
2789,1,0,442.500,9.752,449.125,432.748
2790,1,0,442.500,17.090,442.063,425.410
2791,1,0,442.500,-0.456,447.095,442.956
2792,1,0,442.500,-0.497,449.421,442.997
2793,1,0,442.500,-0.460,448.602,442.960
2794,1,0,442.500,11.568,444.741,430.932
2795,1,0,442.500,-0.510,472.779,443.010
2796,1,0,442.500,5.986,468.717,436.514
2797,1,0,442.500,-0.486,461.865,442.986
2798,1,0,442.500,5.995,450.866,436.505
2799,1,0,442.500,0.300,445.575,442.200
2800,1,0,442.500,18.895,439.527,423.605
2801,1,0,442.500,-0.476,455.273,442.976
2802,1,0,442.500,9.751,445.484,432.749
2803,1,0,442.500,9.763,441.659,432.737
2804,1,0,442.500,18.759,464.771,423.741
2805,1,0,442.500,12.529,445.127,429.971
2806,1,0,442.500,5.991,449.925,436.509
2807,1,0,442.500,-0.468,454.612,442.968
2808,1,0,442.500,-0.506,444.649,443.006
2809,1,0,442.500,-0.488,444.591,442.988
2810,1,0,442.500,7.636,434.864,434.864
2811,1,0,442.500,6.046,439.929,436.454
2812,1,0,442.500,-0.584,444.881,443.084
2813,1,0,442.500,16.948,426.625,425.552
2814,1,0,442.500,-0.255,446.220,442.755
2815,1,0,442.500,17.521,442.892,424.979
2816,1,0,442.500,17.317,465.329,425.183
2817,1,0,442.500,5.998,474.785,436.502
2818,1,0,450.000,300.789,155.971,149.211
2819,1,0,450.000,11.781,449.772,438.219
2820,1,0,450.000,19.101,435.543,430.899
2821,1,0,450.000,5.424,445.516,444.576
2822,1,0,450.000,6.008,449.892,443.992
2823,1,0,450.000,-0.478,463.077,450.478
2824,1,0,450.000,-0.486,461.825,450.486
2825,1,0,450.000,14.860,437.548,435.140
2826,1,0,450.000,-0.519,450.954,450.519
2827,1,0,450.000,9.763,441.201,440.237
2828,1,0,450.000,-0.489,453.413,450.489
2829,1,0,450.000,6.332,452.400,443.668
2830,1,0,450.000,6.050,451.543,443.950
2831,1,0,450.000,7.831,446.543,442.169
2832,1,0,450.000,9.757,441.310,440.243
2833,1,0,450.000,-0.479,454.399,450.479
2834,1,0,450.000,14.003,453.133,435.997
2835,1,0,450.000,5.864,456.758,444.136
2836,1,0,450.000,15.542,456.943,434.458
2837,1,0,450.000,-0.493,451.434,450.493
2838,1,0,450.000,-0.467,452.834,450.467
2839,1,0,450.000,9.822,443.934,440.178
2840,1,0,450.000,8.013,457.721,441.987
2841,1,0,450.000,16.520,435.192,433.480
2842,1,0,450.000,6.202,444.373,443.798
2843,1,0,450.000,6.025,453.089,443.975
2844,1,0,450.000,9.814,451.517,440.186
2845,1,0,450.000,8.928,443.663,441.072
2846,1,0,450.000,6.008,508.499,443.992
2847,1,0,457.500,9.760,476.068,447.740
2848,1,0,457.500,10.319,453.737,447.181
2849,1,0,457.500,12.515,449.918,444.985
2850,1,0,457.500,19.136,471.644,438.364
2851,1,0,457.500,21.022,456.000,436.478
2852,1,0,457.500,16.285,451.381,441.215
2853,1,0,457.500,12.500,456.229,445.000
2854,1,0,457.500,-0.489,472.903,457.989
2855,1,0,457.500,283.016,176.350,174.484
2856,1,0,457.500,6.007,457.674,451.493
2857,1,0,457.500,6.029,464.278,451.471
2858,1,0,457.500,-0.488,467.342,457.988
2859,1,0,457.500,6.008,452.884,451.492
2860,1,0,457.500,8.549,457.781,448.951
2861,1,0,457.500,9.764,466.068,447.736
2862,1,0,457.500,-0.500,474.500,458.000
2863,1,0,457.500,20.077,442.780,437.423
2864,1,0,457.500,13.386,446.891,444.114
2865,1,0,457.500,298.031,163.129,159.469
2866,1,0,457.500,15.959,451.174,441.541
2867,1,0,457.500,286.771,170.981,170.729
2868,1,0,457.500,-0.491,461.666,457.991
2869,1,0,457.500,21.795,438.750,435.705
2870,1,0,457.500,3.965,462.179,453.535
2871,1,0,457.500,8.516,454.200,448.984
2872,1,0,457.500,16.267,445.056,441.233
2873,1,0,457.500,27.815,438.386,429.685
2874,1,0,457.500,6.008,458.442,451.492
2875,1,0,457.500,11.722,465.496,445.778
2876,1,0,457.500,6.008,462.856,451.492
2877,1,0,465.000,13.531,471.961,451.469
2878,1,0,465.000,7.665,462.781,457.335
2879,1,0,465.000,7.118,494.941,457.882
2880,1,0,465.000,13.526,471.261,451.474
2881,1,0,465.000,-0.488,484.270,465.488
2882,1,0,465.000,13.517,466.328,451.483
2883,1,0,465.000,-0.483,487.397,465.483
2884,1,0,465.000,14.770,459.190,450.230
2885,1,0,465.000,-0.483,477.450,465.483
2886,1,0,465.000,23.724,451.470,441.276
2887,1,0,465.000,4.612,496.361,460.388
2888,1,0,465.000,-0.486,491.173,465.486
2889,1,0,465.000,10.370,459.166,454.630
2890,1,0,465.000,19.625,468.954,445.375
2891,1,0,465.000,22.636,454.761,442.364
2892,0,0,-0.000,-0.000,0.000,0.000
2893,0,0,-0.000,-0.000,0.000,0.000
2894,0,0,-0.000,-0.000,0.000,0.000
2895,0,0,-0.000,-0.000,0.000,0.000
2896,0,0,-0.000,-0.000,0.000,0.000
2897,0,0,-0.000,-0.000,0.000,0.000
2898,0,0,-0.000,-0.000,0.000,0.000
2899,0,0,15.000,15.000,0.000,0.000
2900,0,0,15.000,15.000,0.000,0.000
2901,0,0,15.000,15.000,0.000,0.000
2902,0,0,15.000,15.000,0.000,0.000
2903,0,0,15.000,15.000,0.000,0.000
2904,0,0,15.000,15.000,0.000,0.000
2905,0,0,15.000,15.000,0.000,0.000
2906,0,0,15.000,15.000,0.000,0.000
2907,0,0,15.000,15.000,0.000,0.000
2908,0,0,15.000,15.000,0.000,0.000
2909,0,0,15.000,15.000,0.000,0.000
2910,0,0,15.000,15.000,0.000,0.000
2911,0,0,15.000,15.000,0.000,0.000
2912,0,0,15.000,15.000,0.000,0.000
2913,0,0,22.500,22.500,0.000,0.000
2914,0,0,22.500,22.500,0.000,0.000
2915,0,0,22.500,22.500,0.000,0.000
2916,0,0,22.500,22.500,0.000,0.000
2917,0,0,22.500,22.500,0.000,0.000
2918,0,0,22.500,22.500,0.000,0.000
2919,0,0,22.500,22.500,0.000,0.000
2920,0,0,22.500,22.500,0.000,0.000
2921,0,0,22.500,22.500,0.000,0.000
2922,0,0,22.500,22.500,0.000,0.000
2923,0,0,22.500,22.500,0.000,0.000
2924,0,0,22.500,22.500,0.000,0.000
2925,0,0,22.500,22.500,0.000,0.000
2926,0,0,22.500,22.500,0.000,0.000
2927,0,0,22.500,22.500,0.000,0.000
2928,0,0,30.000,30.000,0.000,0.000
2929,0,0,30.000,30.000,0.000,0.000
2930,0,0,30.000,30.000,0.000,0.000
2931,0,0,30.000,30.000,0.000,0.000
2932,0,0,30.000,30.000,0.000,0.000
2933,0,0,30.000,30.000,0.000,0.000
2934,0,0,30.000,30.000,0.000,0.000
2935,0,0,30.000,30.000,0.000,0.000
2936,0,0,30.000,30.000,0.000,0.000
2937,0,0,30.000,30.000,0.000,0.000
2938,0,0,30.000,30.000,0.000,0.000
2939,0,0,30.000,30.000,0.000,0.000
2940,0,0,30.000,30.000,0.000,0.000
2941,0,0,30.000,30.000,0.000,0.000
2942,0,0,37.500,37.500,0.000,0.000
2943,0,0,37.500,37.500,0.000,0.000
2944,0,0,37.500,37.500,0.000,0.000
2945,0,0,37.500,37.500,0.000,0.000
2946,0,0,37.500,37.500,0.000,0.000
2947,0,0,37.500,37.500,0.000,0.000
2948,0,0,37.500,37.500,0.000,0.000
2949,0,0,37.500,37.500,0.000,0.000
2950,0,0,37.500,37.500,0.000,0.000
2951,0,0,37.500,37.500,0.000,0.000
2952,0,0,37.500,37.500,0.000,0.000
2953,0,0,37.500,37.500,0.000,0.000
2954,0,0,37.500,37.500,0.000,0.000
2955,0,0,37.500,37.500,0.000,0.000
2956,0,0,37.500,37.500,0.000,0.000
2957,0,0,45.000,45.000,0.000,0.000
2958,0,0,45.000,45.000,0.000,0.000
2959,0,0,45.000,45.000,0.000,0.000
2960,0,0,45.000,45.000,0.000,0.000
2961,0,0,45.000,45.000,0.000,0.000
2962,0,0,45.000,45.000,0.000,0.000
2963,0,0,45.000,45.000,0.000,0.000
2964,0,0,45.000,45.000,0.000,0.000
2965,0,0,45.000,45.000,0.000,0.000
2966,0,0,45.000,45.000,0.000,0.000
2967,0,0,45.000,45.000,0.000,0.000
2968,0,0,45.000,45.000,0.000,0.000
2969,0,0,45.000,45.000,0.000,0.000
2970,0,0,45.000,45.000,0.000,0.000
2971,0,0,52.500,52.500,0.000,0.000
2972,0,0,52.500,52.500,0.000,0.000
2973,0,0,52.500,52.500,0.000,0.000
2974,0,0,52.500,52.500,0.000,0.000
2975,0,0,52.500,52.500,0.000,0.000
2976,0,0,52.500,52.500,0.000,0.000
2977,0,0,52.500,52.500,0.000,0.000
2978,0,0,52.500,52.500,0.000,0.000
2979,0,0,52.500,52.500,0.000,0.000
2980,0,0,52.500,52.500,0.000,0.000
2981,0,0,52.500,52.500,0.000,0.000
2982,0,0,60.000,60.000,0.000,0.000
2983,0,0,60.000,60.000,0.000,0.000
2984,0,0,60.000,60.000,0.000,0.000
2985,0,0,60.000,60.000,0.000,0.000
2986,0,0,60.000,60.000,0.000,0.000
2987,0,0,60.000,60.000,0.000,0.000
2988,0,0,60.000,60.000,0.000,0.000
2989,0,0,60.000,60.000,0.000,0.000
2990,0,0,60.000,60.000,0.000,0.000
2991,0,0,60.000,60.000,0.000,0.000
2992,0,0,67.500,67.500,0.000,0.000
2993,0,0,67.500,67.500,0.000,0.000
2994,0,0,67.500,67.500,0.000,0.000
2995,0,0,67.500,67.500,0.000,0.000
2996,0,0,67.500,67.500,0.000,0.000
2997,0,0,67.500,67.500,0.000,0.000
2998,0,0,67.500,67.500,0.000,0.000
2999,0,0,67.500,67.500,0.000,0.000
3000,0,0,67.500,67.500,0.000,0.000
3001,0,0,67.500,67.500,0.000,0.000
3002,0,0,67.500,67.500,0.000,0.000
3003,0,0,67.500,67.500,0.000,0.000
3004,0,0,67.500,67.500,0.000,0.000
3005,0,0,75.000,75.000,0.000,0.000
3006,0,0,75.000,75.000,0.000,0.000
3007,0,0,75.000,75.000,0.000,0.000
3008,0,0,75.000,75.000,0.000,0.000
3009,0,0,75.000,75.000,0.000,0.000
3010,0,0,75.000,75.000,0.000,0.000
3011,0,0,75.000,75.000,0.000,0.000
3012,0,0,75.000,75.000,0.000,0.000
3013,0,0,75.000,75.000,0.000,0.000
3014,0,0,75.000,75.000,0.000,0.000
3015,0,0,82.500,82.500,0.000,0.000
3016,0,0,82.500,82.500,0.000,0.000
3017,0,0,82.500,82.500,0.000,0.000
3018,0,0,82.500,82.500,0.000,0.000
3019,0,0,82.500,82.500,0.000,0.000
3020,0,0,82.500,82.500,0.000,0.000
3021,0,0,82.500,82.500,0.000,0.000
3022,0,0,82.500,82.500,0.000,0.000
3023,0,0,82.500,82.500,0.000,0.000
3024,0,0,82.500,82.500,0.000,0.000
3025,0,0,82.500,82.500,0.000,0.000
3026,0,0,82.500,82.500,0.000,0.000
3027,0,0,82.500,82.500,0.000,0.000
3028,0,0,90.000,90.000,0.000,0.000
3029,0,0,90.000,90.000,0.000,0.000
3030,0,0,90.000,90.000,0.000,0.000
3031,0,0,90.000,90.000,0.000,0.000
3032,0,0,90.000,90.000,0.000,0.000
3033,0,0,90.000,90.000,0.000,0.000
3034,0,0,90.000,90.000,0.000,0.000
3035,0,0,90.000,90.000,0.000,0.000
3036,0,0,90.000,90.000,0.000,0.000
3037,0,0,90.000,90.000,0.000,0.000
3038,0,0,97.500,97.500,0.000,0.000
3039,0,0,97.500,97.500,0.000,0.000
3040,0,0,97.500,97.500,0.000,0.000
3041,0,0,97.500,97.500,0.000,0.000
3042,0,0,97.500,97.500,0.000,0.000
3043,0,0,97.500,97.500,0.000,0.000
3044,0,0,97.500,97.500,0.000,0.000
3045,0,0,97.500,97.500,0.000,0.000
3046,0,0,97.500,97.500,0.000,0.000
3047,0,0,97.500,97.500,0.000,0.000
3048,0,0,97.500,97.500,0.000,0.000
3049,0,0,97.500,97.500,0.000,0.000
3050,0,0,97.500,97.500,0.000,0.000
3051,0,0,105.000,105.000,0.000,0.000
3052,0,0,105.000,105.000,0.000,0.000
3053,0,0,105.000,105.000,0.000,0.000
3054,0,0,105.000,105.000,0.000,0.000
3055,0,0,105.000,105.000,0.000,0.000
3056,0,0,105.000,105.000,0.000,0.000
3057,0,0,105.000,105.000,0.000,0.000
3058,0,0,105.000,105.000,0.000,0.000
3059,0,0,105.000,105.000,0.000,0.000
3060,0,0,105.000,105.000,0.000,0.000
3061,0,0,112.500,112.500,0.000,0.000
3062,0,0,112.500,112.500,0.000,0.000
3063,0,0,112.500,112.500,0.000,0.000
3064,0,0,112.500,112.500,0.000,0.000
3065,0,0,112.500,112.500,0.000,0.000
3066,0,0,112.500,112.500,0.000,0.000
3067,0,0,112.500,112.500,0.000,0.000
3068,0,0,112.500,112.500,0.000,0.000
3069,0,0,112.500,112.500,0.000,0.000
3070,0,0,112.500,112.500,0.000,0.000
3071,0,0,112.500,112.500,0.000,0.000
3072,0,0,112.500,112.500,0.000,0.000
3073,0,0,112.500,112.500,0.000,0.000
3074,0,0,120.000,120.000,0.000,0.000
3075,0,0,120.000,120.000,0.000,0.000
3076,0,0,120.000,120.000,0.000,0.000
3077,0,0,120.000,120.000,0.000,0.000
3078,0,0,120.000,120.000,0.000,0.000
3079,0,0,120.000,120.000,0.000,0.000
3080,0,0,120.000,120.000,0.000,0.000
3081,0,0,120.000,120.000,0.000,0.000
3082,0,0,120.000,120.000,0.000,0.000
3083,0,0,120.000,120.000,0.000,0.000
3084,0,0,127.500,127.500,0.000,0.000
3085,0,0,127.500,127.500,0.000,0.000
3086,0,0,127.500,127.500,0.000,0.000
3087,0,0,127.500,127.500,0.000,0.000
3088,0,0,127.500,127.500,0.000,0.000
3089,0,0,127.500,127.500,0.000,0.000
3090,0,0,127.500,127.500,0.000,0.000
3091,0,0,127.500,127.500,0.000,0.000
3092,0,0,127.500,127.500,0.000,0.000
3093,0,0,127.500,127.500,0.000,0.000
3094,0,0,127.500,127.500,0.000,0.000
3095,0,0,127.500,127.500,0.000,0.000
3096,0,0,127.500,127.500,0.000,0.000
3097,0,0,135.000,135.000,0.000,0.000
3098,0,0,135.000,135.000,0.000,0.000
3099,0,0,135.000,135.000,0.000,0.000
3100,0,0,135.000,135.000,0.000,0.000
3101,0,0,135.000,135.000,0.000,0.000
3102,0,0,135.000,135.000,0.000,0.000
3103,0,0,135.000,135.000,0.000,0.000
3104,0,0,135.000,135.000,0.000,0.000
3105,0,0,135.000,135.000,0.000,0.000
3106,0,0,135.000,135.000,0.000,0.000
3107,0,0,142.500,142.500,0.000,0.000
3108,0,0,142.500,142.500,0.000,0.000
3109,0,0,142.500,142.500,0.000,0.000
3110,0,0,142.500,142.500,0.000,0.000
3111,0,0,142.500,142.500,0.000,0.000
3112,0,0,142.500,142.500,0.000,0.000
3113,0,0,142.500,142.500,0.000,0.000
3114,0,0,142.500,142.500,0.000,0.000
3115,0,0,142.500,142.500,0.000,0.000
3116,0,0,142.500,142.500,0.000,0.000
3117,0,0,142.500,142.500,0.000,0.000
3118,0,0,142.500,142.500,0.000,0.000
3119,0,0,142.500,142.500,0.000,0.000
3120,0,0,150.000,150.000,0.000,0.000
3121,0,0,150.000,150.000,0.000,0.000
3122,0,0,150.000,150.000,0.000,0.000
3123,0,0,150.000,150.000,0.000,0.000
3124,0,0,150.000,150.000,0.000,0.000
3125,0,0,150.000,150.000,0.000,0.000
3126,0,0,150.000,150.000,0.000,0.000
3127,0,0,150.000,150.000,0.000,0.000
3128,0,0,150.000,150.000,0.000,0.000
3129,0,0,150.000,150.000,0.000,0.000
3130,0,0,157.500,157.500,0.000,0.000
3131,0,0,157.500,157.500,0.000,0.000
3132,0,0,157.500,157.500,0.000,0.000
3133,0,0,157.500,157.500,0.000,0.000
3134,0,0,157.500,157.500,0.000,0.000
3135,0,0,157.500,157.500,0.000,0.000
3136,0,0,157.500,157.500,0.000,0.000
3137,0,0,157.500,157.500,0.000,0.000
3138,0,0,157.500,157.500,0.000,0.000
3139,0,0,157.500,157.500,0.000,0.000
3140,0,0,157.500,157.500,0.000,0.000
3141,0,0,157.500,157.500,0.000,0.000
3142,0,0,157.500,157.500,0.000,0.000
3143,0,0,165.000,165.000,0.000,0.000
3144,0,0,165.000,165.000,0.000,0.000
3145,0,0,165.000,165.000,0.000,0.000
3146,0,0,165.000,165.000,0.000,0.000
3147,0,0,165.000,165.000,0.000,0.000
3148,0,0,165.000,165.000,0.000,0.000
3149,0,0,165.000,165.000,0.000,0.000
3150,0,0,165.000,165.000,0.000,0.000
3151,0,0,165.000,165.000,0.000,0.000
3152,0,0,165.000,165.000,0.000,0.000
3153,0,0,172.500,172.500,0.000,0.000
3154,0,0,172.500,172.500,0.000,0.000
3155,0,0,172.500,172.500,0.000,0.000
3156,0,0,172.500,172.500,0.000,0.000
3157,0,0,172.500,172.500,0.000,0.000
3158,0,0,172.500,172.500,0.000,0.000
3159,0,0,172.500,172.500,0.000,0.000
3160,0,0,172.500,172.500,0.000,0.000
3161,0,0,172.500,172.500,0.000,0.000
3162,0,0,172.500,172.500,0.000,0.000
3163,0,0,172.500,172.500,0.000,0.000
3164,0,0,172.500,172.500,0.000,0.000
3165,0,0,172.500,172.500,0.000,0.000
3166,0,0,180.000,180.000,0.000,0.000
3167,0,0,180.000,180.000,0.000,0.000
3168,0,0,180.000,180.000,0.000,0.000
3169,0,0,180.000,180.000,0.000,0.000
3170,0,0,180.000,180.000,0.000,0.000
3171,0,0,180.000,180.000,0.000,0.000
3172,0,0,180.000,180.000,0.000,0.000
3173,0,0,180.000,180.000,0.000,0.000
3174,0,0,180.000,180.000,0.000,0.000
3175,0,0,180.000,180.000,0.000,0.000
3176,0,0,187.500,187.500,0.000,0.000
3177,0,0,187.500,187.500,0.000,0.000
3178,0,0,187.500,187.500,0.000,0.000
3179,0,0,187.500,187.500,0.000,0.000
3180,0,0,187.500,187.500,0.000,0.000
3181,0,0,187.500,187.500,0.000,0.000
3182,0,0,187.500,187.500,0.000,0.000
3183,0,0,187.500,187.500,0.000,0.000
3184,0,0,187.500,187.500,0.000,0.000
3185,0,0,187.500,187.500,0.000,0.000
3186,0,0,187.500,187.500,0.000,0.000
3187,0,0,187.500,187.500,0.000,0.000
3188,0,0,187.500,187.500,0.000,0.000
3189,0,0,195.000,195.000,0.000,0.000
3190,0,0,195.000,195.000,0.000,0.000
3191,0,0,195.000,195.000,0.000,0.000
3192,0,0,195.000,195.000,0.000,0.000
3193,0,0,195.000,195.000,0.000,0.000
3194,0,0,195.000,195.000,0.000,0.000
3195,0,0,195.000,195.000,0.000,0.000
3196,0,0,195.000,195.000,0.000,0.000
3197,0,0,195.000,195.000,0.000,0.000
3198,0,0,195.000,195.000,0.000,0.000
3199,0,0,202.500,202.500,0.000,0.000
3200,0,0,202.500,202.500,0.000,0.000
3201,0,0,202.500,202.500,0.000,0.000
3202,0,0,202.500,202.500,0.000,0.000
3203,0,0,202.500,202.500,0.000,0.000
3204,0,0,202.500,202.500,0.000,0.000
3205,0,0,202.500,202.500,0.000,0.000
3206,0,0,202.500,202.500,0.000,0.000
3207,0,0,202.500,202.500,0.000,0.000
3208,0,0,202.500,202.500,0.000,0.000
3209,0,0,202.500,202.500,0.000,0.000
3210,0,0,202.500,202.500,0.000,0.000
3211,0,0,202.500,202.500,0.000,0.000
3212,0,0,210.000,210.000,0.000,0.000
3213,0,0,210.000,210.000,0.000,0.000
3214,0,0,210.000,210.000,0.000,0.000
3215,0,0,210.000,210.000,0.000,0.000
3216,0,0,210.000,210.000,0.000,0.000
3217,0,0,210.000,210.000,0.000,0.000
3218,0,0,210.000,210.000,0.000,0.000
3219,0,0,210.000,210.000,0.000,0.000
3220,0,0,217.500,217.500,0.000,0.000
3221,0,0,217.500,217.500,0.000,0.000
3222,0,0,217.500,217.500,0.000,0.000
3223,0,0,217.500,217.500,0.000,0.000
3224,0,0,217.500,217.500,0.000,0.000
3225,0,0,217.500,217.500,0.000,0.000
3226,0,0,217.500,217.500,0.000,0.000
3227,0,0,217.500,217.500,0.000,0.000
3228,0,0,217.500,217.500,0.000,0.000
3229,0,0,225.000,225.000,0.000,0.000
3230,0,0,225.000,225.000,0.000,0.000
3231,0,0,225.000,225.000,0.000,0.000
3232,0,0,225.000,225.000,0.000,0.000
3233,0,0,225.000,225.000,0.000,0.000
3234,0,0,225.000,225.000,0.000,0.000
3235,0,0,225.000,225.000,0.000,0.000
3236,0,0,225.000,225.000,0.000,0.000
3237,0,0,225.000,225.000,0.000,0.000
3238,0,0,225.000,225.000,0.000,0.000
3239,0,0,225.000,225.000,0.000,0.000
3240,0,0,225.000,225.000,0.000,0.000
3241,0,0,225.000,225.000,0.000,0.000
3242,0,0,225.000,225.000,0.000,0.000
3243,0,0,232.500,232.500,0.000,0.000
3244,0,0,232.500,232.500,0.000,0.000
3245,0,0,232.500,232.500,0.000,0.000
3246,0,0,232.500,232.500,0.000,0.000
3247,0,0,232.500,232.500,0.000,0.000
3248,0,0,232.500,232.500,0.000,0.000
3249,0,0,232.500,232.500,0.000,0.000
3250,0,0,232.500,232.500,0.000,0.000
3251,0,0,232.500,232.500,0.000,0.000
3252,0,0,232.500,232.500,0.000,0.000
3253,0,0,232.500,232.500,0.000,0.000
3254,0,0,232.500,232.500,0.000,0.000
3255,0,0,232.500,232.500,0.000,0.000
3256,0,0,232.500,232.500,0.000,0.000
3257,0,0,232.500,232.500,0.000,0.000
3258,0,0,240.000,240.000,0.000,0.000
3259,0,0,240.000,240.000,0.000,0.000
3260,0,0,240.000,240.000,0.000,0.000
3261,0,0,240.000,240.000,0.000,0.000
3262,0,0,240.000,240.000,0.000,0.000
3263,0,0,240.000,240.000,0.000,0.000
3264,0,0,240.000,240.000,0.000,0.000
3265,0,0,240.000,240.000,0.000,0.000
3266,0,0,240.000,240.000,0.000,0.000
3267,0,0,240.000,240.000,0.000,0.000
3268,0,0,240.000,240.000,0.000,0.000
3269,0,0,240.000,240.000,0.000,0.000
3270,0,0,240.000,240.000,0.000,0.000
3271,0,0,240.000,240.000,0.000,0.000
3272,0,0,247.500,247.500,0.000,0.000
3273,0,0,247.500,247.500,0.000,0.000
3274,0,0,247.500,247.500,0.000,0.000
3275,0,0,247.500,247.500,0.000,0.000
3276,0,0,247.500,247.500,0.000,0.000
3277,0,0,247.500,247.500,0.000,0.000
3278,0,0,247.500,247.500,0.000,0.000
3279,0,0,247.500,247.500,0.000,0.000
3280,0,0,255.000,255.000,0.000,0.000
3281,0,0,255.000,255.000,0.000,0.000
3282,0,0,255.000,255.000,0.000,0.000
3283,0,0,255.000,255.000,0.000,0.000
3284,0,0,255.000,255.000,0.000,0.000
3285,0,0,255.000,255.000,0.000,0.000
3286,0,0,255.000,255.000,0.000,0.000
3287,0,0,255.000,255.000,0.000,0.000
3288,0,0,255.000,255.000,0.000,0.000
3289,0,0,255.000,255.000,0.000,0.000
3290,0,0,255.000,255.000,0.000,0.000
3291,0,0,255.000,255.000,0.000,0.000
3292,0,0,255.000,255.000,0.000,0.000
3293,0,0,255.000,255.000,0.000,0.000
3294,0,0,262.500,262.500,0.000,0.000
3295,0,0,262.500,262.500,0.000,0.000
3296,0,0,262.500,262.500,0.000,0.000
3297,0,0,262.500,262.500,0.000,0.000
3298,0,0,262.500,262.500,0.000,0.000
3299,0,0,262.500,262.500,0.000,0.000
3300,0,0,262.500,262.500,0.000,0.000
3301,0,0,262.500,262.500,0.000,0.000
3302,0,0,262.500,262.500,0.000,0.000
3303,0,0,262.500,262.500,0.000,0.000
3304,0,0,262.500,262.500,0.000,0.000
3305,0,0,262.500,262.500,0.000,0.000
3306,0,0,262.500,262.500,0.000,0.000
3307,0,0,262.500,262.500,0.000,0.000
3308,0,0,262.500,262.500,0.000,0.000
3309,0,0,270.000,270.000,0.000,0.000
3310,0,0,270.000,270.000,0.000,0.000
3311,0,0,270.000,270.000,0.000,0.000
3312,0,0,270.000,270.000,0.000,0.000
3313,0,0,270.000,270.000,0.000,0.000
3314,0,0,270.000,270.000,0.000,0.000
3315,0,0,270.000,270.000,0.000,0.000
3316,0,0,270.000,270.000,0.000,0.000
3317,0,0,270.000,270.000,0.000,0.000
3318,0,0,270.000,270.000,0.000,0.000
3319,0,0,270.000,270.000,0.000,0.000
3320,0,0,270.000,270.000,0.000,0.000
3321,0,0,270.000,270.000,0.000,0.000
3322,0,0,270.000,270.000,0.000,0.000
3323,0,0,277.500,277.500,0.000,0.000
3324,0,0,277.500,277.500,0.000,0.000
3325,0,0,277.500,277.500,0.000,0.000
3326,0,0,277.500,277.500,0.000,0.000
3327,0,0,277.500,277.500,0.000,0.000
3328,0,0,277.500,277.500,0.000,0.000
3329,0,0,277.500,277.500,0.000,0.000
3330,0,0,277.500,277.500,0.000,0.000
3331,0,0,277.500,277.500,0.000,0.000
3332,0,0,277.500,277.500,0.000,0.000
3333,0,0,277.500,277.500,0.000,0.000
3334,0,0,285.000,285.000,0.000,0.000
3335,0,0,285.000,285.000,0.000,0.000
3336,0,0,285.000,285.000,0.000,0.000
3337,0,0,285.000,285.000,0.000,0.000
3338,0,0,285.000,285.000,0.000,0.000
3339,0,0,285.000,285.000,0.000,0.000
3340,0,0,285.000,285.000,0.000,0.000
3341,0,0,285.000,285.000,0.000,0.000
3342,0,0,285.000,285.000,0.000,0.000
3343,0,0,285.000,285.000,0.000,0.000
3344,0,0,292.500,292.500,0.000,0.000
3345,0,0,292.500,292.500,0.000,0.000
3346,0,0,292.500,292.500,0.000,0.000
3347,0,0,292.500,292.500,0.000,0.000
3348,0,0,292.500,292.500,0.000,0.000
3349,0,0,292.500,292.500,0.000,0.000
3350,0,0,292.500,292.500,0.000,0.000
3351,0,0,292.500,292.500,0.000,0.000
3352,0,0,292.500,292.500,0.000,0.000
3353,0,0,292.500,292.500,0.000,0.000
3354,0,0,292.500,292.500,0.000,0.000
3355,0,0,292.500,292.500,0.000,0.000
3356,0,0,292.500,292.500,0.000,0.000
3357,0,0,300.000,300.000,0.000,0.000
3358,0,0,300.000,300.000,0.000,0.000
3359,0,0,300.000,300.000,0.000,0.000
3360,0,0,300.000,300.000,0.000,0.000
3361,0,0,300.000,300.000,0.000,0.000
3362,0,0,300.000,300.000,0.000,0.000
3363,0,0,300.000,300.000,0.000,0.000
3364,0,0,300.000,300.000,0.000,0.000
3365,0,0,300.000,300.000,0.000,0.000
3366,0,0,300.000,300.000,0.000,0.000
3367,0,0,307.500,307.500,0.000,0.000
3368,0,0,307.500,307.500,0.000,0.000
3369,0,0,307.500,307.500,0.000,0.000
3370,0,0,307.500,307.500,0.000,0.000
3371,0,0,307.500,307.500,0.000,0.000
3372,0,0,307.500,307.500,0.000,0.000
3373,0,0,307.500,307.500,0.000,0.000
3374,0,0,307.500,307.500,0.000,0.000
3375,0,0,307.500,307.500,0.000,0.000
3376,0,0,307.500,307.500,0.000,0.000
3377,0,0,307.500,307.500,0.000,0.000
3378,0,0,307.500,307.500,0.000,0.000
3379,0,0,307.500,307.500,0.000,0.000
3380,0,0,315.000,315.000,0.000,0.000
3381,0,0,315.000,315.000,0.000,0.000
3382,0,0,315.000,315.000,0.000,0.000
3383,0,0,315.000,315.000,0.000,0.000
3384,0,0,315.000,315.000,0.000,0.000
3385,0,0,315.000,315.000,0.000,0.000
3386,0,0,315.000,315.000,0.000,0.000
3387,0,0,315.000,315.000,0.000,0.000
3388,0,0,315.000,315.000,0.000,0.000
3389,0,0,315.000,315.000,0.000,0.000
3390,0,0,322.500,322.500,0.000,0.000
3391,0,0,322.500,322.500,0.000,0.000
3392,0,0,322.500,322.500,0.000,0.000
3393,0,0,322.500,322.500,0.000,0.000
3394,0,0,322.500,322.500,0.000,0.000
3395,0,0,322.500,322.500,0.000,0.000
3396,0,0,322.500,322.500,0.000,0.000
3397,0,0,322.500,322.500,0.000,0.000
3398,0,0,322.500,322.500,0.000,0.000
3399,0,0,322.500,322.500,0.000,0.000
3400,0,0,322.500,322.500,0.000,0.000
3401,0,0,322.500,322.500,0.000,0.000
3402,0,0,322.500,322.500,0.000,0.000
3403,0,0,330.000,330.000,0.000,0.000
3404,0,0,330.000,330.000,0.000,0.000
3405,0,0,330.000,330.000,0.000,0.000
3406,0,0,330.000,330.000,0.000,0.000
3407,0,0,330.000,330.000,0.000,0.000
3408,0,0,330.000,330.000,0.000,0.000
3409,0,0,330.000,330.000,0.000,0.000
3410,0,0,330.000,330.000,0.000,0.000
3411,0,0,330.000,330.000,0.000,0.000
3412,0,0,330.000,330.000,0.000,0.000
3413,0,0,337.500,337.500,0.000,0.000
3414,0,0,337.500,337.500,0.000,0.000
3415,0,0,337.500,337.500,0.000,0.000
3416,0,0,337.500,337.500,0.000,0.000
3417,0,0,337.500,337.500,0.000,0.000
3418,0,0,337.500,337.500,0.000,0.000
3419,0,0,337.500,337.500,0.000,0.000
3420,0,0,337.500,337.500,0.000,0.000
3421,0,0,337.500,337.500,0.000,0.000
3422,0,0,337.500,337.500,0.000,0.000
3423,0,0,337.500,337.500,0.000,0.000
3424,0,0,337.500,337.500,0.000,0.000
3425,0,0,337.500,337.500,0.000,0.000
3426,0,0,345.000,345.000,0.000,0.000
3427,0,0,345.000,345.000,0.000,0.000
3428,0,0,345.000,345.000,0.000,0.000
3429,0,0,345.000,345.000,0.000,0.000
3430,0,0,345.000,345.000,0.000,0.000
3431,0,0,345.000,345.000,0.000,0.000
3432,0,0,345.000,345.000,0.000,0.000
3433,0,0,345.000,345.000,0.000,0.000
3434,0,0,345.000,345.000,0.000,0.000
3435,0,0,345.000,345.000,0.000,0.000
3436,0,0,352.500,352.500,0.000,0.000
3437,0,0,352.500,352.500,0.000,0.000
3438,0,0,352.500,352.500,0.000,0.000
3439,0,0,352.500,352.500,0.000,0.000
3440,0,0,352.500,352.500,0.000,0.000
3441,0,0,352.500,352.500,0.000,0.000
3442,0,0,352.500,352.500,0.000,0.000
3443,0,0,352.500,352.500,0.000,0.000
3444,0,0,352.500,352.500,0.000,0.000
3445,0,0,352.500,352.500,0.000,0.000
3446,0,0,352.500,352.500,0.000,0.000
3447,0,0,352.500,352.500,0.000,0.000
3448,0,0,352.500,352.500,0.000,0.000
3449,0,0,360.000,360.000,0.000,0.000
3450,0,0,360.000,360.000,0.000,0.000
3451,0,0,360.000,360.000,0.000,0.000
3452,0,0,360.000,360.000,0.000,0.000
3453,0,0,360.000,360.000,0.000,0.000
3454,0,0,360.000,360.000,0.000,0.000
3455,0,0,360.000,360.000,0.000,0.000
3456,0,0,360.000,360.000,0.000,0.000
3457,0,0,360.000,360.000,0.000,0.000
3458,0,0,360.000,360.000,0.000,0.000
3459,0,0,367.500,367.500,0.000,0.000
3460,0,0,367.500,367.500,0.000,0.000
3461,0,0,367.500,367.500,0.000,0.000
3462,0,0,367.500,367.500,0.000,0.000
3463,0,0,367.500,367.500,0.000,0.000
3464,0,0,367.500,367.500,0.000,0.000
3465,0,0,367.500,367.500,0.000,0.000
3466,0,0,367.500,367.500,0.000,0.000
3467,0,0,367.500,367.500,0.000,0.000
3468,0,0,367.500,367.500,0.000,0.000
3469,0,0,367.500,367.500,0.000,0.000
3470,0,0,367.500,367.500,0.000,0.000
3471,0,0,367.500,367.500,0.000,0.000
3472,0,0,375.000,375.000,0.000,0.000
3473,0,0,375.000,375.000,0.000,0.000
3474,0,0,375.000,375.000,0.000,0.000
3475,0,0,375.000,375.000,0.000,0.000
3476,0,0,375.000,375.000,0.000,0.000
3477,0,0,375.000,375.000,0.000,0.000
3478,0,0,375.000,375.000,0.000,0.000
3479,0,0,375.000,375.000,0.000,0.000
3480,0,0,375.000,375.000,0.000,0.000
3481,0,0,375.000,375.000,0.000,0.000
3482,0,0,382.500,382.500,0.000,0.000
3483,0,0,382.500,382.500,0.000,0.000
3484,0,0,382.500,382.500,0.000,0.000
3485,0,0,382.500,382.500,0.000,0.000
3486,0,0,382.500,382.500,0.000,0.000
3487,0,0,382.500,382.500,0.000,0.000
3488,0,0,382.500,382.500,0.000,0.000
3489,0,0,382.500,382.500,0.000,0.000
3490,0,0,382.500,382.500,0.000,0.000
3491,0,0,382.500,382.500,0.000,0.000
3492,0,0,382.500,382.500,0.000,0.000
3493,0,0,382.500,382.500,0.000,0.000
3494,0,0,382.500,382.500,0.000,0.000
3495,0,0,390.000,390.000,0.000,0.000
3496,0,0,390.000,390.000,0.000,0.000
3497,0,0,390.000,390.000,0.000,0.000
3498,0,0,390.000,390.000,0.000,0.000
3499,0,0,390.000,390.000,0.000,0.000
3500,0,0,390.000,390.000,0.000,0.000
3501,0,0,390.000,390.000,0.000,0.000
3502,0,0,390.000,390.000,0.000,0.000
3503,0,0,390.000,390.000,0.000,0.000
3504,0,0,390.000,390.000,0.000,0.000
3505,0,0,397.500,397.500,0.000,0.000
3506,0,0,397.500,397.500,0.000,0.000
3507,0,0,397.500,397.500,0.000,0.000
3508,0,0,397.500,397.500,0.000,0.000
3509,0,0,397.500,397.500,0.000,0.000
3510,0,0,397.500,397.500,0.000,0.000
3511,0,0,397.500,397.500,0.000,0.000
3512,0,0,397.500,397.500,0.000,0.000
3513,0,0,397.500,397.500,0.000,0.000
3514,0,0,397.500,397.500,0.000,0.000
3515,0,0,397.500,397.500,0.000,0.000
3516,0,0,397.500,397.500,0.000,0.000
3517,0,0,397.500,397.500,0.000,0.000
3518,0,0,405.000,405.000,0.000,0.000
3519,0,0,405.000,405.000,0.000,0.000
3520,0,0,405.000,405.000,0.000,0.000
3521,0,0,405.000,405.000,0.000,0.000
3522,0,0,405.000,405.000,0.000,0.000
3523,0,0,405.000,405.000,0.000,0.000
3524,0,0,405.000,405.000,0.000,0.000
3525,0,0,405.000,405.000,0.000,0.000
3526,0,0,412.500,412.500,0.000,0.000
3527,0,0,412.500,412.500,0.000,0.000
3528,0,0,412.500,412.500,0.000,0.000
3529,0,0,412.500,412.500,0.000,0.000
3530,0,0,412.500,412.500,0.000,0.000
3531,0,0,412.500,412.500,0.000,0.000
3532,0,0,412.500,412.500,0.000,0.000
3533,0,0,412.500,412.500,0.000,0.000
3534,0,0,412.500,412.500,0.000,0.000
3535,0,0,420.000,420.000,0.000,0.000
3536,0,0,420.000,420.000,0.000,0.000
3537,0,0,420.000,420.000,0.000,0.000
3538,0,0,420.000,420.000,0.000,0.000
3539,0,0,420.000,420.000,0.000,0.000
3540,0,0,420.000,420.000,0.000,0.000
3541,0,0,420.000,420.000,0.000,0.000
3542,0,0,420.000,420.000,0.000,0.000
3543,0,0,420.000,420.000,0.000,0.000
3544,0,0,420.000,420.000,0.000,0.000
3545,0,0,420.000,420.000,0.000,0.000
3546,0,0,420.000,420.000,0.000,0.000
3547,0,0,420.000,420.000,0.000,0.000
3548,0,0,420.000,420.000,0.000,0.000
3549,0,0,427.500,427.500,0.000,0.000
3550,0,0,427.500,427.500,0.000,0.000
3551,0,0,427.500,427.500,0.000,0.000
3552,0,0,427.500,427.500,0.000,0.000
3553,0,0,427.500,427.500,0.000,0.000
3554,0,0,427.500,427.500,0.000,0.000
3555,0,0,427.500,427.500,0.000,0.000
3556,0,0,427.500,427.500,0.000,0.000
3557,0,0,427.500,427.500,0.000,0.000
3558,0,0,427.500,427.500,0.000,0.000
3559,0,0,427.500,427.500,0.000,0.000
3560,0,0,427.500,427.500,0.000,0.000
3561,0,0,427.500,427.500,0.000,0.000
3562,0,0,427.500,427.500,0.000,0.000
3563,0,0,427.500,427.500,0.000,0.000
3564,0,0,435.000,435.000,0.000,0.000
3565,0,0,435.000,435.000,0.000,0.000
3566,0,0,435.000,435.000,0.000,0.000
3567,0,0,435.000,435.000,0.000,0.000
3568,0,0,435.000,435.000,0.000,0.000
3569,0,0,435.000,435.000,0.000,0.000
3570,0,0,435.000,435.000,0.000,0.000
3571,0,0,435.000,435.000,0.000,0.000
3572,0,0,435.000,435.000,0.000,0.000
3573,0,0,435.000,435.000,0.000,0.000
3574,0,0,435.000,435.000,0.000,0.000
3575,0,0,435.000,435.000,0.000,0.000
3576,0,0,435.000,435.000,0.000,0.000
3577,0,0,435.000,435.000,0.000,0.000
3578,0,0,442.500,442.500,0.000,0.000
3579,0,0,442.500,442.500,0.000,0.000
3580,0,0,442.500,442.500,0.000,0.000
3581,0,0,442.500,442.500,0.000,0.000
3582,0,0,442.500,442.500,0.000,0.000
3583,0,0,442.500,442.500,0.000,0.000
3584,0,0,442.500,442.500,0.000,0.000
3585,0,0,442.500,442.500,0.000,0.000
3586,0,0,442.500,442.500,0.000,0.000
3587,0,0,442.500,442.500,0.000,0.000
3588,0,0,442.500,442.500,0.000,0.000
3589,0,0,442.500,442.500,0.000,0.000
3590,0,0,442.500,442.500,0.000,0.000
3591,0,0,442.500,442.500,0.000,0.000
3592,0,0,442.500,442.500,0.000,0.000
3593,0,0,450.000,450.000,0.000,0.000
3594,0,0,450.000,450.000,0.000,0.000
3595,0,0,450.000,450.000,0.000,0.000
3596,0,0,450.000,450.000,0.000,0.000
3597,0,0,450.000,450.000,0.000,0.000
3598,0,0,450.000,450.000,0.000,0.000
3599,0,0,450.000,450.000,0.000,0.000
3600,0,0,450.000,450.000,0.000,0.000
3601,0,0,450.000,450.000,0.000,0.000
3602,0,0,450.000,450.000,0.000,0.000
3603,0,0,450.000,450.000,0.000,0.000
3604,0,0,450.000,450.000,0.000,0.000
3605,0,0,450.000,450.000,0.000,0.000
3606,0,0,450.000,450.000,0.000,0.000
3607,0,0,457.500,457.500,0.000,0.000
3608,0,0,457.500,457.500,0.000,0.000
3609,0,0,457.500,457.500,0.000,0.000
3610,0,0,457.500,457.500,0.000,0.000
3611,0,0,457.500,457.500,0.000,0.000
3612,0,0,457.500,457.500,0.000,0.000
3613,0,0,457.500,457.500,0.000,0.000
3614,0,0,457.500,457.500,0.000,0.000
3615,0,0,457.500,457.500,0.000,0.000
3616,0,0,457.500,457.500,0.000,0.000
3617,0,0,457.500,457.500,0.000,0.000
3618,0,0,457.500,457.500,0.000,0.000
3619,0,0,457.500,457.500,0.000,0.000
3620,0,0,457.500,457.500,0.000,0.000
3621,0,0,457.500,457.500,0.000,0.000
3622,0,0,465.000,465.000,0.000,0.000
3623,0,0,465.000,465.000,0.000,0.000
3624,0,0,465.000,465.000,0.000,0.000
3625,0,0,465.000,465.000,0.000,0.000
3626,0,0,465.000,465.000,0.000,0.000
3627,0,0,465.000,465.000,0.000,0.000
3628,0,0,465.000,465.000,0.000,0.000
3629,0,0,-0.000,-0.000,0.000,0.000
3630,0,0,-0.000,-0.000,0.000,0.000
3631,0,0,-0.000,-0.000,0.000,0.000
3632,0,0,-0.000,-0.000,0.000,0.000
3633,0,0,15.000,15.000,0.000,0.000
3634,0,0,15.000,15.000,0.000,0.000
3635,0,0,15.000,15.000,0.000,0.000
3636,0,0,15.000,15.000,0.000,0.000
3637,0,0,15.000,15.000,0.000,0.000
3638,0,0,15.000,15.000,0.000,0.000
3639,0,0,15.000,15.000,0.000,0.000
3640,0,0,15.000,15.000,0.000,0.000
3641,0,0,22.500,22.500,0.000,0.000
3642,0,0,22.500,22.500,0.000,0.000
3643,0,0,22.500,22.500,0.000,0.000
3644,0,0,22.500,22.500,0.000,0.000
3645,0,0,22.500,22.500,0.000,0.000
3646,0,0,22.500,22.500,0.000,0.000
3647,0,0,22.500,22.500,0.000,0.000
3648,0,0,22.500,22.500,0.000,0.000
3649,0,0,22.500,22.500,0.000,0.000
3650,0,0,22.500,22.500,0.000,0.000
3651,0,0,30.000,30.000,0.000,0.000
3652,0,0,30.000,30.000,0.000,0.000
3653,0,0,30.000,30.000,0.000,0.000
3654,0,0,30.000,30.000,0.000,0.000
3655,0,0,30.000,30.000,0.000,0.000
3656,0,0,30.000,30.000,0.000,0.000
3657,0,0,30.000,30.000,0.000,0.000
3658,0,0,30.000,30.000,0.000,0.000
3659,0,0,37.500,37.500,0.000,0.000
3660,0,0,37.500,37.500,0.000,0.000
3661,0,0,37.500,37.500,0.000,0.000
3662,0,0,37.500,37.500,0.000,0.000
3663,0,0,37.500,37.500,0.000,0.000
3664,0,0,37.500,37.500,0.000,0.000
3665,0,0,37.500,37.500,0.000,0.000
3666,0,0,37.500,37.500,0.000,0.000
3667,0,0,37.500,37.500,0.000,0.000
3668,0,0,37.500,37.500,0.000,0.000
3669,0,0,45.000,45.000,0.000,0.000
3670,0,0,45.000,45.000,0.000,0.000
3671,0,0,45.000,45.000,0.000,0.000
3672,0,0,45.000,45.000,0.000,0.000
3673,0,0,45.000,45.000,0.000,0.000
3674,0,0,45.000,45.000,0.000,0.000
3675,0,0,45.000,45.000,0.000,0.000
3676,0,0,45.000,45.000,0.000,0.000
3677,0,0,52.500,52.500,0.000,0.000
3678,0,0,52.500,52.500,0.000,0.000
3679,0,0,52.500,52.500,0.000,0.000
3680,0,0,52.500,52.500,0.000,0.000
3681,0,0,52.500,52.500,0.000,0.000
3682,0,0,52.500,52.500,0.000,0.000
3683,0,0,52.500,52.500,0.000,0.000
3684,0,0,52.500,52.500,0.000,0.000
3685,0,0,52.500,52.500,0.000,0.000
3686,0,0,52.500,52.500,0.000,0.000
3687,0,0,60.000,60.000,0.000,0.000
3688,0,0,60.000,60.000,0.000,0.000
3689,0,0,60.000,60.000,0.000,0.000
3690,0,0,60.000,60.000,0.000,0.000
3691,0,0,60.000,60.000,0.000,0.000
3692,0,0,60.000,60.000,0.000,0.000
3693,0,0,60.000,60.000,0.000,0.000
3694,0,0,60.000,60.000,0.000,0.000
3695,0,0,67.500,67.500,0.000,0.000
3696,0,0,67.500,67.500,0.000,0.000
3697,0,0,67.500,67.500,0.000,0.000
3698,0,0,67.500,67.500,0.000,0.000
3699,0,0,67.500,67.500,0.000,0.000
3700,0,0,67.500,67.500,0.000,0.000
3701,0,0,67.500,67.500,0.000,0.000
3702,0,0,67.500,67.500,0.000,0.000
3703,0,0,67.500,67.500,0.000,0.000
3704,0,0,67.500,67.500,0.000,0.000
3705,0,0,75.000,75.000,0.000,0.000
3706,0,0,75.000,75.000,0.000,0.000
3707,0,0,75.000,75.000,0.000,0.000
3708,0,0,75.000,75.000,0.000,0.000
3709,0,0,75.000,75.000,0.000,0.000
3710,0,0,75.000,75.000,0.000,0.000
3711,0,0,75.000,75.000,0.000,0.000
3712,0,0,75.000,75.000,0.000,0.000
3713,0,0,82.500,82.500,0.000,0.000
3714,0,0,82.500,82.500,0.000,0.000
3715,0,0,82.500,82.500,0.000,0.000
3716,0,0,82.500,82.500,0.000,0.000
3717,0,0,82.500,82.500,0.000,0.000
3718,0,0,82.500,82.500,0.000,0.000
3719,0,0,82.500,82.500,0.000,0.000
3720,0,0,82.500,82.500,0.000,0.000
3721,0,0,82.500,82.500,0.000,0.000
3722,0,0,82.500,82.500,0.000,0.000
3723,0,0,90.000,90.000,0.000,0.000
3724,0,0,90.000,90.000,0.000,0.000
3725,0,0,90.000,90.000,0.000,0.000
3726,0,0,90.000,90.000,0.000,0.000
3727,0,0,90.000,90.000,0.000,0.000
3728,0,0,90.000,90.000,0.000,0.000
3729,0,0,90.000,90.000,0.000,0.000
3730,0,0,90.000,90.000,0.000,0.000
3731,0,0,97.500,97.500,0.000,0.000
3732,0,0,97.500,97.500,0.000,0.000
3733,0,0,97.500,97.500,0.000,0.000
3734,0,0,97.500,97.500,0.000,0.000
3735,0,0,97.500,97.500,0.000,0.000
3736,0,0,97.500,97.500,0.000,0.000
3737,0,0,97.500,97.500,0.000,0.000
3738,0,0,97.500,97.500,0.000,0.000
3739,0,0,97.500,97.500,0.000,0.000
3740,0,0,97.500,97.500,0.000,0.000
3741,0,0,105.000,105.000,0.000,0.000
3742,0,0,105.000,105.000,0.000,0.000
3743,0,0,105.000,105.000,0.000,0.000
3744,0,0,105.000,105.000,0.000,0.000
3745,0,0,105.000,105.000,0.000,0.000
3746,0,0,105.000,105.000,0.000,0.000
3747,0,0,105.000,105.000,0.000,0.000
3748,0,0,105.000,105.000,0.000,0.000
3749,0,0,112.500,112.500,0.000,0.000
3750,0,0,112.500,112.500,0.000,0.000
3751,0,0,112.500,112.500,0.000,0.000
3752,0,0,112.500,112.500,0.000,0.000
3753,0,0,112.500,112.500,0.000,0.000
3754,0,0,112.500,112.500,0.000,0.000
3755,0,0,112.500,112.500,0.000,0.000
3756,0,0,112.500,112.500,0.000,0.000
3757,0,0,112.500,112.500,0.000,0.000
3758,0,0,112.500,112.500,0.000,0.000
3759,0,0,120.000,120.000,0.000,0.000
3760,0,0,120.000,120.000,0.000,0.000
3761,0,0,120.000,120.000,0.000,0.000
3762,0,0,120.000,120.000,0.000,0.000
3763,0,0,120.000,120.000,0.000,0.000
3764,0,0,120.000,120.000,0.000,0.000
3765,0,0,120.000,120.000,0.000,0.000
3766,0,0,120.000,120.000,0.000,0.000
3767,0,0,127.500,127.500,0.000,0.000
3768,0,0,127.500,127.500,0.000,0.000
3769,0,0,127.500,127.500,0.000,0.000
3770,0,0,127.500,127.500,0.000,0.000
3771,0,0,127.500,127.500,0.000,0.000
3772,0,0,127.500,127.500,0.000,0.000
3773,0,0,127.500,127.500,0.000,0.000
3774,0,0,127.500,127.500,0.000,0.000
3775,0,0,127.500,127.500,0.000,0.000
3776,0,0,127.500,127.500,0.000,0.000
3777,0,0,135.000,135.000,0.000,0.000
3778,0,0,135.000,135.000,0.000,0.000
3779,0,0,135.000,135.000,0.000,0.000
3780,0,0,135.000,135.000,0.000,0.000
3781,0,0,135.000,135.000,0.000,0.000
3782,0,0,135.000,135.000,0.000,0.000
3783,0,0,135.000,135.000,0.000,0.000
3784,0,0,135.000,135.000,0.000,0.000
3785,0,0,142.500,142.500,0.000,0.000
3786,0,0,142.500,142.500,0.000,0.000
3787,0,0,142.500,142.500,0.000,0.000
3788,0,0,142.500,142.500,0.000,0.000
3789,0,0,142.500,142.500,0.000,0.000
3790,0,0,142.500,142.500,0.000,0.000
3791,0,0,142.500,142.500,0.000,0.000
3792,0,0,142.500,142.500,0.000,0.000
3793,0,0,142.500,142.500,0.000,0.000
3794,0,0,142.500,142.500,0.000,0.000
3795,0,0,150.000,150.000,0.000,0.000
3796,0,0,150.000,150.000,0.000,0.000
3797,0,0,150.000,150.000,0.000,0.000
3798,0,0,150.000,150.000,0.000,0.000
3799,0,0,150.000,150.000,0.000,0.000
3800,0,0,150.000,150.000,0.000,0.000
3801,0,0,150.000,150.000,0.000,0.000
3802,0,0,150.000,150.000,0.000,0.000
3803,0,0,157.500,157.500,0.000,0.000
3804,0,0,157.500,157.500,0.000,0.000
3805,0,0,157.500,157.500,0.000,0.000
3806,0,0,157.500,157.500,0.000,0.000
3807,0,0,157.500,157.500,0.000,0.000
3808,0,0,157.500,157.500,0.000,0.000
3809,0,0,157.500,157.500,0.000,0.000
3810,0,0,157.500,157.500,0.000,0.000
3811,0,0,157.500,157.500,0.000,0.000
3812,0,0,157.500,157.500,0.000,0.000
3813,0,0,165.000,165.000,0.000,0.000
3814,0,0,165.000,165.000,0.000,0.000
3815,0,0,165.000,165.000,0.000,0.000
3816,0,0,165.000,165.000,0.000,0.000
3817,0,0,165.000,165.000,0.000,0.000
3818,0,0,165.000,165.000,0.000,0.000
3819,0,0,165.000,165.000,0.000,0.000
3820,0,0,165.000,165.000,0.000,0.000
3821,0,0,172.500,172.500,0.000,0.000
3822,0,0,172.500,172.500,0.000,0.000
3823,0,0,172.500,172.500,0.000,0.000
3824,0,0,172.500,172.500,0.000,0.000
3825,0,0,172.500,172.500,0.000,0.000
3826,0,0,172.500,172.500,0.000,0.000
3827,0,0,172.500,172.500,0.000,0.000
3828,0,0,172.500,172.500,0.000,0.000
3829,0,0,172.500,172.500,0.000,0.000
3830,0,0,172.500,172.500,0.000,0.000
3831,0,0,180.000,180.000,0.000,0.000
3832,0,0,180.000,180.000,0.000,0.000
3833,0,0,180.000,180.000,0.000,0.000
3834,0,0,180.000,180.000,0.000,0.000
3835,0,0,180.000,180.000,0.000,0.000
3836,0,0,180.000,180.000,0.000,0.000
3837,0,0,180.000,180.000,0.000,0.000
3838,0,0,180.000,180.000,0.000,0.000
3839,0,0,187.500,187.500,0.000,0.000
3840,0,0,187.500,187.500,0.000,0.000
3841,0,0,187.500,187.500,0.000,0.000
3842,0,0,187.500,187.500,0.000,0.000
3843,0,0,187.500,187.500,0.000,0.000
3844,0,0,187.500,187.500,0.000,0.000
3845,0,0,187.500,187.500,0.000,0.000
3846,0,0,187.500,187.500,0.000,0.000
3847,0,0,187.500,187.500,0.000,0.000
3848,0,0,187.500,187.500,0.000,0.000
3849,0,0,195.000,195.000,0.000,0.000
3850,0,0,195.000,195.000,0.000,0.000
3851,0,0,195.000,195.000,0.000,0.000
3852,0,0,195.000,195.000,0.000,0.000
3853,0,0,195.000,195.000,0.000,0.000
3854,0,0,195.000,195.000,0.000,0.000
3855,0,0,195.000,195.000,0.000,0.000
3856,0,0,195.000,195.000,0.000,0.000
3857,0,0,202.500,202.500,0.000,0.000
3858,0,0,202.500,202.500,0.000,0.000
3859,0,0,202.500,202.500,0.000,0.000
3860,0,0,202.500,202.500,0.000,0.000
3861,0,0,202.500,202.500,0.000,0.000
3862,0,0,202.500,202.500,0.000,0.000
3863,0,0,202.500,202.500,0.000,0.000
3864,0,0,202.500,202.500,0.000,0.000
3865,0,0,202.500,202.500,0.000,0.000
3866,0,0,202.500,202.500,0.000,0.000
3867,0,0,210.000,210.000,0.000,0.000
3868,0,0,210.000,210.000,0.000,0.000
3869,0,0,210.000,210.000,0.000,0.000
3870,0,0,210.000,210.000,0.000,0.000
3871,0,0,210.000,210.000,0.000,0.000
3872,0,0,210.000,210.000,0.000,0.000
3873,0,0,210.000,210.000,0.000,0.000
3874,0,0,210.000,210.000,0.000,0.000
3875,0,0,217.500,217.500,0.000,0.000
3876,0,0,217.500,217.500,0.000,0.000
3877,0,0,217.500,217.500,0.000,0.000
3878,0,0,217.500,217.500,0.000,0.000
3879,0,0,217.500,217.500,0.000,0.000
3880,0,0,217.500,217.500,0.000,0.000
3881,0,0,217.500,217.500,0.000,0.000
3882,0,0,217.500,217.500,0.000,0.000
3883,0,0,217.500,217.500,0.000,0.000
3884,0,0,217.500,217.500,0.000,0.000
3885,0,0,225.000,225.000,0.000,0.000
3886,0,0,225.000,225.000,0.000,0.000
3887,0,0,225.000,225.000,0.000,0.000
3888,0,0,225.000,225.000,0.000,0.000
3889,0,0,225.000,225.000,0.000,0.000
3890,0,0,225.000,225.000,0.000,0.000
3891,0,0,225.000,225.000,0.000,0.000
3892,0,0,232.500,232.500,0.000,0.000
3893,0,0,232.500,232.500,0.000,0.000
3894,0,0,232.500,232.500,0.000,0.000
3895,0,0,232.500,232.500,0.000,0.000
3896,0,0,232.500,232.500,0.000,0.000
3897,0,0,232.500,232.500,0.000,0.000
3898,0,0,232.500,232.500,0.000,0.000
3899,0,0,232.500,232.500,0.000,0.000
3900,0,0,240.000,240.000,0.000,0.000
3901,0,0,240.000,240.000,0.000,0.000
3902,0,0,240.000,240.000,0.000,0.000
3903,0,0,240.000,240.000,0.000,0.000
3904,0,0,240.000,240.000,0.000,0.000
3905,0,0,240.000,240.000,0.000,0.000
3906,0,0,240.000,240.000,0.000,0.000
3907,0,0,240.000,240.000,0.000,0.000
3908,0,0,240.000,240.000,0.000,0.000
3909,0,0,240.000,240.000,0.000,0.000
3910,0,0,240.000,240.000,0.000,0.000
3911,0,0,240.000,240.000,0.000,0.000
3912,0,0,240.000,240.000,0.000,0.000
3913,0,0,240.000,240.000,0.000,0.000
3914,0,0,247.500,247.500,0.000,0.000
3915,0,0,247.500,247.500,0.000,0.000
3916,0,0,247.500,247.500,0.000,0.000
3917,0,0,247.500,247.500,0.000,0.000
3918,0,0,247.500,247.500,0.000,0.000
3919,0,0,247.500,247.500,0.000,0.000
3920,0,0,247.500,247.500,0.000,0.000
3921,0,0,247.500,247.500,0.000,0.000
3922,0,0,255.000,255.000,0.000,0.000
3923,0,0,255.000,255.000,0.000,0.000
3924,0,0,255.000,255.000,0.000,0.000
3925,0,0,255.000,255.000,0.000,0.000
3926,0,0,255.000,255.000,0.000,0.000
3927,0,0,255.000,255.000,0.000,0.000
3928,0,0,255.000,255.000,0.000,0.000
3929,0,0,255.000,255.000,0.000,0.000
3930,0,0,255.000,255.000,0.000,0.000
3931,0,0,255.000,255.000,0.000,0.000
3932,0,0,255.000,255.000,0.000,0.000
3933,0,0,255.000,255.000,0.000,0.000
3934,0,0,255.000,255.000,0.000,0.000
3935,0,0,255.000,255.000,0.000,0.000
3936,0,0,262.500,262.500,0.000,0.000
3937,0,0,262.500,262.500,0.000,0.000
3938,0,0,262.500,262.500,0.000,0.000
3939,0,0,262.500,262.500,0.000,0.000
3940,0,0,262.500,262.500,0.000,0.000
3941,0,0,262.500,262.500,0.000,0.000
3942,0,0,262.500,262.500,0.000,0.000
3943,0,0,262.500,262.500,0.000,0.000
3944,0,0,262.500,262.500,0.000,0.000
3945,0,0,262.500,262.500,0.000,0.000
3946,0,0,262.500,262.500,0.000,0.000
3947,0,0,262.500,262.500,0.000,0.000
3948,0,0,262.500,262.500,0.000,0.000
3949,0,0,262.500,262.500,0.000,0.000
3950,0,0,262.500,262.500,0.000,0.000
3951,0,0,270.000,270.000,0.000,0.000
3952,0,0,270.000,270.000,0.000,0.000
3953,0,0,270.000,270.000,0.000,0.000
3954,0,0,270.000,270.000,0.000,0.000
3955,0,0,270.000,270.000,0.000,0.000
3956,0,0,270.000,270.000,0.000,0.000
3957,0,0,270.000,270.000,0.000,0.000
3958,0,0,270.000,270.000,0.000,0.000
3959,0,0,270.000,270.000,0.000,0.000
3960,0,0,270.000,270.000,0.000,0.000
3961,0,0,270.000,270.000,0.000,0.000
3962,0,0,270.000,270.000,0.000,0.000
3963,0,0,270.000,270.000,0.000,0.000
3964,0,0,270.000,270.000,0.000,0.000
3965,0,1,,,,
3966,0,1,,,,
3967,0,1,,,,
3968,0,1,,,,
3969,0,1,,,,
3970,0,1,,,,
3971,0,1,,,,
3972,0,1,,,,
3973,0,1,,,,
3974,0,1,,,,
3975,0,1,,,,
3976,0,0,285.000,285.000,0.000,0.000
3977,0,0,285.000,285.000,0.000,0.000
3978,1,0,285.000,276.516,8.548,8.484
3979,1,0,285.000,-0.494,290.836,285.494
3980,1,0,285.000,21.028,264.308,263.972
3981,1,0,285.000,276.516,8.518,8.484
3982,1,0,285.000,-0.477,295.652,285.477
3983,1,0,285.000,11.426,276.241,273.574
3984,1,0,285.000,4.134,281.623,280.866
3985,1,0,285.000,-0.494,301.615,285.494
3986,0,0,292.500,292.500,0.000,0.000
3987,0,0,292.500,292.500,0.000,0.000
3988,0,0,292.500,292.500,0.000,0.000
3989,1,0,292.500,283.030,9.566,9.470
3990,1,0,292.500,-0.493,297.829,292.993
3991,1,0,292.500,-0.486,297.545,292.986
3992,1,0,292.500,5.989,292.572,286.511
3993,1,0,292.500,16.329,299.173,276.171
3994,1,0,292.500,-0.506,295.488,293.006
3995,1,0,292.500,-0.493,318.523,292.993
3996,1,0,292.500,5.976,305.941,286.524
3997,1,0,292.500,-0.586,312.555,293.086
3998,1,0,292.500,-0.490,322.529,292.990
3999,0,0,300.000,300.000,0.000,0.000
4000,0,0,300.000,300.000,0.000,0.000
4001,0,0,300.000,300.000,0.000,0.000
4002,1,0,300.000,6.039,301.383,293.961
4003,1,0,300.000,6.008,302.897,293.992
4004,1,0,300.000,-0.473,316.411,300.473
4005,1,0,300.000,-0.475,324.504,300.475
4006,1,0,300.000,0.780,338.718,299.220
4007,1,0,300.000,-0.476,355.341,300.476
4008,1,0,300.000,17.011,283.524,282.989
4009,0,0,307.500,307.500,0.000,0.000
4010,0,0,307.500,307.500,0.000,0.000
4011,0,0,307.500,307.500,0.000,0.000
4012,0,0,307.500,307.500,0.000,0.000
4013,1,0,307.500,-0.494,316.826,307.994
4014,1,0,307.500,-0.493,316.386,307.993
4015,1,0,307.500,6.012,356.809,301.488
4016,1,0,307.500,21.027,334.746,286.473
4017,1,0,307.500,-0.494,340.418,307.994
4018,1,0,307.500,9.760,353.472,297.740
4019,1,0,307.500,9.736,325.055,297.764
4020,1,0,307.500,2.753,330.812,304.747
4021,1,0,307.500,6.008,303.026,301.492
4022,0,0,315.000,315.000,0.000,0.000
4023,0,0,315.000,315.000,0.000,0.000
4024,0,0,315.000,315.000,0.000,0.000
4025,1,0,315.000,-0.494,511.860,315.494
4026,1,0,315.000,6.008,357.596,308.992
4027,1,0,315.000,6.008,349.339,308.992
4028,1,0,315.000,6.008,375.230,308.992
4029,1,0,315.000,4.481,351.600,310.519
4030,1,0,315.000,-0.494,324.316,315.494
4031,1,0,315.000,283.026,33.086,31.974
4032,0,0,322.500,322.500,0.000,0.000
4033,0,0,322.500,322.500,0.000,0.000
4034,0,0,322.500,322.500,0.000,0.000
4035,0,0,322.500,322.500,0.000,0.000
4036,1,0,322.500,-0.494,372.868,322.994
4037,1,0,322.500,-0.494,411.565,322.994
4038,1,0,322.500,6.008,423.745,316.492
4039,1,0,322.500,-0.494,458.253,322.994
4040,1,0,322.500,-0.488,411.839,322.988
4041,1,0,322.500,-0.783,353.206,323.283
4042,1,0,322.500,6.026,353.630,316.474
4043,1,0,322.500,-0.475,323.788,322.975
4044,1,0,322.500,5.888,340.046,316.612
4045,0,0,330.000,330.000,0.000,0.000
4046,0,0,330.000,330.000,0.000,0.000
4047,0,0,330.000,330.000,0.000,0.000
4048,1,0,330.000,-0.494,455.873,330.494
4049,1,0,330.000,-0.493,412.376,330.493
4050,1,0,330.000,-0.494,769.908,330.494
4051,1,0,330.000,-0.496,455.147,330.496
4052,1,0,330.000,-0.504,332.436,330.504
4053,1,0,330.000,-0.490,330.655,330.490
4054,1,0,330.000,-0.493,331.308,330.493
4055,0,0,337.500,337.500,0.000,0.000
4056,0,0,337.500,337.500,0.000,0.000
4057,0,0,337.500,337.500,0.000,0.000
4058,0,0,337.500,337.500,0.000,0.000
4059,1,0,337.500,9.763,448.788,327.737
4060,1,0,337.500,6.010,457.483,331.490
4061,1,0,337.500,6.008,394.016,331.492
4062,1,0,337.500,6.008,392.361,331.492
4063,1,0,337.500,-0.493,355.464,337.993
4064,1,0,337.500,-0.411,341.940,337.911
4065,1,0,337.500,17.475,320.913,320.025
4066,1,0,337.500,10.455,328.987,327.045
4067,1,0,337.500,-0.475,347.404,337.975
4068,0,0,345.000,345.000,0.000,0.000
4069,0,0,345.000,345.000,0.000,0.000
4070,0,0,345.000,345.000,0.000,0.000
4071,1,0,345.000,6.008,404.926,338.992
4072,1,0,345.000,6.009,362.093,338.991
4073,1,0,345.000,8.058,346.342,336.942
4074,1,0,345.000,6.008,369.084,338.992
4075,1,0,345.000,11.546,335.107,333.454
4076,1,0,345.000,5.545,344.094,339.455
4077,1,0,345.000,6.008,341.021,338.992
4078,0,0,352.500,352.500,0.000,0.000
4079,0,0,352.500,352.500,0.000,0.000
4080,0,0,352.500,352.500,0.000,0.000
4081,0,0,352.500,352.500,0.000,0.000
4082,1,0,352.500,9.763,349.825,342.737
4083,1,0,352.500,11.710,351.767,340.790
4084,1,0,352.500,6.008,358.789,346.492
4085,1,0,352.500,-0.486,354.761,352.986
4086,1,0,352.500,5.901,358.948,346.599
4087,1,0,352.500,9.724,351.118,342.776
4088,1,0,352.500,21.901,346.012,330.599
4089,1,0,352.500,9.812,354.975,342.688
4090,1,0,352.500,4.613,361.089,347.887
4091,0,0,360.000,360.000,0.000,0.000
4092,0,0,360.000,360.000,0.000,0.000
4093,0,0,360.000,360.000,0.000,0.000
4094,1,0,360.000,6.033,366.522,353.967
4095,1,0,360.000,5.984,405.308,354.016
4096,1,0,360.000,18.380,352.319,341.620
4097,1,0,360.000,11.489,414.830,348.511
4098,1,0,360.000,9.953,350.267,350.047
4099,1,0,360.000,16.194,358.397,343.806
4100,1,0,360.000,-0.494,432.734,360.494
4101,0,0,367.500,367.500,0.000,0.000
4102,0,0,367.500,367.500,0.000,0.000
4103,0,0,367.500,367.500,0.000,0.000
4104,0,0,367.500,367.500,0.000,0.000
4105,1,0,367.500,5.195,370.290,362.305
4106,1,0,367.500,-0.487,407.886,367.987
4107,1,0,367.500,-0.501,395.316,368.001
4108,1,0,367.500,16.323,363.004,351.177
4109,1,0,367.500,6.013,375.708,361.487
4110,1,0,367.500,6.008,367.500,361.492
4111,1,0,367.500,-0.579,369.670,368.079
4112,1,0,367.500,9.648,360.145,357.852
4113,1,0,367.500,6.008,369.074,361.492
4114,0,0,375.000,375.000,0.000,0.000
4115,0,0,375.000,375.000,0.000,0.000
4116,0,0,375.000,375.000,0.000,0.000
4117,1,0,375.000,6.012,383.355,368.988
4118,1,0,375.000,5.988,408.535,369.012
4119,1,0,375.000,-0.420,423.782,375.420
4120,1,0,375.000,21.059,364.919,353.941
4121,1,0,375.000,21.017,392.934,353.983
4122,1,0,375.000,16.005,366.230,358.995
4123,1,0,375.000,6.044,380.351,368.956
4124,0,0,382.500,382.500,0.000,0.000
4125,0,0,382.500,382.500,0.000,0.000
4126,0,0,382.500,382.500,0.000,0.000
4127,0,0,382.500,382.500,0.000,0.000
4128,1,0,382.500,-0.488,386.623,382.988
4129,1,0,382.500,-0.502,395.397,383.002
4130,1,0,382.500,18.464,387.529,364.036
4131,1,0,382.500,12.529,372.397,369.971
4132,1,0,382.500,9.765,387.503,372.735
4133,1,0,382.500,6.125,402.086,376.375
4134,1,0,382.500,8.604,422.206,373.896
4135,1,0,382.500,11.921,374.498,370.579
4136,1,0,382.500,6.008,385.790,376.492
4137,0,0,390.000,390.000,0.000,0.000
4138,0,0,390.000,390.000,0.000,0.000
4139,0,0,390.000,390.000,0.000,0.000
4140,1,0,390.000,6.008,409.852,383.992
4141,1,0,390.000,-0.493,393.898,390.493
4142,1,0,390.000,8.705,381.828,381.295
4143,1,0,390.000,-0.503,392.537,390.503
4144,1,0,390.000,-0.522,465.888,390.522
4145,1,0,390.000,6.128,388.515,383.872
4146,1,0,390.000,14.672,390.495,375.328
4147,0,0,397.500,397.500,0.000,0.000
4148,0,0,397.500,397.500,0.000,0.000
4149,0,0,397.500,397.500,0.000,0.000
4150,0,0,397.500,397.500,0.000,0.000
4151,1,0,397.500,6.009,486.058,391.491
4152,1,0,397.500,6.033,431.332,391.467
4153,1,0,397.500,-0.476,400.937,397.976
4154,1,0,397.500,5.889,399.693,391.611
4155,1,0,397.500,0.910,405.597,396.590
4156,1,0,397.500,6.038,403.261,391.462
4157,1,0,397.500,0.498,408.731,397.002
4158,1,0,397.500,11.169,388.135,386.331
4159,1,0,397.500,-0.488,406.038,397.988
4160,0,0,405.000,405.000,0.000,0.000
4161,0,0,405.000,405.000,0.000,0.000
4162,1,0,405.000,9.753,412.931,395.247
4163,1,0,405.000,14.128,415.785,390.872
4164,1,0,405.000,5.956,404.391,399.044
4165,1,0,405.000,-0.438,407.459,405.438
4166,1,0,405.000,29.297,400.559,375.703
4167,1,0,405.000,31.101,398.554,373.899
4168,0,0,412.500,412.500,0.000,0.000
4169,0,0,412.500,412.500,0.000,0.000
4170,0,0,412.500,412.500,0.000,0.000
4171,1,0,412.500,6.008,430.674,406.492
4172,1,0,412.500,6.002,419.810,406.498
4173,1,0,412.500,-0.490,433.830,412.990
4174,1,0,412.500,9.717,403.872,402.783
4175,1,0,412.500,-0.493,426.001,412.993
4176,1,0,412.500,-0.560,430.507,413.060
4177,0,0,420.000,420.000,0.000,0.000
4178,0,0,420.000,420.000,0.000,0.000
4179,1,0,420.000,-0.493,432.916,420.493
4180,1,0,420.000,12.975,410.080,407.025
4181,1,0,420.000,2.007,419.347,417.993
4182,1,0,420.000,6.008,415.612,413.992
4183,1,0,420.000,9.763,415.326,410.237
4184,1,0,420.000,16.279,412.984,403.721
4185,1,0,420.000,6.006,422.275,413.994
4186,1,0,420.000,-0.493,430.141,420.493
4187,1,0,420.000,6.008,418.045,413.992
4188,1,0,420.000,5.655,418.917,414.345
4189,1,0,420.000,7.560,420.274,412.440
4190,1,0,420.000,-0.494,432.537,420.494
4191,0,0,427.500,427.500,0.000,0.000
4192,0,0,427.500,427.500,0.000,0.000
4193,0,0,427.500,427.500,0.000,0.000
4194,1,0,427.500,5.494,438.392,422.006
4195,1,0,427.500,-0.518,430.140,428.018
4196,1,0,427.500,6.008,421.554,421.492
4197,1,0,427.500,-0.490,432.788,427.990
4198,1,0,427.500,-0.487,433.892,427.987
4199,1,0,427.500,6.008,451.016,421.492
4200,1,0,427.500,-0.490,445.961,427.990
4201,1,0,427.500,-0.490,440.205,427.990
4202,1,0,427.500,6.008,442.217,421.492
4203,1,0,427.500,7.275,422.140,420.225
4204,1,0,427.500,-0.493,447.733,427.993
4205,1,0,427.500,-0.500,449.170,428.000
4206,0,0,435.000,435.000,0.000,0.000
4207,0,0,435.000,435.000,0.000,0.000
4208,0,0,435.000,435.000,0.000,0.000
4209,1,0,435.000,6.236,445.022,428.764
4210,1,0,435.000,-0.494,436.856,435.494
4211,1,0,435.000,6.008,467.334,428.992
4212,1,0,435.000,-0.493,444.532,435.493
4213,1,0,435.000,-0.493,499.426,435.493
4214,1,0,435.000,6.010,443.336,428.990
4215,1,0,435.000,6.001,436.339,428.999
4216,1,0,435.000,6.008,430.878,428.992
4217,1,0,435.000,17.321,419.444,417.679
4218,1,0,435.000,5.628,475.501,429.372
4219,1,0,435.000,-0.493,472.005,435.493
4220,0,0,442.500,442.500,0.000,0.000
4221,0,0,442.500,442.500,0.000,0.000
4222,0,0,442.500,442.500,0.000,0.000
4223,0,0,442.500,442.500,0.000,0.000
4224,1,0,442.500,15.106,443.611,427.394
4225,1,0,442.500,-0.493,445.469,442.993
4226,1,0,442.500,6.009,537.474,436.491
4227,1,0,442.500,9.760,479.394,432.740
4228,1,0,442.500,-0.493,453.494,442.993
4229,1,0,442.500,6.008,473.247,436.492
4230,1,0,442.500,9.760,445.714,432.740
4231,1,0,442.500,14.385,452.624,428.115
4232,1,0,442.500,22.196,446.256,420.304
4233,1,0,442.500,9.460,438.702,433.040
4234,1,0,442.500,6.928,438.402,435.572
4235,0,0,450.000,450.000,0.000,0.000
4236,0,0,450.000,450.000,0.000,0.000
4237,0,0,450.000,450.000,0.000,0.000
4238,0,0,450.000,450.000,0.000,0.000
4239,1,0,450.000,-0.380,462.097,450.380
4240,1,0,450.000,11.374,451.585,438.626
4241,1,0,450.000,-0.498,478.990,450.498
4242,1,0,450.000,-0.490,470.572,450.490
4243,1,0,450.000,9.760,468.567,440.240
4244,1,0,450.000,16.610,483.584,433.390
4245,1,0,450.000,-0.469,451.237,450.469
4246,1,0,450.000,22.913,450.746,427.087
4247,1,0,450.000,12.534,457.651,437.466
4248,1,0,450.000,6.751,445.502,443.249
4249,0,0,457.500,457.500,0.000,0.000
4250,0,0,457.500,457.500,0.000,0.000
4251,0,0,457.500,457.500,0.000,0.000
4252,0,0,457.500,457.500,0.000,0.000
4253,0,0,457.500,457.500,0.000,0.000
4254,1,0,457.500,9.293,457.523,448.207
4255,1,0,457.500,9.757,456.039,447.743
4256,1,0,457.500,-0.494,470.498,457.994
4257,1,0,457.500,-0.490,547.455,457.990
4258,1,0,457.500,17.708,448.252,439.792
4259,1,0,457.500,-0.476,487.867,457.976
4260,1,0,457.500,5.841,471.179,451.659
4261,1,0,457.500,14.053,454.631,443.447
4262,1,0,457.500,-0.460,461.028,457.960
4263,1,0,457.500,17.495,450.932,440.005
4264,0,0,465.000,465.000,0.000,0.000
4265,0,0,465.000,465.000,0.000,0.000
4266,0,0,465.000,465.000,0.000,0.000
4267,1,0,465.000,6.948,468.700,458.052
4268,1,0,465.000,13.535,454.804,451.465
4269,1,0,465.000,22.473,459.341,442.527
4270,1,0,465.000,31.223,442.495,433.777
4271,0,0,0.000,0.000,0.000,0.000
4272,0,0,0.000,0.000,0.000,0.000
4273,0,0,7.500,7.500,0.000,0.000
4274,0,0,7.500,7.500,0.000,0.000
4275,0,0,15.000,15.000,0.000,0.000
4276,0,0,15.000,15.000,0.000,0.000
4277,0,0,22.500,22.500,0.000,0.000
4278,0,0,22.500,22.500,0.000,0.000
4279,0,0,30.000,30.000,0.000,0.000
4280,0,0,30.000,30.000,0.000,0.000
4281,0,0,37.500,37.500,0.000,0.000
4282,0,0,37.500,37.500,0.000,0.000
4283,0,0,45.000,45.000,0.000,0.000
4284,0,0,45.000,45.000,0.000,0.000
4285,0,0,52.500,52.500,0.000,0.000
4286,0,0,52.500,52.500,0.000,0.000
4287,0,0,60.000,60.000,0.000,0.000
4288,0,0,60.000,60.000,0.000,0.000
4289,0,0,67.500,67.500,0.000,0.000
4290,0,0,67.500,67.500,0.000,0.000
4291,0,0,75.000,75.000,0.000,0.000
4292,0,0,75.000,75.000,0.000,0.000
4293,0,0,82.500,82.500,0.000,0.000
4294,0,0,82.500,82.500,0.000,0.000
4295,0,0,90.000,90.000,0.000,0.000
4296,0,0,90.000,90.000,0.000,0.000
4297,0,0,97.500,97.500,0.000,0.000
4298,0,0,97.500,97.500,0.000,0.000
4299,0,0,105.000,105.000,0.000,0.000
4300,0,0,105.000,105.000,0.000,0.000
4301,0,0,112.500,112.500,0.000,0.000
4302,0,0,112.500,112.500,0.000,0.000
4303,0,0,120.000,120.000,0.000,0.000
4304,0,0,120.000,120.000,0.000,0.000
4305,0,0,127.500,127.500,0.000,0.000
4306,0,0,127.500,127.500,0.000,0.000
4307,0,0,135.000,135.000,0.000,0.000
4308,0,0,135.000,135.000,0.000,0.000
4309,0,0,142.500,142.500,0.000,0.000
4310,0,0,142.500,142.500,0.000,0.000
4311,0,0,150.000,150.000,0.000,0.000
4312,0,0,150.000,150.000,0.000,0.000
4313,0,0,157.500,157.500,0.000,0.000
4314,0,0,157.500,157.500,0.000,0.000
4315,0,0,165.000,165.000,0.000,0.000
4316,0,0,165.000,165.000,0.000,0.000
4317,0,0,172.500,172.500,0.000,0.000
4318,0,0,172.500,172.500,0.000,0.000
4319,0,0,180.000,180.000,0.000,0.000
4320,0,0,180.000,180.000,0.000,0.000
4321,0,0,187.500,187.500,0.000,0.000
4322,0,0,187.500,187.500,0.000,0.000
4323,0,0,195.000,195.000,0.000,0.000
4324,0,0,195.000,195.000,0.000,0.000
4325,0,0,202.500,202.500,0.000,0.000
4326,0,0,202.500,202.500,0.000,0.000
4327,0,0,210.000,210.000,0.000,0.000
4328,0,0,210.000,210.000,0.000,0.000
4329,0,0,217.500,217.500,0.000,0.000
4330,0,0,217.500,217.500,0.000,0.000
4331,0,0,225.000,225.000,0.000,0.000
4332,0,0,225.000,225.000,0.000,0.000
4333,0,0,232.500,232.500,0.000,0.000
4334,0,0,232.500,232.500,0.000,0.000
4335,0,0,240.000,240.000,0.000,0.000
4336,0,0,240.000,240.000,0.000,0.000
4337,0,0,247.500,247.500,0.000,0.000
4338,0,0,247.500,247.500,0.000,0.000
4339,0,0,255.000,255.000,0.000,0.000
4340,0,0,255.000,255.000,0.000,0.000
4341,0,0,262.500,262.500,0.000,0.000
4342,0,0,262.500,262.500,0.000,0.000
4343,0,0,270.000,270.000,0.000,0.000
4344,0,0,270.000,270.000,0.000,0.000
4345,0,0,277.500,277.500,0.000,0.000
4346,0,1,,,,
4347,0,0,285.000,285.000,0.000,0.000
4348,1,0,285.000,5.665,359.618,279.335
4349,0,0,292.500,292.500,0.000,0.000
4350,1,0,292.500,276.435,16.365,16.065
4351,0,0,300.000,300.000,0.000,0.000
4352,1,0,300.000,6.008,712.814,293.992
4353,0,0,307.500,307.500,0.000,0.000
4354,1,0,307.500,-0.494,534.645,307.994
4355,0,0,315.000,315.000,0.000,0.000
4356,1,0,315.000,282.895,32.179,32.105
4357,0,0,322.500,322.500,0.000,0.000
4358,1,0,322.500,-0.486,326.084,322.986
4359,0,0,330.000,330.000,0.000,0.000
4360,1,0,330.000,-0.488,385.083,330.488
4361,0,0,337.500,337.500,0.000,0.000
4362,1,0,337.500,9.763,339.432,327.737
4363,0,0,345.000,345.000,0.000,0.000
4364,1,0,345.000,11.534,354.059,333.466
4365,0,0,352.500,352.500,0.000,0.000
4366,1,0,352.500,9.179,348.891,343.321
4367,0,0,360.000,360.000,0.000,0.000
4368,1,0,360.000,-0.488,362.559,360.488
4369,0,0,367.500,367.500,0.000,0.000
4370,1,0,367.500,-0.498,375.568,367.998
4371,0,0,375.000,375.000,0.000,0.000
4372,1,0,375.000,6.008,401.145,368.992
4373,0,0,382.500,382.500,0.000,0.000
4374,1,0,382.500,6.008,460.433,376.492
4375,0,0,390.000,390.000,0.000,0.000
4376,1,0,390.000,-0.494,515.158,390.494
4377,0,0,397.500,397.500,0.000,0.000
4378,1,0,397.500,6.008,530.562,391.492
4379,0,0,405.000,405.000,0.000,0.000
4380,1,0,405.000,6.008,513.581,398.992
4381,0,0,412.500,412.500,0.000,0.000
4382,1,0,412.500,6.008,518.470,406.492
4383,0,0,420.000,420.000,0.000,0.000
4384,1,0,420.000,21.871,458.806,398.129
4385,0,0,427.500,427.500,0.000,0.000
4386,1,0,427.500,9.769,443.564,417.731
4387,0,0,435.000,435.000,0.000,0.000
4388,1,0,435.000,-0.490,445.014,435.490
4389,0,0,442.500,442.500,0.000,0.000
4390,1,0,442.500,19.418,423.266,423.082
4391,0,0,450.000,450.000,0.000,0.000
4392,1,0,450.000,6.033,445.085,443.967
4393,0,0,457.500,457.500,0.000,0.000
4394,1,0,457.500,9.763,455.707,447.737
4395,0,0,0.000,0.000,0.000,0.000
4396,0,0,0.000,0.000,0.000,0.000
4397,0,0,7.500,7.500,0.000,0.000
4398,0,0,7.500,7.500,0.000,0.000
4399,0,0,15.000,15.000,0.000,0.000
4400,0,0,15.000,15.000,0.000,0.000
4401,0,0,22.500,22.500,0.000,0.000
4402,0,0,22.500,22.500,0.000,0.000
4403,0,0,30.000,30.000,0.000,0.000
4404,0,0,30.000,30.000,0.000,0.000
4405,0,0,37.500,37.500,0.000,0.000
4406,0,0,37.500,37.500,0.000,0.000
4407,0,0,45.000,45.000,0.000,0.000
4408,0,0,45.000,45.000,0.000,0.000
4409,0,0,52.500,52.500,0.000,0.000
4410,0,0,52.500,52.500,0.000,0.000
4411,0,0,60.000,60.000,0.000,0.000
4412,0,0,60.000,60.000,0.000,0.000
4413,0,0,67.500,67.500,0.000,0.000
4414,0,0,67.500,67.500,0.000,0.000
4415,0,0,75.000,75.000,0.000,0.000
4416,0,0,75.000,75.000,0.000,0.000
4417,0,0,82.500,82.500,0.000,0.000
4418,0,0,82.500,82.500,0.000,0.000
4419,0,0,90.000,90.000,0.000,0.000
4420,0,0,90.000,90.000,0.000,0.000
4421,0,0,97.500,97.500,0.000,0.000
4422,0,0,97.500,97.500,0.000,0.000
4423,0,0,105.000,105.000,0.000,0.000
4424,0,0,105.000,105.000,0.000,0.000
4425,0,0,112.500,112.500,0.000,0.000
4426,0,0,112.500,112.500,0.000,0.000
4427,0,0,120.000,120.000,0.000,0.000
4428,0,0,120.000,120.000,0.000,0.000
4429,0,0,127.500,127.500,0.000,0.000
4430,0,0,127.500,127.500,0.000,0.000
4431,0,0,135.000,135.000,0.000,0.000
4432,0,0,135.000,135.000,0.000,0.000
4433,0,0,142.500,142.500,0.000,0.000
4434,0,0,142.500,142.500,0.000,0.000
4435,0,0,150.000,150.000,0.000,0.000
4436,0,0,150.000,150.000,0.000,0.000
4437,0,0,157.500,157.500,0.000,0.000
4438,0,0,157.500,157.500,0.000,0.000
4439,0,0,165.000,165.000,0.000,0.000
4440,0,0,165.000,165.000,0.000,0.000
4441,0,0,172.500,172.500,0.000,0.000
4442,0,0,172.500,172.500,0.000,0.000
4443,0,0,180.000,180.000,0.000,0.000
4444,0,0,180.000,180.000,0.000,0.000
4445,0,0,187.500,187.500,0.000,0.000
4446,0,0,187.500,187.500,0.000,0.000
4447,0,0,195.000,195.000,0.000,0.000
4448,0,0,195.000,195.000,0.000,0.000
4449,0,0,202.500,202.500,0.000,0.000
4450,0,0,202.500,202.500,0.000,0.000
4451,0,0,210.000,210.000,0.000,0.000
4452,0,0,210.000,210.000,0.000,0.000
4453,0,0,217.500,217.500,0.000,0.000
4454,0,0,217.500,217.500,0.000,0.000
4455,0,0,225.000,225.000,0.000,0.000
4456,0,0,225.000,225.000,0.000,0.000
4457,0,0,232.500,232.500,0.000,0.000
4458,0,0,232.500,232.500,0.000,0.000
4459,0,0,240.000,240.000,0.000,0.000
4460,0,0,240.000,240.000,0.000,0.000
4461,0,0,247.500,247.500,0.000,0.000
4462,0,0,247.500,247.500,0.000,0.000
4463,0,0,255.000,255.000,0.000,0.000
4464,0,0,255.000,255.000,0.000,0.000
4465,0,0,262.500,262.500,0.000,0.000
4466,0,0,262.500,262.500,0.000,0.000
4467,0,0,270.000,270.000,0.000,0.000
4468,0,0,270.000,270.000,0.000,0.000
4469,0,0,277.500,277.500,0.000,0.000
4470,0,1,,,,
4471,0,0,285.000,285.000,0.000,0.000
4472,1,0,285.000,6.005,281.128,278.995
4473,0,0,292.500,292.500,0.000,0.000
4474,1,0,292.500,6.010,296.939,286.490
4475,0,0,300.000,300.000,0.000,0.000
4476,1,0,300.000,6.002,304.962,293.998
4477,0,0,307.500,307.500,0.000,0.000
4478,1,0,307.500,-0.494,337.524,307.994
4479,0,0,315.000,315.000,0.000,0.000
4480,1,0,315.000,-0.489,339.995,315.489
4481,0,0,322.500,322.500,0.000,0.000
4482,1,0,322.500,6.008,356.013,316.492
4483,0,0,330.000,330.000,0.000,0.000
4484,1,0,330.000,6.008,356.503,323.992
4485,0,0,337.500,337.500,0.000,0.000
4486,1,0,337.500,6.065,362.435,331.435
4487,0,0,345.000,345.000,0.000,0.000
4488,1,0,345.000,9.763,347.959,335.237
4489,0,0,352.500,352.500,0.000,0.000
4490,1,0,352.500,-0.506,392.446,353.006
4491,0,0,360.000,360.000,0.000,0.000
4492,1,0,360.000,-0.488,421.443,360.488
4493,0,0,367.500,367.500,0.000,0.000
4494,1,0,367.500,-0.501,413.864,368.001
4495,0,0,375.000,375.000,0.000,0.000
4496,1,0,375.000,6.007,522.657,368.993
4497,0,0,382.500,382.500,0.000,0.000
4498,1,0,382.500,6.005,427.199,376.495
4499,0,0,390.000,390.000,0.000,0.000
4500,1,0,390.000,6.012,434.859,383.988
4501,0,0,397.500,397.500,0.000,0.000
4502,1,0,397.500,6.008,430.407,391.492
4503,0,0,405.000,405.000,0.000,0.000
4504,1,0,405.000,6.006,476.538,398.994
4505,0,0,412.500,412.500,0.000,0.000
4506,1,0,412.500,9.763,409.430,402.737
4507,0,0,420.000,420.000,0.000,0.000
4508,1,0,420.000,9.763,412.845,410.237
4509,0,0,427.500,427.500,0.000,0.000
4510,1,0,427.500,-0.488,462.394,427.988
4511,0,0,435.000,435.000,0.000,0.000
4512,1,0,435.000,7.519,462.273,427.481
4513,0,0,442.500,442.500,0.000,0.000
4514,1,0,442.500,6.015,440.192,436.485
4515,0,0,450.000,450.000,0.000,0.000
4516,1,0,450.000,9.267,446.431,440.733
4517,0,0,457.500,457.500,0.000,0.000
4518,1,0,457.500,11.117,490.296,446.383
4519,0,0,0.000,0.000,0.000,0.000
4520,0,0,0.000,0.000,0.000,0.000
4521,0,0,7.500,7.500,0.000,0.000
4522,0,0,7.500,7.500,0.000,0.000
4523,0,0,15.000,15.000,0.000,0.000
4524,0,0,15.000,15.000,0.000,0.000
4525,0,0,22.500,22.500,0.000,0.000
4526,0,0,22.500,22.500,0.000,0.000
4527,0,0,30.000,30.000,0.000,0.000
4528,0,0,30.000,30.000,0.000,0.000
4529,0,0,37.500,37.500,0.000,0.000
4530,0,0,37.500,37.500,0.000,0.000
4531,0,0,45.000,45.000,0.000,0.000
4532,0,0,45.000,45.000,0.000,0.000
4533,0,0,52.500,52.500,0.000,0.000
4534,0,0,52.500,52.500,0.000,0.000
4535,0,0,60.000,60.000,0.000,0.000
4536,0,0,60.000,60.000,0.000,0.000
4537,0,0,67.500,67.500,0.000,0.000
4538,0,0,67.500,67.500,0.000,0.000
4539,0,0,75.000,75.000,0.000,0.000
4540,0,0,75.000,75.000,0.000,0.000
4541,0,0,82.500,82.500,0.000,0.000
4542,0,0,82.500,82.500,0.000,0.000
4543,0,0,90.000,90.000,0.000,0.000
4544,0,0,90.000,90.000,0.000,0.000
4545,0,0,97.500,97.500,0.000,0.000
4546,0,0,97.500,97.500,0.000,0.000
4547,0,0,105.000,105.000,0.000,0.000
4548,0,0,105.000,105.000,0.000,0.000
4549,0,0,112.500,112.500,0.000,0.000
4550,0,0,112.500,112.500,0.000,0.000
4551,0,0,120.000,120.000,0.000,0.000
4552,0,0,120.000,120.000,0.000,0.000
4553,0,0,127.500,127.500,0.000,0.000
4554,0,0,127.500,127.500,0.000,0.000
4555,0,0,135.000,135.000,0.000,0.000
4556,0,0,135.000,135.000,0.000,0.000
4557,0,0,142.500,142.500,0.000,0.000
4558,0,0,142.500,142.500,0.000,0.000
4559,0,0,150.000,150.000,0.000,0.000
4560,0,0,150.000,150.000,0.000,0.000
4561,0,0,157.500,157.500,0.000,0.000
4562,0,0,157.500,157.500,0.000,0.000
4563,0,0,165.000,165.000,0.000,0.000
4564,0,0,165.000,165.000,0.000,0.000
4565,0,0,172.500,172.500,0.000,0.000
4566,0,0,172.500,172.500,0.000,0.000
4567,0,0,180.000,180.000,0.000,0.000
4568,0,0,180.000,180.000,0.000,0.000
4569,0,0,187.500,187.500,0.000,0.000
4570,0,0,187.500,187.500,0.000,0.000
4571,0,0,195.000,195.000,0.000,0.000
4572,0,0,195.000,195.000,0.000,0.000
4573,0,0,202.500,202.500,0.000,0.000
4574,0,0,202.500,202.500,0.000,0.000
4575,0,0,210.000,210.000,0.000,0.000
4576,0,0,210.000,210.000,0.000,0.000
4577,0,0,217.500,217.500,0.000,0.000
4578,0,0,217.500,217.500,0.000,0.000
4579,0,0,225.000,225.000,0.000,0.000
4580,0,0,225.000,225.000,0.000,0.000
4581,0,0,232.500,232.500,0.000,0.000
4582,0,0,232.500,232.500,0.000,0.000
4583,0,0,240.000,240.000,0.000,0.000
4584,0,0,240.000,240.000,0.000,0.000
4585,0,0,247.500,247.500,0.000,0.000
4586,0,0,247.500,247.500,0.000,0.000
4587,0,0,255.000,255.000,0.000,0.000
4588,0,0,255.000,255.000,0.000,0.000
4589,0,0,262.500,262.500,0.000,0.000
4590,0,0,262.500,262.500,0.000,0.000
4591,0,0,270.000,270.000,0.000,0.000
4592,0,0,270.000,270.000,0.000,0.000
4593,0,0,277.500,277.500,0.000,0.000
4594,0,1,,,,
4595,0,0,285.000,285.000,0.000,0.000
4596,1,0,285.000,6.032,280.332,278.968
4597,0,0,292.500,292.500,0.000,0.000
4598,1,0,292.500,-0.492,298.724,292.992
4599,0,0,300.000,300.000,0.000,0.000
4600,1,0,300.000,9.771,297.434,290.229
4601,0,0,307.500,307.500,0.000,0.000
4602,1,0,307.500,7.020,303.968,300.480
4603,0,0,315.000,315.000,0.000,0.000
4604,1,0,315.000,9.763,316.995,305.237
4605,0,0,322.500,322.500,0.000,0.000
4606,1,0,322.500,9.762,392.362,312.738
4607,0,0,330.000,330.000,0.000,0.000
4608,1,0,330.000,-0.481,340.426,330.481
4609,0,0,337.500,337.500,0.000,0.000
4610,1,0,337.500,-0.494,389.867,337.994
4611,0,0,345.000,345.000,0.000,0.000
4612,1,0,345.000,6.008,507.616,338.992
4613,0,0,352.500,352.500,0.000,0.000
4614,1,0,352.500,-0.488,377.137,352.988
4615,0,0,360.000,360.000,0.000,0.000
4616,1,0,360.000,6.008,417.481,353.992
4617,0,0,367.500,367.500,0.000,0.000
4618,1,0,367.500,-0.490,435.658,367.990
4619,0,0,375.000,375.000,0.000,0.000
4620,1,0,375.000,6.008,449.372,368.992
4621,0,0,382.500,382.500,0.000,0.000
4622,1,0,382.500,-0.492,450.865,382.992
4623,0,0,390.000,390.000,0.000,0.000
4624,1,0,390.000,9.765,438.713,380.235
4625,0,0,397.500,397.500,0.000,0.000
4626,1,0,397.500,9.763,459.755,387.737
4627,0,0,405.000,405.000,0.000,0.000
4628,1,0,405.000,-0.489,439.728,405.489
4629,0,0,412.500,412.500,0.000,0.000
4630,1,0,412.500,6.047,409.586,406.453
4631,0,0,420.000,420.000,0.000,0.000
4632,1,0,420.000,-0.456,429.457,420.456
4633,0,0,427.500,427.500,0.000,0.000
4634,1,0,427.500,5.989,436.783,421.511
4635,0,0,435.000,435.000,0.000,0.000
4636,1,0,435.000,3.386,440.126,431.614
4637,0,0,442.500,442.500,0.000,0.000
4638,1,0,442.500,6.039,442.474,436.461
4639,0,0,450.000,450.000,0.000,0.000
4640,1,0,450.000,9.763,450.429,440.237
4641,0,0,457.500,457.500,0.000,0.000
4642,1,0,457.500,7.023,470.273,450.477
4643,0,0,0.000,0.000,0.000,0.000
4644,0,0,0.000,0.000,0.000,0.000
4645,0,0,7.500,7.500,0.000,0.000
4646,0,0,7.500,7.500,0.000,0.000
4647,0,0,15.000,15.000,0.000,0.000
4648,0,0,15.000,15.000,0.000,0.000
4649,0,0,22.500,22.500,0.000,0.000
4650,0,0,22.500,22.500,0.000,0.000
4651,0,0,30.000,30.000,0.000,0.000
4652,0,0,30.000,30.000,0.000,0.000
4653,0,0,37.500,37.500,0.000,0.000
4654,0,0,37.500,37.500,0.000,0.000
4655,0,0,45.000,45.000,0.000,0.000
4656,0,0,45.000,45.000,0.000,0.000
4657,0,0,52.500,52.500,0.000,0.000
4658,0,0,52.500,52.500,0.000,0.000
4659,0,0,60.000,60.000,0.000,0.000
4660,0,0,60.000,60.000,0.000,0.000
4661,0,0,67.500,67.500,0.000,0.000
4662,0,0,67.500,67.500,0.000,0.000
4663,0,0,75.000,75.000,0.000,0.000
4664,0,0,75.000,75.000,0.000,0.000
4665,0,0,82.500,82.500,0.000,0.000
4666,0,0,82.500,82.500,0.000,0.000
4667,0,0,90.000,90.000,0.000,0.000
4668,0,0,90.000,90.000,0.000,0.000
4669,0,0,97.500,97.500,0.000,0.000
4670,0,0,97.500,97.500,0.000,0.000
4671,0,0,105.000,105.000,0.000,0.000
4672,0,0,105.000,105.000,0.000,0.000
4673,0,0,112.500,112.500,0.000,0.000
4674,0,0,112.500,112.500,0.000,0.000
4675,0,0,120.000,120.000,0.000,0.000
4676,0,0,120.000,120.000,0.000,0.000
4677,0,0,127.500,127.500,0.000,0.000
4678,0,0,127.500,127.500,0.000,0.000
4679,0,0,135.000,135.000,0.000,0.000
4680,0,0,135.000,135.000,0.000,0.000
4681,0,0,142.500,142.500,0.000,0.000
4682,0,0,142.500,142.500,0.000,0.000
4683,0,0,150.000,150.000,0.000,0.000
4684,0,0,150.000,150.000,0.000,0.000
4685,0,0,157.500,157.500,0.000,0.000
4686,0,0,157.500,157.500,0.000,0.000
4687,0,0,165.000,165.000,0.000,0.000
4688,0,0,165.000,165.000,0.000,0.000
4689,0,0,172.500,172.500,0.000,0.000
4690,0,0,172.500,172.500,0.000,0.000
4691,0,0,180.000,180.000,0.000,0.000
4692,0,0,180.000,180.000,0.000,0.000
4693,0,0,187.500,187.500,0.000,0.000
4694,0,0,187.500,187.500,0.000,0.000
4695,0,0,195.000,195.000,0.000,0.000
4696,0,0,195.000,195.000,0.000,0.000
4697,0,0,202.500,202.500,0.000,0.000
4698,0,0,202.500,202.500,0.000,0.000
4699,0,0,210.000,210.000,0.000,0.000
4700,0,0,210.000,210.000,0.000,0.000
4701,0,0,217.500,217.500,0.000,0.000
4702,0,0,217.500,217.500,0.000,0.000
4703,0,0,225.000,225.000,0.000,0.000
4704,0,0,225.000,225.000,0.000,0.000
4705,0,0,232.500,232.500,0.000,0.000
4706,0,0,232.500,232.500,0.000,0.000
4707,0,0,240.000,240.000,0.000,0.000
4708,0,0,240.000,240.000,0.000,0.000
4709,0,0,247.500,247.500,0.000,0.000
4710,0,0,247.500,247.500,0.000,0.000
4711,0,0,255.000,255.000,0.000,0.000
4712,0,0,255.000,255.000,0.000,0.000
4713,0,0,262.500,262.500,0.000,0.000
4714,0,0,262.500,262.500,0.000,0.000
4715,0,0,270.000,270.000,0.000,0.000
4716,0,0,270.000,270.000,0.000,0.000
4717,0,0,277.500,277.500,0.000,0.000
4718,0,1,,,,
4719,0,0,285.000,285.000,0.000,0.000
4720,1,0,285.000,276.511,8.794,8.489
4721,0,0,292.500,292.500,0.000,0.000
4722,1,0,292.500,11.603,315.620,280.897
4723,0,0,300.000,300.000,0.000,0.000
4724,1,0,300.000,6.008,317.768,293.992
4725,0,0,307.500,307.500,0.000,0.000
4726,1,0,307.500,9.763,362.205,297.737
4727,0,0,315.000,315.000,0.000,0.000
4728,1,0,315.000,-0.503,359.266,315.503
4729,0,0,322.500,322.500,0.000,0.000
4730,1,0,322.500,-0.488,325.965,322.988
4731,0,0,330.000,330.000,0.000,0.000
4732,1,0,330.000,6.008,340.682,323.992
4733,0,0,337.500,337.500,0.000,0.000
4734,1,0,337.500,6.008,387.940,331.492
4735,0,0,345.000,345.000,0.000,0.000
4736,1,0,345.000,-0.488,395.923,345.488
4737,0,0,352.500,352.500,0.000,0.000
4738,1,0,352.500,6.008,422.469,346.492
4739,0,0,360.000,360.000,0.000,0.000
4740,1,0,360.000,6.008,414.334,353.992
4741,0,0,367.500,367.500,0.000,0.000
4742,1,0,367.500,6.008,448.818,361.492
4743,0,0,375.000,375.000,0.000,0.000
4744,1,0,375.000,-0.493,523.188,375.493
4745,0,0,382.500,382.500,0.000,0.000
4746,1,0,382.500,6.008,522.051,376.492
4747,0,0,390.000,390.000,0.000,0.000
4748,1,0,390.000,9.763,435.739,380.237
4749,0,0,397.500,397.500,0.000,0.000
4750,1,0,397.500,6.008,449.235,391.492
4751,0,0,405.000,405.000,0.000,0.000
4752,1,0,405.000,9.763,436.268,395.237
4753,0,0,412.500,412.500,0.000,0.000
4754,1,0,412.500,-0.494,449.308,412.994
4755,0,0,420.000,420.000,0.000,0.000
4756,1,0,420.000,6.008,448.944,413.992
4757,0,0,427.500,427.500,0.000,0.000
4758,1,0,427.500,16.149,432.279,411.351
4759,0,0,435.000,435.000,0.000,0.000
4760,1,0,435.000,293.277,141.872,141.723
4761,0,0,442.500,442.500,0.000,0.000
4762,1,0,442.500,19.121,434.452,423.379
4763,0,0,450.000,450.000,0.000,0.000
4764,1,0,450.000,6.008,445.126,443.992
4765,0,0,457.500,457.500,0.000,0.000
4766,1,0,457.500,6.008,457.089,451.492
4767,0,0,0.000,0.000,0.000,0.000
4768,0,0,0.000,0.000,0.000,0.000
4769,0,0,7.500,7.500,0.000,0.000
4770,0,0,7.500,7.500,0.000,0.000
4771,0,0,15.000,15.000,0.000,0.000
4772,0,0,15.000,15.000,0.000,0.000
4773,0,0,22.500,22.500,0.000,0.000
4774,0,0,22.500,22.500,0.000,0.000
4775,0,0,30.000,30.000,0.000,0.000
4776,0,0,30.000,30.000,0.000,0.000
4777,0,0,37.500,37.500,0.000,0.000
4778,0,0,37.500,37.500,0.000,0.000
4779,0,0,45.000,45.000,0.000,0.000
4780,0,0,45.000,45.000,0.000,0.000
4781,0,0,52.500,52.500,0.000,0.000
4782,0,0,52.500,52.500,0.000,0.000
4783,0,0,60.000,60.000,0.000,0.000
4784,0,0,60.000,60.000,0.000,0.000
4785,0,0,67.500,67.500,0.000,0.000
4786,0,0,67.500,67.500,0.000,0.000
4787,0,0,75.000,75.000,0.000,0.000
4788,0,0,75.000,75.000,0.000,0.000
4789,0,0,82.500,82.500,0.000,0.000
4790,0,0,82.500,82.500,0.000,0.000
4791,0,0,90.000,90.000,0.000,0.000
4792,0,0,90.000,90.000,0.000,0.000
4793,0,0,97.500,97.500,0.000,0.000
4794,0,0,97.500,97.500,0.000,0.000
4795,0,0,105.000,105.000,0.000,0.000
4796,0,0,105.000,105.000,0.000,0.000
4797,0,0,112.500,112.500,0.000,0.000
4798,0,0,112.500,112.500,0.000,0.000
4799,0,0,120.000,120.000,0.000,0.000
4800,0,0,120.000,120.000,0.000,0.000
4801,0,0,127.500,127.500,0.000,0.000
4802,0,0,127.500,127.500,0.000,0.000
4803,0,0,135.000,135.000,0.000,0.000
4804,0,0,135.000,135.000,0.000,0.000
4805,0,0,142.500,142.500,0.000,0.000
4806,0,0,142.500,142.500,0.000,0.000
4807,0,0,150.000,150.000,0.000,0.000
4808,0,0,150.000,150.000,0.000,0.000
4809,0,0,157.500,157.500,0.000,0.000
4810,0,0,157.500,157.500,0.000,0.000
4811,0,0,165.000,165.000,0.000,0.000
4812,0,0,165.000,165.000,0.000,0.000
4813,0,0,172.500,172.500,0.000,0.000
4814,0,0,172.500,172.500,0.000,0.000
4815,0,0,180.000,180.000,0.000,0.000
4816,0,0,180.000,180.000,0.000,0.000
4817,0,0,187.500,187.500,0.000,0.000
4818,0,0,187.500,187.500,0.000,0.000
4819,0,0,195.000,195.000,0.000,0.000
4820,0,0,195.000,195.000,0.000,0.000
4821,0,0,202.500,202.500,0.000,0.000
4822,0,0,202.500,202.500,0.000,0.000
4823,0,0,210.000,210.000,0.000,0.000
4824,0,0,210.000,210.000,0.000,0.000
4825,0,0,217.500,217.500,0.000,0.000
4826,0,0,217.500,217.500,0.000,0.000
4827,0,0,225.000,225.000,0.000,0.000
4828,0,0,225.000,225.000,0.000,0.000
4829,0,0,232.500,232.500,0.000,0.000
4830,0,0,232.500,232.500,0.000,0.000
4831,0,0,240.000,240.000,0.000,0.000
4832,0,0,240.000,240.000,0.000,0.000
4833,0,0,247.500,247.500,0.000,0.000
4834,0,0,247.500,247.500,0.000,0.000
4835,0,0,255.000,255.000,0.000,0.000
4836,0,0,255.000,255.000,0.000,0.000
4837,0,0,262.500,262.500,0.000,0.000
4838,0,0,262.500,262.500,0.000,0.000
4839,0,0,270.000,270.000,0.000,0.000
4840,0,0,270.000,270.000,0.000,0.000
4841,0,0,277.500,277.500,0.000,0.000
4842,0,1,,,,
4843,0,0,285.000,285.000,0.000,0.000
4844,1,0,285.000,-0.490,287.565,285.490
4845,0,0,292.500,292.500,0.000,0.000
4846,1,0,292.500,9.779,288.711,282.721
4847,0,0,300.000,300.000,0.000,0.000
4848,1,0,300.000,6.005,304.260,293.995
4849,0,0,307.500,307.500,0.000,0.000
4850,1,0,307.500,6.013,329.194,301.487
4851,0,0,315.000,315.000,0.000,0.000
4852,1,0,315.000,21.567,317.954,293.433
4853,0,0,322.500,322.500,0.000,0.000
4854,1,0,322.500,5.002,331.909,317.498
4855,0,0,330.000,330.000,0.000,0.000
4856,1,0,330.000,9.887,326.201,320.113
4857,0,0,337.500,337.500,0.000,0.000
4858,1,0,337.500,6.013,382.276,331.487
4859,0,0,345.000,345.000,0.000,0.000
4860,1,0,345.000,-0.505,379.094,345.505
4861,0,0,352.500,352.500,0.000,0.000
4862,1,0,352.500,0.467,395.204,352.033
4863,0,0,360.000,360.000,0.000,0.000
4864,1,0,360.000,-0.494,439.195,360.494
4865,0,0,367.500,367.500,0.000,0.000
4866,1,0,367.500,-0.488,429.933,367.988
4867,0,0,375.000,375.000,0.000,0.000
4868,1,0,375.000,6.008,467.241,368.992
4869,0,0,382.500,382.500,0.000,0.000
4870,1,0,382.500,-0.496,427.245,382.996
4871,0,0,390.000,390.000,0.000,0.000
4872,1,0,390.000,-0.493,449.280,390.493
4873,0,0,397.500,397.500,0.000,0.000
4874,1,0,397.500,7.889,420.972,389.611
4875,0,0,405.000,405.000,0.000,0.000
4876,1,0,405.000,9.763,426.522,395.237
4877,0,0,412.500,412.500,0.000,0.000
4878,1,0,412.500,10.368,432.690,402.132
4879,0,0,420.000,420.000,0.000,0.000
4880,1,0,420.000,-0.486,439.564,420.486
4881,0,0,427.500,427.500,0.000,0.000
4882,1,0,427.500,5.942,456.149,421.558
4883,0,0,435.000,435.000,0.000,0.000
4884,1,0,435.000,-0.493,459.358,435.493
4885,0,0,442.500,442.500,0.000,0.000
4886,1,0,442.500,9.761,453.462,432.739
4887,0,0,450.000,450.000,0.000,0.000
4888,1,0,450.000,-0.493,492.157,450.493
4889,0,0,457.500,457.500,0.000,0.000
4890,1,0,457.500,8.521,479.600,448.979
4891,0,0,0.000,0.000,0.000,0.000
4892,0,0,0.000,0.000,0.000,0.000
4893,0,0,7.500,7.500,0.000,0.000
4894,0,0,7.500,7.500,0.000,0.000
4895,0,0,15.000,15.000,0.000,0.000
4896,0,0,15.000,15.000,0.000,0.000
4897,0,0,22.500,22.500,0.000,0.000
4898,0,0,22.500,22.500,0.000,0.000
4899,0,0,30.000,30.000,0.000,0.000
4900,0,0,30.000,30.000,0.000,0.000
4901,0,0,37.500,37.500,0.000,0.000
4902,0,0,37.500,37.500,0.000,0.000
4903,0,0,45.000,45.000,0.000,0.000
4904,0,0,45.000,45.000,0.000,0.000
4905,0,0,52.500,52.500,0.000,0.000
4906,0,0,52.500,52.500,0.000,0.000
4907,0,0,60.000,60.000,0.000,0.000
4908,0,0,60.000,60.000,0.000,0.000
4909,0,0,67.500,67.500,0.000,0.000
4910,0,0,67.500,67.500,0.000,0.000
4911,0,0,75.000,75.000,0.000,0.000
4912,0,0,75.000,75.000,0.000,0.000
4913,0,0,82.500,82.500,0.000,0.000
4914,0,0,82.500,82.500,0.000,0.000
4915,0,0,90.000,90.000,0.000,0.000
4916,0,0,90.000,90.000,0.000,0.000
4917,0,0,97.500,97.500,0.000,0.000
4918,0,0,97.500,97.500,0.000,0.000
4919,0,0,105.000,105.000,0.000,0.000
4920,0,0,105.000,105.000,0.000,0.000
4921,0,0,112.500,112.500,0.000,0.000
4922,0,0,112.500,112.500,0.000,0.000
4923,0,0,120.000,120.000,0.000,0.000
4924,0,0,120.000,120.000,0.000,0.000
4925,0,0,127.500,127.500,0.000,0.000
4926,0,0,127.500,127.500,0.000,0.000
4927,0,0,135.000,135.000,0.000,0.000
4928,0,0,135.000,135.000,0.000,0.000
4929,0,0,142.500,142.500,0.000,0.000
4930,0,0,142.500,142.500,0.000,0.000
4931,0,0,150.000,150.000,0.000,0.000
4932,0,0,150.000,150.000,0.000,0.000
4933,0,0,157.500,157.500,0.000,0.000
4934,0,0,157.500,157.500,0.000,0.000
4935,0,0,165.000,165.000,0.000,0.000
4936,0,0,165.000,165.000,0.000,0.000
4937,0,0,172.500,172.500,0.000,0.000
4938,0,0,172.500,172.500,0.000,0.000
4939,0,0,180.000,180.000,0.000,0.000
4940,0,0,180.000,180.000,0.000,0.000
4941,0,0,187.500,187.500,0.000,0.000
4942,0,0,187.500,187.500,0.000,0.000
4943,0,0,195.000,195.000,0.000,0.000
4944,0,0,195.000,195.000,0.000,0.000
4945,0,0,202.500,202.500,0.000,0.000
4946,0,0,202.500,202.500,0.000,0.000
4947,0,0,210.000,210.000,0.000,0.000
4948,0,0,210.000,210.000,0.000,0.000
4949,0,0,217.500,217.500,0.000,0.000
4950,0,0,217.500,217.500,0.000,0.000
4951,0,0,225.000,225.000,0.000,0.000
4952,0,0,225.000,225.000,0.000,0.000
4953,0,0,232.500,232.500,0.000,0.000
4954,0,0,232.500,232.500,0.000,0.000
4955,0,0,240.000,240.000,0.000,0.000
4956,0,0,240.000,240.000,0.000,0.000
4957,0,0,247.500,247.500,0.000,0.000
4958,0,0,247.500,247.500,0.000,0.000
4959,0,0,255.000,255.000,0.000,0.000
4960,0,0,255.000,255.000,0.000,0.000
4961,0,0,262.500,262.500,0.000,0.000
4962,0,0,262.500,262.500,0.000,0.000
4963,0,0,270.000,270.000,0.000,0.000
4964,0,0,270.000,270.000,0.000,0.000
4965,0,0,277.500,277.500,0.000,0.000
4966,0,1,,,,
4967,0,0,285.000,285.000,0.000,0.000
4968,1,0,285.000,9.874,280.840,275.126
4969,0,0,292.500,292.500,0.000,0.000
4970,1,0,292.500,16.755,311.794,275.745
4971,0,0,300.000,300.000,0.000,0.000
4972,1,0,300.000,11.916,328.404,288.084
4973,0,0,307.500,307.500,0.000,0.000
4974,1,0,307.500,-0.485,358.195,307.985
4975,0,0,315.000,315.000,0.000,0.000
4976,1,0,315.000,-0.489,321.963,315.489
4977,0,0,322.500,322.500,0.000,0.000
4978,1,0,322.500,9.763,336.653,312.737
4979,0,0,330.000,330.000,0.000,0.000
4980,1,0,330.000,-0.608,334.183,330.608
4981,0,0,337.500,337.500,0.000,0.000
4982,1,0,337.500,-0.471,343.506,337.971
4983,0,0,345.000,345.000,0.000,0.000
4984,1,0,345.000,-0.475,346.216,345.475
4985,0,0,352.500,352.500,0.000,0.000
4986,1,0,352.500,-0.537,370.248,353.037
4987,0,0,360.000,360.000,0.000,0.000
4988,1,0,360.000,21.022,386.327,338.978
4989,0,0,367.500,367.500,0.000,0.000
4990,1,0,367.500,6.008,409.693,361.492
4991,0,0,375.000,375.000,0.000,0.000
4992,1,0,375.000,9.763,420.289,365.237
4993,0,0,382.500,382.500,0.000,0.000
4994,1,0,382.500,-0.497,493.170,382.997
4995,0,0,390.000,390.000,0.000,0.000
4996,1,0,390.000,-0.494,446.404,390.494
4997,0,0,397.500,397.500,0.000,0.000
4998,1,0,397.500,9.808,425.821,387.692
4999,0,0,405.000,405.000,0.000,0.000
5000,1,0,405.000,6.043,414.050,398.957
5001,0,0,412.500,412.500,0.000,0.000
5002,1,0,412.500,-0.463,430.068,412.963
5003,0,0,420.000,420.000,0.000,0.000
5004,1,0,420.000,9.669,426.012,410.331
5005,0,0,427.500,427.500,0.000,0.000
5006,1,0,427.500,6.008,447.769,421.492
5007,0,0,435.000,435.000,0.000,0.000
5008,1,0,435.000,9.741,450.878,425.259
5009,0,0,442.500,442.500,0.000,0.000
5010,1,0,442.500,-0.493,462.685,442.993
5011,0,0,450.000,450.000,0.000,0.000
5012,1,0,450.000,-0.496,464.683,450.496
5013,0,0,457.500,457.500,0.000,0.000
5014,1,0,457.500,16.776,453.764,440.724
5015,0,0,480.000,480.000,0.000,0.000
5016,0,0,480.000,480.000,0.000,0.000
5017,0,0,480.000,480.000,0.000,0.000
5018,0,0,480.000,480.000,0.000,0.000
5019,0,0,480.000,480.000,0.000,0.000
5020,0,0,480.000,480.000,0.000,0.000
5021,0,0,480.000,480.000,0.000,0.000
5022,0,0,480.000,480.000,0.000,0.000
5023,0,0,480.000,480.000,0.000,0.000
5024,0,0,480.000,480.000,0.000,0.000
5025,0,0,480.000,480.000,0.000,0.000
5026,0,0,480.000,480.000,0.000,0.000
5027,0,0,480.000,480.000,0.000,0.000
5028,0,0,480.000,480.000,0.000,0.000
5029,0,0,487.500,487.500,0.000,0.000
5030,0,0,487.500,487.500,0.000,0.000
5031,0,0,487.500,487.500,0.000,0.000
5032,0,0,487.500,487.500,0.000,0.000
5033,0,0,487.500,487.500,0.000,0.000
5034,0,0,487.500,487.500,0.000,0.000
5035,0,0,487.500,487.500,0.000,0.000
5036,0,0,487.500,487.500,0.000,0.000
5037,0,0,487.500,487.500,0.000,0.000
5038,0,0,487.500,487.500,0.000,0.000
5039,0,0,487.500,487.500,0.000,0.000
5040,0,0,487.500,487.500,0.000,0.000
5041,0,0,487.500,487.500,0.000,0.000
5042,0,0,495.000,495.000,0.000,0.000
5043,0,0,495.000,495.000,0.000,0.000
5044,0,0,495.000,495.000,0.000,0.000
5045,0,0,495.000,495.000,0.000,0.000
5046,0,0,495.000,495.000,0.000,0.000
5047,0,0,495.000,495.000,0.000,0.000
5048,0,0,495.000,495.000,0.000,0.000
5049,0,0,495.000,495.000,0.000,0.000
5050,0,0,495.000,495.000,0.000,0.000
5051,0,0,495.000,495.000,0.000,0.000
5052,0,0,495.000,495.000,0.000,0.000
5053,0,0,495.000,495.000,0.000,0.000
5054,0,0,502.500,502.500,0.000,0.000
5055,0,0,502.500,502.500,0.000,0.000
5056,0,0,502.500,502.500,0.000,0.000
5057,0,0,502.500,502.500,0.000,0.000
5058,0,0,502.500,502.500,0.000,0.000
5059,0,0,502.500,502.500,0.000,0.000
5060,0,0,502.500,502.500,0.000,0.000
5061,0,0,502.500,502.500,0.000,0.000
5062,0,0,502.500,502.500,0.000,0.000
5063,0,0,502.500,502.500,0.000,0.000
5064,0,0,502.500,502.500,0.000,0.000
5065,0,0,510.000,510.000,0.000,0.000
5066,0,0,510.000,510.000,0.000,0.000
5067,0,0,510.000,510.000,0.000,0.000
5068,0,0,510.000,510.000,0.000,0.000
5069,0,0,510.000,510.000,0.000,0.000
5070,0,0,510.000,510.000,0.000,0.000
5071,0,0,510.000,510.000,0.000,0.000
5072,0,0,510.000,510.000,0.000,0.000
5073,0,0,510.000,510.000,0.000,0.000
5074,0,0,510.000,510.000,0.000,0.000
5075,0,0,517.500,517.500,0.000,0.000
5076,0,0,517.500,517.500,0.000,0.000
5077,0,0,517.500,517.500,0.000,0.000
5078,0,0,517.500,517.500,0.000,0.000
5079,0,0,517.500,517.500,0.000,0.000
5080,0,0,517.500,517.500,0.000,0.000
5081,0,0,517.500,517.500,0.000,0.000
5082,0,0,517.500,517.500,0.000,0.000
5083,0,0,517.500,517.500,0.000,0.000
5084,0,0,525.000,525.000,0.000,0.000
5085,0,0,525.000,525.000,0.000,0.000
5086,0,0,525.000,525.000,0.000,0.000
5087,0,0,525.000,525.000,0.000,0.000
5088,0,0,525.000,525.000,0.000,0.000
5089,0,0,525.000,525.000,0.000,0.000
5090,0,0,525.000,525.000,0.000,0.000
5091,0,0,525.000,525.000,0.000,0.000
5092,0,0,532.500,532.500,0.000,0.000
5093,0,0,532.500,532.500,0.000,0.000
5094,0,0,532.500,532.500,0.000,0.000
5095,0,0,532.500,532.500,0.000,0.000
5096,0,0,532.500,532.500,0.000,0.000
5097,0,0,532.500,532.500,0.000,0.000
5098,0,0,532.500,532.500,0.000,0.000
5099,0,0,540.000,540.000,0.000,0.000
5100,0,0,540.000,540.000,0.000,0.000
5101,0,0,540.000,540.000,0.000,0.000
5102,0,0,540.000,540.000,0.000,0.000
5103,0,0,540.000,540.000,0.000,0.000
5104,0,0,540.000,540.000,0.000,0.000
5105,0,0,547.500,547.500,0.000,0.000
5106,0,0,547.500,547.500,0.000,0.000
5107,0,0,547.500,547.500,0.000,0.000
5108,0,0,547.500,547.500,0.000,0.000
5109,0,0,547.500,547.500,0.000,0.000
5110,0,0,555.000,555.000,0.000,0.000
5111,0,0,555.000,555.000,0.000,0.000
5112,0,0,555.000,555.000,0.000,0.000
5113,0,0,555.000,555.000,0.000,0.000
5114,0,0,562.500,562.500,0.000,0.000
5115,0,0,562.500,562.500,0.000,0.000
5116,0,0,562.500,562.500,0.000,0.000
5117,0,0,570.000,570.000,0.000,0.000
5118,0,0,570.000,570.000,0.000,0.000
5119,0,0,480.000,480.000,0.000,0.000
5120,0,0,480.000,480.000,0.000,0.000
5121,0,0,480.000,480.000,0.000,0.000
5122,0,0,480.000,480.000,0.000,0.000
5123,0,0,480.000,480.000,0.000,0.000
5124,0,0,480.000,480.000,0.000,0.000
5125,1,0,480.000,9.797,481.030,470.203
5126,1,0,480.000,-0.470,481.017,480.470
5127,1,0,480.000,-0.494,480.624,480.494
5128,1,0,480.000,-0.490,492.173,480.490
5129,1,0,480.000,4.503,510.198,475.497
5130,1,0,480.000,25.523,486.892,454.477
5131,1,0,480.000,13.038,476.279,466.962
5132,1,0,480.000,12.950,480.445,467.050
5133,0,0,487.500,487.500,0.000,0.000
5134,0,0,487.500,487.500,0.000,0.000
5135,0,0,487.500,487.500,0.000,0.000
5136,0,0,487.500,487.500,0.000,0.000
5137,0,0,487.500,487.500,0.000,0.000
5138,0,0,487.500,487.500,0.000,0.000
5139,1,0,487.500,7.916,489.484,479.584
5140,1,0,487.500,8.291,482.400,479.209
5141,1,0,487.500,14.142,479.171,473.358
5142,1,0,487.500,9.034,510.539,478.466
5143,1,0,487.500,11.795,509.984,475.705
5144,1,0,487.500,12.186,507.958,475.314
5145,1,0,487.500,6.008,491.865,481.492
5146,0,0,495.000,495.000,0.000,0.000
5147,0,0,495.000,495.000,0.000,0.000
5148,0,0,495.000,495.000,0.000,0.000
5149,0,0,495.000,495.000,0.000,0.000
5150,0,0,495.000,495.000,0.000,0.000
5151,0,0,495.000,495.000,0.000,0.000
5152,1,0,495.000,-0.480,506.639,495.480
5153,1,0,495.000,0.257,501.405,494.743
5154,1,0,495.000,-0.494,539.039,495.494
5155,1,0,495.000,-0.493,584.079,495.493
5156,1,0,495.000,16.751,524.929,478.249
5157,1,0,495.000,11.656,523.094,483.344
5158,0,0,502.500,502.500,0.000,0.000
5159,0,0,502.500,502.500,0.000,0.000
5160,0,0,502.500,502.500,0.000,0.000
5161,0,0,502.500,502.500,0.000,0.000
5162,0,0,502.500,502.500,0.000,0.000
5163,0,0,502.500,502.500,0.000,0.000
5164,1,0,502.500,30.639,496.224,471.861
5165,1,0,502.500,6.008,514.733,496.492
5166,1,0,502.500,-0.494,542.469,502.994
5167,1,0,502.500,9.760,564.576,492.740
5168,1,0,502.500,6.974,517.687,495.526
5169,0,0,510.000,510.000,0.000,0.000
5170,0,0,510.000,510.000,0.000,0.000
5171,0,0,510.000,510.000,0.000,0.000
5172,0,0,510.000,510.000,0.000,0.000
5173,0,0,510.000,510.000,0.000,0.000
5174,0,0,510.000,510.000,0.000,0.000
5175,1,0,510.000,9.760,520.164,500.240
5176,1,0,510.000,6.869,528.893,503.131
5177,1,0,510.000,16.110,535.199,493.890
5178,1,0,510.000,6.005,521.525,503.995
5179,0,0,517.500,517.500,0.000,0.000
5180,0,0,517.500,517.500,0.000,0.000
5181,0,0,517.500,517.500,0.000,0.000
5182,0,0,517.500,517.500,0.000,0.000
5183,0,0,517.500,517.500,0.000,0.000
5184,0,0,517.500,517.500,0.000,0.000
5185,1,0,517.500,-0.495,530.500,517.995
5186,1,0,517.500,-0.500,536.752,518.000
5187,1,0,517.500,5.833,524.845,511.667
5188,0,0,525.000,525.000,0.000,0.000
5189,0,0,525.000,525.000,0.000,0.000
5190,0,0,525.000,525.000,0.000,0.000
5191,0,0,525.000,525.000,0.000,0.000
5192,0,0,525.000,525.000,0.000,0.000
5193,0,0,525.000,525.000,0.000,0.000
5194,1,0,525.000,16.038,515.653,508.962
5195,1,0,525.000,6.051,532.496,518.949
5196,0,0,532.500,532.500,0.000,0.000
5197,0,0,532.500,532.500,0.000,0.000
5198,0,0,532.500,532.500,0.000,0.000
5199,0,0,532.500,532.500,0.000,0.000
5200,0,0,532.500,532.500,0.000,0.000
5201,0,0,532.500,532.500,0.000,0.000
5202,1,0,532.500,-0.494,550.283,532.994
5203,0,0,540.000,540.000,0.000,0.000
5204,0,0,540.000,540.000,0.000,0.000
5205,0,0,540.000,540.000,0.000,0.000
5206,0,0,540.000,540.000,0.000,0.000
5207,0,0,540.000,540.000,0.000,0.000
5208,0,0,540.000,540.000,0.000,0.000
5209,0,0,547.500,547.500,0.000,0.000
5210,0,0,547.500,547.500,0.000,0.000
5211,0,0,547.500,547.500,0.000,0.000
5212,0,0,547.500,547.500,0.000,0.000
5213,0,0,547.500,547.500,0.000,0.000
5214,0,0,555.000,555.000,0.000,0.000
5215,0,0,555.000,555.000,0.000,0.000
5216,0,0,555.000,555.000,0.000,0.000
5217,0,0,555.000,555.000,0.000,0.000
5218,0,0,562.500,562.500,0.000,0.000
5219,0,0,562.500,562.500,0.000,0.000
5220,0,0,562.500,562.500,0.000,0.000
5221,0,0,570.000,570.000,0.000,0.000
5222,0,0,570.000,570.000,0.000,0.000
5223,0,0,480.000,480.000,0.000,0.000
5224,1,0,480.000,18.173,487.130,461.827
5225,0,0,487.500,487.500,0.000,0.000
5226,1,0,487.500,14.335,527.488,473.165
5227,0,0,495.000,495.000,0.000,0.000
5228,1,0,495.000,314.865,182.026,180.135
5229,0,0,502.500,502.500,0.000,0.000
5230,1,0,502.500,330.427,173.191,172.073
5231,0,0,510.000,510.000,0.000,0.000
5232,1,0,510.000,327.567,186.176,182.433
5233,0,0,517.500,517.500,0.000,0.000
5234,1,0,517.500,375.772,143.367,141.728
5235,0,0,525.000,525.000,0.000,0.000
5236,1,0,525.000,311.023,217.206,213.977
5237,0,0,532.500,532.500,0.000,0.000
5238,1,0,532.500,378.996,155.966,153.504
5239,0,0,540.000,540.000,0.000,0.000
5240,1,0,540.000,330.984,211.086,209.016
5241,0,0,547.500,547.500,0.000,0.000
5242,0,0,547.500,547.500,0.000,0.000
5243,0,0,555.000,555.000,0.000,0.000
5244,0,0,555.000,555.000,0.000,0.000
5245,0,0,562.500,562.500,0.000,0.000
5246,0,0,562.500,562.500,0.000,0.000
5247,0,0,570.000,570.000,0.000,0.000
5248,0,0,570.000,570.000,0.000,0.000
5249,0,0,577.500,577.500,0.000,0.000
5250,0,0,0.000,0.000,0.000,0.000
5251,0,0,0.000,0.000,0.000,0.000
5252,0,0,7.500,7.500,0.000,0.000
5253,0,0,7.500,7.500,0.000,0.000
5254,0,0,15.000,15.000,0.000,0.000
5255,0,0,15.000,15.000,0.000,0.000
5256,0,0,22.500,22.500,0.000,0.000
5257,0,0,22.500,22.500,0.000,0.000
5258,0,0,30.000,30.000,0.000,0.000
5259,0,0,30.000,30.000,0.000,0.000
5260,0,0,37.500,37.500,0.000,0.000
5261,0,0,37.500,37.500,0.000,0.000
5262,0,0,45.000,45.000,0.000,0.000
5263,0,0,45.000,45.000,0.000,0.000
5264,0,0,52.500,52.500,0.000,0.000
5265,0,0,52.500,52.500,0.000,0.000
5266,0,0,60.000,60.000,0.000,0.000
5267,0,0,60.000,60.000,0.000,0.000
5268,0,0,67.500,67.500,0.000,0.000
5269,0,0,67.500,67.500,0.000,0.000
5270,0,0,75.000,75.000,0.000,0.000
5271,0,0,75.000,75.000,0.000,0.000
5272,0,0,82.500,82.500,0.000,0.000
5273,0,0,82.500,82.500,0.000,0.000
5274,0,0,90.000,90.000,0.000,0.000
5275,0,0,90.000,90.000,0.000,0.000
5276,0,0,97.500,97.500,0.000,0.000
5277,0,0,97.500,97.500,0.000,0.000
5278,0,0,105.000,105.000,0.000,0.000
5279,0,0,105.000,105.000,0.000,0.000
5280,0,0,112.500,112.500,0.000,0.000
5281,0,0,112.500,112.500,0.000,0.000
5282,0,0,120.000,120.000,0.000,0.000
5283,0,0,120.000,120.000,0.000,0.000
5284,0,0,127.500,127.500,0.000,0.000
5285,0,0,127.500,127.500,0.000,0.000
5286,0,0,135.000,135.000,0.000,0.000
5287,0,0,135.000,135.000,0.000,0.000
5288,0,0,142.500,142.500,0.000,0.000
5289,0,0,142.500,142.500,0.000,0.000
5290,0,0,150.000,150.000,0.000,0.000
5291,0,0,150.000,150.000,0.000,0.000
5292,0,0,157.500,157.500,0.000,0.000
5293,0,0,157.500,157.500,0.000,0.000
5294,0,0,165.000,165.000,0.000,0.000
5295,0,0,165.000,165.000,0.000,0.000
5296,0,0,172.500,172.500,0.000,0.000
5297,0,0,172.500,172.500,0.000,0.000
5298,0,0,180.000,180.000,0.000,0.000
5299,0,0,180.000,180.000,0.000,0.000
5300,0,0,187.500,187.500,0.000,0.000
5301,0,0,187.500,187.500,0.000,0.000
5302,0,0,195.000,195.000,0.000,0.000
5303,0,0,195.000,195.000,0.000,0.000
5304,0,0,202.500,202.500,0.000,0.000
5305,0,0,202.500,202.500,0.000,0.000
5306,0,0,210.000,210.000,0.000,0.000
5307,0,0,210.000,210.000,0.000,0.000
5308,0,0,217.500,217.500,0.000,0.000
5309,0,0,217.500,217.500,0.000,0.000
5310,0,0,225.000,225.000,0.000,0.000
5311,0,0,225.000,225.000,0.000,0.000
5312,0,0,232.500,232.500,0.000,0.000
5313,0,0,232.500,232.500,0.000,0.000
5314,0,0,240.000,240.000,0.000,0.000
5315,0,0,240.000,240.000,0.000,0.000
5316,0,0,247.500,247.500,0.000,0.000
5317,0,0,247.500,247.500,0.000,0.000
5318,0,0,255.000,255.000,0.000,0.000
5319,0,0,255.000,255.000,0.000,0.000
5320,0,0,262.500,262.500,0.000,0.000
5321,0,0,262.500,262.500,0.000,0.000
5322,0,0,270.000,270.000,0.000,0.000
5323,0,0,270.000,270.000,0.000,0.000
5324,0,0,277.500,277.500,0.000,0.000
5325,0,0,277.500,277.500,0.000,0.000
5326,0,0,285.000,285.000,0.000,0.000
5327,0,0,285.000,285.000,0.000,0.000
5328,0,0,292.500,292.500,0.000,0.000
5329,0,0,292.500,292.500,0.000,0.000
5330,0,0,300.000,300.000,0.000,0.000
5331,0,0,300.000,300.000,0.000,0.000
5332,0,0,307.500,307.500,0.000,0.000
5333,0,0,307.500,307.500,0.000,0.000
5334,0,0,315.000,315.000,0.000,0.000
5335,0,0,315.000,315.000,0.000,0.000
5336,0,0,322.500,322.500,0.000,0.000
5337,0,0,322.500,322.500,0.000,0.000
5338,0,0,330.000,330.000,0.000,0.000
5339,0,0,330.000,330.000,0.000,0.000
5340,0,0,337.500,337.500,0.000,0.000
5341,0,0,337.500,337.500,0.000,0.000
5342,0,0,345.000,345.000,0.000,0.000
5343,0,0,345.000,345.000,0.000,0.000
5344,0,0,352.500,352.500,0.000,0.000
5345,0,0,352.500,352.500,0.000,0.000
5346,0,0,360.000,360.000,0.000,0.000
5347,0,0,360.000,360.000,0.000,0.000
5348,0,0,367.500,367.500,0.000,0.000
5349,0,0,367.500,367.500,0.000,0.000
5350,0,0,375.000,375.000,0.000,0.000
5351,0,0,375.000,375.000,0.000,0.000
5352,0,0,382.500,382.500,0.000,0.000
5353,0,0,382.500,382.500,0.000,0.000
5354,0,0,390.000,390.000,0.000,0.000
5355,0,0,390.000,390.000,0.000,0.000
5356,0,0,397.500,397.500,0.000,0.000
5357,0,0,397.500,397.500,0.000,0.000
5358,0,0,405.000,405.000,0.000,0.000
5359,0,0,405.000,405.000,0.000,0.000
5360,0,0,412.500,412.500,0.000,0.000
5361,0,0,412.500,412.500,0.000,0.000
5362,0,0,420.000,420.000,0.000,0.000
5363,0,0,420.000,420.000,0.000,0.000
5364,0,0,427.500,427.500,0.000,0.000
5365,0,0,427.500,427.500,0.000,0.000
5366,0,0,435.000,435.000,0.000,0.000
5367,0,0,435.000,435.000,0.000,0.000
5368,0,0,442.500,442.500,0.000,0.000
5369,0,0,442.500,442.500,0.000,0.000
5370,0,0,450.000,450.000,0.000,0.000
5371,0,0,450.000,450.000,0.000,0.000
5372,0,0,457.500,457.500,0.000,0.000
5373,0,0,457.500,457.500,0.000,0.000
5374,0,0,465.000,465.000,0.000,0.000
5375,0,0,465.000,465.000,0.000,0.000
5376,0,0,472.500,472.500,0.000,0.000
5377,0,0,472.500,472.500,0.000,0.000
5378,0,0,480.000,480.000,0.000,0.000
5379,0,0,480.000,480.000,0.000,0.000
5380,0,0,487.500,487.500,0.000,0.000
5381,0,0,487.500,487.500,0.000,0.000
5382,0,0,495.000,495.000,0.000,0.000
5383,0,0,495.000,495.000,0.000,0.000
5384,0,0,502.500,502.500,0.000,0.000
5385,0,0,502.500,502.500,0.000,0.000
5386,0,0,510.000,510.000,0.000,0.000
5387,0,0,510.000,510.000,0.000,0.000
5388,0,0,517.500,517.500,0.000,0.000
5389,0,0,517.500,517.500,0.000,0.000
5390,0,0,525.000,525.000,0.000,0.000
5391,0,0,525.000,525.000,0.000,0.000
5392,0,0,532.500,532.500,0.000,0.000
5393,0,0,532.500,532.500,0.000,0.000
5394,0,0,540.000,540.000,0.000,0.000
5395,0,0,540.000,540.000,0.000,0.000
5396,0,0,547.500,547.500,0.000,0.000
5397,0,0,547.500,547.500,0.000,0.000
5398,0,0,555.000,555.000,0.000,0.000
5399,0,0,555.000,555.000,0.000,0.000
5400,0,0,562.500,562.500,0.000,0.000
5401,0,0,562.500,562.500,0.000,0.000
5402,0,0,570.000,570.000,0.000,0.000
5403,0,0,570.000,570.000,0.000,0.000
5404,0,0,577.500,577.500,0.000,0.000
5405,0,0,577.500,577.500,0.000,0.000
5406,0,0,585.000,585.000,0.000,0.000
5407,0,0,585.000,585.000,0.000,0.000
5408,0,0,592.500,592.500,0.000,0.000
5409,0,0,592.500,592.500,0.000,0.000
5410,0,0,600.000,600.000,0.000,0.000
5411,0,0,600.000,600.000,0.000,0.000
5412,0,0,607.500,607.500,0.000,0.000
5413,0,0,607.500,607.500,0.000,0.000
5414,0,0,615.000,615.000,0.000,0.000
5415,0,0,615.000,615.000,0.000,0.000
5416,0,0,622.500,622.500,0.000,0.000
5417,0,0,622.500,622.500,0.000,0.000
5418,0,0,630.000,630.000,0.000,0.000
5419,0,0,630.000,630.000,0.000,0.000
5420,0,0,637.500,637.500,0.000,0.000
5421,0,0,637.500,637.500,0.000,0.000
5422,0,0,645.000,645.000,0.000,0.000
5423,0,0,645.000,645.000,0.000,0.000
5424,0,0,652.500,652.500,0.000,0.000
5425,0,0,652.500,652.500,0.000,0.000
5426,0,0,660.000,660.000,0.000,0.000
5427,0,0,660.000,660.000,0.000,0.000
5428,0,0,667.500,667.500,0.000,0.000
5429,0,0,667.500,667.500,0.000,0.000
5430,0,0,675.000,675.000,0.000,0.000
5431,0,0,0.000,0.000,0.000,0.000
5432,0,0,0.000,0.000,0.000,0.000
5433,0,0,7.500,7.500,0.000,0.000
5434,0,0,7.500,7.500,0.000,0.000
5435,0,0,15.000,15.000,0.000,0.000
5436,0,0,15.000,15.000,0.000,0.000
5437,0,0,22.500,22.500,0.000,0.000
5438,0,0,22.500,22.500,0.000,0.000
5439,0,0,30.000,30.000,0.000,0.000
5440,0,0,30.000,30.000,0.000,0.000
5441,0,0,37.500,37.500,0.000,0.000
5442,0,0,37.500,37.500,0.000,0.000
5443,0,0,45.000,45.000,0.000,0.000
5444,0,0,45.000,45.000,0.000,0.000
5445,0,0,52.500,52.500,0.000,0.000
5446,0,0,52.500,52.500,0.000,0.000
5447,0,0,60.000,60.000,0.000,0.000
5448,0,0,60.000,60.000,0.000,0.000
5449,0,0,67.500,67.500,0.000,0.000
5450,0,0,67.500,67.500,0.000,0.000
5451,0,0,75.000,75.000,0.000,0.000
5452,0,0,75.000,75.000,0.000,0.000
5453,0,0,82.500,82.500,0.000,0.000
5454,0,0,82.500,82.500,0.000,0.000
5455,0,0,90.000,90.000,0.000,0.000
5456,0,0,90.000,90.000,0.000,0.000
5457,0,0,97.500,97.500,0.000,0.000
5458,0,0,97.500,97.500,0.000,0.000
5459,0,0,105.000,105.000,0.000,0.000
5460,0,0,105.000,105.000,0.000,0.000
5461,0,0,112.500,112.500,0.000,0.000
5462,0,0,112.500,112.500,0.000,0.000
5463,0,0,120.000,120.000,0.000,0.000
5464,0,0,120.000,120.000,0.000,0.000
5465,0,0,127.500,127.500,0.000,0.000
5466,0,0,127.500,127.500,0.000,0.000
5467,0,0,135.000,135.000,0.000,0.000
5468,0,0,135.000,135.000,0.000,0.000
5469,0,0,142.500,142.500,0.000,0.000
5470,0,0,142.500,142.500,0.000,0.000
5471,0,0,150.000,150.000,0.000,0.000
5472,0,0,150.000,150.000,0.000,0.000
5473,0,0,157.500,157.500,0.000,0.000
5474,0,0,157.500,157.500,0.000,0.000
5475,0,0,165.000,165.000,0.000,0.000
5476,0,0,165.000,165.000,0.000,0.000
5477,0,0,172.500,172.500,0.000,0.000
5478,0,0,172.500,172.500,0.000,0.000
5479,0,0,180.000,180.000,0.000,0.000
5480,0,0,180.000,180.000,0.000,0.000
5481,0,0,187.500,187.500,0.000,0.000
5482,0,0,187.500,187.500,0.000,0.000
5483,0,0,195.000,195.000,0.000,0.000
5484,0,0,195.000,195.000,0.000,0.000
5485,0,0,202.500,202.500,0.000,0.000
5486,0,0,202.500,202.500,0.000,0.000
5487,0,0,210.000,210.000,0.000,0.000
5488,0,0,210.000,210.000,0.000,0.000
5489,0,0,217.500,217.500,0.000,0.000
5490,0,0,217.500,217.500,0.000,0.000
5491,0,0,225.000,225.000,0.000,0.000
5492,0,0,225.000,225.000,0.000,0.000
5493,0,0,232.500,232.500,0.000,0.000
5494,0,0,232.500,232.500,0.000,0.000
5495,0,0,240.000,240.000,0.000,0.000
5496,0,0,240.000,240.000,0.000,0.000
5497,0,0,247.500,247.500,0.000,0.000
5498,0,0,247.500,247.500,0.000,0.000
5499,0,0,255.000,255.000,0.000,0.000
5500,0,0,255.000,255.000,0.000,0.000
5501,0,0,262.500,262.500,0.000,0.000
5502,0,0,262.500,262.500,0.000,0.000
5503,0,0,270.000,270.000,0.000,0.000
5504,0,0,270.000,270.000,0.000,0.000
5505,0,0,277.500,277.500,0.000,0.000
5506,0,0,277.500,277.500,0.000,0.000
5507,0,0,285.000,285.000,0.000,0.000
5508,0,0,285.000,285.000,0.000,0.000
5509,0,0,292.500,292.500,0.000,0.000
5510,0,0,292.500,292.500,0.000,0.000
5511,0,0,300.000,300.000,0.000,0.000
5512,0,0,300.000,300.000,0.000,0.000
5513,0,0,307.500,307.500,0.000,0.000
5514,0,0,307.500,307.500,0.000,0.000
5515,0,0,315.000,315.000,0.000,0.000
5516,0,0,315.000,315.000,0.000,0.000
5517,0,0,322.500,322.500,0.000,0.000
5518,0,0,322.500,322.500,0.000,0.000
5519,0,0,330.000,330.000,0.000,0.000
5520,0,0,330.000,330.000,0.000,0.000
5521,0,0,337.500,337.500,0.000,0.000
5522,0,0,337.500,337.500,0.000,0.000
5523,0,0,345.000,345.000,0.000,0.000
5524,0,0,345.000,345.000,0.000,0.000
5525,0,0,352.500,352.500,0.000,0.000
5526,0,0,352.500,352.500,0.000,0.000
5527,0,0,360.000,360.000,0.000,0.000
5528,0,0,360.000,360.000,0.000,0.000
5529,0,0,367.500,367.500,0.000,0.000
5530,0,0,367.500,367.500,0.000,0.000
5531,0,0,375.000,375.000,0.000,0.000
5532,0,0,375.000,375.000,0.000,0.000
5533,0,0,382.500,382.500,0.000,0.000
5534,0,0,382.500,382.500,0.000,0.000
5535,0,0,390.000,390.000,0.000,0.000
5536,0,0,390.000,390.000,0.000,0.000
5537,0,0,397.500,397.500,0.000,0.000
5538,0,0,397.500,397.500,0.000,0.000
5539,0,0,405.000,405.000,0.000,0.000
5540,0,0,405.000,405.000,0.000,0.000
5541,0,0,412.500,412.500,0.000,0.000
5542,0,0,412.500,412.500,0.000,0.000
5543,0,0,420.000,420.000,0.000,0.000
5544,0,0,420.000,420.000,0.000,0.000
5545,0,0,427.500,427.500,0.000,0.000
5546,0,0,427.500,427.500,0.000,0.000
5547,0,0,435.000,435.000,0.000,0.000
5548,0,0,435.000,435.000,0.000,0.000
5549,0,0,442.500,442.500,0.000,0.000
5550,0,0,442.500,442.500,0.000,0.000
5551,0,0,450.000,450.000,0.000,0.000
5552,0,0,450.000,450.000,0.000,0.000
5553,0,0,457.500,457.500,0.000,0.000
5554,0,0,457.500,457.500,0.000,0.000
5555,0,0,465.000,465.000,0.000,0.000
5556,0,0,465.000,465.000,0.000,0.000
5557,0,0,472.500,472.500,0.000,0.000
5558,0,0,472.500,472.500,0.000,0.000
5559,0,0,480.000,480.000,0.000,0.000
5560,0,0,480.000,480.000,0.000,0.000
5561,0,0,487.500,487.500,0.000,0.000
5562,0,0,487.500,487.500,0.000,0.000
5563,0,0,495.000,495.000,0.000,0.000
5564,0,0,495.000,495.000,0.000,0.000
5565,0,0,502.500,502.500,0.000,0.000
5566,0,0,502.500,502.500,0.000,0.000
5567,0,0,510.000,510.000,0.000,0.000
5568,0,0,510.000,510.000,0.000,0.000
5569,0,0,517.500,517.500,0.000,0.000
5570,0,0,517.500,517.500,0.000,0.000
5571,0,0,525.000,525.000,0.000,0.000
5572,0,0,525.000,525.000,0.000,0.000
5573,0,0,532.500,532.500,0.000,0.000
5574,0,0,532.500,532.500,0.000,0.000
5575,0,0,540.000,540.000,0.000,0.000
5576,0,0,540.000,540.000,0.000,0.000
5577,0,0,547.500,547.500,0.000,0.000
5578,0,0,547.500,547.500,0.000,0.000
5579,0,0,555.000,555.000,0.000,0.000
5580,0,0,555.000,555.000,0.000,0.000
5581,0,0,562.500,562.500,0.000,0.000
5582,0,0,562.500,562.500,0.000,0.000
5583,0,0,570.000,570.000,0.000,0.000
5584,0,0,570.000,570.000,0.000,0.000
5585,0,0,577.500,577.500,0.000,0.000
5586,0,0,577.500,577.500,0.000,0.000
5587,0,0,585.000,585.000,0.000,0.000
5588,0,0,585.000,585.000,0.000,0.000
5589,0,0,592.500,592.500,0.000,0.000
5590,0,0,592.500,592.500,0.000,0.000
5591,0,0,600.000,600.000,0.000,0.000
5592,0,0,600.000,600.000,0.000,0.000
5593,0,0,607.500,607.500,0.000,0.000
5594,0,0,607.500,607.500,0.000,0.000
5595,0,0,615.000,615.000,0.000,0.000
5596,0,0,615.000,615.000,0.000,0.000
5597,0,0,622.500,622.500,0.000,0.000
5598,0,0,622.500,622.500,0.000,0.000
5599,0,0,630.000,630.000,0.000,0.000
5600,0,0,630.000,630.000,0.000,0.000
5601,0,0,637.500,637.500,0.000,0.000
5602,0,0,637.500,637.500,0.000,0.000
5603,0,0,645.000,645.000,0.000,0.000
5604,0,0,645.000,645.000,0.000,0.000
5605,0,0,652.500,652.500,0.000,0.000
5606,0,0,652.500,652.500,0.000,0.000
5607,0,0,660.000,660.000,0.000,0.000
5608,0,0,660.000,660.000,0.000,0.000
5609,0,0,667.500,667.500,0.000,0.000
5610,0,0,667.500,667.500,0.000,0.000
5611,0,0,675.000,675.000,0.000,0.000
